customer_id,customer_name,email,country,registration_date
CUST00001,Customer 1,customer1@email.com,Australia,2022-11-24
CUST00002,Customer 2,customer2@email.com,France,2022-02-27
CUST00003,Customer 3,customer3@email.com,India,2022-01-13
CUST00004,Customer 4,customer4@email.com,Australia,2022-05-21
CUST00005,Customer 5,customer5@email.com,Germany,2022-05-06
CUST00006,Customer 6,customer6@email.com,India,2022-04-25
CUST00007,Customer 7,customer7@email.com,India,2022-03-13
CUST00008,Customer 8,customer8@email.com,Australia,2022-02-22
CUST00009,Customer 9,customer9@email.com,UK,2022-12-13
CUST00010,Customer 10,customer10@email.com,Germany,2022-10-07
CUST00011,Customer 11,customer11@email.com,Australia,2022-02-14
CUST00012,Customer 12,customer12@email.com,Germany,2022-10-30
CUST00013,Customer 13,customer13@email.com,Germany,2022-08-05
CUST00014,Customer 14,customer14@email.com,India,2022-01-17
CUST00015,Customer 15,customer15@email.com,France,2022-01-16
CUST00016,Customer 16,customer16@email.com,Germany,2022-02-17
CUST00017,Customer 17,customer17@email.com,Canada,2022-04-22
CUST00018,Customer 18,customer18@email.com,India,2022-04-30
CUST00019,Customer 19,customer19@email.com,UK,2022-09-16
CUST00020,Customer 20,customer20@email.com,France,2022-11-05
CUST00021,Customer 21,customer21@email.com,Canada,2022-01-14
CUST00022,Customer 22,customer22@email.com,Canada,2022-10-15
CUST00023,Customer 23,customer23@email.com,UK,2022-04-12
CUST00024,Customer 24,customer24@email.com,France,2022-11-29
CUST00025,Customer 25,customer25@email.com,India,2022-12-26
CUST00026,Customer 26,customer26@email.com,USA,2022-10-07
CUST00027,Customer 27,customer27@email.com,France,2022-08-03
CUST00028,Customer 28,customer28@email.com,UK,2022-04-23
CUST00029,Customer 29,customer29@email.com,Canada,2022-08-18
CUST00030,Customer 30,customer30@email.com,India,2022-10-29
CUST00031,Customer 31,customer31@email.com,France,2022-05-23
CUST00032,Customer 32,customer32@email.com,USA,2022-01-04
CUST00033,Customer 33,customer33@email.com,USA,2022-03-23
CUST00034,Customer 34,customer34@email.com,Germany,2022-12-24
CUST00035,Customer 35,customer35@email.com,Germany,2022-08-05
CUST00036,Customer 36,customer36@email.com,Australia,2022-06-24
CUST00037,Customer 37,customer37@email.com,UK,2022-05-23
CUST00038,Customer 38,customer38@email.com,France,2022-03-21
CUST00039,Customer 39,customer39@email.com,France,2022-04-21
CUST00040,Customer 40,customer40@email.com,Australia,2022-06-22
CUST00041,Customer 41,customer41@email.com,Canada,2022-02-22
CUST00042,Customer 42,customer42@email.com,Canada,2022-02-17
CUST00043,Customer 43,customer43@email.com,Australia,2022-07-14
CUST00044,Customer 44,customer44@email.com,Canada,2022-02-19
CUST00045,Customer 45,customer45@email.com,Germany,2022-07-03
CUST00046,Customer 46,customer46@email.com,France,2022-06-26
CUST00047,Customer 47,customer47@email.com,Australia,2022-11-06
CUST00048,Customer 48,customer48@email.com,France,2022-05-16
CUST00049,Customer 49,customer49@email.com,USA,2022-01-23
CUST00050,Customer 50,customer50@email.com,Germany,2022-08-24
CUST00051,Customer 51,customer51@email.com,India,2022-10-02
CUST00052,Customer 52,customer52@email.com,Germany,2022-03-05
CUST00053,Customer 53,customer53@email.com,Australia,2022-07-13
CUST00054,Customer 54,customer54@email.com,India,2022-02-10
CUST00055,Customer 55,customer55@email.com,USA,2022-10-10
CUST00056,Customer 56,customer56@email.com,Australia,2022-05-31
CUST00057,Customer 57,customer57@email.com,UK,2022-11-18
CUST00058,Customer 58,customer58@email.com,France,2022-11-13
CUST00059,Customer 59,customer59@email.com,USA,2022-07-05
CUST00060,Customer 60,customer60@email.com,France,2022-10-23
CUST00061,Customer 61,customer61@email.com,Canada,2022-04-09
CUST00062,Customer 62,customer62@email.com,UK,2022-12-27
CUST00063,Customer 63,customer63@email.com,UK,2022-02-05
CUST00064,Customer 64,customer64@email.com,USA,2022-01-24
CUST00065,Customer 65,customer65@email.com,UK,2022-12-05
CUST00066,Customer 66,customer66@email.com,India,2022-04-27
CUST00067,Customer 67,customer67@email.com,UK,2022-05-29
CUST00068,Customer 68,customer68@email.com,France,2022-02-10
CUST00069,Customer 69,customer69@email.com,France,2022-04-30
CUST00070,Customer 70,customer70@email.com,Australia,2022-02-21
CUST00071,Customer 71,customer71@email.com,France,2022-07-14
CUST00072,Customer 72,customer72@email.com,Australia,2022-05-23
CUST00073,Customer 73,customer73@email.com,France,2022-08-21
CUST00074,Customer 74,customer74@email.com,India,2022-11-22
CUST00075,Customer 75,customer75@email.com,Australia,2022-07-06
CUST00076,Customer 76,customer76@email.com,Germany,2022-03-25
CUST00077,Customer 77,customer77@email.com,Canada,2022-07-09
CUST00078,Customer 78,customer78@email.com,USA,2022-07-01
CUST00079,Customer 79,customer79@email.com,France,2022-04-18
CUST00080,Customer 80,customer80@email.com,UK,2022-12-10
CUST00081,Customer 81,customer81@email.com,France,2022-05-17
CUST00082,Customer 82,customer82@email.com,UK,2022-12-26
CUST00083,Customer 83,customer83@email.com,Canada,2022-12-16
CUST00084,Customer 84,customer84@email.com,Canada,2022-11-28
CUST00085,Customer 85,customer85@email.com,Canada,2022-02-06
CUST00086,Customer 86,customer86@email.com,UK,2022-11-08
CUST00087,Customer 87,customer87@email.com,France,2022-11-22
CUST00088,Customer 88,customer88@email.com,Canada,2022-03-29
CUST00089,Customer 89,customer89@email.com,India,2022-10-01
CUST00090,Customer 90,customer90@email.com,Australia,2022-05-06
CUST00091,Customer 91,customer91@email.com,UK,2022-03-25
CUST00092,Customer 92,customer92@email.com,UK,2022-08-25
CUST00093,Customer 93,customer93@email.com,France,2022-07-14
CUST00094,Customer 94,customer94@email.com,UK,2022-05-19
CUST00095,Customer 95,customer95@email.com,UK,2022-11-24
CUST00096,Customer 96,customer96@email.com,Canada,2022-12-19
CUST00097,Customer 97,customer97@email.com,France,2022-10-13
CUST00098,Customer 98,customer98@email.com,Canada,2022-04-23
CUST00099,Customer 99,customer99@email.com,Australia,2022-12-17
CUST00100,Customer 100,customer100@email.com,Australia,2022-06-16
CUST00101,Customer 101,customer101@email.com,Canada,2022-01-29
CUST00102,Customer 102,customer102@email.com,Australia,2022-04-28
CUST00103,Customer 103,customer103@email.com,France,2022-01-17
CUST00104,Customer 104,customer104@email.com,USA,2022-06-11
CUST00105,Customer 105,customer105@email.com,Canada,2022-07-25
CUST00106,Customer 106,customer106@email.com,India,2022-05-18
CUST00107,Customer 107,customer107@email.com,India,2022-02-03
CUST00108,Customer 108,customer108@email.com,UK,2022-04-19
CUST00109,Customer 109,customer109@email.com,Australia,2022-10-18
CUST00110,Customer 110,customer110@email.com,India,2022-06-11
CUST00111,Customer 111,customer111@email.com,UK,2022-04-19
CUST00112,Customer 112,customer112@email.com,USA,2022-12-02
CUST00113,Customer 113,customer113@email.com,France,2022-09-13
CUST00114,Customer 114,customer114@email.com,France,2022-07-22
CUST00115,Customer 115,customer115@email.com,France,2022-11-26
CUST00116,Customer 116,customer116@email.com,India,2022-08-23
CUST00117,Customer 117,customer117@email.com,USA,2022-03-15
CUST00118,Customer 118,customer118@email.com,India,2022-05-16
CUST00119,Customer 119,customer119@email.com,Australia,2022-03-13
CUST00120,Customer 120,customer120@email.com,India,2022-05-07
CUST00121,Customer 121,customer121@email.com,USA,2022-10-15
CUST00122,Customer 122,customer122@email.com,USA,2022-10-03
CUST00123,Customer 123,customer123@email.com,Australia,2022-05-15
CUST00124,Customer 124,customer124@email.com,USA,2022-10-27
CUST00125,Customer 125,customer125@email.com,USA,2022-08-08
CUST00126,Customer 126,customer126@email.com,France,2022-10-26
CUST00127,Customer 127,customer127@email.com,Australia,2022-07-24
CUST00128,Customer 128,customer128@email.com,Germany,2022-07-05
CUST00129,Customer 129,customer129@email.com,Germany,2022-04-23
CUST00130,Customer 130,customer130@email.com,USA,2022-03-12
CUST00131,Customer 131,customer131@email.com,Germany,2022-09-18
CUST00132,Customer 132,customer132@email.com,Germany,2022-09-10
CUST00133,Customer 133,customer133@email.com,USA,2022-02-16
CUST00134,Customer 134,customer134@email.com,Germany,2022-01-25
CUST00135,Customer 135,customer135@email.com,India,2022-02-26
CUST00136,Customer 136,customer136@email.com,UK,2022-03-20
CUST00137,Customer 137,customer137@email.com,Australia,2022-11-18
CUST00138,Customer 138,customer138@email.com,UK,2022-03-23
CUST00139,Customer 139,customer139@email.com,USA,2022-12-15
CUST00140,Customer 140,customer140@email.com,France,2022-08-05
CUST00141,Customer 141,customer141@email.com,Australia,2022-11-02
CUST00142,Customer 142,customer142@email.com,USA,2022-02-02
CUST00143,Customer 143,customer143@email.com,France,2022-07-17
CUST00144,Customer 144,customer144@email.com,UK,2022-07-15
CUST00145,Customer 145,customer145@email.com,USA,2022-11-02
CUST00146,Customer 146,customer146@email.com,Australia,2022-08-28
CUST00147,Customer 147,customer147@email.com,Australia,2022-09-28
CUST00148,Customer 148,customer148@email.com,Canada,2022-05-09
CUST00149,Customer 149,customer149@email.com,India,2022-10-11
CUST00150,Customer 150,customer150@email.com,Germany,2022-01-06
CUST00151,Customer 151,customer151@email.com,France,2022-12-15
CUST00152,Customer 152,customer152@email.com,Canada,2022-02-28
CUST00153,Customer 153,customer153@email.com,Germany,2022-12-16
CUST00154,Customer 154,customer154@email.com,Germany,2022-10-02
CUST00155,Customer 155,customer155@email.com,USA,2022-05-17
CUST00156,Customer 156,customer156@email.com,Germany,2022-11-25
CUST00157,Customer 157,customer157@email.com,India,2022-06-24
CUST00158,Customer 158,customer158@email.com,Australia,2022-02-27
CUST00159,Customer 159,customer159@email.com,Canada,2022-05-31
CUST00160,Customer 160,customer160@email.com,Germany,2022-08-11
CUST00161,Customer 161,customer161@email.com,USA,2022-03-22
CUST00162,Customer 162,customer162@email.com,India,2022-08-21
CUST00163,Customer 163,customer163@email.com,UK,2022-01-02
CUST00164,Customer 164,customer164@email.com,Australia,2022-05-15
CUST00165,Customer 165,customer165@email.com,Australia,2022-09-14
CUST00166,Customer 166,customer166@email.com,Canada,2022-04-02
CUST00167,Customer 167,customer167@email.com,Australia,2022-09-17
CUST00168,Customer 168,customer168@email.com,Germany,2022-02-24
CUST00169,Customer 169,customer169@email.com,USA,2022-11-17
CUST00170,Customer 170,customer170@email.com,Australia,2022-06-02
CUST00171,Customer 171,customer171@email.com,Australia,2022-11-24
CUST00172,Customer 172,customer172@email.com,UK,2022-09-17
CUST00173,Customer 173,customer173@email.com,UK,2022-11-08
CUST00174,Customer 174,customer174@email.com,France,2022-04-12
CUST00175,Customer 175,customer175@email.com,India,2022-03-20
CUST00176,Customer 176,customer176@email.com,Germany,2022-07-11
CUST00177,Customer 177,customer177@email.com,Australia,2022-03-24
CUST00178,Customer 178,customer178@email.com,Australia,2022-10-04
CUST00179,Customer 179,customer179@email.com,USA,2022-09-29
CUST00180,Customer 180,customer180@email.com,France,2022-01-01
CUST00181,Customer 181,customer181@email.com,India,2022-11-03
CUST00182,Customer 182,customer182@email.com,France,2022-06-15
CUST00183,Customer 183,customer183@email.com,Canada,2022-09-08
CUST00184,Customer 184,customer184@email.com,India,2022-01-10
CUST00185,Customer 185,customer185@email.com,Australia,2022-02-27
CUST00186,Customer 186,customer186@email.com,Australia,2022-07-05
CUST00187,Customer 187,customer187@email.com,India,2022-06-07
CUST00188,Customer 188,customer188@email.com,Australia,2022-05-03
CUST00189,Customer 189,customer189@email.com,Germany,2022-01-30
CUST00190,Customer 190,customer190@email.com,India,2022-05-04
CUST00191,Customer 191,customer191@email.com,France,2022-10-18
CUST00192,Customer 192,customer192@email.com,India,2022-02-10
CUST00193,Customer 193,customer193@email.com,Australia,2022-02-13
CUST00194,Customer 194,customer194@email.com,Germany,2022-09-06
CUST00195,Customer 195,customer195@email.com,Germany,2022-02-05
CUST00196,Customer 196,customer196@email.com,Canada,2022-09-30
CUST00197,Customer 197,customer197@email.com,France,2022-03-06
CUST00198,Customer 198,customer198@email.com,UK,2022-03-07
CUST00199,Customer 199,customer199@email.com,UK,2022-12-04
CUST00200,Customer 200,customer200@email.com,India,2022-09-01
CUST00201,Customer 201,customer201@email.com,Canada,2022-10-09
CUST00202,Customer 202,customer202@email.com,USA,2022-03-26
CUST00203,Customer 203,customer203@email.com,India,2022-05-16
CUST00204,Customer 204,customer204@email.com,Canada,2022-09-28
CUST00205,Customer 205,customer205@email.com,France,2022-11-07
CUST00206,Customer 206,customer206@email.com,France,2022-08-05
CUST00207,Customer 207,customer207@email.com,France,2022-04-19
CUST00208,Customer 208,customer208@email.com,France,2022-10-04
CUST00209,Customer 209,customer209@email.com,France,2022-12-20
CUST00210,Customer 210,customer210@email.com,Canada,2022-04-13
CUST00211,Customer 211,customer211@email.com,Canada,2023-01-01
CUST00212,Customer 212,customer212@email.com,Germany,2022-06-09
CUST00213,Customer 213,customer213@email.com,UK,2022-07-24
CUST00214,Customer 214,customer214@email.com,Australia,2022-12-10
CUST00215,Customer 215,customer215@email.com,France,2022-11-29
CUST00216,Customer 216,customer216@email.com,USA,2022-07-11
CUST00217,Customer 217,customer217@email.com,Australia,2022-08-13
CUST00218,Customer 218,customer218@email.com,Canada,2022-09-22
CUST00219,Customer 219,customer219@email.com,USA,2022-08-20
CUST00220,Customer 220,customer220@email.com,USA,2022-03-03
CUST00221,Customer 221,customer221@email.com,USA,2022-05-07
CUST00222,Customer 222,customer222@email.com,Germany,2022-04-26
CUST00223,Customer 223,customer223@email.com,Canada,2022-02-02
CUST00224,Customer 224,customer224@email.com,USA,2022-06-23
CUST00225,Customer 225,customer225@email.com,France,2022-01-11
CUST00226,Customer 226,customer226@email.com,India,2022-10-29
CUST00227,Customer 227,customer227@email.com,USA,2022-10-11
CUST00228,Customer 228,customer228@email.com,Germany,2022-04-28
CUST00229,Customer 229,customer229@email.com,Australia,2022-10-29
CUST00230,Customer 230,customer230@email.com,Canada,2022-04-23
CUST00231,Customer 231,customer231@email.com,Germany,2022-01-04
CUST00232,Customer 232,customer232@email.com,USA,2022-02-06
CUST00233,Customer 233,customer233@email.com,Canada,2022-12-29
CUST00234,Customer 234,customer234@email.com,India,2022-11-20
CUST00235,Customer 235,customer235@email.com,USA,2022-01-31
CUST00236,Customer 236,customer236@email.com,Germany,2022-04-28
CUST00237,Customer 237,customer237@email.com,UK,2022-02-04
CUST00238,Customer 238,customer238@email.com,France,2022-01-17
CUST00239,Customer 239,customer239@email.com,Australia,2022-06-19
CUST00240,Customer 240,customer240@email.com,Germany,2022-02-06
CUST00241,Customer 241,customer241@email.com,Canada,2022-09-21
CUST00242,Customer 242,customer242@email.com,USA,2022-05-02
CUST00243,Customer 243,customer243@email.com,France,2022-05-23
CUST00244,Customer 244,customer244@email.com,USA,2022-12-09
CUST00245,Customer 245,customer245@email.com,Canada,2022-09-06
CUST00246,Customer 246,customer246@email.com,USA,2022-04-20
CUST00247,Customer 247,customer247@email.com,UK,2022-10-04
CUST00248,Customer 248,customer248@email.com,France,2022-03-09
CUST00249,Customer 249,customer249@email.com,France,2022-10-20
CUST00250,Customer 250,customer250@email.com,Canada,2022-10-23
CUST00251,Customer 251,customer251@email.com,Australia,2022-08-31
CUST00252,Customer 252,customer252@email.com,UK,2022-05-05
CUST00253,Customer 253,customer253@email.com,Germany,2022-08-31
CUST00254,Customer 254,customer254@email.com,USA,2022-07-28
CUST00255,Customer 255,customer255@email.com,India,2022-04-08
CUST00256,Customer 256,customer256@email.com,USA,2022-02-18
CUST00257,Customer 257,customer257@email.com,USA,2022-02-19
CUST00258,Customer 258,customer258@email.com,Germany,2022-12-04
CUST00259,Customer 259,customer259@email.com,USA,2022-08-09
CUST00260,Customer 260,customer260@email.com,UK,2022-07-01
CUST00261,Customer 261,customer261@email.com,UK,2022-08-05
CUST00262,Customer 262,customer262@email.com,France,2022-07-30
CUST00263,Customer 263,customer263@email.com,Canada,2022-08-28
CUST00264,Customer 264,customer264@email.com,Australia,2022-01-28
CUST00265,Customer 265,customer265@email.com,India,2022-12-11
CUST00266,Customer 266,customer266@email.com,USA,2022-12-01
CUST00267,Customer 267,customer267@email.com,USA,2022-11-27
CUST00268,Customer 268,customer268@email.com,Germany,2022-02-20
CUST00269,Customer 269,customer269@email.com,Canada,2022-02-01
CUST00270,Customer 270,customer270@email.com,UK,2022-07-26
CUST00271,Customer 271,customer271@email.com,India,2022-06-23
CUST00272,Customer 272,customer272@email.com,France,2022-02-25
CUST00273,Customer 273,customer273@email.com,UK,2022-05-08
CUST00274,Customer 274,customer274@email.com,Canada,2022-04-09
CUST00275,Customer 275,customer275@email.com,Australia,2022-04-08
CUST00276,Customer 276,customer276@email.com,France,2022-10-02
CUST00277,Customer 277,customer277@email.com,Australia,2022-08-18
CUST00278,Customer 278,customer278@email.com,Germany,2022-03-13
CUST00279,Customer 279,customer279@email.com,Germany,2022-08-05
CUST00280,Customer 280,customer280@email.com,USA,2022-04-04
CUST00281,Customer 281,customer281@email.com,Australia,2022-05-23
CUST00282,Customer 282,customer282@email.com,Canada,2022-08-25
CUST00283,Customer 283,customer283@email.com,India,2022-05-08
CUST00284,Customer 284,customer284@email.com,France,2022-02-08
CUST00285,Customer 285,customer285@email.com,UK,2022-08-15
CUST00286,Customer 286,customer286@email.com,Canada,2022-10-09
CUST00287,Customer 287,customer287@email.com,Canada,2022-02-20
CUST00288,Customer 288,customer288@email.com,Germany,2022-01-26
CUST00289,Customer 289,customer289@email.com,Australia,2022-11-30
CUST00290,Customer 290,customer290@email.com,USA,2022-10-04
CUST00291,Customer 291,customer291@email.com,USA,2022-01-08
CUST00292,Customer 292,customer292@email.com,France,2022-02-17
CUST00293,Customer 293,customer293@email.com,Germany,2022-05-02
CUST00294,Customer 294,customer294@email.com,Canada,2022-03-27
CUST00295,Customer 295,customer295@email.com,India,2022-07-28
CUST00296,Customer 296,customer296@email.com,Germany,2022-09-06
CUST00297,Customer 297,customer297@email.com,France,2022-09-04
CUST00298,Customer 298,customer298@email.com,France,2022-04-20
CUST00299,Customer 299,customer299@email.com,Germany,2022-07-25
CUST00300,Customer 300,customer300@email.com,France,2022-01-31
CUST00301,Customer 301,customer301@email.com,Germany,2022-03-26
CUST00302,Customer 302,customer302@email.com,UK,2022-07-14
CUST00303,Customer 303,customer303@email.com,Germany,2022-01-02
CUST00304,Customer 304,customer304@email.com,Australia,2022-07-19
CUST00305,Customer 305,customer305@email.com,Germany,2022-05-16
CUST00306,Customer 306,customer306@email.com,France,2022-08-21
CUST00307,Customer 307,customer307@email.com,Australia,2022-05-27
CUST00308,Customer 308,customer308@email.com,France,2022-08-05
CUST00309,Customer 309,customer309@email.com,USA,2022-12-23
CUST00310,Customer 310,customer310@email.com,USA,2022-10-12
CUST00311,Customer 311,customer311@email.com,Australia,2022-12-05
CUST00312,Customer 312,customer312@email.com,UK,2022-09-07
CUST00313,Customer 313,customer313@email.com,USA,2022-03-21
CUST00314,Customer 314,customer314@email.com,Germany,2022-04-08
CUST00315,Customer 315,customer315@email.com,France,2022-06-01
CUST00316,Customer 316,customer316@email.com,USA,2022-04-22
CUST00317,Customer 317,customer317@email.com,USA,2022-01-30
CUST00318,Customer 318,customer318@email.com,UK,2022-10-24
CUST00319,Customer 319,customer319@email.com,Australia,2022-10-05
CUST00320,Customer 320,customer320@email.com,Australia,2022-02-01
CUST00321,Customer 321,customer321@email.com,Canada,2022-06-10
CUST00322,Customer 322,customer322@email.com,UK,2022-01-30
CUST00323,Customer 323,customer323@email.com,Germany,2022-01-26
CUST00324,Customer 324,customer324@email.com,Australia,2022-10-27
CUST00325,Customer 325,customer325@email.com,France,2022-09-02
CUST00326,Customer 326,customer326@email.com,UK,2022-09-15
CUST00327,Customer 327,customer327@email.com,USA,2022-09-29
CUST00328,Customer 328,customer328@email.com,France,2022-03-22
CUST00329,Customer 329,customer329@email.com,France,2022-01-30
CUST00330,Customer 330,customer330@email.com,USA,2022-09-18
CUST00331,Customer 331,customer331@email.com,UK,2022-02-11
CUST00332,Customer 332,customer332@email.com,USA,2022-04-06
CUST00333,Customer 333,customer333@email.com,Canada,2022-02-05
CUST00334,Customer 334,customer334@email.com,France,2022-11-01
CUST00335,Customer 335,customer335@email.com,India,2022-02-04
CUST00336,Customer 336,customer336@email.com,India,2022-12-12
CUST00337,Customer 337,customer337@email.com,Germany,2022-05-01
CUST00338,Customer 338,customer338@email.com,Australia,2022-07-26
CUST00339,Customer 339,customer339@email.com,USA,2022-03-03
CUST00340,Customer 340,customer340@email.com,USA,2022-10-19
CUST00341,Customer 341,customer341@email.com,Germany,2022-05-07
CUST00342,Customer 342,customer342@email.com,Germany,2022-10-24
CUST00343,Customer 343,customer343@email.com,Germany,2022-11-01
CUST00344,Customer 344,customer344@email.com,France,2022-01-21
CUST00345,Customer 345,customer345@email.com,Canada,2022-11-14
CUST00346,Customer 346,customer346@email.com,USA,2022-02-11
CUST00347,Customer 347,customer347@email.com,France,2022-08-03
CUST00348,Customer 348,customer348@email.com,Germany,2022-12-03
CUST00349,Customer 349,customer349@email.com,USA,2022-10-26
CUST00350,Customer 350,customer350@email.com,France,2022-10-17
CUST00351,Customer 351,customer351@email.com,Canada,2022-09-25
CUST00352,Customer 352,customer352@email.com,France,2022-06-11
CUST00353,Customer 353,customer353@email.com,Canada,2022-05-14
CUST00354,Customer 354,customer354@email.com,Germany,2022-04-15
CUST00355,Customer 355,customer355@email.com,Canada,2022-12-09
CUST00356,Customer 356,customer356@email.com,USA,2022-06-10
CUST00357,Customer 357,customer357@email.com,Germany,2022-05-03
CUST00358,Customer 358,customer358@email.com,USA,2022-05-16
CUST00359,Customer 359,customer359@email.com,India,2022-07-22
CUST00360,Customer 360,customer360@email.com,UK,2022-03-09
CUST00361,Customer 361,customer361@email.com,Canada,2022-12-10
CUST00362,Customer 362,customer362@email.com,UK,2022-11-27
CUST00363,Customer 363,customer363@email.com,UK,2022-06-03
CUST00364,Customer 364,customer364@email.com,Canada,2022-08-23
CUST00365,Customer 365,customer365@email.com,Germany,2022-06-11
CUST00366,Customer 366,customer366@email.com,India,2022-02-07
CUST00367,Customer 367,customer367@email.com,USA,2022-01-05
CUST00368,Customer 368,customer368@email.com,France,2022-08-23
CUST00369,Customer 369,customer369@email.com,USA,2022-11-15
CUST00370,Customer 370,customer370@email.com,France,2022-10-16
CUST00371,Customer 371,customer371@email.com,USA,2022-02-21
CUST00372,Customer 372,customer372@email.com,Canada,2022-02-07
CUST00373,Customer 373,customer373@email.com,India,2022-10-03
CUST00374,Customer 374,customer374@email.com,France,2022-04-20
CUST00375,Customer 375,customer375@email.com,Australia,2022-09-17
CUST00376,Customer 376,customer376@email.com,Germany,2022-05-16
CUST00377,Customer 377,customer377@email.com,USA,2022-03-09
CUST00378,Customer 378,customer378@email.com,USA,2022-06-28
CUST00379,Customer 379,customer379@email.com,France,2022-02-05
CUST00380,Customer 380,customer380@email.com,Germany,2022-05-06
CUST00381,Customer 381,customer381@email.com,Germany,2022-07-09
CUST00382,Customer 382,customer382@email.com,Canada,2022-05-26
CUST00383,Customer 383,customer383@email.com,Australia,2022-03-22
CUST00384,Customer 384,customer384@email.com,Canada,2022-08-13
CUST00385,Customer 385,customer385@email.com,Canada,2022-10-06
CUST00386,Customer 386,customer386@email.com,Canada,2022-12-27
CUST00387,Customer 387,customer387@email.com,Canada,2022-06-04
CUST00388,Customer 388,customer388@email.com,Canada,2022-11-10
CUST00389,Customer 389,customer389@email.com,India,2022-12-01
CUST00390,Customer 390,customer390@email.com,Germany,2022-09-28
CUST00391,Customer 391,customer391@email.com,Canada,2022-01-05
CUST00392,Customer 392,customer392@email.com,Germany,2022-12-08
CUST00393,Customer 393,customer393@email.com,Germany,2022-10-11
CUST00394,Customer 394,customer394@email.com,UK,2022-06-03
CUST00395,Customer 395,customer395@email.com,India,2022-12-06
CUST00396,Customer 396,customer396@email.com,Canada,2022-02-23
CUST00397,Customer 397,customer397@email.com,USA,2022-03-10
CUST00398,Customer 398,customer398@email.com,France,2022-05-16
CUST00399,Customer 399,customer399@email.com,Australia,2022-03-01
CUST00400,Customer 400,customer400@email.com,USA,2022-02-24
CUST00401,Customer 401,customer401@email.com,India,2022-10-11
CUST00402,Customer 402,customer402@email.com,France,2022-03-21
CUST00403,Customer 403,customer403@email.com,India,2022-05-20
CUST00404,Customer 404,customer404@email.com,Germany,2022-05-25
CUST00405,Customer 405,customer405@email.com,France,2022-11-06
CUST00406,Customer 406,customer406@email.com,Germany,2022-04-18
CUST00407,Customer 407,customer407@email.com,USA,2022-06-25
CUST00408,Customer 408,customer408@email.com,USA,2022-04-15
CUST00409,Customer 409,customer409@email.com,France,2022-12-18
CUST00410,Customer 410,customer410@email.com,France,2022-11-21
CUST00411,Customer 411,customer411@email.com,Canada,2022-05-16
CUST00412,Customer 412,customer412@email.com,India,2022-09-16
CUST00413,Customer 413,customer413@email.com,Canada,2022-09-08
CUST00414,Customer 414,customer414@email.com,India,2022-05-09
CUST00415,Customer 415,customer415@email.com,Canada,2022-01-27
CUST00416,Customer 416,customer416@email.com,Germany,2022-02-17
CUST00417,Customer 417,customer417@email.com,France,2022-11-21
CUST00418,Customer 418,customer418@email.com,USA,2022-08-05
CUST00419,Customer 419,customer419@email.com,India,2022-05-22
CUST00420,Customer 420,customer420@email.com,India,2022-01-23
CUST00421,Customer 421,customer421@email.com,USA,2022-01-02
CUST00422,Customer 422,customer422@email.com,Canada,2022-06-20
CUST00423,Customer 423,customer423@email.com,India,2022-03-08
CUST00424,Customer 424,customer424@email.com,Australia,2022-11-23
CUST00425,Customer 425,customer425@email.com,Germany,2022-05-15
CUST00426,Customer 426,customer426@email.com,France,2022-03-24
CUST00427,Customer 427,customer427@email.com,USA,2022-08-15
CUST00428,Customer 428,customer428@email.com,France,2022-10-10
CUST00429,Customer 429,customer429@email.com,Australia,2022-12-28
CUST00430,Customer 430,customer430@email.com,India,2022-08-07
CUST00431,Customer 431,customer431@email.com,India,2022-10-15
CUST00432,Customer 432,customer432@email.com,Australia,2022-01-05
CUST00433,Customer 433,customer433@email.com,USA,2022-02-27
CUST00434,Customer 434,customer434@email.com,Germany,2022-02-08
CUST00435,Customer 435,customer435@email.com,UK,2022-12-20
CUST00436,Customer 436,customer436@email.com,USA,2022-03-18
CUST00437,Customer 437,customer437@email.com,UK,2022-10-07
CUST00438,Customer 438,customer438@email.com,Australia,2022-01-19
CUST00439,Customer 439,customer439@email.com,Canada,2022-07-09
CUST00440,Customer 440,customer440@email.com,UK,2022-10-26
CUST00441,Customer 441,customer441@email.com,Germany,2022-10-10
CUST00442,Customer 442,customer442@email.com,Canada,2022-03-17
CUST00443,Customer 443,customer443@email.com,UK,2022-08-09
CUST00444,Customer 444,customer444@email.com,Australia,2022-03-07
CUST00445,Customer 445,customer445@email.com,Canada,2022-01-22
CUST00446,Customer 446,customer446@email.com,Australia,2022-06-07
CUST00447,Customer 447,customer447@email.com,UK,2022-07-06
CUST00448,Customer 448,customer448@email.com,Australia,2022-01-21
CUST00449,Customer 449,customer449@email.com,Germany,2022-07-03
CUST00450,Customer 450,customer450@email.com,UK,2022-04-18
CUST00451,Customer 451,customer451@email.com,UK,2022-12-16
CUST00452,Customer 452,customer452@email.com,UK,2022-05-08
CUST00453,Customer 453,customer453@email.com,USA,2022-12-08
CUST00454,Customer 454,customer454@email.com,USA,2022-02-22
CUST00455,Customer 455,customer455@email.com,USA,2022-07-01
CUST00456,Customer 456,customer456@email.com,Germany,2022-10-14
CUST00457,Customer 457,customer457@email.com,Canada,2022-07-28
CUST00458,Customer 458,customer458@email.com,Australia,2022-11-14
CUST00459,Customer 459,customer459@email.com,India,2022-03-21
CUST00460,Customer 460,customer460@email.com,UK,2022-05-02
CUST00461,Customer 461,customer461@email.com,Australia,2022-03-25
CUST00462,Customer 462,customer462@email.com,UK,2022-04-01
CUST00463,Customer 463,customer463@email.com,Germany,2022-07-31
CUST00464,Customer 464,customer464@email.com,UK,2022-01-13
CUST00465,Customer 465,customer465@email.com,USA,2022-04-02
CUST00466,Customer 466,customer466@email.com,India,2022-06-20
CUST00467,Customer 467,customer467@email.com,France,2022-07-30
CUST00468,Customer 468,customer468@email.com,UK,2022-12-09
CUST00469,Customer 469,customer469@email.com,Australia,2022-05-08
CUST00470,Customer 470,customer470@email.com,USA,2022-05-17
CUST00471,Customer 471,customer471@email.com,France,2022-03-23
CUST00472,Customer 472,customer472@email.com,India,2022-12-26
CUST00473,Customer 473,customer473@email.com,France,2022-02-25
CUST00474,Customer 474,customer474@email.com,USA,2022-07-15
CUST00475,Customer 475,customer475@email.com,Canada,2022-01-20
CUST00476,Customer 476,customer476@email.com,Canada,2022-08-29
CUST00477,Customer 477,customer477@email.com,France,2022-04-24
CUST00478,Customer 478,customer478@email.com,Germany,2022-04-13
CUST00479,Customer 479,customer479@email.com,Australia,2022-08-24
CUST00480,Customer 480,customer480@email.com,Australia,2022-06-29
CUST00481,Customer 481,customer481@email.com,France,2022-06-06
CUST00482,Customer 482,customer482@email.com,UK,2022-04-27
CUST00483,Customer 483,customer483@email.com,UK,2022-04-25
CUST00484,Customer 484,customer484@email.com,Australia,2022-01-13
CUST00485,Customer 485,customer485@email.com,Australia,2022-12-04
CUST00486,Customer 486,customer486@email.com,Canada,2022-04-09
CUST00487,Customer 487,customer487@email.com,Germany,2022-07-24
CUST00488,Customer 488,customer488@email.com,USA,2022-06-18
CUST00489,Customer 489,customer489@email.com,UK,2022-05-23
CUST00490,Customer 490,customer490@email.com,Australia,2022-02-05
CUST00491,Customer 491,customer491@email.com,Canada,2022-05-23
CUST00492,Customer 492,customer492@email.com,India,2022-06-29
CUST00493,Customer 493,customer493@email.com,Canada,2022-11-25
CUST00494,Customer 494,customer494@email.com,UK,2022-09-18
CUST00495,Customer 495,customer495@email.com,UK,2022-07-24
CUST00496,Customer 496,customer496@email.com,Canada,2022-12-14
CUST00497,Customer 497,customer497@email.com,USA,2022-10-02
CUST00498,Customer 498,customer498@email.com,France,2022-06-19
CUST00499,Customer 499,customer499@email.com,UK,2022-01-15
CUST00500,Customer 500,customer500@email.com,Canada,2022-03-01
CUST00501,Customer 501,customer501@email.com,Australia,2022-05-14
CUST00502,Customer 502,customer502@email.com,Canada,2022-04-02
CUST00503,Customer 503,customer503@email.com,Germany,2022-10-25
CUST00504,Customer 504,customer504@email.com,France,2022-05-16
CUST00505,Customer 505,customer505@email.com,India,2022-01-20
CUST00506,Customer 506,customer506@email.com,USA,2022-02-25
CUST00507,Customer 507,customer507@email.com,India,2022-11-02
CUST00508,Customer 508,customer508@email.com,France,2022-08-11
CUST00509,Customer 509,customer509@email.com,France,2022-06-26
CUST00510,Customer 510,customer510@email.com,France,2022-06-10
CUST00511,Customer 511,customer511@email.com,India,2022-08-12
CUST00512,Customer 512,customer512@email.com,Australia,2022-11-07
CUST00513,Customer 513,customer513@email.com,France,2022-09-19
CUST00514,Customer 514,customer514@email.com,Canada,2022-03-01
CUST00515,Customer 515,customer515@email.com,India,2022-07-17
CUST00516,Customer 516,customer516@email.com,France,2022-10-23
CUST00517,Customer 517,customer517@email.com,Canada,2022-04-08
CUST00518,Customer 518,customer518@email.com,Australia,2022-05-11
CUST00519,Customer 519,customer519@email.com,Germany,2022-01-23
CUST00520,Customer 520,customer520@email.com,Australia,2022-12-29
CUST00521,Customer 521,customer521@email.com,France,2022-08-12
CUST00522,Customer 522,customer522@email.com,India,2022-01-01
CUST00523,Customer 523,customer523@email.com,UK,2022-09-24
CUST00524,Customer 524,customer524@email.com,France,2022-10-03
CUST00525,Customer 525,customer525@email.com,UK,2022-12-18
CUST00526,Customer 526,customer526@email.com,Canada,2022-12-10
CUST00527,Customer 527,customer527@email.com,Germany,2022-04-11
CUST00528,Customer 528,customer528@email.com,USA,2022-07-06
CUST00529,Customer 529,customer529@email.com,Australia,2022-08-09
CUST00530,Customer 530,customer530@email.com,Germany,2022-02-05
CUST00531,Customer 531,customer531@email.com,France,2022-12-07
CUST00532,Customer 532,customer532@email.com,UK,2022-06-19
CUST00533,Customer 533,customer533@email.com,Australia,2022-11-16
CUST00534,Customer 534,customer534@email.com,UK,2022-06-10
CUST00535,Customer 535,customer535@email.com,India,2022-12-06
CUST00536,Customer 536,customer536@email.com,UK,2022-03-05
CUST00537,Customer 537,customer537@email.com,India,2022-06-03
CUST00538,Customer 538,customer538@email.com,Canada,2022-09-17
CUST00539,Customer 539,customer539@email.com,Australia,2022-06-08
CUST00540,Customer 540,customer540@email.com,Australia,2022-12-08
CUST00541,Customer 541,customer541@email.com,USA,2022-07-29
CUST00542,Customer 542,customer542@email.com,France,2022-06-17
CUST00543,Customer 543,customer543@email.com,India,2022-07-26
CUST00544,Customer 544,customer544@email.com,USA,2022-12-23
CUST00545,Customer 545,customer545@email.com,UK,2022-06-01
CUST00546,Customer 546,customer546@email.com,UK,2022-10-11
CUST00547,Customer 547,customer547@email.com,USA,2022-03-07
CUST00548,Customer 548,customer548@email.com,Australia,2022-04-09
CUST00549,Customer 549,customer549@email.com,UK,2022-08-04
CUST00550,Customer 550,customer550@email.com,Canada,2022-12-07
CUST00551,Customer 551,customer551@email.com,Canada,2022-07-14
CUST00552,Customer 552,customer552@email.com,USA,2022-12-13
CUST00553,Customer 553,customer553@email.com,India,2022-03-31
CUST00554,Customer 554,customer554@email.com,India,2022-11-12
CUST00555,Customer 555,customer555@email.com,USA,2022-10-19
CUST00556,Customer 556,customer556@email.com,India,2022-06-04
CUST00557,Customer 557,customer557@email.com,Australia,2022-07-27
CUST00558,Customer 558,customer558@email.com,Australia,2022-10-08
CUST00559,Customer 559,customer559@email.com,India,2022-01-01
CUST00560,Customer 560,customer560@email.com,Canada,2022-06-05
CUST00561,Customer 561,customer561@email.com,India,2022-05-27
CUST00562,Customer 562,customer562@email.com,Australia,2022-04-18
CUST00563,Customer 563,customer563@email.com,Germany,2022-08-09
CUST00564,Customer 564,customer564@email.com,France,2022-10-24
CUST00565,Customer 565,customer565@email.com,UK,2022-11-07
CUST00566,Customer 566,customer566@email.com,Germany,2022-12-02
CUST00567,Customer 567,customer567@email.com,India,2022-06-14
CUST00568,Customer 568,customer568@email.com,Canada,2022-08-27
CUST00569,Customer 569,customer569@email.com,USA,2022-08-15
CUST00570,Customer 570,customer570@email.com,India,2022-08-15
CUST00571,Customer 571,customer571@email.com,Canada,2022-12-12
CUST00572,Customer 572,customer572@email.com,France,2022-04-20
CUST00573,Customer 573,customer573@email.com,India,2022-09-19
CUST00574,Customer 574,customer574@email.com,Australia,2022-08-31
CUST00575,Customer 575,customer575@email.com,USA,2022-03-28
CUST00576,Customer 576,customer576@email.com,Canada,2022-12-04
CUST00577,Customer 577,customer577@email.com,Canada,2022-02-13
CUST00578,Customer 578,customer578@email.com,Canada,2022-05-26
CUST00579,Customer 579,customer579@email.com,France,2022-09-21
CUST00580,Customer 580,customer580@email.com,India,2022-12-06
CUST00581,Customer 581,customer581@email.com,France,2022-11-21
CUST00582,Customer 582,customer582@email.com,UK,2022-11-14
CUST00583,Customer 583,customer583@email.com,UK,2022-06-21
CUST00584,Customer 584,customer584@email.com,India,2022-02-17
CUST00585,Customer 585,customer585@email.com,Australia,2022-05-01
CUST00586,Customer 586,customer586@email.com,France,2022-12-11
CUST00587,Customer 587,customer587@email.com,USA,2022-06-08
CUST00588,Customer 588,customer588@email.com,Canada,2022-04-26
CUST00589,Customer 589,customer589@email.com,Canada,2022-04-12
CUST00590,Customer 590,customer590@email.com,India,2022-03-17
CUST00591,Customer 591,customer591@email.com,Australia,2022-01-13
CUST00592,Customer 592,customer592@email.com,UK,2022-01-24
CUST00593,Customer 593,customer593@email.com,UK,2022-05-06
CUST00594,Customer 594,customer594@email.com,Canada,2022-09-01
CUST00595,Customer 595,customer595@email.com,India,2022-11-09
CUST00596,Customer 596,customer596@email.com,France,2022-02-07
CUST00597,Customer 597,customer597@email.com,UK,2022-08-22
CUST00598,Customer 598,customer598@email.com,France,2022-08-01
CUST00599,Customer 599,customer599@email.com,Australia,2022-11-19
CUST00600,Customer 600,customer600@email.com,UK,2022-10-22
CUST00601,Customer 601,customer601@email.com,UK,2022-04-10
CUST00602,Customer 602,customer602@email.com,Germany,2022-12-23
CUST00603,Customer 603,customer603@email.com,UK,2022-07-16
CUST00604,Customer 604,customer604@email.com,USA,2022-09-11
CUST00605,Customer 605,customer605@email.com,India,2022-07-24
CUST00606,Customer 606,customer606@email.com,India,2022-05-05
CUST00607,Customer 607,customer607@email.com,France,2022-03-17
CUST00608,Customer 608,customer608@email.com,Australia,2022-12-02
CUST00609,Customer 609,customer609@email.com,UK,2022-12-19
CUST00610,Customer 610,customer610@email.com,USA,2022-01-03
CUST00611,Customer 611,customer611@email.com,France,2022-02-24
CUST00612,Customer 612,customer612@email.com,Germany,2022-08-06
CUST00613,Customer 613,customer613@email.com,France,2022-04-23
CUST00614,Customer 614,customer614@email.com,France,2022-04-01
CUST00615,Customer 615,customer615@email.com,UK,2022-12-23
CUST00616,Customer 616,customer616@email.com,Germany,2022-09-23
CUST00617,Customer 617,customer617@email.com,France,2022-08-26
CUST00618,Customer 618,customer618@email.com,USA,2022-01-26
CUST00619,Customer 619,customer619@email.com,USA,2022-10-13
CUST00620,Customer 620,customer620@email.com,India,2022-05-08
CUST00621,Customer 621,customer621@email.com,Germany,2022-03-04
CUST00622,Customer 622,customer622@email.com,Germany,2022-08-22
CUST00623,Customer 623,customer623@email.com,India,2022-03-10
CUST00624,Customer 624,customer624@email.com,France,2022-08-26
CUST00625,Customer 625,customer625@email.com,Germany,2022-12-08
CUST00626,Customer 626,customer626@email.com,USA,2022-09-29
CUST00627,Customer 627,customer627@email.com,USA,2022-10-14
CUST00628,Customer 628,customer628@email.com,UK,2022-11-01
CUST00629,Customer 629,customer629@email.com,Germany,2022-06-12
CUST00630,Customer 630,customer630@email.com,France,2022-08-15
CUST00631,Customer 631,customer631@email.com,India,2022-11-10
CUST00632,Customer 632,customer632@email.com,India,2022-09-16
CUST00633,Customer 633,customer633@email.com,France,2022-08-07
CUST00634,Customer 634,customer634@email.com,Australia,2022-10-08
CUST00635,Customer 635,customer635@email.com,Canada,2022-08-17
CUST00636,Customer 636,customer636@email.com,UK,2022-03-23
CUST00637,Customer 637,customer637@email.com,India,2022-09-01
CUST00638,Customer 638,customer638@email.com,Germany,2022-08-19
CUST00639,Customer 639,customer639@email.com,UK,2022-05-13
CUST00640,Customer 640,customer640@email.com,Germany,2022-05-07
CUST00641,Customer 641,customer641@email.com,Australia,2022-11-23
CUST00642,Customer 642,customer642@email.com,USA,2022-05-22
CUST00643,Customer 643,customer643@email.com,UK,2022-09-24
CUST00644,Customer 644,customer644@email.com,India,2022-09-06
CUST00645,Customer 645,customer645@email.com,UK,2022-11-17
CUST00646,Customer 646,customer646@email.com,UK,2022-05-03
CUST00647,Customer 647,customer647@email.com,UK,2022-05-21
CUST00648,Customer 648,customer648@email.com,Canada,2022-08-14
CUST00649,Customer 649,customer649@email.com,UK,2022-02-09
CUST00650,Customer 650,customer650@email.com,Germany,2023-01-01
CUST00651,Customer 651,customer651@email.com,USA,2022-05-27
CUST00652,Customer 652,customer652@email.com,Australia,2022-05-01
CUST00653,Customer 653,customer653@email.com,France,2022-05-20
CUST00654,Customer 654,customer654@email.com,UK,2022-06-21
CUST00655,Customer 655,customer655@email.com,India,2022-06-13
CUST00656,Customer 656,customer656@email.com,UK,2022-10-04
CUST00657,Customer 657,customer657@email.com,India,2022-02-11
CUST00658,Customer 658,customer658@email.com,Germany,2022-03-12
CUST00659,Customer 659,customer659@email.com,India,2022-03-19
CUST00660,Customer 660,customer660@email.com,France,2022-04-29
CUST00661,Customer 661,customer661@email.com,USA,2022-07-16
CUST00662,Customer 662,customer662@email.com,India,2022-12-22
CUST00663,Customer 663,customer663@email.com,India,2022-03-20
CUST00664,Customer 664,customer664@email.com,USA,2022-12-28
CUST00665,Customer 665,customer665@email.com,France,2022-04-20
CUST00666,Customer 666,customer666@email.com,UK,2022-02-02
CUST00667,Customer 667,customer667@email.com,India,2022-08-01
CUST00668,Customer 668,customer668@email.com,USA,2022-07-28
CUST00669,Customer 669,customer669@email.com,Germany,2022-06-19
CUST00670,Customer 670,customer670@email.com,USA,2022-10-05
CUST00671,Customer 671,customer671@email.com,Germany,2022-08-27
CUST00672,Customer 672,customer672@email.com,France,2022-08-01
CUST00673,Customer 673,customer673@email.com,UK,2022-02-01
CUST00674,Customer 674,customer674@email.com,USA,2022-04-16
CUST00675,Customer 675,customer675@email.com,Australia,2022-08-04
CUST00676,Customer 676,customer676@email.com,Australia,2022-07-19
CUST00677,Customer 677,customer677@email.com,Canada,2022-10-27
CUST00678,Customer 678,customer678@email.com,India,2022-12-23
CUST00679,Customer 679,customer679@email.com,France,2022-01-11
CUST00680,Customer 680,customer680@email.com,USA,2022-10-22
CUST00681,Customer 681,customer681@email.com,Australia,2022-07-14
CUST00682,Customer 682,customer682@email.com,India,2022-09-02
CUST00683,Customer 683,customer683@email.com,Australia,2022-01-04
CUST00684,Customer 684,customer684@email.com,USA,2022-06-30
CUST00685,Customer 685,customer685@email.com,Germany,2022-06-02
CUST00686,Customer 686,customer686@email.com,USA,2022-07-19
CUST00687,Customer 687,customer687@email.com,Canada,2022-08-03
CUST00688,Customer 688,customer688@email.com,USA,2022-10-03
CUST00689,Customer 689,customer689@email.com,USA,2022-10-07
CUST00690,Customer 690,customer690@email.com,Canada,2022-11-05
CUST00691,Customer 691,customer691@email.com,France,2022-04-23
CUST00692,Customer 692,customer692@email.com,USA,2022-09-07
CUST00693,Customer 693,customer693@email.com,Canada,2022-04-23
CUST00694,Customer 694,customer694@email.com,India,2022-05-20
CUST00695,Customer 695,customer695@email.com,Germany,2022-08-12
CUST00696,Customer 696,customer696@email.com,Germany,2022-09-06
CUST00697,Customer 697,customer697@email.com,USA,2022-01-15
CUST00698,Customer 698,customer698@email.com,France,2022-07-19
CUST00699,Customer 699,customer699@email.com,France,2022-06-22
CUST00700,Customer 700,customer700@email.com,India,2022-12-09
CUST00701,Customer 701,customer701@email.com,USA,2022-12-14
CUST00702,Customer 702,customer702@email.com,Germany,2022-07-27
CUST00703,Customer 703,customer703@email.com,France,2022-03-26
CUST00704,Customer 704,customer704@email.com,USA,2022-08-28
CUST00705,Customer 705,customer705@email.com,Australia,2022-03-07
CUST00706,Customer 706,customer706@email.com,France,2022-11-15
CUST00707,Customer 707,customer707@email.com,Canada,2022-10-01
CUST00708,Customer 708,customer708@email.com,Australia,2022-01-14
CUST00709,Customer 709,customer709@email.com,France,2022-07-21
CUST00710,Customer 710,customer710@email.com,Germany,2022-10-31
CUST00711,Customer 711,customer711@email.com,UK,2022-10-16
CUST00712,Customer 712,customer712@email.com,Australia,2022-12-06
CUST00713,Customer 713,customer713@email.com,India,2022-01-14
CUST00714,Customer 714,customer714@email.com,India,2022-02-12
CUST00715,Customer 715,customer715@email.com,Germany,2022-11-26
CUST00716,Customer 716,customer716@email.com,France,2022-08-08
CUST00717,Customer 717,customer717@email.com,USA,2022-03-11
CUST00718,Customer 718,customer718@email.com,France,2022-08-25
CUST00719,Customer 719,customer719@email.com,Germany,2022-04-04
CUST00720,Customer 720,customer720@email.com,India,2022-01-26
CUST00721,Customer 721,customer721@email.com,France,2022-05-14
CUST00722,Customer 722,customer722@email.com,India,2022-07-14
CUST00723,Customer 723,customer723@email.com,Australia,2022-06-17
CUST00724,Customer 724,customer724@email.com,USA,2022-04-19
CUST00725,Customer 725,customer725@email.com,Australia,2022-08-21
CUST00726,Customer 726,customer726@email.com,India,2022-06-17
CUST00727,Customer 727,customer727@email.com,India,2022-06-22
CUST00728,Customer 728,customer728@email.com,UK,2022-07-14
CUST00729,Customer 729,customer729@email.com,UK,2022-05-23
CUST00730,Customer 730,customer730@email.com,Australia,2022-08-04
CUST00731,Customer 731,customer731@email.com,Canada,2022-05-10
CUST00732,Customer 732,customer732@email.com,Australia,2022-02-11
CUST00733,Customer 733,customer733@email.com,UK,2022-08-29
CUST00734,Customer 734,customer734@email.com,India,2022-01-10
CUST00735,Customer 735,customer735@email.com,Germany,2022-10-04
CUST00736,Customer 736,customer736@email.com,Australia,2022-01-27
CUST00737,Customer 737,customer737@email.com,India,2022-06-29
CUST00738,Customer 738,customer738@email.com,Germany,2022-04-25
CUST00739,Customer 739,customer739@email.com,Germany,2022-11-29
CUST00740,Customer 740,customer740@email.com,UK,2022-02-05
CUST00741,Customer 741,customer741@email.com,Australia,2022-11-30
CUST00742,Customer 742,customer742@email.com,France,2022-01-21
CUST00743,Customer 743,customer743@email.com,USA,2022-01-16
CUST00744,Customer 744,customer744@email.com,UK,2022-05-07
CUST00745,Customer 745,customer745@email.com,UK,2022-04-13
CUST00746,Customer 746,customer746@email.com,France,2022-01-11
CUST00747,Customer 747,customer747@email.com,USA,2022-11-15
CUST00748,Customer 748,customer748@email.com,India,2022-03-20
CUST00749,Customer 749,customer749@email.com,Canada,2022-05-03
CUST00750,Customer 750,customer750@email.com,Australia,2022-03-06
CUST00751,Customer 751,customer751@email.com,Canada,2022-08-31
CUST00752,Customer 752,customer752@email.com,India,2022-12-09
CUST00753,Customer 753,customer753@email.com,UK,2022-02-28
CUST00754,Customer 754,customer754@email.com,USA,2022-10-16
CUST00755,Customer 755,customer755@email.com,UK,2022-04-22
CUST00756,Customer 756,customer756@email.com,Germany,2022-08-27
CUST00757,Customer 757,customer757@email.com,UK,2022-12-25
CUST00758,Customer 758,customer758@email.com,UK,2022-05-12
CUST00759,Customer 759,customer759@email.com,India,2022-07-08
CUST00760,Customer 760,customer760@email.com,India,2022-03-27
CUST00761,Customer 761,customer761@email.com,India,2022-11-07
CUST00762,Customer 762,customer762@email.com,Canada,2022-11-07
CUST00763,Customer 763,customer763@email.com,Germany,2022-02-28
CUST00764,Customer 764,customer764@email.com,India,2022-03-25
CUST00765,Customer 765,customer765@email.com,USA,2022-06-09
CUST00766,Customer 766,customer766@email.com,Canada,2022-02-25
CUST00767,Customer 767,customer767@email.com,France,2022-10-24
CUST00768,Customer 768,customer768@email.com,USA,2022-01-14
CUST00769,Customer 769,customer769@email.com,Australia,2022-06-09
CUST00770,Customer 770,customer770@email.com,Australia,2022-10-22
CUST00771,Customer 771,customer771@email.com,USA,2022-12-13
CUST00772,Customer 772,customer772@email.com,India,2022-07-12
CUST00773,Customer 773,customer773@email.com,France,2022-07-23
CUST00774,Customer 774,customer774@email.com,France,2022-04-12
CUST00775,Customer 775,customer775@email.com,Canada,2022-02-08
CUST00776,Customer 776,customer776@email.com,France,2022-10-31
CUST00777,Customer 777,customer777@email.com,Australia,2022-12-20
CUST00778,Customer 778,customer778@email.com,Germany,2022-11-18
CUST00779,Customer 779,customer779@email.com,India,2022-05-05
CUST00780,Customer 780,customer780@email.com,France,2022-02-22
CUST00781,Customer 781,customer781@email.com,Canada,2022-12-23
CUST00782,Customer 782,customer782@email.com,Australia,2022-06-04
CUST00783,Customer 783,customer783@email.com,Germany,2022-12-17
CUST00784,Customer 784,customer784@email.com,UK,2022-11-04
CUST00785,Customer 785,customer785@email.com,UK,2022-03-03
CUST00786,Customer 786,customer786@email.com,Germany,2022-10-17
CUST00787,Customer 787,customer787@email.com,Australia,2022-01-22
CUST00788,Customer 788,customer788@email.com,Canada,2022-06-27
CUST00789,Customer 789,customer789@email.com,Germany,2022-09-30
CUST00790,Customer 790,customer790@email.com,India,2022-08-08
CUST00791,Customer 791,customer791@email.com,India,2022-12-05
CUST00792,Customer 792,customer792@email.com,UK,2022-07-09
CUST00793,Customer 793,customer793@email.com,France,2022-02-05
CUST00794,Customer 794,customer794@email.com,Canada,2022-09-17
CUST00795,Customer 795,customer795@email.com,UK,2022-11-28
CUST00796,Customer 796,customer796@email.com,France,2022-06-24
CUST00797,Customer 797,customer797@email.com,France,2022-01-07
CUST00798,Customer 798,customer798@email.com,India,2022-08-04
CUST00799,Customer 799,customer799@email.com,Australia,2022-09-08
CUST00800,Customer 800,customer800@email.com,USA,2022-02-24
CUST00801,Customer 801,customer801@email.com,Australia,2022-08-10
CUST00802,Customer 802,customer802@email.com,USA,2022-07-05
CUST00803,Customer 803,customer803@email.com,Germany,2022-11-22
CUST00804,Customer 804,customer804@email.com,India,2022-08-24
CUST00805,Customer 805,customer805@email.com,France,2022-12-29
CUST00806,Customer 806,customer806@email.com,Canada,2022-03-20
CUST00807,Customer 807,customer807@email.com,USA,2022-08-11
CUST00808,Customer 808,customer808@email.com,Australia,2022-04-01
CUST00809,Customer 809,customer809@email.com,France,2022-09-25
CUST00810,Customer 810,customer810@email.com,USA,2022-11-30
CUST00811,Customer 811,customer811@email.com,USA,2022-05-19
CUST00812,Customer 812,customer812@email.com,USA,2022-11-12
CUST00813,Customer 813,customer813@email.com,Canada,2022-10-03
CUST00814,Customer 814,customer814@email.com,India,2022-09-05
CUST00815,Customer 815,customer815@email.com,Canada,2022-08-27
CUST00816,Customer 816,customer816@email.com,UK,2022-08-12
CUST00817,Customer 817,customer817@email.com,France,2022-10-31
CUST00818,Customer 818,customer818@email.com,India,2022-05-18
CUST00819,Customer 819,customer819@email.com,India,2022-06-15
CUST00820,Customer 820,customer820@email.com,India,2022-05-06
CUST00821,Customer 821,customer821@email.com,Australia,2022-02-14
CUST00822,Customer 822,customer822@email.com,India,2022-05-23
CUST00823,Customer 823,customer823@email.com,Canada,2022-08-19
CUST00824,Customer 824,customer824@email.com,India,2022-05-05
CUST00825,Customer 825,customer825@email.com,Germany,2022-08-26
CUST00826,Customer 826,customer826@email.com,France,2022-10-19
CUST00827,Customer 827,customer827@email.com,India,2022-11-09
CUST00828,Customer 828,customer828@email.com,France,2022-12-09
CUST00829,Customer 829,customer829@email.com,Germany,2022-07-14
CUST00830,Customer 830,customer830@email.com,Germany,2022-06-22
CUST00831,Customer 831,customer831@email.com,France,2022-01-15
CUST00832,Customer 832,customer832@email.com,USA,2022-09-11
CUST00833,Customer 833,customer833@email.com,UK,2022-06-16
CUST00834,Customer 834,customer834@email.com,Australia,2022-04-04
CUST00835,Customer 835,customer835@email.com,USA,2022-09-07
CUST00836,Customer 836,customer836@email.com,USA,2022-04-19
CUST00837,Customer 837,customer837@email.com,Canada,2022-07-01
CUST00838,Customer 838,customer838@email.com,Australia,2022-05-13
CUST00839,Customer 839,customer839@email.com,Australia,2022-06-24
CUST00840,Customer 840,customer840@email.com,USA,2022-05-24
CUST00841,Customer 841,customer841@email.com,India,2022-11-02
CUST00842,Customer 842,customer842@email.com,Canada,2022-12-26
CUST00843,Customer 843,customer843@email.com,Canada,2022-05-22
CUST00844,Customer 844,customer844@email.com,Germany,2022-10-12
CUST00845,Customer 845,customer845@email.com,Australia,2022-01-06
CUST00846,Customer 846,customer846@email.com,USA,2022-09-22
CUST00847,Customer 847,customer847@email.com,Germany,2022-04-08
CUST00848,Customer 848,customer848@email.com,France,2022-02-13
CUST00849,Customer 849,customer849@email.com,UK,2022-05-04
CUST00850,Customer 850,customer850@email.com,Canada,2022-07-28
CUST00851,Customer 851,customer851@email.com,France,2022-09-08
CUST00852,Customer 852,customer852@email.com,France,2022-10-12
CUST00853,Customer 853,customer853@email.com,India,2022-05-04
CUST00854,Customer 854,customer854@email.com,UK,2022-12-20
CUST00855,Customer 855,customer855@email.com,France,2022-09-01
CUST00856,Customer 856,customer856@email.com,France,2022-11-27
CUST00857,Customer 857,customer857@email.com,UK,2022-12-31
CUST00858,Customer 858,customer858@email.com,UK,2022-09-09
CUST00859,Customer 859,customer859@email.com,France,2022-08-18
CUST00860,Customer 860,customer860@email.com,UK,2022-01-09
CUST00861,Customer 861,customer861@email.com,France,2022-02-17
CUST00862,Customer 862,customer862@email.com,France,2022-05-31
CUST00863,Customer 863,customer863@email.com,India,2022-04-24
CUST00864,Customer 864,customer864@email.com,USA,2022-07-27
CUST00865,Customer 865,customer865@email.com,France,2022-12-21
CUST00866,Customer 866,customer866@email.com,Germany,2022-05-05
CUST00867,Customer 867,customer867@email.com,Canada,2022-06-06
CUST00868,Customer 868,customer868@email.com,Australia,2022-12-06
CUST00869,Customer 869,customer869@email.com,USA,2022-10-25
CUST00870,Customer 870,customer870@email.com,USA,2022-07-08
CUST00871,Customer 871,customer871@email.com,USA,2022-08-31
CUST00872,Customer 872,customer872@email.com,India,2022-10-11
CUST00873,Customer 873,customer873@email.com,France,2022-09-29
CUST00874,Customer 874,customer874@email.com,India,2022-06-26
CUST00875,Customer 875,customer875@email.com,France,2022-08-06
CUST00876,Customer 876,customer876@email.com,India,2022-10-09
CUST00877,Customer 877,customer877@email.com,India,2022-06-19
CUST00878,Customer 878,customer878@email.com,Canada,2022-06-30
CUST00879,Customer 879,customer879@email.com,Germany,2022-12-26
CUST00880,Customer 880,customer880@email.com,India,2022-08-21
CUST00881,Customer 881,customer881@email.com,Canada,2022-05-19
CUST00882,Customer 882,customer882@email.com,UK,2022-06-06
CUST00883,Customer 883,customer883@email.com,Germany,2022-05-09
CUST00884,Customer 884,customer884@email.com,India,2022-04-29
CUST00885,Customer 885,customer885@email.com,Australia,2022-03-03
CUST00886,Customer 886,customer886@email.com,USA,2022-04-09
CUST00887,Customer 887,customer887@email.com,UK,2022-06-11
CUST00888,Customer 888,customer888@email.com,UK,2022-03-03
CUST00889,Customer 889,customer889@email.com,Canada,2022-10-02
CUST00890,Customer 890,customer890@email.com,UK,2022-12-20
CUST00891,Customer 891,customer891@email.com,Germany,2022-04-05
CUST00892,Customer 892,customer892@email.com,India,2022-04-09
CUST00893,Customer 893,customer893@email.com,India,2022-04-21
CUST00894,Customer 894,customer894@email.com,Australia,2022-09-05
CUST00895,Customer 895,customer895@email.com,USA,2022-05-22
CUST00896,Customer 896,customer896@email.com,Canada,2022-10-29
CUST00897,Customer 897,customer897@email.com,USA,2022-09-26
CUST00898,Customer 898,customer898@email.com,UK,2022-11-02
CUST00899,Customer 899,customer899@email.com,Australia,2022-05-25
CUST00900,Customer 900,customer900@email.com,USA,2022-02-21
CUST00901,Customer 901,customer901@email.com,Germany,2022-04-10
CUST00902,Customer 902,customer902@email.com,India,2022-06-01
CUST00903,Customer 903,customer903@email.com,UK,2022-04-27
CUST00904,Customer 904,customer904@email.com,Australia,2022-07-04
CUST00905,Customer 905,customer905@email.com,USA,2022-04-02
CUST00906,Customer 906,customer906@email.com,Canada,2022-06-04
CUST00907,Customer 907,customer907@email.com,Germany,2022-01-08
CUST00908,Customer 908,customer908@email.com,Germany,2022-12-29
CUST00909,Customer 909,customer909@email.com,USA,2022-10-01
CUST00910,Customer 910,customer910@email.com,India,2022-03-06
CUST00911,Customer 911,customer911@email.com,USA,2022-05-21
CUST00912,Customer 912,customer912@email.com,UK,2022-01-24
CUST00913,Customer 913,customer913@email.com,USA,2022-01-28
CUST00914,Customer 914,customer914@email.com,Germany,2022-10-11
CUST00915,Customer 915,customer915@email.com,Australia,2022-05-30
CUST00916,Customer 916,customer916@email.com,USA,2022-12-24
CUST00917,Customer 917,customer917@email.com,India,2022-03-06
CUST00918,Customer 918,customer918@email.com,Australia,2022-11-23
CUST00919,Customer 919,customer919@email.com,Canada,2022-09-09
CUST00920,Customer 920,customer920@email.com,France,2022-02-22
CUST00921,Customer 921,customer921@email.com,USA,2022-01-07
CUST00922,Customer 922,customer922@email.com,India,2022-10-21
CUST00923,Customer 923,customer923@email.com,Australia,2022-05-26
CUST00924,Customer 924,customer924@email.com,India,2022-08-29
CUST00925,Customer 925,customer925@email.com,Canada,2022-09-03
CUST00926,Customer 926,customer926@email.com,Germany,2022-08-14
CUST00927,Customer 927,customer927@email.com,India,2022-06-24
CUST00928,Customer 928,customer928@email.com,Australia,2022-04-05
CUST00929,Customer 929,customer929@email.com,India,2022-01-27
CUST00930,Customer 930,customer930@email.com,India,2022-05-10
CUST00931,Customer 931,customer931@email.com,India,2022-09-02
CUST00932,Customer 932,customer932@email.com,UK,2022-02-28
CUST00933,Customer 933,customer933@email.com,UK,2022-02-03
CUST00934,Customer 934,customer934@email.com,Germany,2022-07-25
CUST00935,Customer 935,customer935@email.com,USA,2022-09-09
CUST00936,Customer 936,customer936@email.com,India,2022-02-07
CUST00937,Customer 937,customer937@email.com,Canada,2022-10-23
CUST00938,Customer 938,customer938@email.com,USA,2022-11-19
CUST00939,Customer 939,customer939@email.com,Canada,2022-12-18
CUST00940,Customer 940,customer940@email.com,USA,2022-01-28
CUST00941,Customer 941,customer941@email.com,Germany,2022-03-19
CUST00942,Customer 942,customer942@email.com,India,2022-03-18
CUST00943,Customer 943,customer943@email.com,India,2022-10-16
CUST00944,Customer 944,customer944@email.com,France,2022-06-05
CUST00945,Customer 945,customer945@email.com,Canada,2022-02-13
CUST00946,Customer 946,customer946@email.com,USA,2022-05-08
CUST00947,Customer 947,customer947@email.com,USA,2022-03-02
CUST00948,Customer 948,customer948@email.com,UK,2022-10-13
CUST00949,Customer 949,customer949@email.com,France,2022-08-02
CUST00950,Customer 950,customer950@email.com,Australia,2022-11-07
CUST00951,Customer 951,customer951@email.com,Australia,2022-11-02
CUST00952,Customer 952,customer952@email.com,UK,2022-11-13
CUST00953,Customer 953,customer953@email.com,UK,2022-04-26
CUST00954,Customer 954,customer954@email.com,UK,2022-09-25
CUST00955,Customer 955,customer955@email.com,Canada,2022-07-14
CUST00956,Customer 956,customer956@email.com,Canada,2022-08-19
CUST00957,Customer 957,customer957@email.com,Germany,2022-08-15
CUST00958,Customer 958,customer958@email.com,Germany,2022-06-02
CUST00959,Customer 959,customer959@email.com,UK,2022-10-29
CUST00960,Customer 960,customer960@email.com,France,2022-08-08
CUST00961,Customer 961,customer961@email.com,USA,2022-06-06
CUST00962,Customer 962,customer962@email.com,Canada,2022-10-19
CUST00963,Customer 963,customer963@email.com,France,2022-11-14
CUST00964,Customer 964,customer964@email.com,India,2022-01-31
CUST00965,Customer 965,customer965@email.com,Canada,2022-11-09
CUST00966,Customer 966,customer966@email.com,Canada,2022-02-20
CUST00967,Customer 967,customer967@email.com,Germany,2022-04-17
CUST00968,Customer 968,customer968@email.com,USA,2022-11-17
CUST00969,Customer 969,customer969@email.com,USA,2022-04-19
CUST00970,Customer 970,customer970@email.com,Australia,2022-05-16
CUST00971,Customer 971,customer971@email.com,Australia,2022-12-05
CUST00972,Customer 972,customer972@email.com,Australia,2022-02-11
CUST00973,Customer 973,customer973@email.com,Australia,2022-03-22
CUST00974,Customer 974,customer974@email.com,India,2022-05-03
CUST00975,Customer 975,customer975@email.com,India,2022-03-30
CUST00976,Customer 976,customer976@email.com,Canada,2022-10-10
CUST00977,Customer 977,customer977@email.com,UK,2022-02-08
CUST00978,Customer 978,customer978@email.com,Germany,2022-03-22
CUST00979,Customer 979,customer979@email.com,Germany,2022-01-02
CUST00980,Customer 980,customer980@email.com,Australia,2022-07-29
CUST00981,Customer 981,customer981@email.com,Canada,2022-08-19
CUST00982,Customer 982,customer982@email.com,France,2022-12-19
CUST00983,Customer 983,customer983@email.com,UK,2022-11-01
CUST00984,Customer 984,customer984@email.com,Canada,2022-08-29
CUST00985,Customer 985,customer985@email.com,UK,2022-05-30
CUST00986,Customer 986,customer986@email.com,UK,2022-01-17
CUST00987,Customer 987,customer987@email.com,UK,2022-04-29
CUST00988,Customer 988,customer988@email.com,Canada,2022-05-28
CUST00989,Customer 989,customer989@email.com,Australia,2022-12-28
CUST00990,Customer 990,customer990@email.com,Germany,2022-05-25
CUST00991,Customer 991,customer991@email.com,Germany,2022-12-26
CUST00992,Customer 992,customer992@email.com,Australia,2022-08-21
CUST00993,Customer 993,customer993@email.com,UK,2022-02-06
CUST00994,Customer 994,customer994@email.com,France,2022-12-18
CUST00995,Customer 995,customer995@email.com,USA,2022-04-30
CUST00996,Customer 996,customer996@email.com,Canada,2022-05-16
CUST00997,Customer 997,customer997@email.com,USA,2022-11-17
CUST00998,Customer 998,customer998@email.com,Australia,2022-10-29
CUST00999,Customer 999,customer999@email.com,France,2022-12-05
CUST01000,Customer 1000,customer1000@email.com,Canada,2022-04-12
CUST01001,Customer 1001,customer1001@email.com,Australia,2022-08-06
CUST01002,Customer 1002,customer1002@email.com,UK,2022-02-28
CUST01003,Customer 1003,customer1003@email.com,Germany,2022-10-06
CUST01004,Customer 1004,customer1004@email.com,USA,2022-04-26
CUST01005,Customer 1005,customer1005@email.com,India,2022-11-28
CUST01006,Customer 1006,customer1006@email.com,India,2022-03-18
CUST01007,Customer 1007,customer1007@email.com,France,2022-05-17
CUST01008,Customer 1008,customer1008@email.com,UK,2022-03-14
CUST01009,Customer 1009,customer1009@email.com,USA,2022-02-06
CUST01010,Customer 1010,customer1010@email.com,UK,2022-01-31
CUST01011,Customer 1011,customer1011@email.com,USA,2022-03-26
CUST01012,Customer 1012,customer1012@email.com,France,2022-06-07
CUST01013,Customer 1013,customer1013@email.com,France,2022-11-01
CUST01014,Customer 1014,customer1014@email.com,India,2022-10-19
CUST01015,Customer 1015,customer1015@email.com,UK,2022-05-28
CUST01016,Customer 1016,customer1016@email.com,Canada,2022-08-13
CUST01017,Customer 1017,customer1017@email.com,India,2022-03-05
CUST01018,Customer 1018,customer1018@email.com,UK,2022-08-28
CUST01019,Customer 1019,customer1019@email.com,India,2022-12-19
CUST01020,Customer 1020,customer1020@email.com,Canada,2022-06-05
CUST01021,Customer 1021,customer1021@email.com,Germany,2022-12-25
CUST01022,Customer 1022,customer1022@email.com,Germany,2022-07-26
CUST01023,Customer 1023,customer1023@email.com,Germany,2022-05-20
CUST01024,Customer 1024,customer1024@email.com,Germany,2022-09-14
CUST01025,Customer 1025,customer1025@email.com,Australia,2022-10-04
CUST01026,Customer 1026,customer1026@email.com,USA,2022-09-10
CUST01027,Customer 1027,customer1027@email.com,Australia,2022-08-13
CUST01028,Customer 1028,customer1028@email.com,Australia,2022-02-11
CUST01029,Customer 1029,customer1029@email.com,Australia,2022-11-03
CUST01030,Customer 1030,customer1030@email.com,Germany,2022-01-21
CUST01031,Customer 1031,customer1031@email.com,Canada,2022-08-10
CUST01032,Customer 1032,customer1032@email.com,France,2022-06-15
CUST01033,Customer 1033,customer1033@email.com,France,2022-11-06
CUST01034,Customer 1034,customer1034@email.com,USA,2022-05-09
CUST01035,Customer 1035,customer1035@email.com,Germany,2022-01-14
CUST01036,Customer 1036,customer1036@email.com,Germany,2022-02-16
CUST01037,Customer 1037,customer1037@email.com,Germany,2022-04-28
CUST01038,Customer 1038,customer1038@email.com,India,2022-12-12
CUST01039,Customer 1039,customer1039@email.com,UK,2022-10-22
CUST01040,Customer 1040,customer1040@email.com,India,2022-10-28
CUST01041,Customer 1041,customer1041@email.com,UK,2022-01-11
CUST01042,Customer 1042,customer1042@email.com,Germany,2022-12-11
CUST01043,Customer 1043,customer1043@email.com,Germany,2022-05-18
CUST01044,Customer 1044,customer1044@email.com,India,2022-10-23
CUST01045,Customer 1045,customer1045@email.com,India,2022-01-21
CUST01046,Customer 1046,customer1046@email.com,UK,2022-03-31
CUST01047,Customer 1047,customer1047@email.com,France,2022-08-29
CUST01048,Customer 1048,customer1048@email.com,UK,2022-09-23
CUST01049,Customer 1049,customer1049@email.com,India,2022-11-30
CUST01050,Customer 1050,customer1050@email.com,Canada,2022-08-15
CUST01051,Customer 1051,customer1051@email.com,India,2022-05-23
CUST01052,Customer 1052,customer1052@email.com,Canada,2022-04-03
CUST01053,Customer 1053,customer1053@email.com,USA,2022-10-27
CUST01054,Customer 1054,customer1054@email.com,India,2022-08-12
CUST01055,Customer 1055,customer1055@email.com,USA,2022-11-22
CUST01056,Customer 1056,customer1056@email.com,France,2022-09-09
CUST01057,Customer 1057,customer1057@email.com,UK,2022-02-16
CUST01058,Customer 1058,customer1058@email.com,Canada,2022-08-29
CUST01059,Customer 1059,customer1059@email.com,UK,2022-06-28
CUST01060,Customer 1060,customer1060@email.com,USA,2022-07-29
CUST01061,Customer 1061,customer1061@email.com,Canada,2022-06-20
CUST01062,Customer 1062,customer1062@email.com,UK,2022-06-14
CUST01063,Customer 1063,customer1063@email.com,India,2022-12-10
CUST01064,Customer 1064,customer1064@email.com,Germany,2022-02-23
CUST01065,Customer 1065,customer1065@email.com,USA,2022-03-24
CUST01066,Customer 1066,customer1066@email.com,UK,2022-06-18
CUST01067,Customer 1067,customer1067@email.com,USA,2022-07-30
CUST01068,Customer 1068,customer1068@email.com,Australia,2022-12-22
CUST01069,Customer 1069,customer1069@email.com,USA,2022-09-11
CUST01070,Customer 1070,customer1070@email.com,Canada,2022-05-28
CUST01071,Customer 1071,customer1071@email.com,Australia,2022-12-06
CUST01072,Customer 1072,customer1072@email.com,Canada,2022-07-25
CUST01073,Customer 1073,customer1073@email.com,Germany,2022-10-09
CUST01074,Customer 1074,customer1074@email.com,Australia,2022-01-19
CUST01075,Customer 1075,customer1075@email.com,India,2022-08-21
CUST01076,Customer 1076,customer1076@email.com,USA,2022-02-15
CUST01077,Customer 1077,customer1077@email.com,UK,2022-06-11
CUST01078,Customer 1078,customer1078@email.com,France,2022-05-10
CUST01079,Customer 1079,customer1079@email.com,USA,2022-06-15
CUST01080,Customer 1080,customer1080@email.com,USA,2022-03-01
CUST01081,Customer 1081,customer1081@email.com,Germany,2022-07-26
CUST01082,Customer 1082,customer1082@email.com,India,2022-09-21
CUST01083,Customer 1083,customer1083@email.com,France,2022-01-01
CUST01084,Customer 1084,customer1084@email.com,Australia,2022-12-03
CUST01085,Customer 1085,customer1085@email.com,Australia,2022-10-05
CUST01086,Customer 1086,customer1086@email.com,Australia,2022-08-25
CUST01087,Customer 1087,customer1087@email.com,Canada,2022-07-31
CUST01088,Customer 1088,customer1088@email.com,Canada,2022-01-28
CUST01089,Customer 1089,customer1089@email.com,UK,2022-04-07
CUST01090,Customer 1090,customer1090@email.com,France,2022-09-23
CUST01091,Customer 1091,customer1091@email.com,Australia,2022-07-05
CUST01092,Customer 1092,customer1092@email.com,Canada,2022-11-15
CUST01093,Customer 1093,customer1093@email.com,UK,2022-09-13
CUST01094,Customer 1094,customer1094@email.com,India,2022-11-17
CUST01095,Customer 1095,customer1095@email.com,UK,2022-08-15
CUST01096,Customer 1096,customer1096@email.com,Canada,2022-01-27
CUST01097,Customer 1097,customer1097@email.com,Germany,2022-04-15
CUST01098,Customer 1098,customer1098@email.com,Germany,2022-05-17
CUST01099,Customer 1099,customer1099@email.com,Australia,2022-10-09
CUST01100,Customer 1100,customer1100@email.com,Germany,2022-03-09
CUST01101,Customer 1101,customer1101@email.com,Australia,2022-05-28
CUST01102,Customer 1102,customer1102@email.com,Australia,2022-08-13
CUST01103,Customer 1103,customer1103@email.com,Canada,2022-12-24
CUST01104,Customer 1104,customer1104@email.com,Germany,2022-09-06
CUST01105,Customer 1105,customer1105@email.com,Australia,2022-03-04
CUST01106,Customer 1106,customer1106@email.com,France,2022-01-15
CUST01107,Customer 1107,customer1107@email.com,India,2022-11-19
CUST01108,Customer 1108,customer1108@email.com,UK,2022-11-08
CUST01109,Customer 1109,customer1109@email.com,UK,2022-05-03
CUST01110,Customer 1110,customer1110@email.com,Canada,2022-12-30
CUST01111,Customer 1111,customer1111@email.com,Germany,2022-03-23
CUST01112,Customer 1112,customer1112@email.com,Germany,2022-06-09
CUST01113,Customer 1113,customer1113@email.com,Australia,2022-10-10
CUST01114,Customer 1114,customer1114@email.com,USA,2022-01-08
CUST01115,Customer 1115,customer1115@email.com,Australia,2022-10-10
CUST01116,Customer 1116,customer1116@email.com,India,2022-07-28
CUST01117,Customer 1117,customer1117@email.com,France,2022-02-17
CUST01118,Customer 1118,customer1118@email.com,UK,2022-04-26
CUST01119,Customer 1119,customer1119@email.com,Australia,2022-02-28
CUST01120,Customer 1120,customer1120@email.com,USA,2022-08-25
CUST01121,Customer 1121,customer1121@email.com,USA,2022-03-02
CUST01122,Customer 1122,customer1122@email.com,Australia,2022-11-28
CUST01123,Customer 1123,customer1123@email.com,Canada,2022-03-20
CUST01124,Customer 1124,customer1124@email.com,UK,2022-09-13
CUST01125,Customer 1125,customer1125@email.com,Canada,2022-05-30
CUST01126,Customer 1126,customer1126@email.com,France,2022-09-18
CUST01127,Customer 1127,customer1127@email.com,USA,2022-12-28
CUST01128,Customer 1128,customer1128@email.com,USA,2022-05-20
CUST01129,Customer 1129,customer1129@email.com,India,2022-08-01
CUST01130,Customer 1130,customer1130@email.com,France,2022-09-05
CUST01131,Customer 1131,customer1131@email.com,USA,2022-08-30
CUST01132,Customer 1132,customer1132@email.com,France,2022-05-05
CUST01133,Customer 1133,customer1133@email.com,UK,2022-08-22
CUST01134,Customer 1134,customer1134@email.com,Germany,2022-10-10
CUST01135,Customer 1135,customer1135@email.com,USA,2022-03-16
CUST01136,Customer 1136,customer1136@email.com,India,2022-07-16
CUST01137,Customer 1137,customer1137@email.com,UK,2022-04-08
CUST01138,Customer 1138,customer1138@email.com,Australia,2022-11-03
CUST01139,Customer 1139,customer1139@email.com,France,2022-09-18
CUST01140,Customer 1140,customer1140@email.com,Australia,2022-03-11
CUST01141,Customer 1141,customer1141@email.com,Canada,2022-02-05
CUST01142,Customer 1142,customer1142@email.com,UK,2022-05-22
CUST01143,Customer 1143,customer1143@email.com,Australia,2022-08-01
CUST01144,Customer 1144,customer1144@email.com,USA,2022-06-24
CUST01145,Customer 1145,customer1145@email.com,France,2022-09-17
CUST01146,Customer 1146,customer1146@email.com,Germany,2022-05-17
CUST01147,Customer 1147,customer1147@email.com,UK,2022-01-02
CUST01148,Customer 1148,customer1148@email.com,USA,2022-05-25
CUST01149,Customer 1149,customer1149@email.com,India,2022-06-02
CUST01150,Customer 1150,customer1150@email.com,Canada,2022-10-28
CUST01151,Customer 1151,customer1151@email.com,France,2022-10-24
CUST01152,Customer 1152,customer1152@email.com,UK,2022-12-04
CUST01153,Customer 1153,customer1153@email.com,UK,2022-09-08
CUST01154,Customer 1154,customer1154@email.com,Germany,2022-03-18
CUST01155,Customer 1155,customer1155@email.com,Germany,2022-08-17
CUST01156,Customer 1156,customer1156@email.com,India,2022-10-03
CUST01157,Customer 1157,customer1157@email.com,Canada,2022-09-05
CUST01158,Customer 1158,customer1158@email.com,India,2022-06-26
CUST01159,Customer 1159,customer1159@email.com,USA,2022-06-20
CUST01160,Customer 1160,customer1160@email.com,USA,2022-10-10
CUST01161,Customer 1161,customer1161@email.com,India,2022-10-06
CUST01162,Customer 1162,customer1162@email.com,Canada,2022-07-13
CUST01163,Customer 1163,customer1163@email.com,India,2022-08-22
CUST01164,Customer 1164,customer1164@email.com,Canada,2022-06-14
CUST01165,Customer 1165,customer1165@email.com,Canada,2022-04-07
CUST01166,Customer 1166,customer1166@email.com,Australia,2022-12-24
CUST01167,Customer 1167,customer1167@email.com,France,2022-05-03
CUST01168,Customer 1168,customer1168@email.com,Canada,2022-10-20
CUST01169,Customer 1169,customer1169@email.com,Germany,2022-07-16
CUST01170,Customer 1170,customer1170@email.com,Canada,2022-04-30
CUST01171,Customer 1171,customer1171@email.com,Canada,2022-07-30
CUST01172,Customer 1172,customer1172@email.com,Canada,2022-01-23
CUST01173,Customer 1173,customer1173@email.com,Australia,2022-06-12
CUST01174,Customer 1174,customer1174@email.com,Australia,2022-08-31
CUST01175,Customer 1175,customer1175@email.com,USA,2022-12-28
CUST01176,Customer 1176,customer1176@email.com,Australia,2022-07-15
CUST01177,Customer 1177,customer1177@email.com,Germany,2022-07-17
CUST01178,Customer 1178,customer1178@email.com,Germany,2022-12-06
CUST01179,Customer 1179,customer1179@email.com,Australia,2022-11-30
CUST01180,Customer 1180,customer1180@email.com,India,2022-03-19
CUST01181,Customer 1181,customer1181@email.com,France,2022-09-11
CUST01182,Customer 1182,customer1182@email.com,Australia,2022-01-19
CUST01183,Customer 1183,customer1183@email.com,Canada,2022-03-06
CUST01184,Customer 1184,customer1184@email.com,UK,2022-09-15
CUST01185,Customer 1185,customer1185@email.com,France,2022-10-30
CUST01186,Customer 1186,customer1186@email.com,France,2022-06-19
CUST01187,Customer 1187,customer1187@email.com,Germany,2022-02-21
CUST01188,Customer 1188,customer1188@email.com,France,2022-08-14
CUST01189,Customer 1189,customer1189@email.com,Australia,2022-02-21
CUST01190,Customer 1190,customer1190@email.com,Canada,2022-09-27
CUST01191,Customer 1191,customer1191@email.com,Canada,2022-08-22
CUST01192,Customer 1192,customer1192@email.com,USA,2022-01-08
CUST01193,Customer 1193,customer1193@email.com,Canada,2022-03-15
CUST01194,Customer 1194,customer1194@email.com,Canada,2022-07-29
CUST01195,Customer 1195,customer1195@email.com,Germany,2022-12-02
CUST01196,Customer 1196,customer1196@email.com,Canada,2022-03-21
CUST01197,Customer 1197,customer1197@email.com,USA,2022-02-08
CUST01198,Customer 1198,customer1198@email.com,UK,2022-08-29
CUST01199,Customer 1199,customer1199@email.com,Australia,2022-05-16
CUST01200,Customer 1200,customer1200@email.com,Germany,2022-06-23
CUST01201,Customer 1201,customer1201@email.com,UK,2022-11-16
CUST01202,Customer 1202,customer1202@email.com,Germany,2022-12-21
CUST01203,Customer 1203,customer1203@email.com,India,2022-07-23
CUST01204,Customer 1204,customer1204@email.com,France,2022-11-29
CUST01205,Customer 1205,customer1205@email.com,India,2022-02-11
CUST01206,Customer 1206,customer1206@email.com,Canada,2022-06-18
CUST01207,Customer 1207,customer1207@email.com,UK,2022-12-12
CUST01208,Customer 1208,customer1208@email.com,Canada,2022-10-01
CUST01209,Customer 1209,customer1209@email.com,France,2022-07-14
CUST01210,Customer 1210,customer1210@email.com,Germany,2022-06-12
CUST01211,Customer 1211,customer1211@email.com,France,2022-11-17
CUST01212,Customer 1212,customer1212@email.com,USA,2022-09-07
CUST01213,Customer 1213,customer1213@email.com,France,2022-10-05
CUST01214,Customer 1214,customer1214@email.com,USA,2022-01-19
CUST01215,Customer 1215,customer1215@email.com,France,2022-11-13
CUST01216,Customer 1216,customer1216@email.com,Australia,2022-02-05
CUST01217,Customer 1217,customer1217@email.com,USA,2022-05-01
CUST01218,Customer 1218,customer1218@email.com,UK,2022-11-20
CUST01219,Customer 1219,customer1219@email.com,Canada,2022-12-17
CUST01220,Customer 1220,customer1220@email.com,Canada,2022-05-28
CUST01221,Customer 1221,customer1221@email.com,India,2022-04-27
CUST01222,Customer 1222,customer1222@email.com,Canada,2022-02-16
CUST01223,Customer 1223,customer1223@email.com,Germany,2022-08-11
CUST01224,Customer 1224,customer1224@email.com,Australia,2022-02-20
CUST01225,Customer 1225,customer1225@email.com,France,2022-11-21
CUST01226,Customer 1226,customer1226@email.com,India,2022-12-27
CUST01227,Customer 1227,customer1227@email.com,Germany,2022-02-21
CUST01228,Customer 1228,customer1228@email.com,Germany,2022-08-16
CUST01229,Customer 1229,customer1229@email.com,USA,2022-03-27
CUST01230,Customer 1230,customer1230@email.com,Canada,2022-12-22
CUST01231,Customer 1231,customer1231@email.com,UK,2022-06-03
CUST01232,Customer 1232,customer1232@email.com,UK,2022-01-15
CUST01233,Customer 1233,customer1233@email.com,India,2022-01-24
CUST01234,Customer 1234,customer1234@email.com,Australia,2022-06-16
CUST01235,Customer 1235,customer1235@email.com,UK,2022-01-29
CUST01236,Customer 1236,customer1236@email.com,France,2022-05-31
CUST01237,Customer 1237,customer1237@email.com,UK,2022-07-03
CUST01238,Customer 1238,customer1238@email.com,India,2022-07-11
CUST01239,Customer 1239,customer1239@email.com,UK,2022-08-09
CUST01240,Customer 1240,customer1240@email.com,France,2022-03-16
CUST01241,Customer 1241,customer1241@email.com,USA,2022-05-06
CUST01242,Customer 1242,customer1242@email.com,Australia,2022-09-29
CUST01243,Customer 1243,customer1243@email.com,India,2022-07-30
CUST01244,Customer 1244,customer1244@email.com,USA,2022-10-17
CUST01245,Customer 1245,customer1245@email.com,USA,2022-12-16
CUST01246,Customer 1246,customer1246@email.com,USA,2022-04-03
CUST01247,Customer 1247,customer1247@email.com,Germany,2022-03-29
CUST01248,Customer 1248,customer1248@email.com,Australia,2022-03-31
CUST01249,Customer 1249,customer1249@email.com,Canada,2022-02-10
CUST01250,Customer 1250,customer1250@email.com,Australia,2022-11-09
CUST01251,Customer 1251,customer1251@email.com,Germany,2022-07-15
CUST01252,Customer 1252,customer1252@email.com,Canada,2022-11-14
CUST01253,Customer 1253,customer1253@email.com,Australia,2022-12-16
CUST01254,Customer 1254,customer1254@email.com,USA,2022-05-04
CUST01255,Customer 1255,customer1255@email.com,India,2022-09-12
CUST01256,Customer 1256,customer1256@email.com,Canada,2022-10-26
CUST01257,Customer 1257,customer1257@email.com,France,2022-03-15
CUST01258,Customer 1258,customer1258@email.com,France,2022-04-29
CUST01259,Customer 1259,customer1259@email.com,UK,2022-08-25
CUST01260,Customer 1260,customer1260@email.com,Canada,2022-11-23
CUST01261,Customer 1261,customer1261@email.com,India,2022-05-11
CUST01262,Customer 1262,customer1262@email.com,Germany,2022-08-24
CUST01263,Customer 1263,customer1263@email.com,USA,2022-05-11
CUST01264,Customer 1264,customer1264@email.com,UK,2022-12-08
CUST01265,Customer 1265,customer1265@email.com,France,2022-01-05
CUST01266,Customer 1266,customer1266@email.com,Germany,2022-08-27
CUST01267,Customer 1267,customer1267@email.com,Germany,2022-05-28
CUST01268,Customer 1268,customer1268@email.com,USA,2022-12-13
CUST01269,Customer 1269,customer1269@email.com,Canada,2022-10-07
CUST01270,Customer 1270,customer1270@email.com,France,2022-03-22
CUST01271,Customer 1271,customer1271@email.com,India,2022-02-07
CUST01272,Customer 1272,customer1272@email.com,Germany,2022-08-15
CUST01273,Customer 1273,customer1273@email.com,USA,2022-06-26
CUST01274,Customer 1274,customer1274@email.com,India,2022-10-28
CUST01275,Customer 1275,customer1275@email.com,Canada,2022-06-03
CUST01276,Customer 1276,customer1276@email.com,France,2022-11-24
CUST01277,Customer 1277,customer1277@email.com,Canada,2022-08-06
CUST01278,Customer 1278,customer1278@email.com,Germany,2022-12-20
CUST01279,Customer 1279,customer1279@email.com,India,2022-05-09
CUST01280,Customer 1280,customer1280@email.com,India,2022-08-22
CUST01281,Customer 1281,customer1281@email.com,India,2022-06-04
CUST01282,Customer 1282,customer1282@email.com,Germany,2022-04-12
CUST01283,Customer 1283,customer1283@email.com,Germany,2022-07-16
CUST01284,Customer 1284,customer1284@email.com,Canada,2022-09-05
CUST01285,Customer 1285,customer1285@email.com,UK,2022-02-24
CUST01286,Customer 1286,customer1286@email.com,Canada,2022-05-02
CUST01287,Customer 1287,customer1287@email.com,France,2022-07-15
CUST01288,Customer 1288,customer1288@email.com,USA,2022-10-20
CUST01289,Customer 1289,customer1289@email.com,India,2022-07-03
CUST01290,Customer 1290,customer1290@email.com,UK,2022-10-22
CUST01291,Customer 1291,customer1291@email.com,USA,2022-06-01
CUST01292,Customer 1292,customer1292@email.com,UK,2022-12-25
CUST01293,Customer 1293,customer1293@email.com,Australia,2022-06-01
CUST01294,Customer 1294,customer1294@email.com,Canada,2022-01-12
CUST01295,Customer 1295,customer1295@email.com,Germany,2022-12-04
CUST01296,Customer 1296,customer1296@email.com,India,2022-07-22
CUST01297,Customer 1297,customer1297@email.com,Canada,2022-05-21
CUST01298,Customer 1298,customer1298@email.com,USA,2022-01-05
CUST01299,Customer 1299,customer1299@email.com,Australia,2022-10-17
CUST01300,Customer 1300,customer1300@email.com,Australia,2022-12-18
CUST01301,Customer 1301,customer1301@email.com,Australia,2022-01-26
CUST01302,Customer 1302,customer1302@email.com,USA,2022-11-07
CUST01303,Customer 1303,customer1303@email.com,USA,2022-09-12
CUST01304,Customer 1304,customer1304@email.com,USA,2022-05-27
CUST01305,Customer 1305,customer1305@email.com,USA,2022-04-28
CUST01306,Customer 1306,customer1306@email.com,Australia,2022-11-07
CUST01307,Customer 1307,customer1307@email.com,Australia,2022-06-30
CUST01308,Customer 1308,customer1308@email.com,UK,2022-04-23
CUST01309,Customer 1309,customer1309@email.com,Canada,2022-11-22
CUST01310,Customer 1310,customer1310@email.com,India,2022-04-08
CUST01311,Customer 1311,customer1311@email.com,Germany,2022-11-14
CUST01312,Customer 1312,customer1312@email.com,Australia,2022-05-09
CUST01313,Customer 1313,customer1313@email.com,Germany,2022-12-14
CUST01314,Customer 1314,customer1314@email.com,Canada,2022-12-04
CUST01315,Customer 1315,customer1315@email.com,Canada,2022-12-15
CUST01316,Customer 1316,customer1316@email.com,Germany,2022-03-12
CUST01317,Customer 1317,customer1317@email.com,Australia,2022-11-18
CUST01318,Customer 1318,customer1318@email.com,Germany,2022-02-19
CUST01319,Customer 1319,customer1319@email.com,UK,2022-11-18
CUST01320,Customer 1320,customer1320@email.com,France,2022-11-27
CUST01321,Customer 1321,customer1321@email.com,Australia,2022-01-21
CUST01322,Customer 1322,customer1322@email.com,Australia,2022-06-08
CUST01323,Customer 1323,customer1323@email.com,India,2022-08-14
CUST01324,Customer 1324,customer1324@email.com,USA,2022-01-18
CUST01325,Customer 1325,customer1325@email.com,France,2022-10-24
CUST01326,Customer 1326,customer1326@email.com,Canada,2022-07-06
CUST01327,Customer 1327,customer1327@email.com,Australia,2022-03-09
CUST01328,Customer 1328,customer1328@email.com,Germany,2022-02-16
CUST01329,Customer 1329,customer1329@email.com,France,2022-06-01
CUST01330,Customer 1330,customer1330@email.com,India,2022-06-17
CUST01331,Customer 1331,customer1331@email.com,Canada,2022-08-01
CUST01332,Customer 1332,customer1332@email.com,USA,2022-03-31
CUST01333,Customer 1333,customer1333@email.com,USA,2022-04-13
CUST01334,Customer 1334,customer1334@email.com,India,2022-03-09
CUST01335,Customer 1335,customer1335@email.com,India,2022-10-04
CUST01336,Customer 1336,customer1336@email.com,Germany,2022-07-07
CUST01337,Customer 1337,customer1337@email.com,Australia,2022-09-29
CUST01338,Customer 1338,customer1338@email.com,USA,2022-09-14
CUST01339,Customer 1339,customer1339@email.com,Canada,2022-05-20
CUST01340,Customer 1340,customer1340@email.com,France,2022-03-26
CUST01341,Customer 1341,customer1341@email.com,Canada,2022-05-12
CUST01342,Customer 1342,customer1342@email.com,UK,2022-09-04
CUST01343,Customer 1343,customer1343@email.com,UK,2022-06-01
CUST01344,Customer 1344,customer1344@email.com,India,2022-06-23
CUST01345,Customer 1345,customer1345@email.com,Germany,2022-02-28
CUST01346,Customer 1346,customer1346@email.com,UK,2022-08-28
CUST01347,Customer 1347,customer1347@email.com,USA,2022-02-08
CUST01348,Customer 1348,customer1348@email.com,Canada,2022-03-14
CUST01349,Customer 1349,customer1349@email.com,Canada,2022-04-26
CUST01350,Customer 1350,customer1350@email.com,India,2022-12-13
CUST01351,Customer 1351,customer1351@email.com,Australia,2022-12-12
CUST01352,Customer 1352,customer1352@email.com,Australia,2022-07-23
CUST01353,Customer 1353,customer1353@email.com,France,2022-10-13
CUST01354,Customer 1354,customer1354@email.com,India,2022-07-07
CUST01355,Customer 1355,customer1355@email.com,France,2022-02-16
CUST01356,Customer 1356,customer1356@email.com,Australia,2022-07-22
CUST01357,Customer 1357,customer1357@email.com,India,2022-01-08
CUST01358,Customer 1358,customer1358@email.com,India,2022-05-16
CUST01359,Customer 1359,customer1359@email.com,India,2022-10-02
CUST01360,Customer 1360,customer1360@email.com,Australia,2022-03-05
CUST01361,Customer 1361,customer1361@email.com,France,2022-08-21
CUST01362,Customer 1362,customer1362@email.com,France,2022-07-08
CUST01363,Customer 1363,customer1363@email.com,India,2022-12-11
CUST01364,Customer 1364,customer1364@email.com,UK,2022-12-11
CUST01365,Customer 1365,customer1365@email.com,Germany,2022-05-15
CUST01366,Customer 1366,customer1366@email.com,Australia,2022-10-27
CUST01367,Customer 1367,customer1367@email.com,Germany,2022-07-15
CUST01368,Customer 1368,customer1368@email.com,Germany,2022-11-23
CUST01369,Customer 1369,customer1369@email.com,France,2022-07-10
CUST01370,Customer 1370,customer1370@email.com,France,2022-02-25
CUST01371,Customer 1371,customer1371@email.com,UK,2022-12-12
CUST01372,Customer 1372,customer1372@email.com,Germany,2022-04-30
CUST01373,Customer 1373,customer1373@email.com,Germany,2022-08-30
CUST01374,Customer 1374,customer1374@email.com,India,2022-01-13
CUST01375,Customer 1375,customer1375@email.com,France,2022-11-14
CUST01376,Customer 1376,customer1376@email.com,Germany,2022-10-15
CUST01377,Customer 1377,customer1377@email.com,Canada,2022-06-17
CUST01378,Customer 1378,customer1378@email.com,UK,2022-11-09
CUST01379,Customer 1379,customer1379@email.com,Canada,2022-04-24
CUST01380,Customer 1380,customer1380@email.com,Canada,2022-11-28
CUST01381,Customer 1381,customer1381@email.com,Australia,2022-02-02
CUST01382,Customer 1382,customer1382@email.com,Australia,2022-11-22
CUST01383,Customer 1383,customer1383@email.com,UK,2022-08-26
CUST01384,Customer 1384,customer1384@email.com,Canada,2022-12-25
CUST01385,Customer 1385,customer1385@email.com,Germany,2022-06-04
CUST01386,Customer 1386,customer1386@email.com,France,2022-11-29
CUST01387,Customer 1387,customer1387@email.com,UK,2022-07-29
CUST01388,Customer 1388,customer1388@email.com,India,2022-03-01
CUST01389,Customer 1389,customer1389@email.com,Canada,2022-03-13
CUST01390,Customer 1390,customer1390@email.com,UK,2022-01-24
CUST01391,Customer 1391,customer1391@email.com,USA,2022-01-20
CUST01392,Customer 1392,customer1392@email.com,USA,2022-06-05
CUST01393,Customer 1393,customer1393@email.com,Australia,2022-09-10
CUST01394,Customer 1394,customer1394@email.com,France,2022-03-01
CUST01395,Customer 1395,customer1395@email.com,Germany,2022-02-19
CUST01396,Customer 1396,customer1396@email.com,France,2022-05-01
CUST01397,Customer 1397,customer1397@email.com,France,2022-10-03
CUST01398,Customer 1398,customer1398@email.com,France,2022-03-11
CUST01399,Customer 1399,customer1399@email.com,France,2022-07-18
CUST01400,Customer 1400,customer1400@email.com,India,2022-08-21
CUST01401,Customer 1401,customer1401@email.com,India,2022-07-09
CUST01402,Customer 1402,customer1402@email.com,Australia,2022-12-10
CUST01403,Customer 1403,customer1403@email.com,UK,2022-12-23
CUST01404,Customer 1404,customer1404@email.com,USA,2022-10-04
CUST01405,Customer 1405,customer1405@email.com,France,2022-08-03
CUST01406,Customer 1406,customer1406@email.com,Australia,2022-10-28
CUST01407,Customer 1407,customer1407@email.com,UK,2022-03-21
CUST01408,Customer 1408,customer1408@email.com,USA,2022-08-01
CUST01409,Customer 1409,customer1409@email.com,Canada,2022-12-02
CUST01410,Customer 1410,customer1410@email.com,Germany,2022-02-20
CUST01411,Customer 1411,customer1411@email.com,India,2022-09-08
CUST01412,Customer 1412,customer1412@email.com,Canada,2022-11-12
CUST01413,Customer 1413,customer1413@email.com,USA,2022-07-28
CUST01414,Customer 1414,customer1414@email.com,Canada,2022-05-24
CUST01415,Customer 1415,customer1415@email.com,Germany,2022-01-17
CUST01416,Customer 1416,customer1416@email.com,Australia,2022-12-20
CUST01417,Customer 1417,customer1417@email.com,USA,2022-07-09
CUST01418,Customer 1418,customer1418@email.com,Canada,2022-04-22
CUST01419,Customer 1419,customer1419@email.com,India,2022-08-16
CUST01420,Customer 1420,customer1420@email.com,India,2022-08-16
CUST01421,Customer 1421,customer1421@email.com,UK,2022-05-01
CUST01422,Customer 1422,customer1422@email.com,Canada,2022-07-05
CUST01423,Customer 1423,customer1423@email.com,France,2022-02-20
CUST01424,Customer 1424,customer1424@email.com,Canada,2022-12-18
CUST01425,Customer 1425,customer1425@email.com,Australia,2022-07-08
CUST01426,Customer 1426,customer1426@email.com,USA,2022-10-06
CUST01427,Customer 1427,customer1427@email.com,USA,2022-11-27
CUST01428,Customer 1428,customer1428@email.com,Australia,2022-07-03
CUST01429,Customer 1429,customer1429@email.com,Canada,2022-02-01
CUST01430,Customer 1430,customer1430@email.com,Australia,2022-07-23
CUST01431,Customer 1431,customer1431@email.com,Germany,2022-05-22
CUST01432,Customer 1432,customer1432@email.com,Australia,2022-04-08
CUST01433,Customer 1433,customer1433@email.com,India,2022-03-04
CUST01434,Customer 1434,customer1434@email.com,Australia,2022-08-21
CUST01435,Customer 1435,customer1435@email.com,USA,2022-02-16
CUST01436,Customer 1436,customer1436@email.com,India,2022-12-06
CUST01437,Customer 1437,customer1437@email.com,USA,2022-04-19
CUST01438,Customer 1438,customer1438@email.com,UK,2022-11-25
CUST01439,Customer 1439,customer1439@email.com,France,2022-11-24
CUST01440,Customer 1440,customer1440@email.com,USA,2022-11-02
CUST01441,Customer 1441,customer1441@email.com,India,2022-01-11
CUST01442,Customer 1442,customer1442@email.com,UK,2022-01-26
CUST01443,Customer 1443,customer1443@email.com,USA,2022-06-20
CUST01444,Customer 1444,customer1444@email.com,Germany,2022-05-05
CUST01445,Customer 1445,customer1445@email.com,Australia,2022-03-06
CUST01446,Customer 1446,customer1446@email.com,France,2022-10-17
CUST01447,Customer 1447,customer1447@email.com,USA,2022-04-16
CUST01448,Customer 1448,customer1448@email.com,UK,2022-02-05
CUST01449,Customer 1449,customer1449@email.com,Germany,2022-10-11
CUST01450,Customer 1450,customer1450@email.com,Canada,2022-04-17
CUST01451,Customer 1451,customer1451@email.com,UK,2022-10-28
CUST01452,Customer 1452,customer1452@email.com,Australia,2022-04-21
CUST01453,Customer 1453,customer1453@email.com,UK,2022-04-30
CUST01454,Customer 1454,customer1454@email.com,Germany,2022-06-18
CUST01455,Customer 1455,customer1455@email.com,UK,2022-03-17
CUST01456,Customer 1456,customer1456@email.com,Germany,2022-11-02
CUST01457,Customer 1457,customer1457@email.com,USA,2022-01-02
CUST01458,Customer 1458,customer1458@email.com,Germany,2022-05-22
CUST01459,Customer 1459,customer1459@email.com,Germany,2022-03-16
CUST01460,Customer 1460,customer1460@email.com,France,2022-03-08
CUST01461,Customer 1461,customer1461@email.com,Germany,2022-10-04
CUST01462,Customer 1462,customer1462@email.com,Germany,2022-05-09
CUST01463,Customer 1463,customer1463@email.com,Canada,2022-03-31
CUST01464,Customer 1464,customer1464@email.com,USA,2022-02-26
CUST01465,Customer 1465,customer1465@email.com,Australia,2022-12-05
CUST01466,Customer 1466,customer1466@email.com,France,2022-01-14
CUST01467,Customer 1467,customer1467@email.com,Canada,2022-03-09
CUST01468,Customer 1468,customer1468@email.com,India,2022-01-08
CUST01469,Customer 1469,customer1469@email.com,USA,2022-07-03
CUST01470,Customer 1470,customer1470@email.com,USA,2022-05-02
CUST01471,Customer 1471,customer1471@email.com,India,2022-10-29
CUST01472,Customer 1472,customer1472@email.com,Australia,2022-06-15
CUST01473,Customer 1473,customer1473@email.com,Germany,2022-01-09
CUST01474,Customer 1474,customer1474@email.com,Canada,2022-03-31
CUST01475,Customer 1475,customer1475@email.com,UK,2022-05-16
CUST01476,Customer 1476,customer1476@email.com,France,2022-01-27
CUST01477,Customer 1477,customer1477@email.com,UK,2022-03-06
CUST01478,Customer 1478,customer1478@email.com,India,2022-08-04
CUST01479,Customer 1479,customer1479@email.com,USA,2022-09-27
CUST01480,Customer 1480,customer1480@email.com,Australia,2022-02-28
CUST01481,Customer 1481,customer1481@email.com,USA,2022-02-02
CUST01482,Customer 1482,customer1482@email.com,France,2022-09-01
CUST01483,Customer 1483,customer1483@email.com,USA,2022-08-18
CUST01484,Customer 1484,customer1484@email.com,USA,2022-07-05
CUST01485,Customer 1485,customer1485@email.com,France,2022-09-20
CUST01486,Customer 1486,customer1486@email.com,Canada,2022-10-31
CUST01487,Customer 1487,customer1487@email.com,Canada,2022-02-25
CUST01488,Customer 1488,customer1488@email.com,France,2022-08-20
CUST01489,Customer 1489,customer1489@email.com,Australia,2022-09-15
CUST01490,Customer 1490,customer1490@email.com,India,2022-04-24
CUST01491,Customer 1491,customer1491@email.com,USA,2022-11-11
CUST01492,Customer 1492,customer1492@email.com,Australia,2022-01-23
CUST01493,Customer 1493,customer1493@email.com,USA,2022-12-04
CUST01494,Customer 1494,customer1494@email.com,India,2022-09-24
CUST01495,Customer 1495,customer1495@email.com,Canada,2022-06-04
CUST01496,Customer 1496,customer1496@email.com,Australia,2022-08-23
CUST01497,Customer 1497,customer1497@email.com,Germany,2022-11-26
CUST01498,Customer 1498,customer1498@email.com,Germany,2022-01-16
CUST01499,Customer 1499,customer1499@email.com,Germany,2022-02-01
CUST01500,Customer 1500,customer1500@email.com,Canada,2022-09-03
CUST01501,Customer 1501,customer1501@email.com,Canada,2022-07-25
CUST01502,Customer 1502,customer1502@email.com,India,2022-08-07
CUST01503,Customer 1503,customer1503@email.com,USA,2022-12-18
CUST01504,Customer 1504,customer1504@email.com,India,2022-02-25
CUST01505,Customer 1505,customer1505@email.com,India,2022-09-09
CUST01506,Customer 1506,customer1506@email.com,Canada,2022-12-31
CUST01507,Customer 1507,customer1507@email.com,Germany,2022-08-16
CUST01508,Customer 1508,customer1508@email.com,UK,2022-02-07
CUST01509,Customer 1509,customer1509@email.com,USA,2022-02-11
CUST01510,Customer 1510,customer1510@email.com,Canada,2022-06-14
CUST01511,Customer 1511,customer1511@email.com,Germany,2022-11-08
CUST01512,Customer 1512,customer1512@email.com,Australia,2022-03-17
CUST01513,Customer 1513,customer1513@email.com,UK,2022-02-03
CUST01514,Customer 1514,customer1514@email.com,UK,2022-03-06
CUST01515,Customer 1515,customer1515@email.com,Canada,2022-05-21
CUST01516,Customer 1516,customer1516@email.com,France,2022-11-16
CUST01517,Customer 1517,customer1517@email.com,USA,2022-11-21
CUST01518,Customer 1518,customer1518@email.com,UK,2022-10-27
CUST01519,Customer 1519,customer1519@email.com,Canada,2022-10-08
CUST01520,Customer 1520,customer1520@email.com,Canada,2022-12-31
CUST01521,Customer 1521,customer1521@email.com,Germany,2022-06-16
CUST01522,Customer 1522,customer1522@email.com,Australia,2022-07-15
CUST01523,Customer 1523,customer1523@email.com,France,2022-11-02
CUST01524,Customer 1524,customer1524@email.com,USA,2022-09-29
CUST01525,Customer 1525,customer1525@email.com,India,2022-05-31
CUST01526,Customer 1526,customer1526@email.com,Australia,2022-08-21
CUST01527,Customer 1527,customer1527@email.com,Australia,2022-09-16
CUST01528,Customer 1528,customer1528@email.com,Germany,2022-11-06
CUST01529,Customer 1529,customer1529@email.com,UK,2022-08-09
CUST01530,Customer 1530,customer1530@email.com,UK,2022-02-20
CUST01531,Customer 1531,customer1531@email.com,Germany,2022-12-26
CUST01532,Customer 1532,customer1532@email.com,Canada,2022-02-28
CUST01533,Customer 1533,customer1533@email.com,UK,2022-12-02
CUST01534,Customer 1534,customer1534@email.com,France,2022-11-30
CUST01535,Customer 1535,customer1535@email.com,USA,2022-10-10
CUST01536,Customer 1536,customer1536@email.com,Australia,2022-04-21
CUST01537,Customer 1537,customer1537@email.com,Australia,2022-08-09
CUST01538,Customer 1538,customer1538@email.com,France,2022-08-20
CUST01539,Customer 1539,customer1539@email.com,UK,2022-04-27
CUST01540,Customer 1540,customer1540@email.com,Australia,2022-07-31
CUST01541,Customer 1541,customer1541@email.com,India,2022-06-23
CUST01542,Customer 1542,customer1542@email.com,USA,2022-08-21
CUST01543,Customer 1543,customer1543@email.com,USA,2022-07-24
CUST01544,Customer 1544,customer1544@email.com,Australia,2022-08-01
CUST01545,Customer 1545,customer1545@email.com,Germany,2022-02-18
CUST01546,Customer 1546,customer1546@email.com,Australia,2022-06-10
CUST01547,Customer 1547,customer1547@email.com,Germany,2022-08-07
CUST01548,Customer 1548,customer1548@email.com,Australia,2022-06-10
CUST01549,Customer 1549,customer1549@email.com,India,2022-12-07
CUST01550,Customer 1550,customer1550@email.com,Canada,2022-05-11
CUST01551,Customer 1551,customer1551@email.com,USA,2022-07-11
CUST01552,Customer 1552,customer1552@email.com,Australia,2022-03-20
CUST01553,Customer 1553,customer1553@email.com,India,2022-12-18
CUST01554,Customer 1554,customer1554@email.com,Germany,2022-08-31
CUST01555,Customer 1555,customer1555@email.com,Germany,2022-02-04
CUST01556,Customer 1556,customer1556@email.com,USA,2022-02-16
CUST01557,Customer 1557,customer1557@email.com,France,2022-02-13
CUST01558,Customer 1558,customer1558@email.com,Australia,2022-02-17
CUST01559,Customer 1559,customer1559@email.com,UK,2022-08-10
CUST01560,Customer 1560,customer1560@email.com,Germany,2022-02-19
CUST01561,Customer 1561,customer1561@email.com,Canada,2022-07-10
CUST01562,Customer 1562,customer1562@email.com,Canada,2022-03-08
CUST01563,Customer 1563,customer1563@email.com,Germany,2022-10-12
CUST01564,Customer 1564,customer1564@email.com,France,2022-01-31
CUST01565,Customer 1565,customer1565@email.com,France,2022-10-28
CUST01566,Customer 1566,customer1566@email.com,India,2022-10-15
CUST01567,Customer 1567,customer1567@email.com,Canada,2022-10-15
CUST01568,Customer 1568,customer1568@email.com,India,2022-06-18
CUST01569,Customer 1569,customer1569@email.com,Canada,2022-12-10
CUST01570,Customer 1570,customer1570@email.com,Australia,2022-03-04
CUST01571,Customer 1571,customer1571@email.com,Australia,2022-07-30
CUST01572,Customer 1572,customer1572@email.com,UK,2022-07-01
CUST01573,Customer 1573,customer1573@email.com,Australia,2022-12-07
CUST01574,Customer 1574,customer1574@email.com,UK,2022-08-05
CUST01575,Customer 1575,customer1575@email.com,Australia,2022-01-27
CUST01576,Customer 1576,customer1576@email.com,USA,2022-05-28
CUST01577,Customer 1577,customer1577@email.com,Australia,2022-11-04
CUST01578,Customer 1578,customer1578@email.com,India,2022-06-09
CUST01579,Customer 1579,customer1579@email.com,Germany,2022-06-30
CUST01580,Customer 1580,customer1580@email.com,India,2022-02-23
CUST01581,Customer 1581,customer1581@email.com,Germany,2022-10-23
CUST01582,Customer 1582,customer1582@email.com,France,2022-09-17
CUST01583,Customer 1583,customer1583@email.com,India,2022-04-19
CUST01584,Customer 1584,customer1584@email.com,France,2022-03-21
CUST01585,Customer 1585,customer1585@email.com,UK,2022-12-03
CUST01586,Customer 1586,customer1586@email.com,UK,2022-09-04
CUST01587,Customer 1587,customer1587@email.com,USA,2022-04-25
CUST01588,Customer 1588,customer1588@email.com,Australia,2022-02-25
CUST01589,Customer 1589,customer1589@email.com,India,2022-06-29
CUST01590,Customer 1590,customer1590@email.com,France,2022-10-12
CUST01591,Customer 1591,customer1591@email.com,Germany,2022-07-08
CUST01592,Customer 1592,customer1592@email.com,UK,2022-02-28
CUST01593,Customer 1593,customer1593@email.com,Australia,2022-05-23
CUST01594,Customer 1594,customer1594@email.com,UK,2022-10-21
CUST01595,Customer 1595,customer1595@email.com,Germany,2022-04-26
CUST01596,Customer 1596,customer1596@email.com,Australia,2022-08-08
CUST01597,Customer 1597,customer1597@email.com,Australia,2022-10-15
CUST01598,Customer 1598,customer1598@email.com,France,2022-11-15
CUST01599,Customer 1599,customer1599@email.com,France,2022-11-11
CUST01600,Customer 1600,customer1600@email.com,India,2022-12-12
CUST01601,Customer 1601,customer1601@email.com,India,2022-11-26
CUST01602,Customer 1602,customer1602@email.com,Canada,2022-10-13
CUST01603,Customer 1603,customer1603@email.com,Canada,2022-01-14
CUST01604,Customer 1604,customer1604@email.com,USA,2022-11-08
CUST01605,Customer 1605,customer1605@email.com,UK,2022-12-03
CUST01606,Customer 1606,customer1606@email.com,India,2022-12-22
CUST01607,Customer 1607,customer1607@email.com,France,2022-05-17
CUST01608,Customer 1608,customer1608@email.com,Germany,2022-01-15
CUST01609,Customer 1609,customer1609@email.com,France,2022-04-03
CUST01610,Customer 1610,customer1610@email.com,UK,2022-05-20
CUST01611,Customer 1611,customer1611@email.com,Canada,2022-12-26
CUST01612,Customer 1612,customer1612@email.com,France,2022-06-08
CUST01613,Customer 1613,customer1613@email.com,USA,2022-06-23
CUST01614,Customer 1614,customer1614@email.com,UK,2022-06-29
CUST01615,Customer 1615,customer1615@email.com,Canada,2022-01-04
CUST01616,Customer 1616,customer1616@email.com,Germany,2022-04-03
CUST01617,Customer 1617,customer1617@email.com,Canada,2022-03-15
CUST01618,Customer 1618,customer1618@email.com,Australia,2022-10-17
CUST01619,Customer 1619,customer1619@email.com,USA,2022-12-03
CUST01620,Customer 1620,customer1620@email.com,UK,2022-07-25
CUST01621,Customer 1621,customer1621@email.com,Germany,2022-02-05
CUST01622,Customer 1622,customer1622@email.com,USA,2022-03-14
CUST01623,Customer 1623,customer1623@email.com,Canada,2022-11-21
CUST01624,Customer 1624,customer1624@email.com,USA,2022-01-16
CUST01625,Customer 1625,customer1625@email.com,UK,2022-02-16
CUST01626,Customer 1626,customer1626@email.com,India,2022-09-29
CUST01627,Customer 1627,customer1627@email.com,USA,2022-04-21
CUST01628,Customer 1628,customer1628@email.com,Australia,2022-07-12
CUST01629,Customer 1629,customer1629@email.com,USA,2022-08-03
CUST01630,Customer 1630,customer1630@email.com,Canada,2022-08-21
CUST01631,Customer 1631,customer1631@email.com,Canada,2022-06-24
CUST01632,Customer 1632,customer1632@email.com,Germany,2022-03-22
CUST01633,Customer 1633,customer1633@email.com,Canada,2022-07-09
CUST01634,Customer 1634,customer1634@email.com,France,2022-06-09
CUST01635,Customer 1635,customer1635@email.com,UK,2022-06-16
CUST01636,Customer 1636,customer1636@email.com,UK,2022-10-18
CUST01637,Customer 1637,customer1637@email.com,India,2022-11-02
CUST01638,Customer 1638,customer1638@email.com,India,2022-02-13
CUST01639,Customer 1639,customer1639@email.com,UK,2022-01-27
CUST01640,Customer 1640,customer1640@email.com,Australia,2022-03-21
CUST01641,Customer 1641,customer1641@email.com,India,2022-03-22
CUST01642,Customer 1642,customer1642@email.com,Germany,2022-11-13
CUST01643,Customer 1643,customer1643@email.com,Canada,2022-01-26
CUST01644,Customer 1644,customer1644@email.com,UK,2022-12-12
CUST01645,Customer 1645,customer1645@email.com,India,2022-02-11
CUST01646,Customer 1646,customer1646@email.com,UK,2022-05-20
CUST01647,Customer 1647,customer1647@email.com,France,2022-08-15
CUST01648,Customer 1648,customer1648@email.com,USA,2022-12-05
CUST01649,Customer 1649,customer1649@email.com,Canada,2022-08-06
CUST01650,Customer 1650,customer1650@email.com,UK,2022-09-06
CUST01651,Customer 1651,customer1651@email.com,USA,2022-11-07
CUST01652,Customer 1652,customer1652@email.com,India,2022-08-15
CUST01653,Customer 1653,customer1653@email.com,USA,2022-08-01
CUST01654,Customer 1654,customer1654@email.com,Canada,2022-05-20
CUST01655,Customer 1655,customer1655@email.com,UK,2022-04-21
CUST01656,Customer 1656,customer1656@email.com,France,2022-09-20
CUST01657,Customer 1657,customer1657@email.com,Australia,2022-02-28
CUST01658,Customer 1658,customer1658@email.com,India,2022-06-26
CUST01659,Customer 1659,customer1659@email.com,UK,2022-08-09
CUST01660,Customer 1660,customer1660@email.com,Canada,2022-02-26
CUST01661,Customer 1661,customer1661@email.com,India,2022-05-26
CUST01662,Customer 1662,customer1662@email.com,Germany,2022-12-14
CUST01663,Customer 1663,customer1663@email.com,USA,2022-12-14
CUST01664,Customer 1664,customer1664@email.com,Australia,2022-10-31
CUST01665,Customer 1665,customer1665@email.com,Canada,2022-09-07
CUST01666,Customer 1666,customer1666@email.com,Germany,2022-09-27
CUST01667,Customer 1667,customer1667@email.com,UK,2022-12-08
CUST01668,Customer 1668,customer1668@email.com,France,2022-06-07
CUST01669,Customer 1669,customer1669@email.com,India,2022-01-24
CUST01670,Customer 1670,customer1670@email.com,USA,2022-04-23
CUST01671,Customer 1671,customer1671@email.com,India,2022-07-22
CUST01672,Customer 1672,customer1672@email.com,Australia,2022-11-03
CUST01673,Customer 1673,customer1673@email.com,UK,2022-01-29
CUST01674,Customer 1674,customer1674@email.com,India,2022-01-04
CUST01675,Customer 1675,customer1675@email.com,USA,2022-04-15
CUST01676,Customer 1676,customer1676@email.com,UK,2022-06-04
CUST01677,Customer 1677,customer1677@email.com,India,2022-04-19
CUST01678,Customer 1678,customer1678@email.com,France,2022-03-12
CUST01679,Customer 1679,customer1679@email.com,Canada,2022-05-11
CUST01680,Customer 1680,customer1680@email.com,UK,2022-05-29
CUST01681,Customer 1681,customer1681@email.com,Canada,2022-06-17
CUST01682,Customer 1682,customer1682@email.com,UK,2022-03-03
CUST01683,Customer 1683,customer1683@email.com,France,2022-01-04
CUST01684,Customer 1684,customer1684@email.com,Canada,2022-09-12
CUST01685,Customer 1685,customer1685@email.com,Germany,2022-08-09
CUST01686,Customer 1686,customer1686@email.com,USA,2022-03-31
CUST01687,Customer 1687,customer1687@email.com,Germany,2022-03-08
CUST01688,Customer 1688,customer1688@email.com,India,2022-07-14
CUST01689,Customer 1689,customer1689@email.com,France,2022-09-30
CUST01690,Customer 1690,customer1690@email.com,Germany,2022-12-27
CUST01691,Customer 1691,customer1691@email.com,UK,2022-04-28
CUST01692,Customer 1692,customer1692@email.com,India,2022-09-14
CUST01693,Customer 1693,customer1693@email.com,India,2022-10-14
CUST01694,Customer 1694,customer1694@email.com,Germany,2022-12-09
CUST01695,Customer 1695,customer1695@email.com,Germany,2022-07-01
CUST01696,Customer 1696,customer1696@email.com,France,2022-02-06
CUST01697,Customer 1697,customer1697@email.com,USA,2022-07-23
CUST01698,Customer 1698,customer1698@email.com,Germany,2022-01-22
CUST01699,Customer 1699,customer1699@email.com,Australia,2022-08-12
CUST01700,Customer 1700,customer1700@email.com,Germany,2022-01-10
CUST01701,Customer 1701,customer1701@email.com,Canada,2022-08-24
CUST01702,Customer 1702,customer1702@email.com,UK,2022-02-09
CUST01703,Customer 1703,customer1703@email.com,Australia,2022-06-10
CUST01704,Customer 1704,customer1704@email.com,Australia,2022-10-22
CUST01705,Customer 1705,customer1705@email.com,Canada,2022-08-08
CUST01706,Customer 1706,customer1706@email.com,Canada,2022-10-21
CUST01707,Customer 1707,customer1707@email.com,India,2022-07-27
CUST01708,Customer 1708,customer1708@email.com,USA,2022-12-30
CUST01709,Customer 1709,customer1709@email.com,UK,2022-11-24
CUST01710,Customer 1710,customer1710@email.com,France,2022-08-02
CUST01711,Customer 1711,customer1711@email.com,Australia,2022-05-29
CUST01712,Customer 1712,customer1712@email.com,France,2022-02-28
CUST01713,Customer 1713,customer1713@email.com,Germany,2022-07-27
CUST01714,Customer 1714,customer1714@email.com,Germany,2022-01-11
CUST01715,Customer 1715,customer1715@email.com,France,2022-06-16
CUST01716,Customer 1716,customer1716@email.com,Germany,2022-03-29
CUST01717,Customer 1717,customer1717@email.com,USA,2022-11-13
CUST01718,Customer 1718,customer1718@email.com,Canada,2022-08-24
CUST01719,Customer 1719,customer1719@email.com,Germany,2022-12-20
CUST01720,Customer 1720,customer1720@email.com,India,2022-07-05
CUST01721,Customer 1721,customer1721@email.com,Germany,2022-02-15
CUST01722,Customer 1722,customer1722@email.com,UK,2022-08-12
CUST01723,Customer 1723,customer1723@email.com,USA,2022-02-24
CUST01724,Customer 1724,customer1724@email.com,UK,2022-05-05
CUST01725,Customer 1725,customer1725@email.com,UK,2022-08-12
CUST01726,Customer 1726,customer1726@email.com,India,2022-10-29
CUST01727,Customer 1727,customer1727@email.com,USA,2022-07-25
CUST01728,Customer 1728,customer1728@email.com,USA,2022-09-26
CUST01729,Customer 1729,customer1729@email.com,USA,2022-02-10
CUST01730,Customer 1730,customer1730@email.com,USA,2022-07-22
CUST01731,Customer 1731,customer1731@email.com,USA,2022-06-08
CUST01732,Customer 1732,customer1732@email.com,India,2022-06-23
CUST01733,Customer 1733,customer1733@email.com,Germany,2022-04-24
CUST01734,Customer 1734,customer1734@email.com,UK,2022-06-20
CUST01735,Customer 1735,customer1735@email.com,USA,2022-03-28
CUST01736,Customer 1736,customer1736@email.com,Australia,2022-02-09
CUST01737,Customer 1737,customer1737@email.com,Germany,2022-09-19
CUST01738,Customer 1738,customer1738@email.com,Germany,2022-11-21
CUST01739,Customer 1739,customer1739@email.com,UK,2022-02-28
CUST01740,Customer 1740,customer1740@email.com,India,2022-09-29
CUST01741,Customer 1741,customer1741@email.com,France,2022-09-19
CUST01742,Customer 1742,customer1742@email.com,France,2022-04-10
CUST01743,Customer 1743,customer1743@email.com,Germany,2022-06-28
CUST01744,Customer 1744,customer1744@email.com,Canada,2022-06-29
CUST01745,Customer 1745,customer1745@email.com,Canada,2022-11-27
CUST01746,Customer 1746,customer1746@email.com,UK,2022-03-17
CUST01747,Customer 1747,customer1747@email.com,France,2022-05-01
CUST01748,Customer 1748,customer1748@email.com,Germany,2022-02-22
CUST01749,Customer 1749,customer1749@email.com,India,2022-03-16
CUST01750,Customer 1750,customer1750@email.com,France,2022-05-12
CUST01751,Customer 1751,customer1751@email.com,Germany,2022-04-12
CUST01752,Customer 1752,customer1752@email.com,Germany,2022-03-30
CUST01753,Customer 1753,customer1753@email.com,USA,2022-11-05
CUST01754,Customer 1754,customer1754@email.com,India,2022-03-20
CUST01755,Customer 1755,customer1755@email.com,USA,2022-12-02
CUST01756,Customer 1756,customer1756@email.com,UK,2022-02-08
CUST01757,Customer 1757,customer1757@email.com,USA,2022-04-01
CUST01758,Customer 1758,customer1758@email.com,Australia,2022-11-18
CUST01759,Customer 1759,customer1759@email.com,USA,2022-09-10
CUST01760,Customer 1760,customer1760@email.com,Australia,2022-08-26
CUST01761,Customer 1761,customer1761@email.com,France,2022-10-16
CUST01762,Customer 1762,customer1762@email.com,Canada,2022-10-24
CUST01763,Customer 1763,customer1763@email.com,Germany,2022-08-18
CUST01764,Customer 1764,customer1764@email.com,Australia,2022-12-15
CUST01765,Customer 1765,customer1765@email.com,India,2022-10-17
CUST01766,Customer 1766,customer1766@email.com,USA,2022-11-26
CUST01767,Customer 1767,customer1767@email.com,Australia,2022-11-22
CUST01768,Customer 1768,customer1768@email.com,India,2022-11-16
CUST01769,Customer 1769,customer1769@email.com,Canada,2022-06-15
CUST01770,Customer 1770,customer1770@email.com,Canada,2022-11-18
CUST01771,Customer 1771,customer1771@email.com,USA,2022-06-11
CUST01772,Customer 1772,customer1772@email.com,UK,2022-03-19
CUST01773,Customer 1773,customer1773@email.com,USA,2022-08-14
CUST01774,Customer 1774,customer1774@email.com,France,2022-02-04
CUST01775,Customer 1775,customer1775@email.com,Australia,2022-08-29
CUST01776,Customer 1776,customer1776@email.com,Germany,2022-08-15
CUST01777,Customer 1777,customer1777@email.com,UK,2022-11-20
CUST01778,Customer 1778,customer1778@email.com,USA,2022-06-05
CUST01779,Customer 1779,customer1779@email.com,India,2022-05-21
CUST01780,Customer 1780,customer1780@email.com,UK,2022-10-30
CUST01781,Customer 1781,customer1781@email.com,Australia,2022-01-29
CUST01782,Customer 1782,customer1782@email.com,UK,2022-06-30
CUST01783,Customer 1783,customer1783@email.com,Australia,2022-09-17
CUST01784,Customer 1784,customer1784@email.com,USA,2022-02-07
CUST01785,Customer 1785,customer1785@email.com,Australia,2022-06-08
CUST01786,Customer 1786,customer1786@email.com,UK,2022-08-25
CUST01787,Customer 1787,customer1787@email.com,India,2022-08-20
CUST01788,Customer 1788,customer1788@email.com,Canada,2022-01-20
CUST01789,Customer 1789,customer1789@email.com,UK,2022-01-30
CUST01790,Customer 1790,customer1790@email.com,Australia,2022-07-08
CUST01791,Customer 1791,customer1791@email.com,Canada,2022-05-27
CUST01792,Customer 1792,customer1792@email.com,Australia,2022-02-09
CUST01793,Customer 1793,customer1793@email.com,India,2022-11-27
CUST01794,Customer 1794,customer1794@email.com,Australia,2022-02-16
CUST01795,Customer 1795,customer1795@email.com,USA,2022-11-11
CUST01796,Customer 1796,customer1796@email.com,Germany,2022-11-01
CUST01797,Customer 1797,customer1797@email.com,UK,2022-09-17
CUST01798,Customer 1798,customer1798@email.com,Germany,2022-07-16
CUST01799,Customer 1799,customer1799@email.com,Australia,2022-08-25
CUST01800,Customer 1800,customer1800@email.com,India,2022-10-25
CUST01801,Customer 1801,customer1801@email.com,UK,2022-10-11
CUST01802,Customer 1802,customer1802@email.com,Australia,2022-01-22
CUST01803,Customer 1803,customer1803@email.com,Canada,2022-08-19
CUST01804,Customer 1804,customer1804@email.com,France,2022-10-20
CUST01805,Customer 1805,customer1805@email.com,Australia,2022-11-30
CUST01806,Customer 1806,customer1806@email.com,Germany,2022-04-07
CUST01807,Customer 1807,customer1807@email.com,UK,2022-06-14
CUST01808,Customer 1808,customer1808@email.com,Germany,2022-11-06
CUST01809,Customer 1809,customer1809@email.com,UK,2022-09-01
CUST01810,Customer 1810,customer1810@email.com,Australia,2022-09-14
CUST01811,Customer 1811,customer1811@email.com,USA,2022-03-19
CUST01812,Customer 1812,customer1812@email.com,Canada,2022-02-01
CUST01813,Customer 1813,customer1813@email.com,Australia,2022-08-19
CUST01814,Customer 1814,customer1814@email.com,Germany,2022-02-22
CUST01815,Customer 1815,customer1815@email.com,France,2022-06-25
CUST01816,Customer 1816,customer1816@email.com,France,2023-01-01
CUST01817,Customer 1817,customer1817@email.com,India,2022-02-13
CUST01818,Customer 1818,customer1818@email.com,UK,2022-09-16
CUST01819,Customer 1819,customer1819@email.com,Germany,2022-11-27
CUST01820,Customer 1820,customer1820@email.com,India,2022-03-30
CUST01821,Customer 1821,customer1821@email.com,Germany,2022-01-21
CUST01822,Customer 1822,customer1822@email.com,UK,2022-05-07
CUST01823,Customer 1823,customer1823@email.com,Australia,2022-12-29
CUST01824,Customer 1824,customer1824@email.com,Australia,2022-08-13
CUST01825,Customer 1825,customer1825@email.com,France,2022-08-13
CUST01826,Customer 1826,customer1826@email.com,Australia,2022-09-26
CUST01827,Customer 1827,customer1827@email.com,Australia,2022-09-25
CUST01828,Customer 1828,customer1828@email.com,USA,2022-11-09
CUST01829,Customer 1829,customer1829@email.com,France,2022-03-23
CUST01830,Customer 1830,customer1830@email.com,India,2022-07-06
CUST01831,Customer 1831,customer1831@email.com,Canada,2022-07-10
CUST01832,Customer 1832,customer1832@email.com,USA,2022-05-25
CUST01833,Customer 1833,customer1833@email.com,India,2022-07-18
CUST01834,Customer 1834,customer1834@email.com,UK,2022-07-29
CUST01835,Customer 1835,customer1835@email.com,USA,2022-06-23
CUST01836,Customer 1836,customer1836@email.com,India,2022-12-14
CUST01837,Customer 1837,customer1837@email.com,UK,2022-11-03
CUST01838,Customer 1838,customer1838@email.com,France,2022-01-27
CUST01839,Customer 1839,customer1839@email.com,Canada,2022-11-20
CUST01840,Customer 1840,customer1840@email.com,UK,2022-11-28
CUST01841,Customer 1841,customer1841@email.com,Australia,2022-06-21
CUST01842,Customer 1842,customer1842@email.com,Germany,2022-02-03
CUST01843,Customer 1843,customer1843@email.com,UK,2022-06-18
CUST01844,Customer 1844,customer1844@email.com,UK,2022-02-18
CUST01845,Customer 1845,customer1845@email.com,Canada,2022-10-13
CUST01846,Customer 1846,customer1846@email.com,Germany,2022-12-14
CUST01847,Customer 1847,customer1847@email.com,Australia,2022-07-17
CUST01848,Customer 1848,customer1848@email.com,India,2022-05-26
CUST01849,Customer 1849,customer1849@email.com,India,2022-05-10
CUST01850,Customer 1850,customer1850@email.com,UK,2022-12-03
CUST01851,Customer 1851,customer1851@email.com,Germany,2022-11-05
CUST01852,Customer 1852,customer1852@email.com,Germany,2022-03-18
CUST01853,Customer 1853,customer1853@email.com,Australia,2022-06-20
CUST01854,Customer 1854,customer1854@email.com,Canada,2022-02-11
CUST01855,Customer 1855,customer1855@email.com,France,2022-10-26
CUST01856,Customer 1856,customer1856@email.com,India,2022-12-06
CUST01857,Customer 1857,customer1857@email.com,Canada,2022-03-14
CUST01858,Customer 1858,customer1858@email.com,USA,2022-06-29
CUST01859,Customer 1859,customer1859@email.com,India,2022-06-08
CUST01860,Customer 1860,customer1860@email.com,Canada,2022-12-02
CUST01861,Customer 1861,customer1861@email.com,India,2022-12-24
CUST01862,Customer 1862,customer1862@email.com,France,2022-12-06
CUST01863,Customer 1863,customer1863@email.com,USA,2022-07-20
CUST01864,Customer 1864,customer1864@email.com,France,2022-03-08
CUST01865,Customer 1865,customer1865@email.com,Australia,2022-11-01
CUST01866,Customer 1866,customer1866@email.com,USA,2022-12-29
CUST01867,Customer 1867,customer1867@email.com,UK,2022-02-13
CUST01868,Customer 1868,customer1868@email.com,Canada,2022-06-08
CUST01869,Customer 1869,customer1869@email.com,USA,2022-10-14
CUST01870,Customer 1870,customer1870@email.com,Australia,2022-07-12
CUST01871,Customer 1871,customer1871@email.com,Australia,2022-11-26
CUST01872,Customer 1872,customer1872@email.com,France,2022-06-18
CUST01873,Customer 1873,customer1873@email.com,India,2022-03-07
CUST01874,Customer 1874,customer1874@email.com,USA,2022-12-10
CUST01875,Customer 1875,customer1875@email.com,Canada,2022-12-26
CUST01876,Customer 1876,customer1876@email.com,USA,2022-12-17
CUST01877,Customer 1877,customer1877@email.com,Germany,2022-09-27
CUST01878,Customer 1878,customer1878@email.com,India,2022-02-17
CUST01879,Customer 1879,customer1879@email.com,Canada,2022-11-27
CUST01880,Customer 1880,customer1880@email.com,Canada,2022-12-10
CUST01881,Customer 1881,customer1881@email.com,UK,2022-08-05
CUST01882,Customer 1882,customer1882@email.com,France,2022-09-18
CUST01883,Customer 1883,customer1883@email.com,UK,2022-07-05
CUST01884,Customer 1884,customer1884@email.com,Canada,2022-01-10
CUST01885,Customer 1885,customer1885@email.com,India,2022-07-05
CUST01886,Customer 1886,customer1886@email.com,USA,2022-06-08
CUST01887,Customer 1887,customer1887@email.com,USA,2022-04-03
CUST01888,Customer 1888,customer1888@email.com,India,2022-04-20
CUST01889,Customer 1889,customer1889@email.com,Canada,2022-06-24
CUST01890,Customer 1890,customer1890@email.com,Australia,2022-09-06
CUST01891,Customer 1891,customer1891@email.com,USA,2022-04-09
CUST01892,Customer 1892,customer1892@email.com,Australia,2022-04-26
CUST01893,Customer 1893,customer1893@email.com,USA,2022-03-12
CUST01894,Customer 1894,customer1894@email.com,USA,2022-03-21
CUST01895,Customer 1895,customer1895@email.com,France,2022-02-09
CUST01896,Customer 1896,customer1896@email.com,France,2022-06-01
CUST01897,Customer 1897,customer1897@email.com,Germany,2022-02-21
CUST01898,Customer 1898,customer1898@email.com,UK,2022-09-17
CUST01899,Customer 1899,customer1899@email.com,India,2022-10-04
CUST01900,Customer 1900,customer1900@email.com,India,2022-09-27
CUST01901,Customer 1901,customer1901@email.com,India,2022-01-20
CUST01902,Customer 1902,customer1902@email.com,Germany,2022-12-05
CUST01903,Customer 1903,customer1903@email.com,France,2022-06-22
CUST01904,Customer 1904,customer1904@email.com,Canada,2022-11-13
CUST01905,Customer 1905,customer1905@email.com,Australia,2022-03-09
CUST01906,Customer 1906,customer1906@email.com,Australia,2022-11-02
CUST01907,Customer 1907,customer1907@email.com,Canada,2022-07-12
CUST01908,Customer 1908,customer1908@email.com,Germany,2022-03-20
CUST01909,Customer 1909,customer1909@email.com,Canada,2022-03-25
CUST01910,Customer 1910,customer1910@email.com,India,2022-04-03
CUST01911,Customer 1911,customer1911@email.com,UK,2022-12-21
CUST01912,Customer 1912,customer1912@email.com,USA,2022-11-16
CUST01913,Customer 1913,customer1913@email.com,Australia,2022-03-26
CUST01914,Customer 1914,customer1914@email.com,France,2022-08-13
CUST01915,Customer 1915,customer1915@email.com,France,2022-01-23
CUST01916,Customer 1916,customer1916@email.com,Germany,2022-07-30
CUST01917,Customer 1917,customer1917@email.com,France,2022-07-06
CUST01918,Customer 1918,customer1918@email.com,India,2022-12-13
CUST01919,Customer 1919,customer1919@email.com,Australia,2022-05-02
CUST01920,Customer 1920,customer1920@email.com,Canada,2022-08-16
CUST01921,Customer 1921,customer1921@email.com,India,2022-11-09
CUST01922,Customer 1922,customer1922@email.com,Germany,2022-05-26
CUST01923,Customer 1923,customer1923@email.com,India,2022-08-18
CUST01924,Customer 1924,customer1924@email.com,Canada,2022-04-30
CUST01925,Customer 1925,customer1925@email.com,UK,2022-10-01
CUST01926,Customer 1926,customer1926@email.com,Germany,2022-05-03
CUST01927,Customer 1927,customer1927@email.com,UK,2022-06-08
CUST01928,Customer 1928,customer1928@email.com,USA,2022-08-29
CUST01929,Customer 1929,customer1929@email.com,UK,2022-04-10
CUST01930,Customer 1930,customer1930@email.com,USA,2022-07-08
CUST01931,Customer 1931,customer1931@email.com,USA,2022-12-14
CUST01932,Customer 1932,customer1932@email.com,UK,2022-10-20
CUST01933,Customer 1933,customer1933@email.com,Germany,2022-08-14
CUST01934,Customer 1934,customer1934@email.com,Canada,2022-08-25
CUST01935,Customer 1935,customer1935@email.com,India,2022-05-25
CUST01936,Customer 1936,customer1936@email.com,India,2022-07-15
CUST01937,Customer 1937,customer1937@email.com,Canada,2022-09-15
CUST01938,Customer 1938,customer1938@email.com,Australia,2022-09-28
CUST01939,Customer 1939,customer1939@email.com,Australia,2022-08-03
CUST01940,Customer 1940,customer1940@email.com,USA,2022-03-24
CUST01941,Customer 1941,customer1941@email.com,USA,2022-04-13
CUST01942,Customer 1942,customer1942@email.com,Germany,2022-11-06
CUST01943,Customer 1943,customer1943@email.com,France,2022-03-12
CUST01944,Customer 1944,customer1944@email.com,UK,2022-05-09
CUST01945,Customer 1945,customer1945@email.com,USA,2022-01-27
CUST01946,Customer 1946,customer1946@email.com,India,2022-11-25
CUST01947,Customer 1947,customer1947@email.com,Germany,2022-09-04
CUST01948,Customer 1948,customer1948@email.com,UK,2022-07-10
CUST01949,Customer 1949,customer1949@email.com,Germany,2022-10-11
CUST01950,Customer 1950,customer1950@email.com,UK,2022-02-22
CUST01951,Customer 1951,customer1951@email.com,UK,2022-12-31
CUST01952,Customer 1952,customer1952@email.com,Canada,2022-09-22
CUST01953,Customer 1953,customer1953@email.com,USA,2022-03-05
CUST01954,Customer 1954,customer1954@email.com,Germany,2022-05-26
CUST01955,Customer 1955,customer1955@email.com,Germany,2022-02-12
CUST01956,Customer 1956,customer1956@email.com,Canada,2022-03-24
CUST01957,Customer 1957,customer1957@email.com,India,2022-05-20
CUST01958,Customer 1958,customer1958@email.com,India,2022-08-19
CUST01959,Customer 1959,customer1959@email.com,Australia,2022-09-20
CUST01960,Customer 1960,customer1960@email.com,USA,2022-03-17
CUST01961,Customer 1961,customer1961@email.com,USA,2022-08-12
CUST01962,Customer 1962,customer1962@email.com,France,2022-02-16
CUST01963,Customer 1963,customer1963@email.com,Canada,2022-04-24
CUST01964,Customer 1964,customer1964@email.com,India,2022-08-19
CUST01965,Customer 1965,customer1965@email.com,UK,2022-06-28
CUST01966,Customer 1966,customer1966@email.com,Germany,2022-01-14
CUST01967,Customer 1967,customer1967@email.com,USA,2022-08-01
CUST01968,Customer 1968,customer1968@email.com,Germany,2022-01-28
CUST01969,Customer 1969,customer1969@email.com,Germany,2022-07-22
CUST01970,Customer 1970,customer1970@email.com,France,2022-09-15
CUST01971,Customer 1971,customer1971@email.com,India,2022-07-11
CUST01972,Customer 1972,customer1972@email.com,USA,2022-05-01
CUST01973,Customer 1973,customer1973@email.com,Germany,2022-07-17
CUST01974,Customer 1974,customer1974@email.com,USA,2022-02-11
CUST01975,Customer 1975,customer1975@email.com,UK,2022-07-11
CUST01976,Customer 1976,customer1976@email.com,France,2022-04-25
CUST01977,Customer 1977,customer1977@email.com,UK,2022-01-15
CUST01978,Customer 1978,customer1978@email.com,USA,2022-06-13
CUST01979,Customer 1979,customer1979@email.com,Australia,2022-02-20
CUST01980,Customer 1980,customer1980@email.com,USA,2023-01-01
CUST01981,Customer 1981,customer1981@email.com,India,2022-11-29
CUST01982,Customer 1982,customer1982@email.com,Germany,2022-06-21
CUST01983,Customer 1983,customer1983@email.com,Germany,2022-03-16
CUST01984,Customer 1984,customer1984@email.com,UK,2022-03-12
CUST01985,Customer 1985,customer1985@email.com,France,2022-01-20
CUST01986,Customer 1986,customer1986@email.com,Australia,2022-05-27
CUST01987,Customer 1987,customer1987@email.com,Canada,2022-08-30
CUST01988,Customer 1988,customer1988@email.com,Germany,2022-12-23
CUST01989,Customer 1989,customer1989@email.com,India,2022-03-13
CUST01990,Customer 1990,customer1990@email.com,UK,2022-12-28
CUST01991,Customer 1991,customer1991@email.com,UK,2022-08-29
CUST01992,Customer 1992,customer1992@email.com,Canada,2022-08-18
CUST01993,Customer 1993,customer1993@email.com,India,2022-11-12
CUST01994,Customer 1994,customer1994@email.com,France,2022-01-03
CUST01995,Customer 1995,customer1995@email.com,India,2022-02-10
CUST01996,Customer 1996,customer1996@email.com,France,2022-01-10
CUST01997,Customer 1997,customer1997@email.com,India,2022-05-12
CUST01998,Customer 1998,customer1998@email.com,India,2022-04-21
CUST01999,Customer 1999,customer1999@email.com,USA,2022-03-18
CUST02000,Customer 2000,customer2000@email.com,UK,2022-10-08
CUST02001,Customer 2001,customer2001@email.com,India,2022-11-08
CUST02002,Customer 2002,customer2002@email.com,Canada,2022-09-28
CUST02003,Customer 2003,customer2003@email.com,India,2022-08-05
CUST02004,Customer 2004,customer2004@email.com,Germany,2022-02-26
CUST02005,Customer 2005,customer2005@email.com,UK,2022-05-28
CUST02006,Customer 2006,customer2006@email.com,Germany,2022-05-02
CUST02007,Customer 2007,customer2007@email.com,UK,2022-06-04
CUST02008,Customer 2008,customer2008@email.com,Germany,2022-03-04
CUST02009,Customer 2009,customer2009@email.com,India,2022-01-25
CUST02010,Customer 2010,customer2010@email.com,India,2022-05-03
CUST02011,Customer 2011,customer2011@email.com,USA,2022-08-03
CUST02012,Customer 2012,customer2012@email.com,Canada,2022-11-24
CUST02013,Customer 2013,customer2013@email.com,Germany,2022-11-15
CUST02014,Customer 2014,customer2014@email.com,France,2022-08-23
CUST02015,Customer 2015,customer2015@email.com,USA,2022-02-02
CUST02016,Customer 2016,customer2016@email.com,Germany,2022-02-26
CUST02017,Customer 2017,customer2017@email.com,Germany,2022-09-13
CUST02018,Customer 2018,customer2018@email.com,USA,2022-11-02
CUST02019,Customer 2019,customer2019@email.com,India,2022-10-02
CUST02020,Customer 2020,customer2020@email.com,Germany,2022-01-09
CUST02021,Customer 2021,customer2021@email.com,India,2022-11-20
CUST02022,Customer 2022,customer2022@email.com,USA,2022-09-21
CUST02023,Customer 2023,customer2023@email.com,India,2022-10-22
CUST02024,Customer 2024,customer2024@email.com,UK,2022-05-04
CUST02025,Customer 2025,customer2025@email.com,France,2022-03-15
CUST02026,Customer 2026,customer2026@email.com,Australia,2022-05-30
CUST02027,Customer 2027,customer2027@email.com,Germany,2022-08-08
CUST02028,Customer 2028,customer2028@email.com,Canada,2022-01-01
CUST02029,Customer 2029,customer2029@email.com,France,2022-11-11
CUST02030,Customer 2030,customer2030@email.com,Australia,2022-06-30
CUST02031,Customer 2031,customer2031@email.com,India,2022-05-04
CUST02032,Customer 2032,customer2032@email.com,Germany,2022-10-20
CUST02033,Customer 2033,customer2033@email.com,India,2022-08-02
CUST02034,Customer 2034,customer2034@email.com,UK,2022-04-06
CUST02035,Customer 2035,customer2035@email.com,USA,2022-12-07
CUST02036,Customer 2036,customer2036@email.com,Germany,2022-12-09
CUST02037,Customer 2037,customer2037@email.com,Australia,2022-02-13
CUST02038,Customer 2038,customer2038@email.com,Australia,2022-09-26
CUST02039,Customer 2039,customer2039@email.com,UK,2022-07-04
CUST02040,Customer 2040,customer2040@email.com,UK,2022-02-04
CUST02041,Customer 2041,customer2041@email.com,Germany,2022-09-27
CUST02042,Customer 2042,customer2042@email.com,India,2022-10-06
CUST02043,Customer 2043,customer2043@email.com,Canada,2022-09-17
CUST02044,Customer 2044,customer2044@email.com,Australia,2022-09-17
CUST02045,Customer 2045,customer2045@email.com,Australia,2022-10-11
CUST02046,Customer 2046,customer2046@email.com,UK,2022-01-11
CUST02047,Customer 2047,customer2047@email.com,France,2022-07-19
CUST02048,Customer 2048,customer2048@email.com,UK,2022-08-29
CUST02049,Customer 2049,customer2049@email.com,Canada,2022-01-23
CUST02050,Customer 2050,customer2050@email.com,India,2022-11-22
CUST02051,Customer 2051,customer2051@email.com,India,2022-07-18
CUST02052,Customer 2052,customer2052@email.com,France,2022-07-11
CUST02053,Customer 2053,customer2053@email.com,Australia,2022-05-10
CUST02054,Customer 2054,customer2054@email.com,UK,2022-01-09
CUST02055,Customer 2055,customer2055@email.com,India,2022-07-02
CUST02056,Customer 2056,customer2056@email.com,Canada,2022-02-04
CUST02057,Customer 2057,customer2057@email.com,Germany,2022-06-26
CUST02058,Customer 2058,customer2058@email.com,USA,2022-05-04
CUST02059,Customer 2059,customer2059@email.com,USA,2022-12-03
CUST02060,Customer 2060,customer2060@email.com,USA,2022-11-18
CUST02061,Customer 2061,customer2061@email.com,Australia,2022-02-23
CUST02062,Customer 2062,customer2062@email.com,UK,2022-10-25
CUST02063,Customer 2063,customer2063@email.com,France,2022-06-20
CUST02064,Customer 2064,customer2064@email.com,India,2022-03-10
CUST02065,Customer 2065,customer2065@email.com,Germany,2022-01-23
CUST02066,Customer 2066,customer2066@email.com,Canada,2022-06-30
CUST02067,Customer 2067,customer2067@email.com,Germany,2022-10-07
CUST02068,Customer 2068,customer2068@email.com,Canada,2022-06-23
CUST02069,Customer 2069,customer2069@email.com,Australia,2022-11-26
CUST02070,Customer 2070,customer2070@email.com,UK,2022-03-31
CUST02071,Customer 2071,customer2071@email.com,USA,2022-12-17
CUST02072,Customer 2072,customer2072@email.com,UK,2022-08-26
CUST02073,Customer 2073,customer2073@email.com,Australia,2022-12-23
CUST02074,Customer 2074,customer2074@email.com,France,2022-09-03
CUST02075,Customer 2075,customer2075@email.com,France,2022-11-20
CUST02076,Customer 2076,customer2076@email.com,Australia,2022-04-04
CUST02077,Customer 2077,customer2077@email.com,Canada,2022-03-11
CUST02078,Customer 2078,customer2078@email.com,India,2022-02-02
CUST02079,Customer 2079,customer2079@email.com,India,2022-08-23
CUST02080,Customer 2080,customer2080@email.com,Canada,2022-01-19
CUST02081,Customer 2081,customer2081@email.com,France,2022-05-31
CUST02082,Customer 2082,customer2082@email.com,France,2022-04-14
CUST02083,Customer 2083,customer2083@email.com,France,2022-01-23
CUST02084,Customer 2084,customer2084@email.com,UK,2022-04-13
CUST02085,Customer 2085,customer2085@email.com,France,2022-01-22
CUST02086,Customer 2086,customer2086@email.com,Germany,2022-06-11
CUST02087,Customer 2087,customer2087@email.com,USA,2022-06-08
CUST02088,Customer 2088,customer2088@email.com,France,2022-09-21
CUST02089,Customer 2089,customer2089@email.com,Canada,2022-07-23
CUST02090,Customer 2090,customer2090@email.com,USA,2022-10-06
CUST02091,Customer 2091,customer2091@email.com,UK,2022-08-31
CUST02092,Customer 2092,customer2092@email.com,Canada,2022-05-10
CUST02093,Customer 2093,customer2093@email.com,USA,2022-01-19
CUST02094,Customer 2094,customer2094@email.com,Canada,2022-11-28
CUST02095,Customer 2095,customer2095@email.com,UK,2022-04-08
CUST02096,Customer 2096,customer2096@email.com,Germany,2022-05-27
CUST02097,Customer 2097,customer2097@email.com,UK,2022-07-02
CUST02098,Customer 2098,customer2098@email.com,UK,2022-01-25
CUST02099,Customer 2099,customer2099@email.com,Canada,2022-12-02
CUST02100,Customer 2100,customer2100@email.com,Australia,2022-06-19
CUST02101,Customer 2101,customer2101@email.com,India,2022-05-20
CUST02102,Customer 2102,customer2102@email.com,France,2022-03-05
CUST02103,Customer 2103,customer2103@email.com,France,2022-07-08
CUST02104,Customer 2104,customer2104@email.com,Germany,2022-08-12
CUST02105,Customer 2105,customer2105@email.com,Germany,2022-07-24
CUST02106,Customer 2106,customer2106@email.com,France,2022-08-14
CUST02107,Customer 2107,customer2107@email.com,India,2022-07-17
CUST02108,Customer 2108,customer2108@email.com,France,2022-06-23
CUST02109,Customer 2109,customer2109@email.com,Australia,2022-04-06
CUST02110,Customer 2110,customer2110@email.com,India,2022-09-12
CUST02111,Customer 2111,customer2111@email.com,Germany,2022-12-21
CUST02112,Customer 2112,customer2112@email.com,USA,2022-09-12
CUST02113,Customer 2113,customer2113@email.com,Canada,2022-07-08
CUST02114,Customer 2114,customer2114@email.com,Australia,2022-09-23
CUST02115,Customer 2115,customer2115@email.com,Australia,2022-05-17
CUST02116,Customer 2116,customer2116@email.com,Germany,2022-02-12
CUST02117,Customer 2117,customer2117@email.com,Germany,2022-08-06
CUST02118,Customer 2118,customer2118@email.com,UK,2022-02-10
CUST02119,Customer 2119,customer2119@email.com,Australia,2022-08-09
CUST02120,Customer 2120,customer2120@email.com,UK,2022-11-05
CUST02121,Customer 2121,customer2121@email.com,UK,2022-04-03
CUST02122,Customer 2122,customer2122@email.com,Canada,2022-10-07
CUST02123,Customer 2123,customer2123@email.com,UK,2022-05-31
CUST02124,Customer 2124,customer2124@email.com,India,2022-06-14
CUST02125,Customer 2125,customer2125@email.com,France,2022-02-22
CUST02126,Customer 2126,customer2126@email.com,USA,2022-02-10
CUST02127,Customer 2127,customer2127@email.com,Germany,2022-06-17
CUST02128,Customer 2128,customer2128@email.com,India,2022-12-05
CUST02129,Customer 2129,customer2129@email.com,USA,2022-06-01
CUST02130,Customer 2130,customer2130@email.com,Australia,2022-06-06
CUST02131,Customer 2131,customer2131@email.com,Australia,2022-08-17
CUST02132,Customer 2132,customer2132@email.com,Australia,2022-11-05
CUST02133,Customer 2133,customer2133@email.com,India,2022-08-07
CUST02134,Customer 2134,customer2134@email.com,India,2022-03-27
CUST02135,Customer 2135,customer2135@email.com,Germany,2022-12-20
CUST02136,Customer 2136,customer2136@email.com,France,2022-08-16
CUST02137,Customer 2137,customer2137@email.com,UK,2022-06-29
CUST02138,Customer 2138,customer2138@email.com,Australia,2022-08-17
CUST02139,Customer 2139,customer2139@email.com,Canada,2022-01-22
CUST02140,Customer 2140,customer2140@email.com,France,2022-06-30
CUST02141,Customer 2141,customer2141@email.com,Canada,2022-11-11
CUST02142,Customer 2142,customer2142@email.com,Germany,2022-08-11
CUST02143,Customer 2143,customer2143@email.com,Germany,2022-05-21
CUST02144,Customer 2144,customer2144@email.com,Germany,2022-11-24
CUST02145,Customer 2145,customer2145@email.com,USA,2022-01-30
CUST02146,Customer 2146,customer2146@email.com,Canada,2022-02-08
CUST02147,Customer 2147,customer2147@email.com,France,2022-12-10
CUST02148,Customer 2148,customer2148@email.com,France,2022-11-23
CUST02149,Customer 2149,customer2149@email.com,India,2022-07-27
CUST02150,Customer 2150,customer2150@email.com,India,2022-07-06
CUST02151,Customer 2151,customer2151@email.com,Australia,2022-09-20
CUST02152,Customer 2152,customer2152@email.com,India,2022-12-14
CUST02153,Customer 2153,customer2153@email.com,Germany,2022-03-23
CUST02154,Customer 2154,customer2154@email.com,France,2022-01-16
CUST02155,Customer 2155,customer2155@email.com,Canada,2022-03-15
CUST02156,Customer 2156,customer2156@email.com,Germany,2022-11-08
CUST02157,Customer 2157,customer2157@email.com,USA,2022-12-14
CUST02158,Customer 2158,customer2158@email.com,India,2022-08-13
CUST02159,Customer 2159,customer2159@email.com,Germany,2022-01-18
CUST02160,Customer 2160,customer2160@email.com,Germany,2022-03-06
CUST02161,Customer 2161,customer2161@email.com,USA,2022-02-04
CUST02162,Customer 2162,customer2162@email.com,UK,2022-05-01
CUST02163,Customer 2163,customer2163@email.com,France,2022-11-27
CUST02164,Customer 2164,customer2164@email.com,Canada,2022-07-07
CUST02165,Customer 2165,customer2165@email.com,Australia,2022-07-05
CUST02166,Customer 2166,customer2166@email.com,UK,2022-07-16
CUST02167,Customer 2167,customer2167@email.com,India,2022-10-18
CUST02168,Customer 2168,customer2168@email.com,Germany,2022-01-17
CUST02169,Customer 2169,customer2169@email.com,USA,2022-11-06
CUST02170,Customer 2170,customer2170@email.com,USA,2022-03-20
CUST02171,Customer 2171,customer2171@email.com,France,2022-12-14
CUST02172,Customer 2172,customer2172@email.com,UK,2022-08-19
CUST02173,Customer 2173,customer2173@email.com,Australia,2022-07-09
CUST02174,Customer 2174,customer2174@email.com,France,2022-07-10
CUST02175,Customer 2175,customer2175@email.com,Germany,2022-08-16
CUST02176,Customer 2176,customer2176@email.com,France,2022-02-09
CUST02177,Customer 2177,customer2177@email.com,Canada,2022-10-21
CUST02178,Customer 2178,customer2178@email.com,USA,2022-03-12
CUST02179,Customer 2179,customer2179@email.com,USA,2022-09-29
CUST02180,Customer 2180,customer2180@email.com,India,2022-07-07
CUST02181,Customer 2181,customer2181@email.com,India,2022-07-23
CUST02182,Customer 2182,customer2182@email.com,Australia,2022-06-10
CUST02183,Customer 2183,customer2183@email.com,Germany,2022-11-29
CUST02184,Customer 2184,customer2184@email.com,Canada,2022-05-23
CUST02185,Customer 2185,customer2185@email.com,UK,2022-05-08
CUST02186,Customer 2186,customer2186@email.com,France,2022-02-28
CUST02187,Customer 2187,customer2187@email.com,Australia,2022-01-14
CUST02188,Customer 2188,customer2188@email.com,Germany,2022-04-06
CUST02189,Customer 2189,customer2189@email.com,India,2022-09-13
CUST02190,Customer 2190,customer2190@email.com,France,2022-09-23
CUST02191,Customer 2191,customer2191@email.com,India,2022-07-18
CUST02192,Customer 2192,customer2192@email.com,France,2022-10-15
CUST02193,Customer 2193,customer2193@email.com,UK,2022-03-02
CUST02194,Customer 2194,customer2194@email.com,Germany,2022-05-15
CUST02195,Customer 2195,customer2195@email.com,France,2022-05-14
CUST02196,Customer 2196,customer2196@email.com,Canada,2022-12-27
CUST02197,Customer 2197,customer2197@email.com,Australia,2022-08-17
CUST02198,Customer 2198,customer2198@email.com,USA,2022-04-20
CUST02199,Customer 2199,customer2199@email.com,Canada,2022-11-10
CUST02200,Customer 2200,customer2200@email.com,Canada,2022-05-27
CUST02201,Customer 2201,customer2201@email.com,Australia,2022-12-22
CUST02202,Customer 2202,customer2202@email.com,USA,2022-09-09
CUST02203,Customer 2203,customer2203@email.com,Canada,2022-04-13
CUST02204,Customer 2204,customer2204@email.com,France,2022-03-04
CUST02205,Customer 2205,customer2205@email.com,France,2022-03-11
CUST02206,Customer 2206,customer2206@email.com,France,2022-02-07
CUST02207,Customer 2207,customer2207@email.com,USA,2022-08-20
CUST02208,Customer 2208,customer2208@email.com,Canada,2022-03-30
CUST02209,Customer 2209,customer2209@email.com,USA,2023-01-01
CUST02210,Customer 2210,customer2210@email.com,France,2022-08-16
CUST02211,Customer 2211,customer2211@email.com,Australia,2022-02-14
CUST02212,Customer 2212,customer2212@email.com,Canada,2022-12-16
CUST02213,Customer 2213,customer2213@email.com,Canada,2022-06-13
CUST02214,Customer 2214,customer2214@email.com,India,2022-12-08
CUST02215,Customer 2215,customer2215@email.com,India,2022-06-27
CUST02216,Customer 2216,customer2216@email.com,UK,2022-12-30
CUST02217,Customer 2217,customer2217@email.com,Germany,2022-02-03
CUST02218,Customer 2218,customer2218@email.com,India,2022-10-09
CUST02219,Customer 2219,customer2219@email.com,USA,2022-10-05
CUST02220,Customer 2220,customer2220@email.com,India,2022-05-29
CUST02221,Customer 2221,customer2221@email.com,UK,2022-06-03
CUST02222,Customer 2222,customer2222@email.com,Canada,2022-03-22
CUST02223,Customer 2223,customer2223@email.com,UK,2022-12-31
CUST02224,Customer 2224,customer2224@email.com,Canada,2022-12-30
CUST02225,Customer 2225,customer2225@email.com,Australia,2022-12-25
CUST02226,Customer 2226,customer2226@email.com,Australia,2022-11-23
CUST02227,Customer 2227,customer2227@email.com,Canada,2022-03-31
CUST02228,Customer 2228,customer2228@email.com,Germany,2022-07-05
CUST02229,Customer 2229,customer2229@email.com,India,2022-09-18
CUST02230,Customer 2230,customer2230@email.com,USA,2022-04-25
CUST02231,Customer 2231,customer2231@email.com,USA,2022-03-04
CUST02232,Customer 2232,customer2232@email.com,France,2022-04-13
CUST02233,Customer 2233,customer2233@email.com,Canada,2022-03-13
CUST02234,Customer 2234,customer2234@email.com,USA,2022-05-02
CUST02235,Customer 2235,customer2235@email.com,Germany,2022-09-10
CUST02236,Customer 2236,customer2236@email.com,Canada,2022-01-14
CUST02237,Customer 2237,customer2237@email.com,Germany,2022-07-04
CUST02238,Customer 2238,customer2238@email.com,USA,2022-10-11
CUST02239,Customer 2239,customer2239@email.com,USA,2022-10-21
CUST02240,Customer 2240,customer2240@email.com,France,2022-07-08
CUST02241,Customer 2241,customer2241@email.com,USA,2022-08-28
CUST02242,Customer 2242,customer2242@email.com,Canada,2022-10-10
CUST02243,Customer 2243,customer2243@email.com,Australia,2022-03-08
CUST02244,Customer 2244,customer2244@email.com,Canada,2022-11-10
CUST02245,Customer 2245,customer2245@email.com,Canada,2022-02-14
CUST02246,Customer 2246,customer2246@email.com,France,2022-02-03
CUST02247,Customer 2247,customer2247@email.com,France,2022-06-08
CUST02248,Customer 2248,customer2248@email.com,USA,2022-07-23
CUST02249,Customer 2249,customer2249@email.com,UK,2022-09-03
CUST02250,Customer 2250,customer2250@email.com,UK,2022-09-27
CUST02251,Customer 2251,customer2251@email.com,France,2022-07-30
CUST02252,Customer 2252,customer2252@email.com,USA,2022-07-29
CUST02253,Customer 2253,customer2253@email.com,UK,2022-10-22
CUST02254,Customer 2254,customer2254@email.com,USA,2022-02-07
CUST02255,Customer 2255,customer2255@email.com,USA,2022-03-06
CUST02256,Customer 2256,customer2256@email.com,USA,2022-06-12
CUST02257,Customer 2257,customer2257@email.com,India,2022-11-25
CUST02258,Customer 2258,customer2258@email.com,Canada,2022-02-07
CUST02259,Customer 2259,customer2259@email.com,USA,2022-08-19
CUST02260,Customer 2260,customer2260@email.com,India,2022-08-27
CUST02261,Customer 2261,customer2261@email.com,France,2022-12-15
CUST02262,Customer 2262,customer2262@email.com,UK,2022-09-22
CUST02263,Customer 2263,customer2263@email.com,Canada,2022-06-26
CUST02264,Customer 2264,customer2264@email.com,Australia,2022-03-07
CUST02265,Customer 2265,customer2265@email.com,UK,2022-10-10
CUST02266,Customer 2266,customer2266@email.com,Canada,2022-11-24
CUST02267,Customer 2267,customer2267@email.com,Australia,2022-10-28
CUST02268,Customer 2268,customer2268@email.com,UK,2022-04-04
CUST02269,Customer 2269,customer2269@email.com,Canada,2022-03-08
CUST02270,Customer 2270,customer2270@email.com,UK,2022-08-10
CUST02271,Customer 2271,customer2271@email.com,UK,2022-09-15
CUST02272,Customer 2272,customer2272@email.com,Australia,2022-01-29
CUST02273,Customer 2273,customer2273@email.com,UK,2022-03-05
CUST02274,Customer 2274,customer2274@email.com,UK,2022-09-23
CUST02275,Customer 2275,customer2275@email.com,Australia,2022-03-20
CUST02276,Customer 2276,customer2276@email.com,France,2022-06-05
CUST02277,Customer 2277,customer2277@email.com,USA,2022-03-26
CUST02278,Customer 2278,customer2278@email.com,Germany,2022-03-24
CUST02279,Customer 2279,customer2279@email.com,India,2022-06-15
CUST02280,Customer 2280,customer2280@email.com,Germany,2022-12-30
CUST02281,Customer 2281,customer2281@email.com,Germany,2022-04-26
CUST02282,Customer 2282,customer2282@email.com,Canada,2022-06-27
CUST02283,Customer 2283,customer2283@email.com,USA,2022-09-23
CUST02284,Customer 2284,customer2284@email.com,Canada,2022-05-26
CUST02285,Customer 2285,customer2285@email.com,USA,2022-02-10
CUST02286,Customer 2286,customer2286@email.com,Australia,2022-05-09
CUST02287,Customer 2287,customer2287@email.com,Australia,2022-04-11
CUST02288,Customer 2288,customer2288@email.com,USA,2022-11-22
CUST02289,Customer 2289,customer2289@email.com,UK,2022-10-10
CUST02290,Customer 2290,customer2290@email.com,France,2022-05-21
CUST02291,Customer 2291,customer2291@email.com,UK,2022-03-06
CUST02292,Customer 2292,customer2292@email.com,France,2022-11-17
CUST02293,Customer 2293,customer2293@email.com,Canada,2022-06-05
CUST02294,Customer 2294,customer2294@email.com,France,2022-11-11
CUST02295,Customer 2295,customer2295@email.com,Canada,2022-10-01
CUST02296,Customer 2296,customer2296@email.com,Australia,2022-02-17
CUST02297,Customer 2297,customer2297@email.com,Germany,2022-09-15
CUST02298,Customer 2298,customer2298@email.com,Australia,2022-11-25
CUST02299,Customer 2299,customer2299@email.com,Australia,2022-03-28
CUST02300,Customer 2300,customer2300@email.com,Germany,2022-10-31
CUST02301,Customer 2301,customer2301@email.com,France,2022-10-25
CUST02302,Customer 2302,customer2302@email.com,France,2022-03-20
CUST02303,Customer 2303,customer2303@email.com,Canada,2022-03-29
CUST02304,Customer 2304,customer2304@email.com,UK,2022-12-04
CUST02305,Customer 2305,customer2305@email.com,Canada,2022-11-16
CUST02306,Customer 2306,customer2306@email.com,UK,2022-11-06
CUST02307,Customer 2307,customer2307@email.com,Australia,2022-06-22
CUST02308,Customer 2308,customer2308@email.com,Germany,2022-10-16
CUST02309,Customer 2309,customer2309@email.com,Australia,2022-01-22
CUST02310,Customer 2310,customer2310@email.com,USA,2022-01-15
CUST02311,Customer 2311,customer2311@email.com,France,2022-02-11
CUST02312,Customer 2312,customer2312@email.com,UK,2022-01-24
CUST02313,Customer 2313,customer2313@email.com,Canada,2022-11-25
CUST02314,Customer 2314,customer2314@email.com,Germany,2022-10-23
CUST02315,Customer 2315,customer2315@email.com,UK,2022-05-16
CUST02316,Customer 2316,customer2316@email.com,Canada,2022-11-30
CUST02317,Customer 2317,customer2317@email.com,France,2022-04-18
CUST02318,Customer 2318,customer2318@email.com,Australia,2022-10-20
CUST02319,Customer 2319,customer2319@email.com,France,2022-08-02
CUST02320,Customer 2320,customer2320@email.com,India,2022-11-13
CUST02321,Customer 2321,customer2321@email.com,USA,2022-11-24
CUST02322,Customer 2322,customer2322@email.com,India,2022-01-16
CUST02323,Customer 2323,customer2323@email.com,Germany,2022-09-12
CUST02324,Customer 2324,customer2324@email.com,UK,2022-11-18
CUST02325,Customer 2325,customer2325@email.com,Germany,2022-10-07
CUST02326,Customer 2326,customer2326@email.com,Australia,2022-05-29
CUST02327,Customer 2327,customer2327@email.com,Canada,2022-11-25
CUST02328,Customer 2328,customer2328@email.com,France,2022-06-04
CUST02329,Customer 2329,customer2329@email.com,India,2022-09-05
CUST02330,Customer 2330,customer2330@email.com,India,2022-05-06
CUST02331,Customer 2331,customer2331@email.com,Australia,2022-12-17
CUST02332,Customer 2332,customer2332@email.com,India,2022-07-27
CUST02333,Customer 2333,customer2333@email.com,Australia,2022-06-02
CUST02334,Customer 2334,customer2334@email.com,Germany,2022-08-21
CUST02335,Customer 2335,customer2335@email.com,France,2022-02-07
CUST02336,Customer 2336,customer2336@email.com,UK,2022-12-19
CUST02337,Customer 2337,customer2337@email.com,Canada,2022-01-31
CUST02338,Customer 2338,customer2338@email.com,UK,2022-03-22
CUST02339,Customer 2339,customer2339@email.com,Germany,2022-08-14
CUST02340,Customer 2340,customer2340@email.com,Canada,2022-08-01
CUST02341,Customer 2341,customer2341@email.com,India,2022-09-05
CUST02342,Customer 2342,customer2342@email.com,USA,2022-08-26
CUST02343,Customer 2343,customer2343@email.com,Germany,2022-04-15
CUST02344,Customer 2344,customer2344@email.com,Germany,2022-06-24
CUST02345,Customer 2345,customer2345@email.com,France,2022-11-07
CUST02346,Customer 2346,customer2346@email.com,UK,2022-03-15
CUST02347,Customer 2347,customer2347@email.com,Germany,2022-06-10
CUST02348,Customer 2348,customer2348@email.com,Germany,2022-06-13
CUST02349,Customer 2349,customer2349@email.com,India,2022-06-26
CUST02350,Customer 2350,customer2350@email.com,India,2022-07-24
CUST02351,Customer 2351,customer2351@email.com,Canada,2022-03-08
CUST02352,Customer 2352,customer2352@email.com,Australia,2022-07-09
CUST02353,Customer 2353,customer2353@email.com,Australia,2022-09-21
CUST02354,Customer 2354,customer2354@email.com,USA,2022-10-15
CUST02355,Customer 2355,customer2355@email.com,Australia,2022-02-24
CUST02356,Customer 2356,customer2356@email.com,France,2022-06-13
CUST02357,Customer 2357,customer2357@email.com,USA,2022-05-04
CUST02358,Customer 2358,customer2358@email.com,Canada,2022-08-27
CUST02359,Customer 2359,customer2359@email.com,India,2022-03-04
CUST02360,Customer 2360,customer2360@email.com,Australia,2022-05-17
CUST02361,Customer 2361,customer2361@email.com,UK,2022-08-19
CUST02362,Customer 2362,customer2362@email.com,India,2022-05-07
CUST02363,Customer 2363,customer2363@email.com,France,2022-03-14
CUST02364,Customer 2364,customer2364@email.com,India,2022-02-19
CUST02365,Customer 2365,customer2365@email.com,France,2022-01-26
CUST02366,Customer 2366,customer2366@email.com,France,2022-05-29
CUST02367,Customer 2367,customer2367@email.com,France,2022-07-16
CUST02368,Customer 2368,customer2368@email.com,Canada,2022-11-12
CUST02369,Customer 2369,customer2369@email.com,France,2022-08-03
CUST02370,Customer 2370,customer2370@email.com,France,2022-05-08
CUST02371,Customer 2371,customer2371@email.com,UK,2022-03-23
CUST02372,Customer 2372,customer2372@email.com,USA,2022-06-17
CUST02373,Customer 2373,customer2373@email.com,Germany,2022-10-23
CUST02374,Customer 2374,customer2374@email.com,USA,2022-06-10
CUST02375,Customer 2375,customer2375@email.com,France,2022-04-08
CUST02376,Customer 2376,customer2376@email.com,UK,2022-03-23
CUST02377,Customer 2377,customer2377@email.com,India,2022-09-13
CUST02378,Customer 2378,customer2378@email.com,UK,2022-09-21
CUST02379,Customer 2379,customer2379@email.com,France,2022-08-28
CUST02380,Customer 2380,customer2380@email.com,UK,2022-09-13
CUST02381,Customer 2381,customer2381@email.com,Australia,2022-06-07
CUST02382,Customer 2382,customer2382@email.com,UK,2022-09-12
CUST02383,Customer 2383,customer2383@email.com,France,2022-01-12
CUST02384,Customer 2384,customer2384@email.com,Canada,2022-02-16
CUST02385,Customer 2385,customer2385@email.com,Australia,2022-07-21
CUST02386,Customer 2386,customer2386@email.com,UK,2022-09-16
CUST02387,Customer 2387,customer2387@email.com,Germany,2022-08-23
CUST02388,Customer 2388,customer2388@email.com,Germany,2022-05-04
CUST02389,Customer 2389,customer2389@email.com,UK,2022-04-21
CUST02390,Customer 2390,customer2390@email.com,Canada,2022-10-26
CUST02391,Customer 2391,customer2391@email.com,India,2022-06-30
CUST02392,Customer 2392,customer2392@email.com,France,2022-01-25
CUST02393,Customer 2393,customer2393@email.com,Germany,2022-01-26
CUST02394,Customer 2394,customer2394@email.com,India,2022-05-25
CUST02395,Customer 2395,customer2395@email.com,UK,2022-09-11
CUST02396,Customer 2396,customer2396@email.com,India,2022-11-02
CUST02397,Customer 2397,customer2397@email.com,Australia,2022-12-01
CUST02398,Customer 2398,customer2398@email.com,USA,2022-12-11
CUST02399,Customer 2399,customer2399@email.com,Germany,2022-08-29
CUST02400,Customer 2400,customer2400@email.com,UK,2022-05-27
CUST02401,Customer 2401,customer2401@email.com,France,2022-10-02
CUST02402,Customer 2402,customer2402@email.com,Canada,2022-01-05
CUST02403,Customer 2403,customer2403@email.com,Australia,2022-02-25
CUST02404,Customer 2404,customer2404@email.com,UK,2022-08-09
CUST02405,Customer 2405,customer2405@email.com,France,2022-03-10
CUST02406,Customer 2406,customer2406@email.com,Canada,2022-05-16
CUST02407,Customer 2407,customer2407@email.com,Canada,2022-07-07
CUST02408,Customer 2408,customer2408@email.com,UK,2022-07-26
CUST02409,Customer 2409,customer2409@email.com,Australia,2022-07-07
CUST02410,Customer 2410,customer2410@email.com,India,2022-01-24
CUST02411,Customer 2411,customer2411@email.com,India,2022-07-25
CUST02412,Customer 2412,customer2412@email.com,Canada,2022-01-27
CUST02413,Customer 2413,customer2413@email.com,India,2022-10-19
CUST02414,Customer 2414,customer2414@email.com,USA,2022-10-15
CUST02415,Customer 2415,customer2415@email.com,Canada,2022-04-10
CUST02416,Customer 2416,customer2416@email.com,Canada,2022-07-05
CUST02417,Customer 2417,customer2417@email.com,France,2022-10-11
CUST02418,Customer 2418,customer2418@email.com,India,2022-05-28
CUST02419,Customer 2419,customer2419@email.com,Australia,2022-02-07
CUST02420,Customer 2420,customer2420@email.com,Canada,2022-07-17
CUST02421,Customer 2421,customer2421@email.com,Australia,2022-09-16
CUST02422,Customer 2422,customer2422@email.com,USA,2022-08-19
CUST02423,Customer 2423,customer2423@email.com,France,2022-10-09
CUST02424,Customer 2424,customer2424@email.com,UK,2022-05-24
CUST02425,Customer 2425,customer2425@email.com,Australia,2022-11-16
CUST02426,Customer 2426,customer2426@email.com,Canada,2022-12-15
CUST02427,Customer 2427,customer2427@email.com,USA,2022-11-09
CUST02428,Customer 2428,customer2428@email.com,Germany,2022-03-02
CUST02429,Customer 2429,customer2429@email.com,USA,2022-03-07
CUST02430,Customer 2430,customer2430@email.com,USA,2022-02-19
CUST02431,Customer 2431,customer2431@email.com,France,2022-07-21
CUST02432,Customer 2432,customer2432@email.com,UK,2022-07-11
CUST02433,Customer 2433,customer2433@email.com,Germany,2022-06-23
CUST02434,Customer 2434,customer2434@email.com,India,2022-10-13
CUST02435,Customer 2435,customer2435@email.com,India,2022-07-07
CUST02436,Customer 2436,customer2436@email.com,Australia,2022-03-15
CUST02437,Customer 2437,customer2437@email.com,USA,2022-04-12
CUST02438,Customer 2438,customer2438@email.com,France,2022-11-05
CUST02439,Customer 2439,customer2439@email.com,France,2022-09-18
CUST02440,Customer 2440,customer2440@email.com,India,2022-07-25
CUST02441,Customer 2441,customer2441@email.com,Australia,2022-09-14
CUST02442,Customer 2442,customer2442@email.com,Australia,2022-01-21
CUST02443,Customer 2443,customer2443@email.com,Australia,2022-01-24
CUST02444,Customer 2444,customer2444@email.com,Germany,2022-01-20
CUST02445,Customer 2445,customer2445@email.com,UK,2022-03-12
CUST02446,Customer 2446,customer2446@email.com,Germany,2023-01-01
CUST02447,Customer 2447,customer2447@email.com,Canada,2022-06-20
CUST02448,Customer 2448,customer2448@email.com,Canada,2022-08-31
CUST02449,Customer 2449,customer2449@email.com,UK,2022-09-23
CUST02450,Customer 2450,customer2450@email.com,India,2022-08-22
CUST02451,Customer 2451,customer2451@email.com,UK,2022-03-18
CUST02452,Customer 2452,customer2452@email.com,France,2022-11-07
CUST02453,Customer 2453,customer2453@email.com,Canada,2022-09-21
CUST02454,Customer 2454,customer2454@email.com,USA,2022-03-13
CUST02455,Customer 2455,customer2455@email.com,USA,2022-06-17
CUST02456,Customer 2456,customer2456@email.com,India,2022-11-10
CUST02457,Customer 2457,customer2457@email.com,France,2022-06-13
CUST02458,Customer 2458,customer2458@email.com,Germany,2022-03-25
CUST02459,Customer 2459,customer2459@email.com,France,2022-07-21
CUST02460,Customer 2460,customer2460@email.com,USA,2022-11-12
CUST02461,Customer 2461,customer2461@email.com,USA,2022-06-03
CUST02462,Customer 2462,customer2462@email.com,Canada,2022-10-31
CUST02463,Customer 2463,customer2463@email.com,France,2022-06-22
CUST02464,Customer 2464,customer2464@email.com,France,2022-09-17
CUST02465,Customer 2465,customer2465@email.com,USA,2022-09-18
CUST02466,Customer 2466,customer2466@email.com,Germany,2022-09-30
CUST02467,Customer 2467,customer2467@email.com,India,2022-09-08
CUST02468,Customer 2468,customer2468@email.com,Australia,2022-12-29
CUST02469,Customer 2469,customer2469@email.com,India,2022-10-16
CUST02470,Customer 2470,customer2470@email.com,France,2022-06-03
CUST02471,Customer 2471,customer2471@email.com,India,2022-09-01
CUST02472,Customer 2472,customer2472@email.com,USA,2022-01-09
CUST02473,Customer 2473,customer2473@email.com,USA,2022-07-08
CUST02474,Customer 2474,customer2474@email.com,France,2022-06-19
CUST02475,Customer 2475,customer2475@email.com,France,2022-12-11
CUST02476,Customer 2476,customer2476@email.com,Australia,2022-02-26
CUST02477,Customer 2477,customer2477@email.com,Australia,2022-08-02
CUST02478,Customer 2478,customer2478@email.com,Canada,2022-10-26
CUST02479,Customer 2479,customer2479@email.com,France,2022-06-07
CUST02480,Customer 2480,customer2480@email.com,Germany,2022-12-19
CUST02481,Customer 2481,customer2481@email.com,India,2022-11-19
CUST02482,Customer 2482,customer2482@email.com,France,2022-01-14
CUST02483,Customer 2483,customer2483@email.com,UK,2022-11-02
CUST02484,Customer 2484,customer2484@email.com,Canada,2022-08-31
CUST02485,Customer 2485,customer2485@email.com,UK,2022-05-16
CUST02486,Customer 2486,customer2486@email.com,USA,2022-12-02
CUST02487,Customer 2487,customer2487@email.com,Australia,2022-10-24
CUST02488,Customer 2488,customer2488@email.com,India,2022-10-23
CUST02489,Customer 2489,customer2489@email.com,France,2022-04-27
CUST02490,Customer 2490,customer2490@email.com,UK,2022-01-27
CUST02491,Customer 2491,customer2491@email.com,India,2022-10-26
CUST02492,Customer 2492,customer2492@email.com,USA,2022-09-03
CUST02493,Customer 2493,customer2493@email.com,Australia,2022-03-29
CUST02494,Customer 2494,customer2494@email.com,Germany,2022-09-26
CUST02495,Customer 2495,customer2495@email.com,Canada,2022-11-19
CUST02496,Customer 2496,customer2496@email.com,India,2022-11-14
CUST02497,Customer 2497,customer2497@email.com,India,2022-07-14
CUST02498,Customer 2498,customer2498@email.com,Germany,2022-03-17
CUST02499,Customer 2499,customer2499@email.com,India,2022-12-15
CUST02500,Customer 2500,customer2500@email.com,USA,2022-05-05
CUST02501,Customer 2501,customer2501@email.com,USA,2022-01-17
CUST02502,Customer 2502,customer2502@email.com,Germany,2022-10-21
CUST02503,Customer 2503,customer2503@email.com,Canada,2022-12-25
CUST02504,Customer 2504,customer2504@email.com,France,2022-02-26
CUST02505,Customer 2505,customer2505@email.com,UK,2022-04-08
CUST02506,Customer 2506,customer2506@email.com,France,2022-01-10
CUST02507,Customer 2507,customer2507@email.com,India,2022-08-14
CUST02508,Customer 2508,customer2508@email.com,UK,2022-06-10
CUST02509,Customer 2509,customer2509@email.com,Germany,2022-08-03
CUST02510,Customer 2510,customer2510@email.com,Germany,2022-03-19
CUST02511,Customer 2511,customer2511@email.com,Canada,2022-07-31
CUST02512,Customer 2512,customer2512@email.com,UK,2022-12-20
CUST02513,Customer 2513,customer2513@email.com,USA,2022-04-15
CUST02514,Customer 2514,customer2514@email.com,UK,2022-07-30
CUST02515,Customer 2515,customer2515@email.com,India,2022-09-14
CUST02516,Customer 2516,customer2516@email.com,USA,2022-11-10
CUST02517,Customer 2517,customer2517@email.com,Australia,2022-08-30
CUST02518,Customer 2518,customer2518@email.com,Australia,2022-02-01
CUST02519,Customer 2519,customer2519@email.com,Australia,2022-12-28
CUST02520,Customer 2520,customer2520@email.com,Germany,2022-03-12
CUST02521,Customer 2521,customer2521@email.com,UK,2022-09-23
CUST02522,Customer 2522,customer2522@email.com,Australia,2022-04-17
CUST02523,Customer 2523,customer2523@email.com,France,2022-10-15
CUST02524,Customer 2524,customer2524@email.com,Canada,2022-06-16
CUST02525,Customer 2525,customer2525@email.com,France,2022-12-06
CUST02526,Customer 2526,customer2526@email.com,Australia,2022-09-02
CUST02527,Customer 2527,customer2527@email.com,Canada,2022-09-27
CUST02528,Customer 2528,customer2528@email.com,India,2022-07-12
CUST02529,Customer 2529,customer2529@email.com,France,2022-06-10
CUST02530,Customer 2530,customer2530@email.com,UK,2022-03-30
CUST02531,Customer 2531,customer2531@email.com,UK,2022-08-24
CUST02532,Customer 2532,customer2532@email.com,France,2022-09-30
CUST02533,Customer 2533,customer2533@email.com,Australia,2022-06-25
CUST02534,Customer 2534,customer2534@email.com,UK,2022-10-07
CUST02535,Customer 2535,customer2535@email.com,India,2022-07-01
CUST02536,Customer 2536,customer2536@email.com,USA,2022-12-13
CUST02537,Customer 2537,customer2537@email.com,Australia,2022-12-15
CUST02538,Customer 2538,customer2538@email.com,India,2022-11-26
CUST02539,Customer 2539,customer2539@email.com,Canada,2022-12-21
CUST02540,Customer 2540,customer2540@email.com,India,2022-05-16
CUST02541,Customer 2541,customer2541@email.com,Australia,2022-11-09
CUST02542,Customer 2542,customer2542@email.com,Canada,2022-09-05
CUST02543,Customer 2543,customer2543@email.com,Australia,2022-04-09
CUST02544,Customer 2544,customer2544@email.com,UK,2022-05-07
CUST02545,Customer 2545,customer2545@email.com,USA,2022-05-23
CUST02546,Customer 2546,customer2546@email.com,Australia,2022-10-13
CUST02547,Customer 2547,customer2547@email.com,Australia,2022-06-02
CUST02548,Customer 2548,customer2548@email.com,UK,2022-04-26
CUST02549,Customer 2549,customer2549@email.com,Germany,2022-06-02
CUST02550,Customer 2550,customer2550@email.com,UK,2022-05-28
CUST02551,Customer 2551,customer2551@email.com,Canada,2022-12-27
CUST02552,Customer 2552,customer2552@email.com,UK,2022-04-17
CUST02553,Customer 2553,customer2553@email.com,UK,2022-12-20
CUST02554,Customer 2554,customer2554@email.com,USA,2022-12-27
CUST02555,Customer 2555,customer2555@email.com,UK,2022-09-08
CUST02556,Customer 2556,customer2556@email.com,Australia,2022-06-12
CUST02557,Customer 2557,customer2557@email.com,USA,2022-09-03
CUST02558,Customer 2558,customer2558@email.com,France,2022-06-28
CUST02559,Customer 2559,customer2559@email.com,Germany,2022-10-14
CUST02560,Customer 2560,customer2560@email.com,USA,2022-05-21
CUST02561,Customer 2561,customer2561@email.com,Canada,2022-05-28
CUST02562,Customer 2562,customer2562@email.com,France,2022-03-04
CUST02563,Customer 2563,customer2563@email.com,USA,2022-10-21
CUST02564,Customer 2564,customer2564@email.com,USA,2022-12-13
CUST02565,Customer 2565,customer2565@email.com,Germany,2022-10-06
CUST02566,Customer 2566,customer2566@email.com,Australia,2022-07-14
CUST02567,Customer 2567,customer2567@email.com,Canada,2022-07-22
CUST02568,Customer 2568,customer2568@email.com,India,2022-06-26
CUST02569,Customer 2569,customer2569@email.com,India,2022-03-16
CUST02570,Customer 2570,customer2570@email.com,USA,2022-05-29
CUST02571,Customer 2571,customer2571@email.com,UK,2022-01-22
CUST02572,Customer 2572,customer2572@email.com,Canada,2022-05-28
CUST02573,Customer 2573,customer2573@email.com,France,2023-01-01
CUST02574,Customer 2574,customer2574@email.com,UK,2022-02-10
CUST02575,Customer 2575,customer2575@email.com,UK,2022-06-27
CUST02576,Customer 2576,customer2576@email.com,Canada,2022-08-15
CUST02577,Customer 2577,customer2577@email.com,Australia,2022-12-02
CUST02578,Customer 2578,customer2578@email.com,USA,2022-05-12
CUST02579,Customer 2579,customer2579@email.com,USA,2022-09-03
CUST02580,Customer 2580,customer2580@email.com,USA,2022-04-20
CUST02581,Customer 2581,customer2581@email.com,USA,2022-04-14
CUST02582,Customer 2582,customer2582@email.com,India,2022-10-03
CUST02583,Customer 2583,customer2583@email.com,USA,2022-05-19
CUST02584,Customer 2584,customer2584@email.com,India,2022-10-15
CUST02585,Customer 2585,customer2585@email.com,India,2022-12-23
CUST02586,Customer 2586,customer2586@email.com,Australia,2022-05-20
CUST02587,Customer 2587,customer2587@email.com,USA,2022-03-12
CUST02588,Customer 2588,customer2588@email.com,Germany,2022-02-25
CUST02589,Customer 2589,customer2589@email.com,France,2022-11-12
CUST02590,Customer 2590,customer2590@email.com,UK,2022-10-28
CUST02591,Customer 2591,customer2591@email.com,India,2022-05-03
CUST02592,Customer 2592,customer2592@email.com,Canada,2022-05-05
CUST02593,Customer 2593,customer2593@email.com,Canada,2022-01-26
CUST02594,Customer 2594,customer2594@email.com,France,2022-12-09
CUST02595,Customer 2595,customer2595@email.com,Canada,2022-09-29
CUST02596,Customer 2596,customer2596@email.com,Germany,2022-04-26
CUST02597,Customer 2597,customer2597@email.com,Canada,2022-11-23
CUST02598,Customer 2598,customer2598@email.com,UK,2022-04-30
CUST02599,Customer 2599,customer2599@email.com,UK,2022-01-27
CUST02600,Customer 2600,customer2600@email.com,India,2022-02-21
CUST02601,Customer 2601,customer2601@email.com,USA,2022-07-31
CUST02602,Customer 2602,customer2602@email.com,Australia,2022-06-19
CUST02603,Customer 2603,customer2603@email.com,Germany,2022-08-30
CUST02604,Customer 2604,customer2604@email.com,India,2022-02-21
CUST02605,Customer 2605,customer2605@email.com,Germany,2022-12-15
CUST02606,Customer 2606,customer2606@email.com,USA,2022-03-12
CUST02607,Customer 2607,customer2607@email.com,Canada,2022-01-03
CUST02608,Customer 2608,customer2608@email.com,Canada,2022-10-09
CUST02609,Customer 2609,customer2609@email.com,Australia,2022-03-22
CUST02610,Customer 2610,customer2610@email.com,USA,2022-07-28
CUST02611,Customer 2611,customer2611@email.com,India,2022-12-01
CUST02612,Customer 2612,customer2612@email.com,Australia,2022-09-01
CUST02613,Customer 2613,customer2613@email.com,USA,2022-09-02
CUST02614,Customer 2614,customer2614@email.com,France,2022-11-30
CUST02615,Customer 2615,customer2615@email.com,UK,2022-04-13
CUST02616,Customer 2616,customer2616@email.com,Australia,2022-05-28
CUST02617,Customer 2617,customer2617@email.com,Australia,2022-06-14
CUST02618,Customer 2618,customer2618@email.com,India,2022-05-27
CUST02619,Customer 2619,customer2619@email.com,Germany,2022-11-27
CUST02620,Customer 2620,customer2620@email.com,France,2022-01-31
CUST02621,Customer 2621,customer2621@email.com,India,2022-02-15
CUST02622,Customer 2622,customer2622@email.com,USA,2022-11-30
CUST02623,Customer 2623,customer2623@email.com,USA,2022-10-21
CUST02624,Customer 2624,customer2624@email.com,USA,2022-04-29
CUST02625,Customer 2625,customer2625@email.com,USA,2022-10-01
CUST02626,Customer 2626,customer2626@email.com,Germany,2022-01-20
CUST02627,Customer 2627,customer2627@email.com,France,2022-03-31
CUST02628,Customer 2628,customer2628@email.com,Canada,2022-08-02
CUST02629,Customer 2629,customer2629@email.com,UK,2022-04-01
CUST02630,Customer 2630,customer2630@email.com,Germany,2022-01-19
CUST02631,Customer 2631,customer2631@email.com,Germany,2022-07-23
CUST02632,Customer 2632,customer2632@email.com,Canada,2022-09-11
CUST02633,Customer 2633,customer2633@email.com,Canada,2022-04-06
CUST02634,Customer 2634,customer2634@email.com,UK,2022-05-29
CUST02635,Customer 2635,customer2635@email.com,UK,2022-01-20
CUST02636,Customer 2636,customer2636@email.com,Canada,2022-01-05
CUST02637,Customer 2637,customer2637@email.com,USA,2022-06-02
CUST02638,Customer 2638,customer2638@email.com,Germany,2022-10-18
CUST02639,Customer 2639,customer2639@email.com,India,2022-11-05
CUST02640,Customer 2640,customer2640@email.com,UK,2022-02-24
CUST02641,Customer 2641,customer2641@email.com,UK,2022-06-21
CUST02642,Customer 2642,customer2642@email.com,Canada,2022-05-26
CUST02643,Customer 2643,customer2643@email.com,France,2022-08-21
CUST02644,Customer 2644,customer2644@email.com,India,2022-11-25
CUST02645,Customer 2645,customer2645@email.com,India,2022-10-06
CUST02646,Customer 2646,customer2646@email.com,UK,2022-09-26
CUST02647,Customer 2647,customer2647@email.com,USA,2022-09-10
CUST02648,Customer 2648,customer2648@email.com,France,2022-03-10
CUST02649,Customer 2649,customer2649@email.com,India,2022-09-16
CUST02650,Customer 2650,customer2650@email.com,UK,2022-08-28
CUST02651,Customer 2651,customer2651@email.com,India,2022-05-20
CUST02652,Customer 2652,customer2652@email.com,Australia,2022-04-09
CUST02653,Customer 2653,customer2653@email.com,France,2022-02-27
CUST02654,Customer 2654,customer2654@email.com,France,2022-06-19
CUST02655,Customer 2655,customer2655@email.com,Australia,2022-03-25
CUST02656,Customer 2656,customer2656@email.com,Germany,2022-08-23
CUST02657,Customer 2657,customer2657@email.com,Australia,2022-11-28
CUST02658,Customer 2658,customer2658@email.com,Canada,2022-05-12
CUST02659,Customer 2659,customer2659@email.com,Canada,2022-04-06
CUST02660,Customer 2660,customer2660@email.com,UK,2022-01-08
CUST02661,Customer 2661,customer2661@email.com,France,2022-06-22
CUST02662,Customer 2662,customer2662@email.com,Germany,2022-06-01
CUST02663,Customer 2663,customer2663@email.com,Germany,2022-10-18
CUST02664,Customer 2664,customer2664@email.com,India,2022-12-12
CUST02665,Customer 2665,customer2665@email.com,India,2022-04-09
CUST02666,Customer 2666,customer2666@email.com,Australia,2022-03-31
CUST02667,Customer 2667,customer2667@email.com,Germany,2022-11-09
CUST02668,Customer 2668,customer2668@email.com,Australia,2022-11-24
CUST02669,Customer 2669,customer2669@email.com,Australia,2022-07-27
CUST02670,Customer 2670,customer2670@email.com,India,2022-08-07
CUST02671,Customer 2671,customer2671@email.com,France,2022-09-21
CUST02672,Customer 2672,customer2672@email.com,Australia,2022-06-17
CUST02673,Customer 2673,customer2673@email.com,USA,2022-02-14
CUST02674,Customer 2674,customer2674@email.com,France,2022-07-25
CUST02675,Customer 2675,customer2675@email.com,Germany,2022-12-09
CUST02676,Customer 2676,customer2676@email.com,Germany,2022-02-18
CUST02677,Customer 2677,customer2677@email.com,Australia,2022-04-05
CUST02678,Customer 2678,customer2678@email.com,France,2022-03-13
CUST02679,Customer 2679,customer2679@email.com,India,2022-09-02
CUST02680,Customer 2680,customer2680@email.com,India,2022-06-15
CUST02681,Customer 2681,customer2681@email.com,Canada,2022-05-08
CUST02682,Customer 2682,customer2682@email.com,Germany,2022-01-04
CUST02683,Customer 2683,customer2683@email.com,UK,2022-05-14
CUST02684,Customer 2684,customer2684@email.com,Canada,2022-07-16
CUST02685,Customer 2685,customer2685@email.com,India,2022-05-01
CUST02686,Customer 2686,customer2686@email.com,France,2022-08-17
CUST02687,Customer 2687,customer2687@email.com,India,2022-05-17
CUST02688,Customer 2688,customer2688@email.com,France,2022-06-18
CUST02689,Customer 2689,customer2689@email.com,Canada,2022-06-04
CUST02690,Customer 2690,customer2690@email.com,Germany,2022-10-26
CUST02691,Customer 2691,customer2691@email.com,India,2022-10-21
CUST02692,Customer 2692,customer2692@email.com,Australia,2022-01-06
CUST02693,Customer 2693,customer2693@email.com,France,2022-05-14
CUST02694,Customer 2694,customer2694@email.com,Germany,2022-12-01
CUST02695,Customer 2695,customer2695@email.com,UK,2022-07-04
CUST02696,Customer 2696,customer2696@email.com,France,2022-12-21
CUST02697,Customer 2697,customer2697@email.com,Canada,2022-05-01
CUST02698,Customer 2698,customer2698@email.com,UK,2022-02-01
CUST02699,Customer 2699,customer2699@email.com,UK,2022-12-08
CUST02700,Customer 2700,customer2700@email.com,USA,2022-03-02
CUST02701,Customer 2701,customer2701@email.com,India,2022-08-27
CUST02702,Customer 2702,customer2702@email.com,France,2022-06-07
CUST02703,Customer 2703,customer2703@email.com,UK,2022-03-23
CUST02704,Customer 2704,customer2704@email.com,USA,2022-07-27
CUST02705,Customer 2705,customer2705@email.com,Canada,2022-12-18
CUST02706,Customer 2706,customer2706@email.com,Germany,2022-09-15
CUST02707,Customer 2707,customer2707@email.com,Australia,2022-12-27
CUST02708,Customer 2708,customer2708@email.com,Australia,2022-06-09
CUST02709,Customer 2709,customer2709@email.com,France,2022-12-20
CUST02710,Customer 2710,customer2710@email.com,UK,2022-03-02
CUST02711,Customer 2711,customer2711@email.com,Australia,2022-11-24
CUST02712,Customer 2712,customer2712@email.com,India,2022-06-01
CUST02713,Customer 2713,customer2713@email.com,Australia,2022-07-08
CUST02714,Customer 2714,customer2714@email.com,Australia,2022-11-11
CUST02715,Customer 2715,customer2715@email.com,Australia,2022-04-24
CUST02716,Customer 2716,customer2716@email.com,USA,2022-04-23
CUST02717,Customer 2717,customer2717@email.com,UK,2022-03-10
CUST02718,Customer 2718,customer2718@email.com,India,2022-09-02
CUST02719,Customer 2719,customer2719@email.com,UK,2022-03-20
CUST02720,Customer 2720,customer2720@email.com,France,2022-08-21
CUST02721,Customer 2721,customer2721@email.com,France,2022-11-07
CUST02722,Customer 2722,customer2722@email.com,France,2022-07-11
CUST02723,Customer 2723,customer2723@email.com,Canada,2022-08-01
CUST02724,Customer 2724,customer2724@email.com,Australia,2022-12-26
CUST02725,Customer 2725,customer2725@email.com,Canada,2022-10-09
CUST02726,Customer 2726,customer2726@email.com,USA,2022-08-30
CUST02727,Customer 2727,customer2727@email.com,France,2022-10-03
CUST02728,Customer 2728,customer2728@email.com,India,2022-12-07
CUST02729,Customer 2729,customer2729@email.com,UK,2022-04-22
CUST02730,Customer 2730,customer2730@email.com,Australia,2022-05-07
CUST02731,Customer 2731,customer2731@email.com,Germany,2022-12-15
CUST02732,Customer 2732,customer2732@email.com,India,2022-11-02
CUST02733,Customer 2733,customer2733@email.com,Australia,2022-02-11
CUST02734,Customer 2734,customer2734@email.com,Canada,2022-09-27
CUST02735,Customer 2735,customer2735@email.com,Canada,2022-08-17
CUST02736,Customer 2736,customer2736@email.com,India,2022-09-28
CUST02737,Customer 2737,customer2737@email.com,Canada,2022-12-27
CUST02738,Customer 2738,customer2738@email.com,France,2022-07-05
CUST02739,Customer 2739,customer2739@email.com,USA,2022-02-09
CUST02740,Customer 2740,customer2740@email.com,UK,2022-10-16
CUST02741,Customer 2741,customer2741@email.com,USA,2022-02-27
CUST02742,Customer 2742,customer2742@email.com,Australia,2022-02-01
CUST02743,Customer 2743,customer2743@email.com,UK,2022-10-08
CUST02744,Customer 2744,customer2744@email.com,UK,2022-09-16
CUST02745,Customer 2745,customer2745@email.com,USA,2022-04-14
CUST02746,Customer 2746,customer2746@email.com,India,2022-10-21
CUST02747,Customer 2747,customer2747@email.com,UK,2022-10-02
CUST02748,Customer 2748,customer2748@email.com,USA,2022-03-18
CUST02749,Customer 2749,customer2749@email.com,UK,2022-03-26
CUST02750,Customer 2750,customer2750@email.com,Germany,2022-06-17
CUST02751,Customer 2751,customer2751@email.com,India,2022-09-24
CUST02752,Customer 2752,customer2752@email.com,France,2022-08-15
CUST02753,Customer 2753,customer2753@email.com,UK,2022-03-01
CUST02754,Customer 2754,customer2754@email.com,Germany,2022-12-15
CUST02755,Customer 2755,customer2755@email.com,France,2022-04-16
CUST02756,Customer 2756,customer2756@email.com,France,2022-10-26
CUST02757,Customer 2757,customer2757@email.com,Australia,2022-09-08
CUST02758,Customer 2758,customer2758@email.com,UK,2022-02-16
CUST02759,Customer 2759,customer2759@email.com,USA,2022-09-19
CUST02760,Customer 2760,customer2760@email.com,UK,2022-08-17
CUST02761,Customer 2761,customer2761@email.com,Germany,2022-01-29
CUST02762,Customer 2762,customer2762@email.com,France,2022-08-21
CUST02763,Customer 2763,customer2763@email.com,UK,2022-03-09
CUST02764,Customer 2764,customer2764@email.com,USA,2022-09-20
CUST02765,Customer 2765,customer2765@email.com,Australia,2022-08-01
CUST02766,Customer 2766,customer2766@email.com,UK,2022-08-22
CUST02767,Customer 2767,customer2767@email.com,India,2022-10-16
CUST02768,Customer 2768,customer2768@email.com,Australia,2022-01-30
CUST02769,Customer 2769,customer2769@email.com,USA,2022-10-14
CUST02770,Customer 2770,customer2770@email.com,Germany,2022-08-25
CUST02771,Customer 2771,customer2771@email.com,France,2022-12-11
CUST02772,Customer 2772,customer2772@email.com,UK,2022-06-07
CUST02773,Customer 2773,customer2773@email.com,USA,2022-01-12
CUST02774,Customer 2774,customer2774@email.com,Australia,2022-07-22
CUST02775,Customer 2775,customer2775@email.com,India,2022-05-11
CUST02776,Customer 2776,customer2776@email.com,USA,2022-01-02
CUST02777,Customer 2777,customer2777@email.com,Canada,2022-04-22
CUST02778,Customer 2778,customer2778@email.com,India,2022-10-24
CUST02779,Customer 2779,customer2779@email.com,Australia,2022-02-07
CUST02780,Customer 2780,customer2780@email.com,Germany,2022-01-24
CUST02781,Customer 2781,customer2781@email.com,France,2022-08-05
CUST02782,Customer 2782,customer2782@email.com,Australia,2022-06-26
CUST02783,Customer 2783,customer2783@email.com,Germany,2022-12-25
CUST02784,Customer 2784,customer2784@email.com,UK,2022-02-02
CUST02785,Customer 2785,customer2785@email.com,USA,2022-10-05
CUST02786,Customer 2786,customer2786@email.com,Canada,2022-01-31
CUST02787,Customer 2787,customer2787@email.com,India,2022-02-05
CUST02788,Customer 2788,customer2788@email.com,India,2022-08-30
CUST02789,Customer 2789,customer2789@email.com,USA,2022-01-17
CUST02790,Customer 2790,customer2790@email.com,Canada,2022-05-27
CUST02791,Customer 2791,customer2791@email.com,USA,2022-07-29
CUST02792,Customer 2792,customer2792@email.com,UK,2022-04-03
CUST02793,Customer 2793,customer2793@email.com,Germany,2022-03-11
CUST02794,Customer 2794,customer2794@email.com,Australia,2022-11-25
CUST02795,Customer 2795,customer2795@email.com,India,2022-11-27
CUST02796,Customer 2796,customer2796@email.com,UK,2022-08-04
CUST02797,Customer 2797,customer2797@email.com,Germany,2022-07-11
CUST02798,Customer 2798,customer2798@email.com,UK,2022-07-15
CUST02799,Customer 2799,customer2799@email.com,Canada,2022-08-18
CUST02800,Customer 2800,customer2800@email.com,India,2022-07-13
CUST02801,Customer 2801,customer2801@email.com,Australia,2022-07-12
CUST02802,Customer 2802,customer2802@email.com,USA,2022-02-11
CUST02803,Customer 2803,customer2803@email.com,USA,2022-12-16
CUST02804,Customer 2804,customer2804@email.com,Germany,2022-12-05
CUST02805,Customer 2805,customer2805@email.com,Australia,2022-10-04
CUST02806,Customer 2806,customer2806@email.com,France,2022-03-10
CUST02807,Customer 2807,customer2807@email.com,Canada,2022-12-01
CUST02808,Customer 2808,customer2808@email.com,Germany,2022-06-28
CUST02809,Customer 2809,customer2809@email.com,France,2022-03-02
CUST02810,Customer 2810,customer2810@email.com,UK,2022-04-02
CUST02811,Customer 2811,customer2811@email.com,Canada,2022-10-03
CUST02812,Customer 2812,customer2812@email.com,UK,2022-07-21
CUST02813,Customer 2813,customer2813@email.com,Australia,2022-09-28
CUST02814,Customer 2814,customer2814@email.com,India,2022-03-07
CUST02815,Customer 2815,customer2815@email.com,Canada,2022-04-25
CUST02816,Customer 2816,customer2816@email.com,France,2022-01-02
CUST02817,Customer 2817,customer2817@email.com,India,2022-01-12
CUST02818,Customer 2818,customer2818@email.com,USA,2022-06-02
CUST02819,Customer 2819,customer2819@email.com,France,2022-08-26
CUST02820,Customer 2820,customer2820@email.com,Germany,2022-12-11
CUST02821,Customer 2821,customer2821@email.com,USA,2022-10-06
CUST02822,Customer 2822,customer2822@email.com,USA,2022-08-06
CUST02823,Customer 2823,customer2823@email.com,Germany,2022-09-30
CUST02824,Customer 2824,customer2824@email.com,Canada,2022-07-14
CUST02825,Customer 2825,customer2825@email.com,USA,2022-04-28
CUST02826,Customer 2826,customer2826@email.com,Australia,2022-05-07
CUST02827,Customer 2827,customer2827@email.com,France,2022-08-24
CUST02828,Customer 2828,customer2828@email.com,India,2022-06-27
CUST02829,Customer 2829,customer2829@email.com,USA,2022-03-21
CUST02830,Customer 2830,customer2830@email.com,France,2022-05-22
CUST02831,Customer 2831,customer2831@email.com,UK,2022-04-07
CUST02832,Customer 2832,customer2832@email.com,France,2022-02-27
CUST02833,Customer 2833,customer2833@email.com,India,2022-01-17
CUST02834,Customer 2834,customer2834@email.com,France,2022-12-05
CUST02835,Customer 2835,customer2835@email.com,Germany,2022-08-03
CUST02836,Customer 2836,customer2836@email.com,India,2022-11-11
CUST02837,Customer 2837,customer2837@email.com,Canada,2022-01-09
CUST02838,Customer 2838,customer2838@email.com,UK,2022-05-04
CUST02839,Customer 2839,customer2839@email.com,Germany,2022-04-16
CUST02840,Customer 2840,customer2840@email.com,Canada,2022-02-04
CUST02841,Customer 2841,customer2841@email.com,France,2022-02-21
CUST02842,Customer 2842,customer2842@email.com,India,2022-11-01
CUST02843,Customer 2843,customer2843@email.com,UK,2022-01-18
CUST02844,Customer 2844,customer2844@email.com,Germany,2022-08-17
CUST02845,Customer 2845,customer2845@email.com,Canada,2022-11-03
CUST02846,Customer 2846,customer2846@email.com,Canada,2022-12-11
CUST02847,Customer 2847,customer2847@email.com,UK,2022-12-27
CUST02848,Customer 2848,customer2848@email.com,Australia,2022-01-25
CUST02849,Customer 2849,customer2849@email.com,France,2022-05-06
CUST02850,Customer 2850,customer2850@email.com,UK,2022-01-23
CUST02851,Customer 2851,customer2851@email.com,Canada,2022-07-25
CUST02852,Customer 2852,customer2852@email.com,USA,2022-08-13
CUST02853,Customer 2853,customer2853@email.com,Germany,2022-04-30
CUST02854,Customer 2854,customer2854@email.com,UK,2022-10-04
CUST02855,Customer 2855,customer2855@email.com,Australia,2022-04-22
CUST02856,Customer 2856,customer2856@email.com,Canada,2022-01-29
CUST02857,Customer 2857,customer2857@email.com,France,2022-03-13
CUST02858,Customer 2858,customer2858@email.com,Canada,2022-09-15
CUST02859,Customer 2859,customer2859@email.com,France,2022-05-29
CUST02860,Customer 2860,customer2860@email.com,UK,2022-04-30
CUST02861,Customer 2861,customer2861@email.com,France,2022-10-22
CUST02862,Customer 2862,customer2862@email.com,India,2022-06-13
CUST02863,Customer 2863,customer2863@email.com,India,2022-10-23
CUST02864,Customer 2864,customer2864@email.com,India,2022-11-03
CUST02865,Customer 2865,customer2865@email.com,Australia,2022-12-11
CUST02866,Customer 2866,customer2866@email.com,Australia,2022-06-14
CUST02867,Customer 2867,customer2867@email.com,USA,2022-05-02
CUST02868,Customer 2868,customer2868@email.com,Australia,2022-06-04
CUST02869,Customer 2869,customer2869@email.com,UK,2022-03-15
CUST02870,Customer 2870,customer2870@email.com,Canada,2022-12-05
CUST02871,Customer 2871,customer2871@email.com,Canada,2022-09-24
CUST02872,Customer 2872,customer2872@email.com,USA,2022-04-24
CUST02873,Customer 2873,customer2873@email.com,Australia,2022-07-31
CUST02874,Customer 2874,customer2874@email.com,France,2022-06-03
CUST02875,Customer 2875,customer2875@email.com,USA,2022-05-21
CUST02876,Customer 2876,customer2876@email.com,France,2022-02-01
CUST02877,Customer 2877,customer2877@email.com,France,2022-10-13
CUST02878,Customer 2878,customer2878@email.com,Germany,2022-10-30
CUST02879,Customer 2879,customer2879@email.com,Canada,2022-03-31
CUST02880,Customer 2880,customer2880@email.com,India,2022-11-17
CUST02881,Customer 2881,customer2881@email.com,Australia,2022-12-14
CUST02882,Customer 2882,customer2882@email.com,France,2022-08-07
CUST02883,Customer 2883,customer2883@email.com,Germany,2022-10-12
CUST02884,Customer 2884,customer2884@email.com,Canada,2022-09-11
CUST02885,Customer 2885,customer2885@email.com,India,2022-01-25
CUST02886,Customer 2886,customer2886@email.com,France,2022-06-26
CUST02887,Customer 2887,customer2887@email.com,France,2022-11-26
CUST02888,Customer 2888,customer2888@email.com,USA,2022-12-10
CUST02889,Customer 2889,customer2889@email.com,USA,2022-07-15
CUST02890,Customer 2890,customer2890@email.com,Canada,2022-09-26
CUST02891,Customer 2891,customer2891@email.com,India,2022-06-13
CUST02892,Customer 2892,customer2892@email.com,France,2022-12-23
CUST02893,Customer 2893,customer2893@email.com,Canada,2022-08-02
CUST02894,Customer 2894,customer2894@email.com,Canada,2022-07-29
CUST02895,Customer 2895,customer2895@email.com,UK,2022-03-18
CUST02896,Customer 2896,customer2896@email.com,Australia,2022-06-03
CUST02897,Customer 2897,customer2897@email.com,USA,2022-07-12
CUST02898,Customer 2898,customer2898@email.com,India,2022-04-05
CUST02899,Customer 2899,customer2899@email.com,France,2022-10-03
CUST02900,Customer 2900,customer2900@email.com,Canada,2022-08-31
CUST02901,Customer 2901,customer2901@email.com,France,2022-05-04
CUST02902,Customer 2902,customer2902@email.com,UK,2022-04-26
CUST02903,Customer 2903,customer2903@email.com,India,2022-06-03
CUST02904,Customer 2904,customer2904@email.com,Canada,2022-12-29
CUST02905,Customer 2905,customer2905@email.com,France,2022-03-15
CUST02906,Customer 2906,customer2906@email.com,USA,2022-08-26
CUST02907,Customer 2907,customer2907@email.com,Australia,2022-01-30
CUST02908,Customer 2908,customer2908@email.com,UK,2022-10-15
CUST02909,Customer 2909,customer2909@email.com,India,2022-07-31
CUST02910,Customer 2910,customer2910@email.com,UK,2022-08-02
CUST02911,Customer 2911,customer2911@email.com,USA,2022-10-13
CUST02912,Customer 2912,customer2912@email.com,India,2022-09-29
CUST02913,Customer 2913,customer2913@email.com,UK,2022-03-10
CUST02914,Customer 2914,customer2914@email.com,Germany,2022-07-18
CUST02915,Customer 2915,customer2915@email.com,USA,2022-05-05
CUST02916,Customer 2916,customer2916@email.com,USA,2022-05-11
CUST02917,Customer 2917,customer2917@email.com,USA,2022-04-15
CUST02918,Customer 2918,customer2918@email.com,Germany,2022-06-19
CUST02919,Customer 2919,customer2919@email.com,Germany,2022-11-28
CUST02920,Customer 2920,customer2920@email.com,France,2022-02-10
CUST02921,Customer 2921,customer2921@email.com,Canada,2022-08-19
CUST02922,Customer 2922,customer2922@email.com,Australia,2022-07-09
CUST02923,Customer 2923,customer2923@email.com,UK,2022-02-17
CUST02924,Customer 2924,customer2924@email.com,France,2022-10-02
CUST02925,Customer 2925,customer2925@email.com,UK,2022-04-08
CUST02926,Customer 2926,customer2926@email.com,Australia,2022-01-27
CUST02927,Customer 2927,customer2927@email.com,Canada,2022-05-18
CUST02928,Customer 2928,customer2928@email.com,Germany,2022-07-13
CUST02929,Customer 2929,customer2929@email.com,Canada,2022-12-11
CUST02930,Customer 2930,customer2930@email.com,Germany,2022-11-06
CUST02931,Customer 2931,customer2931@email.com,Australia,2022-11-05
CUST02932,Customer 2932,customer2932@email.com,Canada,2022-01-21
CUST02933,Customer 2933,customer2933@email.com,France,2022-02-07
CUST02934,Customer 2934,customer2934@email.com,India,2022-04-07
CUST02935,Customer 2935,customer2935@email.com,France,2022-10-28
CUST02936,Customer 2936,customer2936@email.com,UK,2022-12-10
CUST02937,Customer 2937,customer2937@email.com,France,2022-10-14
CUST02938,Customer 2938,customer2938@email.com,Australia,2022-04-22
CUST02939,Customer 2939,customer2939@email.com,USA,2022-09-03
CUST02940,Customer 2940,customer2940@email.com,UK,2022-04-17
CUST02941,Customer 2941,customer2941@email.com,Canada,2022-06-20
CUST02942,Customer 2942,customer2942@email.com,UK,2022-06-05
CUST02943,Customer 2943,customer2943@email.com,India,2022-01-08
CUST02944,Customer 2944,customer2944@email.com,Germany,2022-04-19
CUST02945,Customer 2945,customer2945@email.com,Canada,2022-04-08
CUST02946,Customer 2946,customer2946@email.com,UK,2022-03-02
CUST02947,Customer 2947,customer2947@email.com,Canada,2022-09-03
CUST02948,Customer 2948,customer2948@email.com,Canada,2022-05-05
CUST02949,Customer 2949,customer2949@email.com,Canada,2022-12-23
CUST02950,Customer 2950,customer2950@email.com,Germany,2022-11-06
CUST02951,Customer 2951,customer2951@email.com,Australia,2022-12-27
CUST02952,Customer 2952,customer2952@email.com,France,2022-04-15
CUST02953,Customer 2953,customer2953@email.com,Canada,2022-07-23
CUST02954,Customer 2954,customer2954@email.com,USA,2022-05-03
CUST02955,Customer 2955,customer2955@email.com,Australia,2022-10-10
CUST02956,Customer 2956,customer2956@email.com,India,2022-06-14
CUST02957,Customer 2957,customer2957@email.com,Germany,2022-05-25
CUST02958,Customer 2958,customer2958@email.com,UK,2022-07-14
CUST02959,Customer 2959,customer2959@email.com,Germany,2022-08-27
CUST02960,Customer 2960,customer2960@email.com,UK,2022-10-01
CUST02961,Customer 2961,customer2961@email.com,Germany,2022-11-29
CUST02962,Customer 2962,customer2962@email.com,UK,2022-07-03
CUST02963,Customer 2963,customer2963@email.com,Canada,2022-06-07
CUST02964,Customer 2964,customer2964@email.com,France,2022-05-14
CUST02965,Customer 2965,customer2965@email.com,UK,2022-07-04
CUST02966,Customer 2966,customer2966@email.com,UK,2022-09-20
CUST02967,Customer 2967,customer2967@email.com,USA,2022-09-12
CUST02968,Customer 2968,customer2968@email.com,UK,2022-08-27
CUST02969,Customer 2969,customer2969@email.com,USA,2022-02-20
CUST02970,Customer 2970,customer2970@email.com,India,2022-08-29
CUST02971,Customer 2971,customer2971@email.com,Canada,2022-06-13
CUST02972,Customer 2972,customer2972@email.com,USA,2022-04-15
CUST02973,Customer 2973,customer2973@email.com,France,2022-07-09
CUST02974,Customer 2974,customer2974@email.com,Australia,2022-06-10
CUST02975,Customer 2975,customer2975@email.com,Canada,2022-07-31
CUST02976,Customer 2976,customer2976@email.com,USA,2022-01-24
CUST02977,Customer 2977,customer2977@email.com,Canada,2022-10-16
CUST02978,Customer 2978,customer2978@email.com,Canada,2022-04-24
CUST02979,Customer 2979,customer2979@email.com,Canada,2022-03-16
CUST02980,Customer 2980,customer2980@email.com,India,2022-01-09
CUST02981,Customer 2981,customer2981@email.com,France,2022-05-14
CUST02982,Customer 2982,customer2982@email.com,Germany,2022-10-11
CUST02983,Customer 2983,customer2983@email.com,Germany,2022-10-27
CUST02984,Customer 2984,customer2984@email.com,USA,2022-10-24
CUST02985,Customer 2985,customer2985@email.com,Canada,2022-08-02
CUST02986,Customer 2986,customer2986@email.com,USA,2022-06-01
CUST02987,Customer 2987,customer2987@email.com,India,2022-03-20
CUST02988,Customer 2988,customer2988@email.com,India,2022-04-11
CUST02989,Customer 2989,customer2989@email.com,UK,2022-06-18
CUST02990,Customer 2990,customer2990@email.com,India,2022-04-28
CUST02991,Customer 2991,customer2991@email.com,UK,2022-07-14
CUST02992,Customer 2992,customer2992@email.com,France,2022-10-19
CUST02993,Customer 2993,customer2993@email.com,USA,2022-05-06
CUST02994,Customer 2994,customer2994@email.com,Australia,2022-09-13
CUST02995,Customer 2995,customer2995@email.com,France,2022-10-09
CUST02996,Customer 2996,customer2996@email.com,India,2022-12-02
CUST02997,Customer 2997,customer2997@email.com,France,2022-12-17
CUST02998,Customer 2998,customer2998@email.com,France,2022-06-22
CUST02999,Customer 2999,customer2999@email.com,France,2022-05-12
CUST03000,Customer 3000,customer3000@email.com,India,2022-09-08
CUST03001,Customer 3001,customer3001@email.com,Australia,2022-11-25
CUST03002,Customer 3002,customer3002@email.com,Canada,2022-09-09
CUST03003,Customer 3003,customer3003@email.com,France,2022-08-24
CUST03004,Customer 3004,customer3004@email.com,UK,2022-03-28
CUST03005,Customer 3005,customer3005@email.com,India,2022-06-30
CUST03006,Customer 3006,customer3006@email.com,France,2022-03-28
CUST03007,Customer 3007,customer3007@email.com,Australia,2022-03-13
CUST03008,Customer 3008,customer3008@email.com,Canada,2022-10-07
CUST03009,Customer 3009,customer3009@email.com,India,2022-09-08
CUST03010,Customer 3010,customer3010@email.com,Germany,2022-04-05
CUST03011,Customer 3011,customer3011@email.com,Canada,2022-10-05
CUST03012,Customer 3012,customer3012@email.com,UK,2022-11-25
CUST03013,Customer 3013,customer3013@email.com,France,2022-01-31
CUST03014,Customer 3014,customer3014@email.com,Australia,2022-09-26
CUST03015,Customer 3015,customer3015@email.com,Germany,2022-01-18
CUST03016,Customer 3016,customer3016@email.com,Australia,2022-02-08
CUST03017,Customer 3017,customer3017@email.com,Germany,2022-12-09
CUST03018,Customer 3018,customer3018@email.com,India,2022-01-25
CUST03019,Customer 3019,customer3019@email.com,Germany,2022-01-04
CUST03020,Customer 3020,customer3020@email.com,UK,2022-07-31
CUST03021,Customer 3021,customer3021@email.com,UK,2022-03-12
CUST03022,Customer 3022,customer3022@email.com,USA,2022-11-19
CUST03023,Customer 3023,customer3023@email.com,UK,2022-04-29
CUST03024,Customer 3024,customer3024@email.com,Canada,2022-02-04
CUST03025,Customer 3025,customer3025@email.com,Germany,2022-12-29
CUST03026,Customer 3026,customer3026@email.com,UK,2022-03-19
CUST03027,Customer 3027,customer3027@email.com,India,2022-01-05
CUST03028,Customer 3028,customer3028@email.com,Australia,2022-04-22
CUST03029,Customer 3029,customer3029@email.com,Australia,2022-09-16
CUST03030,Customer 3030,customer3030@email.com,USA,2022-08-22
CUST03031,Customer 3031,customer3031@email.com,Australia,2022-07-11
CUST03032,Customer 3032,customer3032@email.com,Germany,2022-01-31
CUST03033,Customer 3033,customer3033@email.com,USA,2022-11-13
CUST03034,Customer 3034,customer3034@email.com,Germany,2022-11-23
CUST03035,Customer 3035,customer3035@email.com,India,2022-12-08
CUST03036,Customer 3036,customer3036@email.com,USA,2022-11-12
CUST03037,Customer 3037,customer3037@email.com,France,2022-09-05
CUST03038,Customer 3038,customer3038@email.com,Canada,2022-12-04
CUST03039,Customer 3039,customer3039@email.com,Canada,2022-09-07
CUST03040,Customer 3040,customer3040@email.com,Germany,2022-01-09
CUST03041,Customer 3041,customer3041@email.com,Australia,2022-01-04
CUST03042,Customer 3042,customer3042@email.com,France,2022-09-30
CUST03043,Customer 3043,customer3043@email.com,USA,2022-10-10
CUST03044,Customer 3044,customer3044@email.com,France,2022-07-30
CUST03045,Customer 3045,customer3045@email.com,France,2022-01-07
CUST03046,Customer 3046,customer3046@email.com,Australia,2022-01-09
CUST03047,Customer 3047,customer3047@email.com,USA,2022-09-29
CUST03048,Customer 3048,customer3048@email.com,India,2022-05-21
CUST03049,Customer 3049,customer3049@email.com,Australia,2022-10-02
CUST03050,Customer 3050,customer3050@email.com,France,2022-05-27
CUST03051,Customer 3051,customer3051@email.com,France,2022-01-09
CUST03052,Customer 3052,customer3052@email.com,India,2022-09-15
CUST03053,Customer 3053,customer3053@email.com,France,2022-12-24
CUST03054,Customer 3054,customer3054@email.com,France,2022-12-12
CUST03055,Customer 3055,customer3055@email.com,France,2022-08-09
CUST03056,Customer 3056,customer3056@email.com,Canada,2022-04-02
CUST03057,Customer 3057,customer3057@email.com,Australia,2022-02-24
CUST03058,Customer 3058,customer3058@email.com,UK,2022-02-19
CUST03059,Customer 3059,customer3059@email.com,Australia,2022-09-26
CUST03060,Customer 3060,customer3060@email.com,India,2022-03-18
CUST03061,Customer 3061,customer3061@email.com,France,2022-05-04
CUST03062,Customer 3062,customer3062@email.com,Australia,2022-04-09
CUST03063,Customer 3063,customer3063@email.com,Canada,2022-11-14
CUST03064,Customer 3064,customer3064@email.com,India,2022-09-27
CUST03065,Customer 3065,customer3065@email.com,Germany,2022-05-10
CUST03066,Customer 3066,customer3066@email.com,Australia,2022-07-01
CUST03067,Customer 3067,customer3067@email.com,Germany,2022-05-17
CUST03068,Customer 3068,customer3068@email.com,France,2022-07-23
CUST03069,Customer 3069,customer3069@email.com,Canada,2022-02-10
CUST03070,Customer 3070,customer3070@email.com,Canada,2022-07-11
CUST03071,Customer 3071,customer3071@email.com,Australia,2022-07-27
CUST03072,Customer 3072,customer3072@email.com,India,2022-08-24
CUST03073,Customer 3073,customer3073@email.com,India,2022-10-17
CUST03074,Customer 3074,customer3074@email.com,Canada,2022-05-05
CUST03075,Customer 3075,customer3075@email.com,India,2022-12-23
CUST03076,Customer 3076,customer3076@email.com,Canada,2022-04-26
CUST03077,Customer 3077,customer3077@email.com,Australia,2022-06-03
CUST03078,Customer 3078,customer3078@email.com,UK,2022-12-17
CUST03079,Customer 3079,customer3079@email.com,Canada,2022-02-11
CUST03080,Customer 3080,customer3080@email.com,Germany,2022-12-01
CUST03081,Customer 3081,customer3081@email.com,India,2022-11-29
CUST03082,Customer 3082,customer3082@email.com,Canada,2022-01-17
CUST03083,Customer 3083,customer3083@email.com,Canada,2022-02-17
CUST03084,Customer 3084,customer3084@email.com,Australia,2022-07-27
CUST03085,Customer 3085,customer3085@email.com,India,2022-07-14
CUST03086,Customer 3086,customer3086@email.com,UK,2022-07-13
CUST03087,Customer 3087,customer3087@email.com,Australia,2022-10-10
CUST03088,Customer 3088,customer3088@email.com,UK,2022-09-01
CUST03089,Customer 3089,customer3089@email.com,Australia,2022-01-29
CUST03090,Customer 3090,customer3090@email.com,India,2022-11-23
CUST03091,Customer 3091,customer3091@email.com,USA,2022-01-05
CUST03092,Customer 3092,customer3092@email.com,India,2022-12-26
CUST03093,Customer 3093,customer3093@email.com,India,2022-03-29
CUST03094,Customer 3094,customer3094@email.com,UK,2022-02-12
CUST03095,Customer 3095,customer3095@email.com,UK,2022-09-13
CUST03096,Customer 3096,customer3096@email.com,India,2022-08-11
CUST03097,Customer 3097,customer3097@email.com,India,2022-11-27
CUST03098,Customer 3098,customer3098@email.com,India,2022-06-19
CUST03099,Customer 3099,customer3099@email.com,UK,2022-10-17
CUST03100,Customer 3100,customer3100@email.com,India,2022-02-18
CUST03101,Customer 3101,customer3101@email.com,India,2022-09-28
CUST03102,Customer 3102,customer3102@email.com,France,2022-01-22
CUST03103,Customer 3103,customer3103@email.com,USA,2022-04-28
CUST03104,Customer 3104,customer3104@email.com,Germany,2022-04-19
CUST03105,Customer 3105,customer3105@email.com,USA,2022-12-21
CUST03106,Customer 3106,customer3106@email.com,France,2022-10-18
CUST03107,Customer 3107,customer3107@email.com,Germany,2022-09-01
CUST03108,Customer 3108,customer3108@email.com,Australia,2022-05-19
CUST03109,Customer 3109,customer3109@email.com,India,2022-01-24
CUST03110,Customer 3110,customer3110@email.com,France,2022-02-08
CUST03111,Customer 3111,customer3111@email.com,Australia,2022-12-17
CUST03112,Customer 3112,customer3112@email.com,India,2022-05-24
CUST03113,Customer 3113,customer3113@email.com,UK,2022-10-06
CUST03114,Customer 3114,customer3114@email.com,Canada,2022-10-16
CUST03115,Customer 3115,customer3115@email.com,France,2022-12-03
CUST03116,Customer 3116,customer3116@email.com,UK,2022-01-17
CUST03117,Customer 3117,customer3117@email.com,France,2022-04-02
CUST03118,Customer 3118,customer3118@email.com,France,2022-06-11
CUST03119,Customer 3119,customer3119@email.com,UK,2022-01-09
CUST03120,Customer 3120,customer3120@email.com,Germany,2022-04-17
CUST03121,Customer 3121,customer3121@email.com,USA,2022-10-28
CUST03122,Customer 3122,customer3122@email.com,India,2022-03-15
CUST03123,Customer 3123,customer3123@email.com,France,2022-12-31
CUST03124,Customer 3124,customer3124@email.com,India,2022-07-23
CUST03125,Customer 3125,customer3125@email.com,Canada,2022-02-09
CUST03126,Customer 3126,customer3126@email.com,UK,2022-06-03
CUST03127,Customer 3127,customer3127@email.com,India,2022-03-25
CUST03128,Customer 3128,customer3128@email.com,UK,2022-10-16
CUST03129,Customer 3129,customer3129@email.com,India,2022-05-04
CUST03130,Customer 3130,customer3130@email.com,USA,2022-10-18
CUST03131,Customer 3131,customer3131@email.com,USA,2022-07-19
CUST03132,Customer 3132,customer3132@email.com,USA,2022-12-13
CUST03133,Customer 3133,customer3133@email.com,USA,2022-10-04
CUST03134,Customer 3134,customer3134@email.com,USA,2022-06-19
CUST03135,Customer 3135,customer3135@email.com,USA,2022-07-16
CUST03136,Customer 3136,customer3136@email.com,UK,2022-03-13
CUST03137,Customer 3137,customer3137@email.com,France,2022-12-19
CUST03138,Customer 3138,customer3138@email.com,India,2022-02-10
CUST03139,Customer 3139,customer3139@email.com,USA,2022-09-14
CUST03140,Customer 3140,customer3140@email.com,UK,2022-06-27
CUST03141,Customer 3141,customer3141@email.com,UK,2022-01-28
CUST03142,Customer 3142,customer3142@email.com,UK,2022-02-20
CUST03143,Customer 3143,customer3143@email.com,France,2022-08-12
CUST03144,Customer 3144,customer3144@email.com,India,2022-04-29
CUST03145,Customer 3145,customer3145@email.com,France,2022-02-08
CUST03146,Customer 3146,customer3146@email.com,Germany,2022-06-24
CUST03147,Customer 3147,customer3147@email.com,Australia,2022-11-06
CUST03148,Customer 3148,customer3148@email.com,UK,2022-11-11
CUST03149,Customer 3149,customer3149@email.com,Germany,2022-11-01
CUST03150,Customer 3150,customer3150@email.com,Canada,2022-07-23
CUST03151,Customer 3151,customer3151@email.com,USA,2022-06-17
CUST03152,Customer 3152,customer3152@email.com,Australia,2022-01-16
CUST03153,Customer 3153,customer3153@email.com,USA,2022-11-21
CUST03154,Customer 3154,customer3154@email.com,France,2022-05-20
CUST03155,Customer 3155,customer3155@email.com,Australia,2022-08-19
CUST03156,Customer 3156,customer3156@email.com,India,2022-09-09
CUST03157,Customer 3157,customer3157@email.com,Germany,2022-04-27
CUST03158,Customer 3158,customer3158@email.com,India,2022-07-02
CUST03159,Customer 3159,customer3159@email.com,France,2022-10-11
CUST03160,Customer 3160,customer3160@email.com,USA,2022-07-12
CUST03161,Customer 3161,customer3161@email.com,Australia,2022-08-10
CUST03162,Customer 3162,customer3162@email.com,India,2022-04-06
CUST03163,Customer 3163,customer3163@email.com,India,2022-12-15
CUST03164,Customer 3164,customer3164@email.com,USA,2022-10-27
CUST03165,Customer 3165,customer3165@email.com,Australia,2022-12-05
CUST03166,Customer 3166,customer3166@email.com,Germany,2022-07-14
CUST03167,Customer 3167,customer3167@email.com,USA,2022-02-13
CUST03168,Customer 3168,customer3168@email.com,India,2022-11-13
CUST03169,Customer 3169,customer3169@email.com,Germany,2022-06-01
CUST03170,Customer 3170,customer3170@email.com,Germany,2022-05-07
CUST03171,Customer 3171,customer3171@email.com,USA,2023-01-01
CUST03172,Customer 3172,customer3172@email.com,India,2022-02-07
CUST03173,Customer 3173,customer3173@email.com,France,2022-02-12
CUST03174,Customer 3174,customer3174@email.com,India,2022-05-18
CUST03175,Customer 3175,customer3175@email.com,UK,2022-03-20
CUST03176,Customer 3176,customer3176@email.com,Australia,2022-07-14
CUST03177,Customer 3177,customer3177@email.com,Canada,2022-12-31
CUST03178,Customer 3178,customer3178@email.com,France,2022-11-21
CUST03179,Customer 3179,customer3179@email.com,Germany,2022-03-20
CUST03180,Customer 3180,customer3180@email.com,France,2022-07-19
CUST03181,Customer 3181,customer3181@email.com,Australia,2022-06-12
CUST03182,Customer 3182,customer3182@email.com,Germany,2022-07-04
CUST03183,Customer 3183,customer3183@email.com,Australia,2022-02-24
CUST03184,Customer 3184,customer3184@email.com,Germany,2022-02-16
CUST03185,Customer 3185,customer3185@email.com,France,2022-01-03
CUST03186,Customer 3186,customer3186@email.com,Germany,2022-06-07
CUST03187,Customer 3187,customer3187@email.com,Germany,2022-08-16
CUST03188,Customer 3188,customer3188@email.com,UK,2022-07-04
CUST03189,Customer 3189,customer3189@email.com,India,2022-05-19
CUST03190,Customer 3190,customer3190@email.com,India,2022-02-22
CUST03191,Customer 3191,customer3191@email.com,Canada,2022-03-09
CUST03192,Customer 3192,customer3192@email.com,Canada,2022-02-14
CUST03193,Customer 3193,customer3193@email.com,UK,2022-04-06
CUST03194,Customer 3194,customer3194@email.com,Canada,2022-08-09
CUST03195,Customer 3195,customer3195@email.com,Australia,2022-08-18
CUST03196,Customer 3196,customer3196@email.com,France,2022-10-13
CUST03197,Customer 3197,customer3197@email.com,USA,2022-10-12
CUST03198,Customer 3198,customer3198@email.com,Australia,2022-09-20
CUST03199,Customer 3199,customer3199@email.com,USA,2022-07-28
CUST03200,Customer 3200,customer3200@email.com,USA,2022-02-22
CUST03201,Customer 3201,customer3201@email.com,UK,2022-01-14
CUST03202,Customer 3202,customer3202@email.com,Australia,2022-02-15
CUST03203,Customer 3203,customer3203@email.com,UK,2022-07-01
CUST03204,Customer 3204,customer3204@email.com,Germany,2022-10-11
CUST03205,Customer 3205,customer3205@email.com,USA,2022-02-17
CUST03206,Customer 3206,customer3206@email.com,France,2022-11-02
CUST03207,Customer 3207,customer3207@email.com,Canada,2022-11-03
CUST03208,Customer 3208,customer3208@email.com,France,2022-06-16
CUST03209,Customer 3209,customer3209@email.com,Canada,2022-07-17
CUST03210,Customer 3210,customer3210@email.com,USA,2022-01-07
CUST03211,Customer 3211,customer3211@email.com,USA,2022-05-30
CUST03212,Customer 3212,customer3212@email.com,USA,2022-07-31
CUST03213,Customer 3213,customer3213@email.com,UK,2022-07-18
CUST03214,Customer 3214,customer3214@email.com,Australia,2022-02-13
CUST03215,Customer 3215,customer3215@email.com,Canada,2022-10-14
CUST03216,Customer 3216,customer3216@email.com,Australia,2022-05-05
CUST03217,Customer 3217,customer3217@email.com,UK,2022-10-20
CUST03218,Customer 3218,customer3218@email.com,UK,2022-09-24
CUST03219,Customer 3219,customer3219@email.com,India,2022-03-28
CUST03220,Customer 3220,customer3220@email.com,France,2022-12-17
CUST03221,Customer 3221,customer3221@email.com,France,2022-07-14
CUST03222,Customer 3222,customer3222@email.com,Germany,2022-03-28
CUST03223,Customer 3223,customer3223@email.com,UK,2022-03-13
CUST03224,Customer 3224,customer3224@email.com,Canada,2022-05-18
CUST03225,Customer 3225,customer3225@email.com,India,2022-06-04
CUST03226,Customer 3226,customer3226@email.com,India,2022-05-18
CUST03227,Customer 3227,customer3227@email.com,Australia,2022-09-10
CUST03228,Customer 3228,customer3228@email.com,France,2022-03-16
CUST03229,Customer 3229,customer3229@email.com,UK,2022-02-02
CUST03230,Customer 3230,customer3230@email.com,Germany,2022-03-27
CUST03231,Customer 3231,customer3231@email.com,UK,2022-08-11
CUST03232,Customer 3232,customer3232@email.com,Australia,2022-05-22
CUST03233,Customer 3233,customer3233@email.com,USA,2022-08-04
CUST03234,Customer 3234,customer3234@email.com,UK,2022-06-03
CUST03235,Customer 3235,customer3235@email.com,Australia,2022-09-05
CUST03236,Customer 3236,customer3236@email.com,USA,2022-02-09
CUST03237,Customer 3237,customer3237@email.com,USA,2022-07-04
CUST03238,Customer 3238,customer3238@email.com,Germany,2022-05-09
CUST03239,Customer 3239,customer3239@email.com,Canada,2022-05-07
CUST03240,Customer 3240,customer3240@email.com,France,2022-11-17
CUST03241,Customer 3241,customer3241@email.com,UK,2022-09-11
CUST03242,Customer 3242,customer3242@email.com,USA,2022-11-01
CUST03243,Customer 3243,customer3243@email.com,UK,2022-11-12
CUST03244,Customer 3244,customer3244@email.com,Canada,2022-04-11
CUST03245,Customer 3245,customer3245@email.com,France,2022-08-23
CUST03246,Customer 3246,customer3246@email.com,Canada,2022-02-24
CUST03247,Customer 3247,customer3247@email.com,France,2022-03-11
CUST03248,Customer 3248,customer3248@email.com,India,2022-06-05
CUST03249,Customer 3249,customer3249@email.com,France,2022-01-04
CUST03250,Customer 3250,customer3250@email.com,Germany,2022-07-22
CUST03251,Customer 3251,customer3251@email.com,Canada,2022-06-20
CUST03252,Customer 3252,customer3252@email.com,USA,2022-11-14
CUST03253,Customer 3253,customer3253@email.com,India,2022-07-14
CUST03254,Customer 3254,customer3254@email.com,Germany,2022-06-18
CUST03255,Customer 3255,customer3255@email.com,UK,2022-08-14
CUST03256,Customer 3256,customer3256@email.com,Canada,2022-06-21
CUST03257,Customer 3257,customer3257@email.com,Australia,2022-08-09
CUST03258,Customer 3258,customer3258@email.com,Australia,2022-11-30
CUST03259,Customer 3259,customer3259@email.com,USA,2022-11-01
CUST03260,Customer 3260,customer3260@email.com,France,2022-03-11
CUST03261,Customer 3261,customer3261@email.com,USA,2022-06-03
CUST03262,Customer 3262,customer3262@email.com,Australia,2022-06-14
CUST03263,Customer 3263,customer3263@email.com,UK,2022-11-05
CUST03264,Customer 3264,customer3264@email.com,India,2022-12-22
CUST03265,Customer 3265,customer3265@email.com,India,2022-04-13
CUST03266,Customer 3266,customer3266@email.com,Canada,2022-09-03
CUST03267,Customer 3267,customer3267@email.com,India,2022-06-10
CUST03268,Customer 3268,customer3268@email.com,Canada,2022-04-01
CUST03269,Customer 3269,customer3269@email.com,Canada,2022-07-23
CUST03270,Customer 3270,customer3270@email.com,Canada,2022-06-13
CUST03271,Customer 3271,customer3271@email.com,Australia,2022-05-30
CUST03272,Customer 3272,customer3272@email.com,Australia,2022-12-22
CUST03273,Customer 3273,customer3273@email.com,France,2022-11-21
CUST03274,Customer 3274,customer3274@email.com,Germany,2022-09-09
CUST03275,Customer 3275,customer3275@email.com,Canada,2022-10-22
CUST03276,Customer 3276,customer3276@email.com,Canada,2022-05-05
CUST03277,Customer 3277,customer3277@email.com,Germany,2022-06-16
CUST03278,Customer 3278,customer3278@email.com,USA,2022-07-12
CUST03279,Customer 3279,customer3279@email.com,Canada,2022-05-24
CUST03280,Customer 3280,customer3280@email.com,France,2022-07-21
CUST03281,Customer 3281,customer3281@email.com,India,2022-07-06
CUST03282,Customer 3282,customer3282@email.com,India,2022-02-28
CUST03283,Customer 3283,customer3283@email.com,UK,2022-10-16
CUST03284,Customer 3284,customer3284@email.com,UK,2022-04-13
CUST03285,Customer 3285,customer3285@email.com,India,2022-10-31
CUST03286,Customer 3286,customer3286@email.com,India,2022-10-07
CUST03287,Customer 3287,customer3287@email.com,Australia,2022-04-03
CUST03288,Customer 3288,customer3288@email.com,France,2022-12-16
CUST03289,Customer 3289,customer3289@email.com,Germany,2022-10-09
CUST03290,Customer 3290,customer3290@email.com,UK,2022-01-14
CUST03291,Customer 3291,customer3291@email.com,Australia,2022-08-25
CUST03292,Customer 3292,customer3292@email.com,Australia,2022-12-29
CUST03293,Customer 3293,customer3293@email.com,Germany,2022-04-18
CUST03294,Customer 3294,customer3294@email.com,Australia,2022-08-13
CUST03295,Customer 3295,customer3295@email.com,France,2022-05-30
CUST03296,Customer 3296,customer3296@email.com,India,2022-12-21
CUST03297,Customer 3297,customer3297@email.com,Canada,2022-02-05
CUST03298,Customer 3298,customer3298@email.com,Germany,2022-07-29
CUST03299,Customer 3299,customer3299@email.com,India,2022-12-11
CUST03300,Customer 3300,customer3300@email.com,India,2022-09-13
CUST03301,Customer 3301,customer3301@email.com,USA,2022-03-13
CUST03302,Customer 3302,customer3302@email.com,Germany,2022-11-21
CUST03303,Customer 3303,customer3303@email.com,Australia,2022-06-05
CUST03304,Customer 3304,customer3304@email.com,Canada,2022-05-04
CUST03305,Customer 3305,customer3305@email.com,Germany,2022-05-10
CUST03306,Customer 3306,customer3306@email.com,Australia,2022-12-04
CUST03307,Customer 3307,customer3307@email.com,India,2022-03-20
CUST03308,Customer 3308,customer3308@email.com,Canada,2022-08-05
CUST03309,Customer 3309,customer3309@email.com,Australia,2022-07-13
CUST03310,Customer 3310,customer3310@email.com,France,2022-02-07
CUST03311,Customer 3311,customer3311@email.com,Australia,2022-08-18
CUST03312,Customer 3312,customer3312@email.com,USA,2022-11-03
CUST03313,Customer 3313,customer3313@email.com,India,2022-09-03
CUST03314,Customer 3314,customer3314@email.com,Australia,2022-10-26
CUST03315,Customer 3315,customer3315@email.com,UK,2022-07-25
CUST03316,Customer 3316,customer3316@email.com,UK,2022-10-01
CUST03317,Customer 3317,customer3317@email.com,USA,2022-09-17
CUST03318,Customer 3318,customer3318@email.com,France,2022-12-21
CUST03319,Customer 3319,customer3319@email.com,India,2022-08-03
CUST03320,Customer 3320,customer3320@email.com,Germany,2022-10-06
CUST03321,Customer 3321,customer3321@email.com,USA,2022-01-19
CUST03322,Customer 3322,customer3322@email.com,France,2022-07-04
CUST03323,Customer 3323,customer3323@email.com,Germany,2022-12-26
CUST03324,Customer 3324,customer3324@email.com,UK,2022-10-02
CUST03325,Customer 3325,customer3325@email.com,UK,2022-11-01
CUST03326,Customer 3326,customer3326@email.com,Germany,2022-11-23
CUST03327,Customer 3327,customer3327@email.com,USA,2022-02-13
CUST03328,Customer 3328,customer3328@email.com,UK,2022-02-25
CUST03329,Customer 3329,customer3329@email.com,India,2022-05-08
CUST03330,Customer 3330,customer3330@email.com,Canada,2022-12-03
CUST03331,Customer 3331,customer3331@email.com,Australia,2022-12-07
CUST03332,Customer 3332,customer3332@email.com,Germany,2022-07-01
CUST03333,Customer 3333,customer3333@email.com,Germany,2022-03-27
CUST03334,Customer 3334,customer3334@email.com,UK,2022-11-28
CUST03335,Customer 3335,customer3335@email.com,USA,2022-11-10
CUST03336,Customer 3336,customer3336@email.com,India,2022-01-23
CUST03337,Customer 3337,customer3337@email.com,USA,2022-10-16
CUST03338,Customer 3338,customer3338@email.com,France,2022-11-27
CUST03339,Customer 3339,customer3339@email.com,France,2022-12-13
CUST03340,Customer 3340,customer3340@email.com,Canada,2022-11-28
CUST03341,Customer 3341,customer3341@email.com,UK,2022-07-24
CUST03342,Customer 3342,customer3342@email.com,UK,2022-06-19
CUST03343,Customer 3343,customer3343@email.com,UK,2022-08-09
CUST03344,Customer 3344,customer3344@email.com,Canada,2022-02-24
CUST03345,Customer 3345,customer3345@email.com,France,2022-01-06
CUST03346,Customer 3346,customer3346@email.com,USA,2022-02-20
CUST03347,Customer 3347,customer3347@email.com,Canada,2022-05-13
CUST03348,Customer 3348,customer3348@email.com,Canada,2022-04-24
CUST03349,Customer 3349,customer3349@email.com,USA,2022-09-19
CUST03350,Customer 3350,customer3350@email.com,UK,2022-09-23
CUST03351,Customer 3351,customer3351@email.com,India,2022-10-13
CUST03352,Customer 3352,customer3352@email.com,USA,2022-10-25
CUST03353,Customer 3353,customer3353@email.com,France,2022-12-19
CUST03354,Customer 3354,customer3354@email.com,Germany,2022-10-22
CUST03355,Customer 3355,customer3355@email.com,Germany,2022-04-24
CUST03356,Customer 3356,customer3356@email.com,Australia,2022-08-17
CUST03357,Customer 3357,customer3357@email.com,Australia,2022-07-11
CUST03358,Customer 3358,customer3358@email.com,Canada,2022-07-20
CUST03359,Customer 3359,customer3359@email.com,Germany,2022-08-26
CUST03360,Customer 3360,customer3360@email.com,India,2022-12-14
CUST03361,Customer 3361,customer3361@email.com,UK,2022-10-29
CUST03362,Customer 3362,customer3362@email.com,France,2022-12-20
CUST03363,Customer 3363,customer3363@email.com,Australia,2022-09-14
CUST03364,Customer 3364,customer3364@email.com,India,2022-03-19
CUST03365,Customer 3365,customer3365@email.com,France,2022-06-26
CUST03366,Customer 3366,customer3366@email.com,France,2022-01-13
CUST03367,Customer 3367,customer3367@email.com,UK,2022-09-05
CUST03368,Customer 3368,customer3368@email.com,Canada,2022-02-23
CUST03369,Customer 3369,customer3369@email.com,Germany,2022-06-01
CUST03370,Customer 3370,customer3370@email.com,UK,2022-08-01
CUST03371,Customer 3371,customer3371@email.com,India,2022-02-13
CUST03372,Customer 3372,customer3372@email.com,Canada,2022-03-01
CUST03373,Customer 3373,customer3373@email.com,India,2022-03-14
CUST03374,Customer 3374,customer3374@email.com,Canada,2022-06-28
CUST03375,Customer 3375,customer3375@email.com,Australia,2022-06-09
CUST03376,Customer 3376,customer3376@email.com,India,2022-06-25
CUST03377,Customer 3377,customer3377@email.com,UK,2022-08-22
CUST03378,Customer 3378,customer3378@email.com,Canada,2022-04-16
CUST03379,Customer 3379,customer3379@email.com,Canada,2022-09-24
CUST03380,Customer 3380,customer3380@email.com,France,2022-09-05
CUST03381,Customer 3381,customer3381@email.com,France,2022-06-28
CUST03382,Customer 3382,customer3382@email.com,USA,2022-09-01
CUST03383,Customer 3383,customer3383@email.com,India,2022-02-19
CUST03384,Customer 3384,customer3384@email.com,France,2022-08-13
CUST03385,Customer 3385,customer3385@email.com,USA,2022-12-23
CUST03386,Customer 3386,customer3386@email.com,Australia,2022-08-20
CUST03387,Customer 3387,customer3387@email.com,Australia,2022-06-13
CUST03388,Customer 3388,customer3388@email.com,France,2022-02-04
CUST03389,Customer 3389,customer3389@email.com,India,2022-06-03
CUST03390,Customer 3390,customer3390@email.com,Canada,2022-01-23
CUST03391,Customer 3391,customer3391@email.com,Germany,2022-12-30
CUST03392,Customer 3392,customer3392@email.com,India,2022-02-28
CUST03393,Customer 3393,customer3393@email.com,UK,2022-01-12
CUST03394,Customer 3394,customer3394@email.com,Australia,2022-06-25
CUST03395,Customer 3395,customer3395@email.com,France,2022-11-28
CUST03396,Customer 3396,customer3396@email.com,France,2022-02-25
CUST03397,Customer 3397,customer3397@email.com,Canada,2022-12-13
CUST03398,Customer 3398,customer3398@email.com,UK,2022-03-26
CUST03399,Customer 3399,customer3399@email.com,Canada,2022-05-05
CUST03400,Customer 3400,customer3400@email.com,UK,2022-09-22
CUST03401,Customer 3401,customer3401@email.com,Germany,2022-03-31
CUST03402,Customer 3402,customer3402@email.com,Australia,2022-10-10
CUST03403,Customer 3403,customer3403@email.com,France,2022-03-23
CUST03404,Customer 3404,customer3404@email.com,France,2022-06-19
CUST03405,Customer 3405,customer3405@email.com,Germany,2022-10-14
CUST03406,Customer 3406,customer3406@email.com,USA,2022-08-07
CUST03407,Customer 3407,customer3407@email.com,Australia,2022-08-25
CUST03408,Customer 3408,customer3408@email.com,Canada,2022-04-29
CUST03409,Customer 3409,customer3409@email.com,Germany,2022-07-27
CUST03410,Customer 3410,customer3410@email.com,Canada,2022-11-19
CUST03411,Customer 3411,customer3411@email.com,India,2022-04-05
CUST03412,Customer 3412,customer3412@email.com,France,2022-04-06
CUST03413,Customer 3413,customer3413@email.com,Canada,2022-11-24
CUST03414,Customer 3414,customer3414@email.com,UK,2022-12-03
CUST03415,Customer 3415,customer3415@email.com,Canada,2022-08-10
CUST03416,Customer 3416,customer3416@email.com,India,2022-07-22
CUST03417,Customer 3417,customer3417@email.com,Australia,2022-01-15
CUST03418,Customer 3418,customer3418@email.com,France,2022-11-11
CUST03419,Customer 3419,customer3419@email.com,Germany,2022-04-12
CUST03420,Customer 3420,customer3420@email.com,India,2022-08-19
CUST03421,Customer 3421,customer3421@email.com,France,2022-10-31
CUST03422,Customer 3422,customer3422@email.com,Canada,2022-08-08
CUST03423,Customer 3423,customer3423@email.com,Australia,2022-07-19
CUST03424,Customer 3424,customer3424@email.com,USA,2022-01-03
CUST03425,Customer 3425,customer3425@email.com,Australia,2022-12-27
CUST03426,Customer 3426,customer3426@email.com,USA,2022-04-20
CUST03427,Customer 3427,customer3427@email.com,UK,2022-04-16
CUST03428,Customer 3428,customer3428@email.com,Australia,2022-05-23
CUST03429,Customer 3429,customer3429@email.com,France,2022-12-27
CUST03430,Customer 3430,customer3430@email.com,USA,2022-02-02
CUST03431,Customer 3431,customer3431@email.com,Germany,2022-10-23
CUST03432,Customer 3432,customer3432@email.com,France,2022-02-22
CUST03433,Customer 3433,customer3433@email.com,Germany,2022-10-02
CUST03434,Customer 3434,customer3434@email.com,Australia,2022-04-06
CUST03435,Customer 3435,customer3435@email.com,Germany,2022-07-07
CUST03436,Customer 3436,customer3436@email.com,USA,2022-06-16
CUST03437,Customer 3437,customer3437@email.com,France,2022-04-11
CUST03438,Customer 3438,customer3438@email.com,Canada,2022-08-23
CUST03439,Customer 3439,customer3439@email.com,India,2022-02-28
CUST03440,Customer 3440,customer3440@email.com,USA,2022-05-15
CUST03441,Customer 3441,customer3441@email.com,USA,2022-12-10
CUST03442,Customer 3442,customer3442@email.com,Canada,2022-09-08
CUST03443,Customer 3443,customer3443@email.com,France,2022-09-28
CUST03444,Customer 3444,customer3444@email.com,France,2022-11-24
CUST03445,Customer 3445,customer3445@email.com,Australia,2022-06-10
CUST03446,Customer 3446,customer3446@email.com,Germany,2022-11-02
CUST03447,Customer 3447,customer3447@email.com,Australia,2022-07-18
CUST03448,Customer 3448,customer3448@email.com,Canada,2022-11-09
CUST03449,Customer 3449,customer3449@email.com,Australia,2022-07-20
CUST03450,Customer 3450,customer3450@email.com,Canada,2022-10-28
CUST03451,Customer 3451,customer3451@email.com,France,2022-02-28
CUST03452,Customer 3452,customer3452@email.com,Germany,2022-06-28
CUST03453,Customer 3453,customer3453@email.com,Australia,2022-06-30
CUST03454,Customer 3454,customer3454@email.com,USA,2022-08-23
CUST03455,Customer 3455,customer3455@email.com,UK,2022-11-13
CUST03456,Customer 3456,customer3456@email.com,India,2022-03-30
CUST03457,Customer 3457,customer3457@email.com,USA,2022-12-11
CUST03458,Customer 3458,customer3458@email.com,France,2022-12-28
CUST03459,Customer 3459,customer3459@email.com,India,2022-06-02
CUST03460,Customer 3460,customer3460@email.com,UK,2022-11-11
CUST03461,Customer 3461,customer3461@email.com,UK,2022-10-30
CUST03462,Customer 3462,customer3462@email.com,Germany,2022-02-13
CUST03463,Customer 3463,customer3463@email.com,India,2022-12-11
CUST03464,Customer 3464,customer3464@email.com,Germany,2022-03-10
CUST03465,Customer 3465,customer3465@email.com,USA,2022-06-10
CUST03466,Customer 3466,customer3466@email.com,Canada,2022-03-02
CUST03467,Customer 3467,customer3467@email.com,Canada,2022-05-03
CUST03468,Customer 3468,customer3468@email.com,Canada,2022-06-06
CUST03469,Customer 3469,customer3469@email.com,India,2022-03-01
CUST03470,Customer 3470,customer3470@email.com,Canada,2022-04-04
CUST03471,Customer 3471,customer3471@email.com,USA,2022-07-11
CUST03472,Customer 3472,customer3472@email.com,Germany,2022-12-22
CUST03473,Customer 3473,customer3473@email.com,India,2022-03-14
CUST03474,Customer 3474,customer3474@email.com,Germany,2022-09-19
CUST03475,Customer 3475,customer3475@email.com,India,2022-07-18
CUST03476,Customer 3476,customer3476@email.com,Germany,2022-08-03
CUST03477,Customer 3477,customer3477@email.com,UK,2022-11-02
CUST03478,Customer 3478,customer3478@email.com,Germany,2022-03-12
CUST03479,Customer 3479,customer3479@email.com,Canada,2022-10-22
CUST03480,Customer 3480,customer3480@email.com,UK,2022-07-16
CUST03481,Customer 3481,customer3481@email.com,Germany,2022-08-05
CUST03482,Customer 3482,customer3482@email.com,India,2022-04-06
CUST03483,Customer 3483,customer3483@email.com,India,2022-09-07
CUST03484,Customer 3484,customer3484@email.com,India,2022-11-22
CUST03485,Customer 3485,customer3485@email.com,France,2022-10-03
CUST03486,Customer 3486,customer3486@email.com,USA,2022-12-22
CUST03487,Customer 3487,customer3487@email.com,India,2022-11-27
CUST03488,Customer 3488,customer3488@email.com,UK,2022-03-30
CUST03489,Customer 3489,customer3489@email.com,India,2022-10-12
CUST03490,Customer 3490,customer3490@email.com,France,2022-03-27
CUST03491,Customer 3491,customer3491@email.com,Canada,2022-09-08
CUST03492,Customer 3492,customer3492@email.com,UK,2022-05-28
CUST03493,Customer 3493,customer3493@email.com,France,2022-03-13
CUST03494,Customer 3494,customer3494@email.com,Canada,2022-04-06
CUST03495,Customer 3495,customer3495@email.com,Australia,2022-06-11
CUST03496,Customer 3496,customer3496@email.com,Australia,2022-08-19
CUST03497,Customer 3497,customer3497@email.com,UK,2022-11-14
CUST03498,Customer 3498,customer3498@email.com,Germany,2022-01-28
CUST03499,Customer 3499,customer3499@email.com,USA,2022-07-03
CUST03500,Customer 3500,customer3500@email.com,USA,2022-01-05
CUST03501,Customer 3501,customer3501@email.com,France,2022-09-06
CUST03502,Customer 3502,customer3502@email.com,Canada,2022-03-11
CUST03503,Customer 3503,customer3503@email.com,USA,2022-04-10
CUST03504,Customer 3504,customer3504@email.com,Canada,2022-07-16
CUST03505,Customer 3505,customer3505@email.com,Canada,2022-10-15
CUST03506,Customer 3506,customer3506@email.com,France,2022-09-16
CUST03507,Customer 3507,customer3507@email.com,France,2022-12-01
CUST03508,Customer 3508,customer3508@email.com,France,2022-09-11
CUST03509,Customer 3509,customer3509@email.com,USA,2022-07-29
CUST03510,Customer 3510,customer3510@email.com,Australia,2022-12-17
CUST03511,Customer 3511,customer3511@email.com,France,2022-09-09
CUST03512,Customer 3512,customer3512@email.com,USA,2022-08-01
CUST03513,Customer 3513,customer3513@email.com,France,2022-12-30
CUST03514,Customer 3514,customer3514@email.com,India,2022-08-16
CUST03515,Customer 3515,customer3515@email.com,Canada,2022-09-08
CUST03516,Customer 3516,customer3516@email.com,France,2022-03-27
CUST03517,Customer 3517,customer3517@email.com,UK,2022-02-12
CUST03518,Customer 3518,customer3518@email.com,Canada,2022-10-17
CUST03519,Customer 3519,customer3519@email.com,Canada,2022-01-16
CUST03520,Customer 3520,customer3520@email.com,France,2022-04-23
CUST03521,Customer 3521,customer3521@email.com,Australia,2022-05-30
CUST03522,Customer 3522,customer3522@email.com,Germany,2022-01-17
CUST03523,Customer 3523,customer3523@email.com,Australia,2022-05-21
CUST03524,Customer 3524,customer3524@email.com,France,2022-04-26
CUST03525,Customer 3525,customer3525@email.com,Canada,2022-10-03
CUST03526,Customer 3526,customer3526@email.com,UK,2022-05-28
CUST03527,Customer 3527,customer3527@email.com,Canada,2022-03-28
CUST03528,Customer 3528,customer3528@email.com,Australia,2022-08-23
CUST03529,Customer 3529,customer3529@email.com,UK,2022-10-17
CUST03530,Customer 3530,customer3530@email.com,USA,2022-09-11
CUST03531,Customer 3531,customer3531@email.com,India,2022-10-09
CUST03532,Customer 3532,customer3532@email.com,Canada,2022-09-19
CUST03533,Customer 3533,customer3533@email.com,France,2022-02-27
CUST03534,Customer 3534,customer3534@email.com,USA,2022-10-21
CUST03535,Customer 3535,customer3535@email.com,India,2022-02-28
CUST03536,Customer 3536,customer3536@email.com,France,2022-05-18
CUST03537,Customer 3537,customer3537@email.com,Germany,2022-10-06
CUST03538,Customer 3538,customer3538@email.com,France,2022-07-07
CUST03539,Customer 3539,customer3539@email.com,UK,2022-10-05
CUST03540,Customer 3540,customer3540@email.com,UK,2022-01-22
CUST03541,Customer 3541,customer3541@email.com,Germany,2022-08-14
CUST03542,Customer 3542,customer3542@email.com,USA,2022-10-07
CUST03543,Customer 3543,customer3543@email.com,India,2022-04-22
CUST03544,Customer 3544,customer3544@email.com,France,2022-08-06
CUST03545,Customer 3545,customer3545@email.com,UK,2022-02-22
CUST03546,Customer 3546,customer3546@email.com,USA,2022-12-01
CUST03547,Customer 3547,customer3547@email.com,Germany,2022-05-07
CUST03548,Customer 3548,customer3548@email.com,Australia,2022-06-02
CUST03549,Customer 3549,customer3549@email.com,Canada,2022-01-17
CUST03550,Customer 3550,customer3550@email.com,Australia,2022-08-19
CUST03551,Customer 3551,customer3551@email.com,Australia,2022-05-15
CUST03552,Customer 3552,customer3552@email.com,UK,2022-06-28
CUST03553,Customer 3553,customer3553@email.com,Germany,2022-02-14
CUST03554,Customer 3554,customer3554@email.com,France,2022-08-13
CUST03555,Customer 3555,customer3555@email.com,Australia,2022-03-02
CUST03556,Customer 3556,customer3556@email.com,Australia,2022-05-02
CUST03557,Customer 3557,customer3557@email.com,India,2022-04-18
CUST03558,Customer 3558,customer3558@email.com,UK,2022-10-29
CUST03559,Customer 3559,customer3559@email.com,UK,2022-12-19
CUST03560,Customer 3560,customer3560@email.com,France,2022-06-29
CUST03561,Customer 3561,customer3561@email.com,Canada,2022-12-30
CUST03562,Customer 3562,customer3562@email.com,USA,2022-11-09
CUST03563,Customer 3563,customer3563@email.com,India,2022-11-20
CUST03564,Customer 3564,customer3564@email.com,UK,2022-08-08
CUST03565,Customer 3565,customer3565@email.com,India,2022-03-26
CUST03566,Customer 3566,customer3566@email.com,UK,2022-11-12
CUST03567,Customer 3567,customer3567@email.com,India,2022-03-13
CUST03568,Customer 3568,customer3568@email.com,Germany,2022-04-16
CUST03569,Customer 3569,customer3569@email.com,Australia,2022-04-16
CUST03570,Customer 3570,customer3570@email.com,UK,2022-01-31
CUST03571,Customer 3571,customer3571@email.com,India,2022-10-19
CUST03572,Customer 3572,customer3572@email.com,USA,2022-06-29
CUST03573,Customer 3573,customer3573@email.com,Germany,2022-09-30
CUST03574,Customer 3574,customer3574@email.com,Germany,2022-05-24
CUST03575,Customer 3575,customer3575@email.com,USA,2022-11-02
CUST03576,Customer 3576,customer3576@email.com,India,2022-10-03
CUST03577,Customer 3577,customer3577@email.com,France,2022-03-28
CUST03578,Customer 3578,customer3578@email.com,USA,2022-06-15
CUST03579,Customer 3579,customer3579@email.com,India,2022-12-27
CUST03580,Customer 3580,customer3580@email.com,USA,2022-05-30
CUST03581,Customer 3581,customer3581@email.com,USA,2022-05-29
CUST03582,Customer 3582,customer3582@email.com,UK,2022-10-21
CUST03583,Customer 3583,customer3583@email.com,India,2022-05-17
CUST03584,Customer 3584,customer3584@email.com,France,2022-09-21
CUST03585,Customer 3585,customer3585@email.com,Australia,2022-12-14
CUST03586,Customer 3586,customer3586@email.com,UK,2022-02-18
CUST03587,Customer 3587,customer3587@email.com,USA,2022-03-11
CUST03588,Customer 3588,customer3588@email.com,Australia,2022-07-30
CUST03589,Customer 3589,customer3589@email.com,Canada,2022-01-31
CUST03590,Customer 3590,customer3590@email.com,Australia,2022-05-22
CUST03591,Customer 3591,customer3591@email.com,USA,2022-12-02
CUST03592,Customer 3592,customer3592@email.com,USA,2022-03-06
CUST03593,Customer 3593,customer3593@email.com,India,2022-12-26
CUST03594,Customer 3594,customer3594@email.com,India,2022-03-09
CUST03595,Customer 3595,customer3595@email.com,UK,2022-05-08
CUST03596,Customer 3596,customer3596@email.com,France,2022-03-16
CUST03597,Customer 3597,customer3597@email.com,UK,2022-12-31
CUST03598,Customer 3598,customer3598@email.com,Germany,2022-06-14
CUST03599,Customer 3599,customer3599@email.com,USA,2022-05-07
CUST03600,Customer 3600,customer3600@email.com,Australia,2022-12-13
CUST03601,Customer 3601,customer3601@email.com,Canada,2022-07-21
CUST03602,Customer 3602,customer3602@email.com,USA,2022-09-08
CUST03603,Customer 3603,customer3603@email.com,USA,2022-03-14
CUST03604,Customer 3604,customer3604@email.com,UK,2022-10-23
CUST03605,Customer 3605,customer3605@email.com,Canada,2022-11-20
CUST03606,Customer 3606,customer3606@email.com,Canada,2022-05-18
CUST03607,Customer 3607,customer3607@email.com,Canada,2022-11-18
CUST03608,Customer 3608,customer3608@email.com,UK,2022-08-01
CUST03609,Customer 3609,customer3609@email.com,USA,2022-07-12
CUST03610,Customer 3610,customer3610@email.com,UK,2022-08-20
CUST03611,Customer 3611,customer3611@email.com,India,2022-02-08
CUST03612,Customer 3612,customer3612@email.com,India,2022-11-21
CUST03613,Customer 3613,customer3613@email.com,UK,2022-02-17
CUST03614,Customer 3614,customer3614@email.com,Canada,2022-07-26
CUST03615,Customer 3615,customer3615@email.com,USA,2022-09-21
CUST03616,Customer 3616,customer3616@email.com,UK,2022-05-23
CUST03617,Customer 3617,customer3617@email.com,UK,2022-12-22
CUST03618,Customer 3618,customer3618@email.com,UK,2022-07-08
CUST03619,Customer 3619,customer3619@email.com,Germany,2022-08-21
CUST03620,Customer 3620,customer3620@email.com,India,2022-09-07
CUST03621,Customer 3621,customer3621@email.com,Australia,2022-06-17
CUST03622,Customer 3622,customer3622@email.com,Canada,2022-10-25
CUST03623,Customer 3623,customer3623@email.com,France,2022-01-02
CUST03624,Customer 3624,customer3624@email.com,Australia,2022-02-17
CUST03625,Customer 3625,customer3625@email.com,Canada,2022-08-23
CUST03626,Customer 3626,customer3626@email.com,France,2022-11-22
CUST03627,Customer 3627,customer3627@email.com,Germany,2022-12-07
CUST03628,Customer 3628,customer3628@email.com,UK,2022-12-24
CUST03629,Customer 3629,customer3629@email.com,Germany,2022-07-03
CUST03630,Customer 3630,customer3630@email.com,Germany,2022-02-02
CUST03631,Customer 3631,customer3631@email.com,Australia,2022-10-01
CUST03632,Customer 3632,customer3632@email.com,USA,2022-07-23
CUST03633,Customer 3633,customer3633@email.com,Australia,2022-04-22
CUST03634,Customer 3634,customer3634@email.com,India,2022-08-08
CUST03635,Customer 3635,customer3635@email.com,France,2022-04-19
CUST03636,Customer 3636,customer3636@email.com,UK,2022-09-11
CUST03637,Customer 3637,customer3637@email.com,Australia,2022-05-18
CUST03638,Customer 3638,customer3638@email.com,France,2022-06-15
CUST03639,Customer 3639,customer3639@email.com,Canada,2022-05-26
CUST03640,Customer 3640,customer3640@email.com,France,2022-06-22
CUST03641,Customer 3641,customer3641@email.com,Canada,2022-10-08
CUST03642,Customer 3642,customer3642@email.com,Australia,2022-10-23
CUST03643,Customer 3643,customer3643@email.com,India,2022-03-08
CUST03644,Customer 3644,customer3644@email.com,Australia,2022-10-17
CUST03645,Customer 3645,customer3645@email.com,Canada,2022-09-06
CUST03646,Customer 3646,customer3646@email.com,France,2022-06-25
CUST03647,Customer 3647,customer3647@email.com,France,2022-12-16
CUST03648,Customer 3648,customer3648@email.com,Canada,2022-01-25
CUST03649,Customer 3649,customer3649@email.com,Germany,2022-01-24
CUST03650,Customer 3650,customer3650@email.com,India,2022-02-20
CUST03651,Customer 3651,customer3651@email.com,USA,2022-11-17
CUST03652,Customer 3652,customer3652@email.com,UK,2022-08-24
CUST03653,Customer 3653,customer3653@email.com,France,2022-01-09
CUST03654,Customer 3654,customer3654@email.com,UK,2022-03-05
CUST03655,Customer 3655,customer3655@email.com,USA,2022-03-22
CUST03656,Customer 3656,customer3656@email.com,Australia,2022-08-14
CUST03657,Customer 3657,customer3657@email.com,UK,2022-08-22
CUST03658,Customer 3658,customer3658@email.com,USA,2022-01-01
CUST03659,Customer 3659,customer3659@email.com,Canada,2022-08-08
CUST03660,Customer 3660,customer3660@email.com,Germany,2022-04-14
CUST03661,Customer 3661,customer3661@email.com,France,2022-12-19
CUST03662,Customer 3662,customer3662@email.com,USA,2022-03-09
CUST03663,Customer 3663,customer3663@email.com,UK,2022-11-29
CUST03664,Customer 3664,customer3664@email.com,France,2022-06-04
CUST03665,Customer 3665,customer3665@email.com,Germany,2022-03-23
CUST03666,Customer 3666,customer3666@email.com,Canada,2022-05-21
CUST03667,Customer 3667,customer3667@email.com,Australia,2022-02-17
CUST03668,Customer 3668,customer3668@email.com,France,2022-12-02
CUST03669,Customer 3669,customer3669@email.com,Australia,2022-07-04
CUST03670,Customer 3670,customer3670@email.com,USA,2022-05-09
CUST03671,Customer 3671,customer3671@email.com,Germany,2022-02-12
CUST03672,Customer 3672,customer3672@email.com,UK,2022-07-10
CUST03673,Customer 3673,customer3673@email.com,Germany,2022-12-07
CUST03674,Customer 3674,customer3674@email.com,Germany,2022-11-29
CUST03675,Customer 3675,customer3675@email.com,India,2022-03-26
CUST03676,Customer 3676,customer3676@email.com,Germany,2022-01-27
CUST03677,Customer 3677,customer3677@email.com,Germany,2022-07-22
CUST03678,Customer 3678,customer3678@email.com,France,2022-11-17
CUST03679,Customer 3679,customer3679@email.com,UK,2022-06-06
CUST03680,Customer 3680,customer3680@email.com,France,2022-12-25
CUST03681,Customer 3681,customer3681@email.com,France,2022-04-30
CUST03682,Customer 3682,customer3682@email.com,USA,2022-08-08
CUST03683,Customer 3683,customer3683@email.com,France,2022-12-02
CUST03684,Customer 3684,customer3684@email.com,India,2022-02-16
CUST03685,Customer 3685,customer3685@email.com,India,2022-12-27
CUST03686,Customer 3686,customer3686@email.com,Australia,2022-02-18
CUST03687,Customer 3687,customer3687@email.com,USA,2022-01-01
CUST03688,Customer 3688,customer3688@email.com,Australia,2022-04-20
CUST03689,Customer 3689,customer3689@email.com,Australia,2022-09-02
CUST03690,Customer 3690,customer3690@email.com,Canada,2022-02-09
CUST03691,Customer 3691,customer3691@email.com,UK,2022-03-09
CUST03692,Customer 3692,customer3692@email.com,UK,2022-10-31
CUST03693,Customer 3693,customer3693@email.com,France,2022-04-26
CUST03694,Customer 3694,customer3694@email.com,France,2022-09-23
CUST03695,Customer 3695,customer3695@email.com,Canada,2022-12-15
CUST03696,Customer 3696,customer3696@email.com,France,2022-08-16
CUST03697,Customer 3697,customer3697@email.com,UK,2022-01-05
CUST03698,Customer 3698,customer3698@email.com,Australia,2022-01-05
CUST03699,Customer 3699,customer3699@email.com,Germany,2022-12-23
CUST03700,Customer 3700,customer3700@email.com,India,2022-06-25
CUST03701,Customer 3701,customer3701@email.com,Germany,2022-03-03
CUST03702,Customer 3702,customer3702@email.com,Germany,2022-08-05
CUST03703,Customer 3703,customer3703@email.com,UK,2022-12-22
CUST03704,Customer 3704,customer3704@email.com,Germany,2022-03-09
CUST03705,Customer 3705,customer3705@email.com,Canada,2022-09-02
CUST03706,Customer 3706,customer3706@email.com,USA,2022-02-06
CUST03707,Customer 3707,customer3707@email.com,France,2022-04-28
CUST03708,Customer 3708,customer3708@email.com,USA,2022-07-16
CUST03709,Customer 3709,customer3709@email.com,Australia,2022-02-15
CUST03710,Customer 3710,customer3710@email.com,India,2022-02-22
CUST03711,Customer 3711,customer3711@email.com,France,2022-02-22
CUST03712,Customer 3712,customer3712@email.com,Germany,2022-06-10
CUST03713,Customer 3713,customer3713@email.com,India,2022-07-08
CUST03714,Customer 3714,customer3714@email.com,France,2022-06-03
CUST03715,Customer 3715,customer3715@email.com,Canada,2022-03-12
CUST03716,Customer 3716,customer3716@email.com,Canada,2022-07-15
CUST03717,Customer 3717,customer3717@email.com,Canada,2022-03-10
CUST03718,Customer 3718,customer3718@email.com,Canada,2022-11-25
CUST03719,Customer 3719,customer3719@email.com,Germany,2022-12-13
CUST03720,Customer 3720,customer3720@email.com,USA,2022-03-15
CUST03721,Customer 3721,customer3721@email.com,France,2022-02-05
CUST03722,Customer 3722,customer3722@email.com,Germany,2022-09-29
CUST03723,Customer 3723,customer3723@email.com,Canada,2022-10-16
CUST03724,Customer 3724,customer3724@email.com,Australia,2022-01-05
CUST03725,Customer 3725,customer3725@email.com,USA,2022-11-09
CUST03726,Customer 3726,customer3726@email.com,Australia,2022-11-29
CUST03727,Customer 3727,customer3727@email.com,India,2022-03-26
CUST03728,Customer 3728,customer3728@email.com,Australia,2022-08-14
CUST03729,Customer 3729,customer3729@email.com,India,2022-06-29
CUST03730,Customer 3730,customer3730@email.com,India,2022-04-20
CUST03731,Customer 3731,customer3731@email.com,Canada,2022-11-18
CUST03732,Customer 3732,customer3732@email.com,India,2022-03-19
CUST03733,Customer 3733,customer3733@email.com,UK,2022-07-30
CUST03734,Customer 3734,customer3734@email.com,France,2022-11-12
CUST03735,Customer 3735,customer3735@email.com,France,2022-12-18
CUST03736,Customer 3736,customer3736@email.com,Canada,2022-08-15
CUST03737,Customer 3737,customer3737@email.com,UK,2022-04-22
CUST03738,Customer 3738,customer3738@email.com,Australia,2022-02-14
CUST03739,Customer 3739,customer3739@email.com,Germany,2022-02-21
CUST03740,Customer 3740,customer3740@email.com,Australia,2022-03-13
CUST03741,Customer 3741,customer3741@email.com,Germany,2022-03-05
CUST03742,Customer 3742,customer3742@email.com,India,2022-10-29
CUST03743,Customer 3743,customer3743@email.com,USA,2022-07-16
CUST03744,Customer 3744,customer3744@email.com,Germany,2022-06-29
CUST03745,Customer 3745,customer3745@email.com,USA,2022-08-08
CUST03746,Customer 3746,customer3746@email.com,France,2022-06-11
CUST03747,Customer 3747,customer3747@email.com,USA,2022-03-13
CUST03748,Customer 3748,customer3748@email.com,France,2022-05-07
CUST03749,Customer 3749,customer3749@email.com,UK,2022-05-22
CUST03750,Customer 3750,customer3750@email.com,UK,2022-11-27
CUST03751,Customer 3751,customer3751@email.com,Canada,2022-02-13
CUST03752,Customer 3752,customer3752@email.com,Canada,2022-05-08
CUST03753,Customer 3753,customer3753@email.com,India,2022-10-11
CUST03754,Customer 3754,customer3754@email.com,Germany,2022-11-04
CUST03755,Customer 3755,customer3755@email.com,India,2022-11-04
CUST03756,Customer 3756,customer3756@email.com,France,2022-11-08
CUST03757,Customer 3757,customer3757@email.com,India,2022-05-26
CUST03758,Customer 3758,customer3758@email.com,USA,2022-12-20
CUST03759,Customer 3759,customer3759@email.com,France,2022-01-14
CUST03760,Customer 3760,customer3760@email.com,Canada,2022-12-04
CUST03761,Customer 3761,customer3761@email.com,UK,2022-06-04
CUST03762,Customer 3762,customer3762@email.com,Canada,2022-04-16
CUST03763,Customer 3763,customer3763@email.com,Germany,2022-09-23
CUST03764,Customer 3764,customer3764@email.com,France,2022-11-07
CUST03765,Customer 3765,customer3765@email.com,France,2022-09-18
CUST03766,Customer 3766,customer3766@email.com,USA,2022-04-07
CUST03767,Customer 3767,customer3767@email.com,Germany,2022-07-20
CUST03768,Customer 3768,customer3768@email.com,UK,2022-06-01
CUST03769,Customer 3769,customer3769@email.com,Australia,2022-11-27
CUST03770,Customer 3770,customer3770@email.com,France,2022-01-28
CUST03771,Customer 3771,customer3771@email.com,France,2022-05-03
CUST03772,Customer 3772,customer3772@email.com,USA,2022-09-11
CUST03773,Customer 3773,customer3773@email.com,India,2022-07-17
CUST03774,Customer 3774,customer3774@email.com,UK,2022-02-27
CUST03775,Customer 3775,customer3775@email.com,Canada,2022-05-04
CUST03776,Customer 3776,customer3776@email.com,Germany,2022-09-13
CUST03777,Customer 3777,customer3777@email.com,France,2022-11-23
CUST03778,Customer 3778,customer3778@email.com,France,2022-11-01
CUST03779,Customer 3779,customer3779@email.com,Canada,2022-02-06
CUST03780,Customer 3780,customer3780@email.com,UK,2022-09-28
CUST03781,Customer 3781,customer3781@email.com,India,2022-01-07
CUST03782,Customer 3782,customer3782@email.com,France,2022-07-04
CUST03783,Customer 3783,customer3783@email.com,UK,2022-06-12
CUST03784,Customer 3784,customer3784@email.com,Canada,2022-03-09
CUST03785,Customer 3785,customer3785@email.com,USA,2022-07-18
CUST03786,Customer 3786,customer3786@email.com,India,2022-10-19
CUST03787,Customer 3787,customer3787@email.com,Germany,2022-08-04
CUST03788,Customer 3788,customer3788@email.com,France,2022-07-07
CUST03789,Customer 3789,customer3789@email.com,UK,2022-10-07
CUST03790,Customer 3790,customer3790@email.com,USA,2022-12-16
CUST03791,Customer 3791,customer3791@email.com,Germany,2022-03-30
CUST03792,Customer 3792,customer3792@email.com,Australia,2022-08-30
CUST03793,Customer 3793,customer3793@email.com,UK,2022-02-07
CUST03794,Customer 3794,customer3794@email.com,UK,2022-01-09
CUST03795,Customer 3795,customer3795@email.com,Germany,2022-10-28
CUST03796,Customer 3796,customer3796@email.com,USA,2022-02-04
CUST03797,Customer 3797,customer3797@email.com,Australia,2022-01-08
CUST03798,Customer 3798,customer3798@email.com,Canada,2022-05-15
CUST03799,Customer 3799,customer3799@email.com,USA,2022-04-21
CUST03800,Customer 3800,customer3800@email.com,India,2022-01-21
CUST03801,Customer 3801,customer3801@email.com,France,2022-01-31
CUST03802,Customer 3802,customer3802@email.com,Germany,2022-07-23
CUST03803,Customer 3803,customer3803@email.com,Canada,2022-09-17
CUST03804,Customer 3804,customer3804@email.com,Australia,2022-05-27
CUST03805,Customer 3805,customer3805@email.com,Germany,2022-11-18
CUST03806,Customer 3806,customer3806@email.com,Germany,2022-12-31
CUST03807,Customer 3807,customer3807@email.com,USA,2022-09-14
CUST03808,Customer 3808,customer3808@email.com,France,2022-08-01
CUST03809,Customer 3809,customer3809@email.com,India,2022-08-05
CUST03810,Customer 3810,customer3810@email.com,UK,2022-12-26
CUST03811,Customer 3811,customer3811@email.com,UK,2022-07-25
CUST03812,Customer 3812,customer3812@email.com,Germany,2022-02-12
CUST03813,Customer 3813,customer3813@email.com,France,2022-11-24
CUST03814,Customer 3814,customer3814@email.com,Australia,2022-10-02
CUST03815,Customer 3815,customer3815@email.com,Australia,2022-10-03
CUST03816,Customer 3816,customer3816@email.com,Canada,2022-11-12
CUST03817,Customer 3817,customer3817@email.com,USA,2022-03-20
CUST03818,Customer 3818,customer3818@email.com,France,2022-05-23
CUST03819,Customer 3819,customer3819@email.com,France,2022-02-12
CUST03820,Customer 3820,customer3820@email.com,USA,2022-06-08
CUST03821,Customer 3821,customer3821@email.com,Australia,2022-02-10
CUST03822,Customer 3822,customer3822@email.com,Australia,2022-09-19
CUST03823,Customer 3823,customer3823@email.com,Australia,2022-04-15
CUST03824,Customer 3824,customer3824@email.com,Germany,2022-03-21
CUST03825,Customer 3825,customer3825@email.com,France,2022-10-02
CUST03826,Customer 3826,customer3826@email.com,UK,2022-06-17
CUST03827,Customer 3827,customer3827@email.com,USA,2022-07-20
CUST03828,Customer 3828,customer3828@email.com,Australia,2022-10-28
CUST03829,Customer 3829,customer3829@email.com,Canada,2022-11-21
CUST03830,Customer 3830,customer3830@email.com,Australia,2022-11-29
CUST03831,Customer 3831,customer3831@email.com,Australia,2022-12-15
CUST03832,Customer 3832,customer3832@email.com,India,2022-11-26
CUST03833,Customer 3833,customer3833@email.com,Germany,2022-02-03
CUST03834,Customer 3834,customer3834@email.com,USA,2022-06-08
CUST03835,Customer 3835,customer3835@email.com,India,2022-12-24
CUST03836,Customer 3836,customer3836@email.com,India,2022-08-12
CUST03837,Customer 3837,customer3837@email.com,Canada,2022-05-03
CUST03838,Customer 3838,customer3838@email.com,France,2022-01-30
CUST03839,Customer 3839,customer3839@email.com,Canada,2022-05-06
CUST03840,Customer 3840,customer3840@email.com,France,2022-02-14
CUST03841,Customer 3841,customer3841@email.com,France,2022-08-11
CUST03842,Customer 3842,customer3842@email.com,USA,2022-03-01
CUST03843,Customer 3843,customer3843@email.com,Australia,2022-08-21
CUST03844,Customer 3844,customer3844@email.com,USA,2022-11-10
CUST03845,Customer 3845,customer3845@email.com,Germany,2022-11-08
CUST03846,Customer 3846,customer3846@email.com,France,2022-01-29
CUST03847,Customer 3847,customer3847@email.com,India,2022-06-08
CUST03848,Customer 3848,customer3848@email.com,Australia,2022-12-08
CUST03849,Customer 3849,customer3849@email.com,UK,2022-12-03
CUST03850,Customer 3850,customer3850@email.com,Germany,2022-03-31
CUST03851,Customer 3851,customer3851@email.com,USA,2022-03-03
CUST03852,Customer 3852,customer3852@email.com,Canada,2022-01-07
CUST03853,Customer 3853,customer3853@email.com,Germany,2022-12-29
CUST03854,Customer 3854,customer3854@email.com,Germany,2022-03-12
CUST03855,Customer 3855,customer3855@email.com,Australia,2022-12-26
CUST03856,Customer 3856,customer3856@email.com,Germany,2022-01-06
CUST03857,Customer 3857,customer3857@email.com,Germany,2022-03-25
CUST03858,Customer 3858,customer3858@email.com,UK,2022-09-12
CUST03859,Customer 3859,customer3859@email.com,Canada,2022-06-27
CUST03860,Customer 3860,customer3860@email.com,Canada,2022-09-25
CUST03861,Customer 3861,customer3861@email.com,Canada,2022-09-22
CUST03862,Customer 3862,customer3862@email.com,France,2022-05-13
CUST03863,Customer 3863,customer3863@email.com,India,2022-03-27
CUST03864,Customer 3864,customer3864@email.com,Canada,2022-07-10
CUST03865,Customer 3865,customer3865@email.com,Germany,2022-03-06
CUST03866,Customer 3866,customer3866@email.com,Germany,2022-05-18
CUST03867,Customer 3867,customer3867@email.com,Canada,2022-03-02
CUST03868,Customer 3868,customer3868@email.com,Australia,2022-01-16
CUST03869,Customer 3869,customer3869@email.com,Canada,2022-06-21
CUST03870,Customer 3870,customer3870@email.com,Germany,2022-08-08
CUST03871,Customer 3871,customer3871@email.com,France,2022-05-20
CUST03872,Customer 3872,customer3872@email.com,USA,2022-09-26
CUST03873,Customer 3873,customer3873@email.com,USA,2022-02-02
CUST03874,Customer 3874,customer3874@email.com,Canada,2022-05-15
CUST03875,Customer 3875,customer3875@email.com,UK,2022-12-31
CUST03876,Customer 3876,customer3876@email.com,Canada,2022-10-23
CUST03877,Customer 3877,customer3877@email.com,Australia,2022-11-18
CUST03878,Customer 3878,customer3878@email.com,Canada,2022-02-09
CUST03879,Customer 3879,customer3879@email.com,USA,2022-09-12
CUST03880,Customer 3880,customer3880@email.com,Germany,2022-08-22
CUST03881,Customer 3881,customer3881@email.com,Canada,2022-09-19
CUST03882,Customer 3882,customer3882@email.com,Germany,2022-07-04
CUST03883,Customer 3883,customer3883@email.com,Germany,2022-01-29
CUST03884,Customer 3884,customer3884@email.com,UK,2022-09-13
CUST03885,Customer 3885,customer3885@email.com,Germany,2022-10-18
CUST03886,Customer 3886,customer3886@email.com,USA,2022-03-27
CUST03887,Customer 3887,customer3887@email.com,France,2022-07-08
CUST03888,Customer 3888,customer3888@email.com,France,2022-03-22
CUST03889,Customer 3889,customer3889@email.com,India,2022-05-11
CUST03890,Customer 3890,customer3890@email.com,Australia,2022-02-22
CUST03891,Customer 3891,customer3891@email.com,Canada,2022-10-21
CUST03892,Customer 3892,customer3892@email.com,Australia,2022-12-12
CUST03893,Customer 3893,customer3893@email.com,USA,2022-03-01
CUST03894,Customer 3894,customer3894@email.com,Germany,2022-04-27
CUST03895,Customer 3895,customer3895@email.com,France,2022-09-18
CUST03896,Customer 3896,customer3896@email.com,Australia,2022-01-02
CUST03897,Customer 3897,customer3897@email.com,USA,2022-01-23
CUST03898,Customer 3898,customer3898@email.com,France,2022-01-07
CUST03899,Customer 3899,customer3899@email.com,Germany,2022-05-06
CUST03900,Customer 3900,customer3900@email.com,Australia,2022-01-24
CUST03901,Customer 3901,customer3901@email.com,France,2022-08-30
CUST03902,Customer 3902,customer3902@email.com,Canada,2022-07-06
CUST03903,Customer 3903,customer3903@email.com,Canada,2022-07-16
CUST03904,Customer 3904,customer3904@email.com,India,2022-03-18
CUST03905,Customer 3905,customer3905@email.com,India,2022-04-02
CUST03906,Customer 3906,customer3906@email.com,France,2022-01-19
CUST03907,Customer 3907,customer3907@email.com,USA,2022-10-11
CUST03908,Customer 3908,customer3908@email.com,Canada,2023-01-01
CUST03909,Customer 3909,customer3909@email.com,USA,2022-12-02
CUST03910,Customer 3910,customer3910@email.com,USA,2022-08-03
CUST03911,Customer 3911,customer3911@email.com,France,2022-04-25
CUST03912,Customer 3912,customer3912@email.com,USA,2022-06-14
CUST03913,Customer 3913,customer3913@email.com,Canada,2022-05-08
CUST03914,Customer 3914,customer3914@email.com,Germany,2022-08-02
CUST03915,Customer 3915,customer3915@email.com,India,2022-06-13
CUST03916,Customer 3916,customer3916@email.com,Germany,2022-05-19
CUST03917,Customer 3917,customer3917@email.com,USA,2022-02-09
CUST03918,Customer 3918,customer3918@email.com,Germany,2022-10-20
CUST03919,Customer 3919,customer3919@email.com,Canada,2022-07-10
CUST03920,Customer 3920,customer3920@email.com,Canada,2022-03-03
CUST03921,Customer 3921,customer3921@email.com,USA,2022-09-15
CUST03922,Customer 3922,customer3922@email.com,France,2022-12-11
CUST03923,Customer 3923,customer3923@email.com,Germany,2022-01-27
CUST03924,Customer 3924,customer3924@email.com,France,2022-04-02
CUST03925,Customer 3925,customer3925@email.com,France,2022-04-25
CUST03926,Customer 3926,customer3926@email.com,UK,2022-09-22
CUST03927,Customer 3927,customer3927@email.com,USA,2022-01-24
CUST03928,Customer 3928,customer3928@email.com,India,2022-07-25
CUST03929,Customer 3929,customer3929@email.com,Canada,2022-02-05
CUST03930,Customer 3930,customer3930@email.com,Canada,2022-08-27
CUST03931,Customer 3931,customer3931@email.com,USA,2022-05-25
CUST03932,Customer 3932,customer3932@email.com,Australia,2022-06-09
CUST03933,Customer 3933,customer3933@email.com,Australia,2022-06-17
CUST03934,Customer 3934,customer3934@email.com,Australia,2022-02-14
CUST03935,Customer 3935,customer3935@email.com,India,2022-10-11
CUST03936,Customer 3936,customer3936@email.com,Canada,2022-08-22
CUST03937,Customer 3937,customer3937@email.com,USA,2022-01-05
CUST03938,Customer 3938,customer3938@email.com,Canada,2022-07-08
CUST03939,Customer 3939,customer3939@email.com,France,2022-04-13
CUST03940,Customer 3940,customer3940@email.com,Germany,2022-05-30
CUST03941,Customer 3941,customer3941@email.com,Germany,2022-10-16
CUST03942,Customer 3942,customer3942@email.com,Canada,2022-06-05
CUST03943,Customer 3943,customer3943@email.com,UK,2022-11-15
CUST03944,Customer 3944,customer3944@email.com,India,2022-05-05
CUST03945,Customer 3945,customer3945@email.com,Australia,2022-08-26
CUST03946,Customer 3946,customer3946@email.com,India,2022-07-08
CUST03947,Customer 3947,customer3947@email.com,India,2022-10-30
CUST03948,Customer 3948,customer3948@email.com,France,2022-09-10
CUST03949,Customer 3949,customer3949@email.com,India,2022-04-11
CUST03950,Customer 3950,customer3950@email.com,Germany,2022-10-07
CUST03951,Customer 3951,customer3951@email.com,France,2022-05-06
CUST03952,Customer 3952,customer3952@email.com,USA,2022-03-19
CUST03953,Customer 3953,customer3953@email.com,India,2022-01-04
CUST03954,Customer 3954,customer3954@email.com,India,2022-07-29
CUST03955,Customer 3955,customer3955@email.com,USA,2022-01-13
CUST03956,Customer 3956,customer3956@email.com,India,2022-04-30
CUST03957,Customer 3957,customer3957@email.com,USA,2022-10-05
CUST03958,Customer 3958,customer3958@email.com,France,2022-06-27
CUST03959,Customer 3959,customer3959@email.com,Germany,2022-11-22
CUST03960,Customer 3960,customer3960@email.com,USA,2022-12-22
CUST03961,Customer 3961,customer3961@email.com,UK,2022-01-05
CUST03962,Customer 3962,customer3962@email.com,USA,2022-06-21
CUST03963,Customer 3963,customer3963@email.com,India,2022-01-01
CUST03964,Customer 3964,customer3964@email.com,Australia,2022-12-03
CUST03965,Customer 3965,customer3965@email.com,Australia,2022-07-12
CUST03966,Customer 3966,customer3966@email.com,France,2022-06-07
CUST03967,Customer 3967,customer3967@email.com,Canada,2022-02-23
CUST03968,Customer 3968,customer3968@email.com,France,2022-04-16
CUST03969,Customer 3969,customer3969@email.com,Canada,2022-09-29
CUST03970,Customer 3970,customer3970@email.com,Australia,2022-05-02
CUST03971,Customer 3971,customer3971@email.com,Australia,2022-08-03
CUST03972,Customer 3972,customer3972@email.com,USA,2022-09-09
CUST03973,Customer 3973,customer3973@email.com,Germany,2022-01-31
CUST03974,Customer 3974,customer3974@email.com,UK,2022-03-14
CUST03975,Customer 3975,customer3975@email.com,France,2022-12-31
CUST03976,Customer 3976,customer3976@email.com,India,2022-05-24
CUST03977,Customer 3977,customer3977@email.com,Canada,2022-02-17
CUST03978,Customer 3978,customer3978@email.com,India,2022-01-23
CUST03979,Customer 3979,customer3979@email.com,Germany,2022-04-29
CUST03980,Customer 3980,customer3980@email.com,Canada,2022-09-24
CUST03981,Customer 3981,customer3981@email.com,France,2022-07-31
CUST03982,Customer 3982,customer3982@email.com,USA,2022-12-25
CUST03983,Customer 3983,customer3983@email.com,India,2022-07-10
CUST03984,Customer 3984,customer3984@email.com,Germany,2022-08-23
CUST03985,Customer 3985,customer3985@email.com,France,2022-02-13
CUST03986,Customer 3986,customer3986@email.com,Australia,2022-10-25
CUST03987,Customer 3987,customer3987@email.com,Australia,2022-02-18
CUST03988,Customer 3988,customer3988@email.com,France,2022-09-16
CUST03989,Customer 3989,customer3989@email.com,France,2022-03-10
CUST03990,Customer 3990,customer3990@email.com,France,2022-11-23
CUST03991,Customer 3991,customer3991@email.com,Canada,2022-07-21
CUST03992,Customer 3992,customer3992@email.com,France,2022-02-08
CUST03993,Customer 3993,customer3993@email.com,India,2022-10-31
CUST03994,Customer 3994,customer3994@email.com,Germany,2022-10-18
CUST03995,Customer 3995,customer3995@email.com,Canada,2022-02-01
CUST03996,Customer 3996,customer3996@email.com,France,2022-08-11
CUST03997,Customer 3997,customer3997@email.com,UK,2022-12-06
CUST03998,Customer 3998,customer3998@email.com,UK,2022-03-08
CUST03999,Customer 3999,customer3999@email.com,Germany,2022-05-02
CUST04000,Customer 4000,customer4000@email.com,Australia,2022-05-30
CUST04001,Customer 4001,customer4001@email.com,USA,2022-05-14
CUST04002,Customer 4002,customer4002@email.com,USA,2022-06-11
CUST04003,Customer 4003,customer4003@email.com,Australia,2022-07-21
CUST04004,Customer 4004,customer4004@email.com,Canada,2022-12-25
CUST04005,Customer 4005,customer4005@email.com,Canada,2022-06-17
CUST04006,Customer 4006,customer4006@email.com,Canada,2022-06-12
CUST04007,Customer 4007,customer4007@email.com,USA,2022-08-20
CUST04008,Customer 4008,customer4008@email.com,UK,2022-05-20
CUST04009,Customer 4009,customer4009@email.com,USA,2022-04-30
CUST04010,Customer 4010,customer4010@email.com,India,2022-02-08
CUST04011,Customer 4011,customer4011@email.com,France,2022-04-14
CUST04012,Customer 4012,customer4012@email.com,Canada,2022-03-11
CUST04013,Customer 4013,customer4013@email.com,UK,2022-10-27
CUST04014,Customer 4014,customer4014@email.com,Germany,2022-02-25
CUST04015,Customer 4015,customer4015@email.com,Germany,2022-03-21
CUST04016,Customer 4016,customer4016@email.com,France,2022-02-24
CUST04017,Customer 4017,customer4017@email.com,UK,2022-03-26
CUST04018,Customer 4018,customer4018@email.com,USA,2022-08-19
CUST04019,Customer 4019,customer4019@email.com,USA,2022-08-27
CUST04020,Customer 4020,customer4020@email.com,India,2022-06-10
CUST04021,Customer 4021,customer4021@email.com,India,2022-07-28
CUST04022,Customer 4022,customer4022@email.com,USA,2022-03-03
CUST04023,Customer 4023,customer4023@email.com,Germany,2022-10-02
CUST04024,Customer 4024,customer4024@email.com,Canada,2022-07-03
CUST04025,Customer 4025,customer4025@email.com,Germany,2022-04-17
CUST04026,Customer 4026,customer4026@email.com,India,2022-08-20
CUST04027,Customer 4027,customer4027@email.com,France,2022-06-07
CUST04028,Customer 4028,customer4028@email.com,USA,2022-08-26
CUST04029,Customer 4029,customer4029@email.com,India,2022-05-16
CUST04030,Customer 4030,customer4030@email.com,India,2022-03-03
CUST04031,Customer 4031,customer4031@email.com,Canada,2022-02-16
CUST04032,Customer 4032,customer4032@email.com,USA,2022-03-22
CUST04033,Customer 4033,customer4033@email.com,Canada,2022-12-18
CUST04034,Customer 4034,customer4034@email.com,USA,2022-06-05
CUST04035,Customer 4035,customer4035@email.com,Canada,2022-12-27
CUST04036,Customer 4036,customer4036@email.com,Germany,2022-12-23
CUST04037,Customer 4037,customer4037@email.com,France,2022-11-05
CUST04038,Customer 4038,customer4038@email.com,France,2022-01-21
CUST04039,Customer 4039,customer4039@email.com,USA,2022-04-21
CUST04040,Customer 4040,customer4040@email.com,UK,2022-06-17
CUST04041,Customer 4041,customer4041@email.com,Australia,2022-03-17
CUST04042,Customer 4042,customer4042@email.com,India,2022-02-16
CUST04043,Customer 4043,customer4043@email.com,India,2022-12-31
CUST04044,Customer 4044,customer4044@email.com,USA,2022-05-08
CUST04045,Customer 4045,customer4045@email.com,Canada,2022-07-02
CUST04046,Customer 4046,customer4046@email.com,UK,2022-07-22
CUST04047,Customer 4047,customer4047@email.com,Germany,2022-09-20
CUST04048,Customer 4048,customer4048@email.com,Canada,2022-01-26
CUST04049,Customer 4049,customer4049@email.com,Canada,2022-12-13
CUST04050,Customer 4050,customer4050@email.com,USA,2022-06-03
CUST04051,Customer 4051,customer4051@email.com,USA,2022-05-14
CUST04052,Customer 4052,customer4052@email.com,India,2022-03-31
CUST04053,Customer 4053,customer4053@email.com,USA,2022-01-16
CUST04054,Customer 4054,customer4054@email.com,USA,2022-07-27
CUST04055,Customer 4055,customer4055@email.com,USA,2022-08-20
CUST04056,Customer 4056,customer4056@email.com,India,2022-10-12
CUST04057,Customer 4057,customer4057@email.com,Germany,2022-10-09
CUST04058,Customer 4058,customer4058@email.com,Germany,2022-05-08
CUST04059,Customer 4059,customer4059@email.com,Australia,2022-02-18
CUST04060,Customer 4060,customer4060@email.com,Australia,2022-08-25
CUST04061,Customer 4061,customer4061@email.com,USA,2022-02-22
CUST04062,Customer 4062,customer4062@email.com,Australia,2022-03-13
CUST04063,Customer 4063,customer4063@email.com,India,2022-03-04
CUST04064,Customer 4064,customer4064@email.com,Germany,2022-01-07
CUST04065,Customer 4065,customer4065@email.com,Canada,2022-02-01
CUST04066,Customer 4066,customer4066@email.com,Germany,2022-04-24
CUST04067,Customer 4067,customer4067@email.com,Germany,2022-03-08
CUST04068,Customer 4068,customer4068@email.com,India,2022-04-12
CUST04069,Customer 4069,customer4069@email.com,Australia,2022-07-25
CUST04070,Customer 4070,customer4070@email.com,Canada,2022-07-10
CUST04071,Customer 4071,customer4071@email.com,India,2022-12-18
CUST04072,Customer 4072,customer4072@email.com,USA,2022-11-19
CUST04073,Customer 4073,customer4073@email.com,France,2022-11-27
CUST04074,Customer 4074,customer4074@email.com,Germany,2022-02-13
CUST04075,Customer 4075,customer4075@email.com,France,2022-10-26
CUST04076,Customer 4076,customer4076@email.com,India,2022-10-28
CUST04077,Customer 4077,customer4077@email.com,India,2022-05-13
CUST04078,Customer 4078,customer4078@email.com,India,2022-02-08
CUST04079,Customer 4079,customer4079@email.com,France,2022-01-12
CUST04080,Customer 4080,customer4080@email.com,India,2022-02-03
CUST04081,Customer 4081,customer4081@email.com,USA,2022-04-12
CUST04082,Customer 4082,customer4082@email.com,India,2022-11-27
CUST04083,Customer 4083,customer4083@email.com,UK,2022-08-16
CUST04084,Customer 4084,customer4084@email.com,Australia,2022-03-07
CUST04085,Customer 4085,customer4085@email.com,France,2022-02-17
CUST04086,Customer 4086,customer4086@email.com,UK,2022-06-19
CUST04087,Customer 4087,customer4087@email.com,India,2022-03-04
CUST04088,Customer 4088,customer4088@email.com,USA,2022-01-22
CUST04089,Customer 4089,customer4089@email.com,Germany,2022-08-25
CUST04090,Customer 4090,customer4090@email.com,Canada,2022-01-26
CUST04091,Customer 4091,customer4091@email.com,Australia,2022-03-28
CUST04092,Customer 4092,customer4092@email.com,Canada,2022-10-21
CUST04093,Customer 4093,customer4093@email.com,India,2022-08-10
CUST04094,Customer 4094,customer4094@email.com,Australia,2022-07-22
CUST04095,Customer 4095,customer4095@email.com,Australia,2022-09-12
CUST04096,Customer 4096,customer4096@email.com,USA,2022-01-16
CUST04097,Customer 4097,customer4097@email.com,Australia,2022-07-15
CUST04098,Customer 4098,customer4098@email.com,France,2022-12-16
CUST04099,Customer 4099,customer4099@email.com,UK,2022-08-07
CUST04100,Customer 4100,customer4100@email.com,UK,2022-03-30
CUST04101,Customer 4101,customer4101@email.com,UK,2022-07-01
CUST04102,Customer 4102,customer4102@email.com,France,2022-04-20
CUST04103,Customer 4103,customer4103@email.com,Canada,2022-04-06
CUST04104,Customer 4104,customer4104@email.com,USA,2022-05-21
CUST04105,Customer 4105,customer4105@email.com,Australia,2022-05-24
CUST04106,Customer 4106,customer4106@email.com,France,2022-08-17
CUST04107,Customer 4107,customer4107@email.com,UK,2022-03-18
CUST04108,Customer 4108,customer4108@email.com,India,2022-01-18
CUST04109,Customer 4109,customer4109@email.com,Germany,2022-11-11
CUST04110,Customer 4110,customer4110@email.com,Australia,2022-11-14
CUST04111,Customer 4111,customer4111@email.com,France,2022-11-12
CUST04112,Customer 4112,customer4112@email.com,France,2022-05-06
CUST04113,Customer 4113,customer4113@email.com,USA,2022-11-28
CUST04114,Customer 4114,customer4114@email.com,USA,2022-06-01
CUST04115,Customer 4115,customer4115@email.com,France,2022-09-13
CUST04116,Customer 4116,customer4116@email.com,UK,2022-07-30
CUST04117,Customer 4117,customer4117@email.com,Germany,2022-10-09
CUST04118,Customer 4118,customer4118@email.com,Australia,2022-09-03
CUST04119,Customer 4119,customer4119@email.com,USA,2022-02-01
CUST04120,Customer 4120,customer4120@email.com,Australia,2022-02-14
CUST04121,Customer 4121,customer4121@email.com,UK,2022-05-24
CUST04122,Customer 4122,customer4122@email.com,Australia,2022-07-16
CUST04123,Customer 4123,customer4123@email.com,India,2022-03-12
CUST04124,Customer 4124,customer4124@email.com,USA,2022-08-03
CUST04125,Customer 4125,customer4125@email.com,UK,2022-04-13
CUST04126,Customer 4126,customer4126@email.com,UK,2022-11-26
CUST04127,Customer 4127,customer4127@email.com,Germany,2022-09-27
CUST04128,Customer 4128,customer4128@email.com,Germany,2022-05-08
CUST04129,Customer 4129,customer4129@email.com,India,2022-11-19
CUST04130,Customer 4130,customer4130@email.com,UK,2022-10-06
CUST04131,Customer 4131,customer4131@email.com,Canada,2022-01-10
CUST04132,Customer 4132,customer4132@email.com,UK,2022-07-15
CUST04133,Customer 4133,customer4133@email.com,Germany,2023-01-01
CUST04134,Customer 4134,customer4134@email.com,Canada,2022-07-03
CUST04135,Customer 4135,customer4135@email.com,USA,2022-09-03
CUST04136,Customer 4136,customer4136@email.com,USA,2022-10-06
CUST04137,Customer 4137,customer4137@email.com,Australia,2022-09-06
CUST04138,Customer 4138,customer4138@email.com,France,2022-06-26
CUST04139,Customer 4139,customer4139@email.com,Germany,2022-10-17
CUST04140,Customer 4140,customer4140@email.com,France,2022-09-15
CUST04141,Customer 4141,customer4141@email.com,Canada,2022-06-14
CUST04142,Customer 4142,customer4142@email.com,Germany,2022-07-18
CUST04143,Customer 4143,customer4143@email.com,India,2022-05-19
CUST04144,Customer 4144,customer4144@email.com,UK,2022-04-03
CUST04145,Customer 4145,customer4145@email.com,India,2022-01-14
CUST04146,Customer 4146,customer4146@email.com,Canada,2022-06-13
CUST04147,Customer 4147,customer4147@email.com,Germany,2022-11-02
CUST04148,Customer 4148,customer4148@email.com,Canada,2022-04-23
CUST04149,Customer 4149,customer4149@email.com,UK,2022-01-16
CUST04150,Customer 4150,customer4150@email.com,USA,2022-05-24
CUST04151,Customer 4151,customer4151@email.com,USA,2022-01-30
CUST04152,Customer 4152,customer4152@email.com,Canada,2022-08-30
CUST04153,Customer 4153,customer4153@email.com,France,2022-09-29
CUST04154,Customer 4154,customer4154@email.com,Germany,2022-07-03
CUST04155,Customer 4155,customer4155@email.com,Germany,2022-10-27
CUST04156,Customer 4156,customer4156@email.com,USA,2022-04-30
CUST04157,Customer 4157,customer4157@email.com,Australia,2022-03-23
CUST04158,Customer 4158,customer4158@email.com,India,2022-02-21
CUST04159,Customer 4159,customer4159@email.com,Australia,2022-05-07
CUST04160,Customer 4160,customer4160@email.com,UK,2022-12-03
CUST04161,Customer 4161,customer4161@email.com,India,2022-05-04
CUST04162,Customer 4162,customer4162@email.com,India,2022-05-17
CUST04163,Customer 4163,customer4163@email.com,Canada,2022-10-01
CUST04164,Customer 4164,customer4164@email.com,USA,2022-01-29
CUST04165,Customer 4165,customer4165@email.com,Australia,2022-04-23
CUST04166,Customer 4166,customer4166@email.com,Australia,2022-10-22
CUST04167,Customer 4167,customer4167@email.com,USA,2022-07-18
CUST04168,Customer 4168,customer4168@email.com,Australia,2022-07-01
CUST04169,Customer 4169,customer4169@email.com,USA,2022-03-30
CUST04170,Customer 4170,customer4170@email.com,Canada,2022-04-01
CUST04171,Customer 4171,customer4171@email.com,France,2022-05-02
CUST04172,Customer 4172,customer4172@email.com,India,2022-10-31
CUST04173,Customer 4173,customer4173@email.com,Canada,2022-06-12
CUST04174,Customer 4174,customer4174@email.com,Germany,2022-12-24
CUST04175,Customer 4175,customer4175@email.com,UK,2022-07-03
CUST04176,Customer 4176,customer4176@email.com,France,2022-10-30
CUST04177,Customer 4177,customer4177@email.com,Germany,2022-01-15
CUST04178,Customer 4178,customer4178@email.com,India,2022-12-27
CUST04179,Customer 4179,customer4179@email.com,Australia,2022-12-25
CUST04180,Customer 4180,customer4180@email.com,USA,2022-06-30
CUST04181,Customer 4181,customer4181@email.com,India,2022-10-18
CUST04182,Customer 4182,customer4182@email.com,Canada,2022-10-16
CUST04183,Customer 4183,customer4183@email.com,UK,2022-03-14
CUST04184,Customer 4184,customer4184@email.com,Canada,2022-10-16
CUST04185,Customer 4185,customer4185@email.com,France,2022-04-07
CUST04186,Customer 4186,customer4186@email.com,France,2022-09-10
CUST04187,Customer 4187,customer4187@email.com,UK,2022-10-05
CUST04188,Customer 4188,customer4188@email.com,Germany,2022-06-08
CUST04189,Customer 4189,customer4189@email.com,Germany,2022-03-31
CUST04190,Customer 4190,customer4190@email.com,France,2022-09-09
CUST04191,Customer 4191,customer4191@email.com,France,2022-01-20
CUST04192,Customer 4192,customer4192@email.com,Australia,2022-02-16
CUST04193,Customer 4193,customer4193@email.com,USA,2022-01-29
CUST04194,Customer 4194,customer4194@email.com,Australia,2022-04-30
CUST04195,Customer 4195,customer4195@email.com,Australia,2022-11-05
CUST04196,Customer 4196,customer4196@email.com,Germany,2022-04-23
CUST04197,Customer 4197,customer4197@email.com,UK,2022-01-11
CUST04198,Customer 4198,customer4198@email.com,Germany,2022-09-27
CUST04199,Customer 4199,customer4199@email.com,USA,2022-09-02
CUST04200,Customer 4200,customer4200@email.com,Canada,2022-01-01
CUST04201,Customer 4201,customer4201@email.com,France,2022-06-19
CUST04202,Customer 4202,customer4202@email.com,France,2022-11-11
CUST04203,Customer 4203,customer4203@email.com,USA,2022-04-14
CUST04204,Customer 4204,customer4204@email.com,Australia,2022-03-08
CUST04205,Customer 4205,customer4205@email.com,UK,2022-06-24
CUST04206,Customer 4206,customer4206@email.com,France,2022-04-01
CUST04207,Customer 4207,customer4207@email.com,India,2022-06-15
CUST04208,Customer 4208,customer4208@email.com,Australia,2022-01-31
CUST04209,Customer 4209,customer4209@email.com,France,2022-01-12
CUST04210,Customer 4210,customer4210@email.com,India,2022-03-17
CUST04211,Customer 4211,customer4211@email.com,USA,2022-10-28
CUST04212,Customer 4212,customer4212@email.com,USA,2022-12-27
CUST04213,Customer 4213,customer4213@email.com,Australia,2022-03-14
CUST04214,Customer 4214,customer4214@email.com,France,2022-02-26
CUST04215,Customer 4215,customer4215@email.com,Germany,2022-09-27
CUST04216,Customer 4216,customer4216@email.com,India,2022-07-06
CUST04217,Customer 4217,customer4217@email.com,UK,2022-02-07
CUST04218,Customer 4218,customer4218@email.com,France,2022-07-11
CUST04219,Customer 4219,customer4219@email.com,UK,2022-12-27
CUST04220,Customer 4220,customer4220@email.com,France,2022-12-06
CUST04221,Customer 4221,customer4221@email.com,Germany,2022-07-22
CUST04222,Customer 4222,customer4222@email.com,Germany,2022-10-28
CUST04223,Customer 4223,customer4223@email.com,Australia,2022-02-21
CUST04224,Customer 4224,customer4224@email.com,Australia,2022-06-22
CUST04225,Customer 4225,customer4225@email.com,Germany,2022-06-04
CUST04226,Customer 4226,customer4226@email.com,Canada,2022-06-15
CUST04227,Customer 4227,customer4227@email.com,Germany,2022-03-11
CUST04228,Customer 4228,customer4228@email.com,USA,2022-03-22
CUST04229,Customer 4229,customer4229@email.com,USA,2022-08-12
CUST04230,Customer 4230,customer4230@email.com,Canada,2022-11-24
CUST04231,Customer 4231,customer4231@email.com,India,2022-09-07
CUST04232,Customer 4232,customer4232@email.com,UK,2022-11-29
CUST04233,Customer 4233,customer4233@email.com,France,2022-06-12
CUST04234,Customer 4234,customer4234@email.com,France,2022-03-31
CUST04235,Customer 4235,customer4235@email.com,Canada,2022-12-29
CUST04236,Customer 4236,customer4236@email.com,USA,2022-10-15
CUST04237,Customer 4237,customer4237@email.com,Australia,2022-12-22
CUST04238,Customer 4238,customer4238@email.com,France,2022-11-11
CUST04239,Customer 4239,customer4239@email.com,USA,2022-07-02
CUST04240,Customer 4240,customer4240@email.com,India,2022-04-25
CUST04241,Customer 4241,customer4241@email.com,UK,2022-12-07
CUST04242,Customer 4242,customer4242@email.com,India,2022-10-29
CUST04243,Customer 4243,customer4243@email.com,Canada,2022-03-31
CUST04244,Customer 4244,customer4244@email.com,Germany,2022-07-13
CUST04245,Customer 4245,customer4245@email.com,Germany,2022-06-07
CUST04246,Customer 4246,customer4246@email.com,Germany,2022-12-19
CUST04247,Customer 4247,customer4247@email.com,India,2022-05-31
CUST04248,Customer 4248,customer4248@email.com,France,2022-03-07
CUST04249,Customer 4249,customer4249@email.com,UK,2022-04-01
CUST04250,Customer 4250,customer4250@email.com,Germany,2022-01-01
CUST04251,Customer 4251,customer4251@email.com,Canada,2022-12-26
CUST04252,Customer 4252,customer4252@email.com,Canada,2022-10-21
CUST04253,Customer 4253,customer4253@email.com,Germany,2022-07-20
CUST04254,Customer 4254,customer4254@email.com,Germany,2022-10-18
CUST04255,Customer 4255,customer4255@email.com,UK,2022-01-17
CUST04256,Customer 4256,customer4256@email.com,Germany,2022-04-04
CUST04257,Customer 4257,customer4257@email.com,UK,2022-11-05
CUST04258,Customer 4258,customer4258@email.com,Canada,2022-06-12
CUST04259,Customer 4259,customer4259@email.com,Germany,2022-11-10
CUST04260,Customer 4260,customer4260@email.com,India,2022-04-24
CUST04261,Customer 4261,customer4261@email.com,Australia,2022-11-24
CUST04262,Customer 4262,customer4262@email.com,India,2022-10-17
CUST04263,Customer 4263,customer4263@email.com,Canada,2022-02-23
CUST04264,Customer 4264,customer4264@email.com,UK,2022-09-12
CUST04265,Customer 4265,customer4265@email.com,India,2022-03-14
CUST04266,Customer 4266,customer4266@email.com,UK,2022-06-19
CUST04267,Customer 4267,customer4267@email.com,India,2022-02-09
CUST04268,Customer 4268,customer4268@email.com,India,2022-05-02
CUST04269,Customer 4269,customer4269@email.com,UK,2022-06-27
CUST04270,Customer 4270,customer4270@email.com,France,2022-06-13
CUST04271,Customer 4271,customer4271@email.com,India,2022-03-27
CUST04272,Customer 4272,customer4272@email.com,Germany,2022-11-22
CUST04273,Customer 4273,customer4273@email.com,Australia,2022-02-15
CUST04274,Customer 4274,customer4274@email.com,Canada,2022-12-29
CUST04275,Customer 4275,customer4275@email.com,France,2022-12-10
CUST04276,Customer 4276,customer4276@email.com,UK,2022-11-24
CUST04277,Customer 4277,customer4277@email.com,France,2022-06-21
CUST04278,Customer 4278,customer4278@email.com,USA,2022-08-17
CUST04279,Customer 4279,customer4279@email.com,USA,2022-01-06
CUST04280,Customer 4280,customer4280@email.com,India,2022-05-16
CUST04281,Customer 4281,customer4281@email.com,India,2022-04-18
CUST04282,Customer 4282,customer4282@email.com,Germany,2022-05-08
CUST04283,Customer 4283,customer4283@email.com,Australia,2022-12-21
CUST04284,Customer 4284,customer4284@email.com,Canada,2022-02-04
CUST04285,Customer 4285,customer4285@email.com,France,2022-06-29
CUST04286,Customer 4286,customer4286@email.com,USA,2022-05-12
CUST04287,Customer 4287,customer4287@email.com,India,2022-02-25
CUST04288,Customer 4288,customer4288@email.com,Canada,2022-01-01
CUST04289,Customer 4289,customer4289@email.com,France,2022-01-25
CUST04290,Customer 4290,customer4290@email.com,India,2022-07-17
CUST04291,Customer 4291,customer4291@email.com,India,2022-08-13
CUST04292,Customer 4292,customer4292@email.com,USA,2022-08-03
CUST04293,Customer 4293,customer4293@email.com,USA,2022-03-27
CUST04294,Customer 4294,customer4294@email.com,India,2022-07-31
CUST04295,Customer 4295,customer4295@email.com,UK,2022-09-10
CUST04296,Customer 4296,customer4296@email.com,India,2022-07-13
CUST04297,Customer 4297,customer4297@email.com,Canada,2022-06-29
CUST04298,Customer 4298,customer4298@email.com,India,2022-10-07
CUST04299,Customer 4299,customer4299@email.com,Germany,2022-07-12
CUST04300,Customer 4300,customer4300@email.com,Australia,2022-02-21
CUST04301,Customer 4301,customer4301@email.com,Germany,2022-09-03
CUST04302,Customer 4302,customer4302@email.com,Germany,2022-10-23
CUST04303,Customer 4303,customer4303@email.com,UK,2022-11-30
CUST04304,Customer 4304,customer4304@email.com,UK,2022-12-18
CUST04305,Customer 4305,customer4305@email.com,India,2022-04-26
CUST04306,Customer 4306,customer4306@email.com,Germany,2022-03-25
CUST04307,Customer 4307,customer4307@email.com,UK,2022-08-20
CUST04308,Customer 4308,customer4308@email.com,USA,2022-02-07
CUST04309,Customer 4309,customer4309@email.com,India,2022-01-18
CUST04310,Customer 4310,customer4310@email.com,Canada,2022-05-31
CUST04311,Customer 4311,customer4311@email.com,Australia,2022-01-11
CUST04312,Customer 4312,customer4312@email.com,France,2022-06-13
CUST04313,Customer 4313,customer4313@email.com,India,2022-05-14
CUST04314,Customer 4314,customer4314@email.com,France,2022-02-23
CUST04315,Customer 4315,customer4315@email.com,Germany,2022-02-07
CUST04316,Customer 4316,customer4316@email.com,Australia,2022-06-25
CUST04317,Customer 4317,customer4317@email.com,France,2022-03-29
CUST04318,Customer 4318,customer4318@email.com,Germany,2022-07-12
CUST04319,Customer 4319,customer4319@email.com,USA,2022-03-24
CUST04320,Customer 4320,customer4320@email.com,France,2022-02-08
CUST04321,Customer 4321,customer4321@email.com,Australia,2022-10-08
CUST04322,Customer 4322,customer4322@email.com,India,2022-02-17
CUST04323,Customer 4323,customer4323@email.com,Germany,2022-06-23
CUST04324,Customer 4324,customer4324@email.com,India,2022-11-01
CUST04325,Customer 4325,customer4325@email.com,Australia,2022-11-11
CUST04326,Customer 4326,customer4326@email.com,UK,2022-09-05
CUST04327,Customer 4327,customer4327@email.com,Germany,2022-12-27
CUST04328,Customer 4328,customer4328@email.com,France,2022-01-16
CUST04329,Customer 4329,customer4329@email.com,Germany,2022-08-09
CUST04330,Customer 4330,customer4330@email.com,India,2022-12-01
CUST04331,Customer 4331,customer4331@email.com,USA,2022-03-26
CUST04332,Customer 4332,customer4332@email.com,Germany,2022-11-07
CUST04333,Customer 4333,customer4333@email.com,France,2022-08-11
CUST04334,Customer 4334,customer4334@email.com,UK,2022-03-22
CUST04335,Customer 4335,customer4335@email.com,Canada,2022-01-28
CUST04336,Customer 4336,customer4336@email.com,USA,2022-02-21
CUST04337,Customer 4337,customer4337@email.com,UK,2022-06-19
CUST04338,Customer 4338,customer4338@email.com,Germany,2022-04-16
CUST04339,Customer 4339,customer4339@email.com,India,2022-04-08
CUST04340,Customer 4340,customer4340@email.com,Australia,2022-07-29
CUST04341,Customer 4341,customer4341@email.com,India,2022-12-23
CUST04342,Customer 4342,customer4342@email.com,France,2022-10-11
CUST04343,Customer 4343,customer4343@email.com,India,2022-10-04
CUST04344,Customer 4344,customer4344@email.com,USA,2022-05-16
CUST04345,Customer 4345,customer4345@email.com,India,2022-12-05
CUST04346,Customer 4346,customer4346@email.com,France,2022-05-25
CUST04347,Customer 4347,customer4347@email.com,Canada,2022-06-02
CUST04348,Customer 4348,customer4348@email.com,Germany,2022-05-02
CUST04349,Customer 4349,customer4349@email.com,Australia,2022-02-19
CUST04350,Customer 4350,customer4350@email.com,Germany,2022-01-26
CUST04351,Customer 4351,customer4351@email.com,India,2022-07-21
CUST04352,Customer 4352,customer4352@email.com,UK,2022-10-20
CUST04353,Customer 4353,customer4353@email.com,Germany,2022-10-09
CUST04354,Customer 4354,customer4354@email.com,Canada,2022-09-09
CUST04355,Customer 4355,customer4355@email.com,India,2022-03-20
CUST04356,Customer 4356,customer4356@email.com,Australia,2022-01-28
CUST04357,Customer 4357,customer4357@email.com,France,2022-07-04
CUST04358,Customer 4358,customer4358@email.com,Canada,2022-01-02
CUST04359,Customer 4359,customer4359@email.com,India,2022-08-07
CUST04360,Customer 4360,customer4360@email.com,Canada,2022-02-14
CUST04361,Customer 4361,customer4361@email.com,Germany,2022-05-31
CUST04362,Customer 4362,customer4362@email.com,Australia,2022-12-05
CUST04363,Customer 4363,customer4363@email.com,France,2022-11-17
CUST04364,Customer 4364,customer4364@email.com,India,2022-11-04
CUST04365,Customer 4365,customer4365@email.com,USA,2022-09-03
CUST04366,Customer 4366,customer4366@email.com,France,2022-04-13
CUST04367,Customer 4367,customer4367@email.com,USA,2022-02-19
CUST04368,Customer 4368,customer4368@email.com,Canada,2022-01-14
CUST04369,Customer 4369,customer4369@email.com,UK,2022-04-16
CUST04370,Customer 4370,customer4370@email.com,France,2022-03-29
CUST04371,Customer 4371,customer4371@email.com,Canada,2022-11-23
CUST04372,Customer 4372,customer4372@email.com,USA,2022-05-30
CUST04373,Customer 4373,customer4373@email.com,Germany,2022-02-11
CUST04374,Customer 4374,customer4374@email.com,Germany,2022-08-31
CUST04375,Customer 4375,customer4375@email.com,UK,2022-03-01
CUST04376,Customer 4376,customer4376@email.com,France,2022-06-07
CUST04377,Customer 4377,customer4377@email.com,France,2022-07-23
CUST04378,Customer 4378,customer4378@email.com,France,2022-08-30
CUST04379,Customer 4379,customer4379@email.com,Canada,2022-09-08
CUST04380,Customer 4380,customer4380@email.com,Australia,2022-12-05
CUST04381,Customer 4381,customer4381@email.com,Australia,2022-05-16
CUST04382,Customer 4382,customer4382@email.com,UK,2022-02-16
CUST04383,Customer 4383,customer4383@email.com,France,2022-11-25
CUST04384,Customer 4384,customer4384@email.com,Canada,2022-10-06
CUST04385,Customer 4385,customer4385@email.com,Germany,2022-07-18
CUST04386,Customer 4386,customer4386@email.com,USA,2022-04-05
CUST04387,Customer 4387,customer4387@email.com,Canada,2022-07-09
CUST04388,Customer 4388,customer4388@email.com,Australia,2022-07-15
CUST04389,Customer 4389,customer4389@email.com,Australia,2022-07-09
CUST04390,Customer 4390,customer4390@email.com,Germany,2022-04-06
CUST04391,Customer 4391,customer4391@email.com,Germany,2022-08-17
CUST04392,Customer 4392,customer4392@email.com,USA,2022-01-23
CUST04393,Customer 4393,customer4393@email.com,Germany,2022-05-15
CUST04394,Customer 4394,customer4394@email.com,UK,2022-08-14
CUST04395,Customer 4395,customer4395@email.com,USA,2022-08-27
CUST04396,Customer 4396,customer4396@email.com,Germany,2022-05-15
CUST04397,Customer 4397,customer4397@email.com,India,2022-04-26
CUST04398,Customer 4398,customer4398@email.com,Canada,2022-05-18
CUST04399,Customer 4399,customer4399@email.com,Germany,2022-10-16
CUST04400,Customer 4400,customer4400@email.com,UK,2022-02-01
CUST04401,Customer 4401,customer4401@email.com,France,2022-03-19
CUST04402,Customer 4402,customer4402@email.com,Germany,2022-12-23
CUST04403,Customer 4403,customer4403@email.com,Australia,2022-12-08
CUST04404,Customer 4404,customer4404@email.com,Australia,2022-02-19
CUST04405,Customer 4405,customer4405@email.com,Australia,2022-02-13
CUST04406,Customer 4406,customer4406@email.com,France,2022-12-09
CUST04407,Customer 4407,customer4407@email.com,Australia,2022-06-26
CUST04408,Customer 4408,customer4408@email.com,India,2022-10-05
CUST04409,Customer 4409,customer4409@email.com,Germany,2022-07-31
CUST04410,Customer 4410,customer4410@email.com,Australia,2022-10-29
CUST04411,Customer 4411,customer4411@email.com,USA,2022-04-27
CUST04412,Customer 4412,customer4412@email.com,France,2022-10-11
CUST04413,Customer 4413,customer4413@email.com,India,2022-02-01
CUST04414,Customer 4414,customer4414@email.com,USA,2022-07-18
CUST04415,Customer 4415,customer4415@email.com,USA,2022-09-25
CUST04416,Customer 4416,customer4416@email.com,USA,2022-08-03
CUST04417,Customer 4417,customer4417@email.com,USA,2022-10-02
CUST04418,Customer 4418,customer4418@email.com,Germany,2022-12-18
CUST04419,Customer 4419,customer4419@email.com,Australia,2022-09-01
CUST04420,Customer 4420,customer4420@email.com,Canada,2022-10-21
CUST04421,Customer 4421,customer4421@email.com,Germany,2022-05-01
CUST04422,Customer 4422,customer4422@email.com,Germany,2022-09-01
CUST04423,Customer 4423,customer4423@email.com,India,2022-06-03
CUST04424,Customer 4424,customer4424@email.com,India,2022-02-10
CUST04425,Customer 4425,customer4425@email.com,Australia,2022-07-22
CUST04426,Customer 4426,customer4426@email.com,Canada,2023-01-01
CUST04427,Customer 4427,customer4427@email.com,India,2022-01-18
CUST04428,Customer 4428,customer4428@email.com,Australia,2022-09-15
CUST04429,Customer 4429,customer4429@email.com,Australia,2022-10-20
CUST04430,Customer 4430,customer4430@email.com,UK,2022-09-22
CUST04431,Customer 4431,customer4431@email.com,Canada,2022-10-20
CUST04432,Customer 4432,customer4432@email.com,India,2022-12-13
CUST04433,Customer 4433,customer4433@email.com,Canada,2022-11-14
CUST04434,Customer 4434,customer4434@email.com,Germany,2022-03-17
CUST04435,Customer 4435,customer4435@email.com,Germany,2022-03-03
CUST04436,Customer 4436,customer4436@email.com,Canada,2022-08-18
CUST04437,Customer 4437,customer4437@email.com,UK,2022-03-30
CUST04438,Customer 4438,customer4438@email.com,UK,2022-03-27
CUST04439,Customer 4439,customer4439@email.com,Canada,2022-04-19
CUST04440,Customer 4440,customer4440@email.com,India,2022-04-09
CUST04441,Customer 4441,customer4441@email.com,France,2022-03-06
CUST04442,Customer 4442,customer4442@email.com,UK,2022-01-22
CUST04443,Customer 4443,customer4443@email.com,USA,2022-08-05
CUST04444,Customer 4444,customer4444@email.com,Germany,2022-02-10
CUST04445,Customer 4445,customer4445@email.com,Canada,2022-12-16
CUST04446,Customer 4446,customer4446@email.com,USA,2022-08-11
CUST04447,Customer 4447,customer4447@email.com,Canada,2022-04-14
CUST04448,Customer 4448,customer4448@email.com,Australia,2022-11-18
CUST04449,Customer 4449,customer4449@email.com,Germany,2022-03-17
CUST04450,Customer 4450,customer4450@email.com,Germany,2022-11-01
CUST04451,Customer 4451,customer4451@email.com,UK,2022-05-13
CUST04452,Customer 4452,customer4452@email.com,UK,2022-06-13
CUST04453,Customer 4453,customer4453@email.com,USA,2022-02-04
CUST04454,Customer 4454,customer4454@email.com,Australia,2022-02-14
CUST04455,Customer 4455,customer4455@email.com,Canada,2022-07-18
CUST04456,Customer 4456,customer4456@email.com,Australia,2022-10-12
CUST04457,Customer 4457,customer4457@email.com,Germany,2022-07-23
CUST04458,Customer 4458,customer4458@email.com,USA,2022-10-10
CUST04459,Customer 4459,customer4459@email.com,France,2022-06-16
CUST04460,Customer 4460,customer4460@email.com,USA,2022-05-22
CUST04461,Customer 4461,customer4461@email.com,India,2022-09-24
CUST04462,Customer 4462,customer4462@email.com,USA,2022-08-23
CUST04463,Customer 4463,customer4463@email.com,Australia,2022-01-07
CUST04464,Customer 4464,customer4464@email.com,India,2022-12-25
CUST04465,Customer 4465,customer4465@email.com,India,2022-11-16
CUST04466,Customer 4466,customer4466@email.com,India,2022-10-28
CUST04467,Customer 4467,customer4467@email.com,France,2022-09-25
CUST04468,Customer 4468,customer4468@email.com,USA,2022-08-03
CUST04469,Customer 4469,customer4469@email.com,Australia,2022-02-27
CUST04470,Customer 4470,customer4470@email.com,USA,2022-08-01
CUST04471,Customer 4471,customer4471@email.com,France,2022-03-18
CUST04472,Customer 4472,customer4472@email.com,Germany,2022-03-17
CUST04473,Customer 4473,customer4473@email.com,UK,2022-10-18
CUST04474,Customer 4474,customer4474@email.com,Australia,2022-10-29
CUST04475,Customer 4475,customer4475@email.com,Australia,2022-10-26
CUST04476,Customer 4476,customer4476@email.com,USA,2022-02-21
CUST04477,Customer 4477,customer4477@email.com,UK,2022-02-24
CUST04478,Customer 4478,customer4478@email.com,Canada,2022-10-16
CUST04479,Customer 4479,customer4479@email.com,Canada,2022-02-21
CUST04480,Customer 4480,customer4480@email.com,France,2022-05-27
CUST04481,Customer 4481,customer4481@email.com,Canada,2022-10-02
CUST04482,Customer 4482,customer4482@email.com,Australia,2022-06-26
CUST04483,Customer 4483,customer4483@email.com,Canada,2022-07-30
CUST04484,Customer 4484,customer4484@email.com,Germany,2022-05-16
CUST04485,Customer 4485,customer4485@email.com,Germany,2022-07-16
CUST04486,Customer 4486,customer4486@email.com,Germany,2022-12-02
CUST04487,Customer 4487,customer4487@email.com,Canada,2022-09-06
CUST04488,Customer 4488,customer4488@email.com,France,2022-10-20
CUST04489,Customer 4489,customer4489@email.com,India,2022-11-08
CUST04490,Customer 4490,customer4490@email.com,India,2022-08-31
CUST04491,Customer 4491,customer4491@email.com,UK,2022-01-20
CUST04492,Customer 4492,customer4492@email.com,India,2022-03-30
CUST04493,Customer 4493,customer4493@email.com,India,2022-05-22
CUST04494,Customer 4494,customer4494@email.com,Germany,2022-07-26
CUST04495,Customer 4495,customer4495@email.com,Germany,2022-03-15
CUST04496,Customer 4496,customer4496@email.com,Canada,2022-11-13
CUST04497,Customer 4497,customer4497@email.com,UK,2022-11-08
CUST04498,Customer 4498,customer4498@email.com,USA,2022-12-15
CUST04499,Customer 4499,customer4499@email.com,Australia,2022-12-22
CUST04500,Customer 4500,customer4500@email.com,UK,2022-07-25
CUST04501,Customer 4501,customer4501@email.com,UK,2022-01-20
CUST04502,Customer 4502,customer4502@email.com,France,2022-07-22
CUST04503,Customer 4503,customer4503@email.com,Canada,2022-06-19
CUST04504,Customer 4504,customer4504@email.com,France,2022-12-20
CUST04505,Customer 4505,customer4505@email.com,UK,2022-05-02
CUST04506,Customer 4506,customer4506@email.com,UK,2022-01-26
CUST04507,Customer 4507,customer4507@email.com,UK,2022-09-01
CUST04508,Customer 4508,customer4508@email.com,India,2022-05-18
CUST04509,Customer 4509,customer4509@email.com,Australia,2022-07-10
CUST04510,Customer 4510,customer4510@email.com,Australia,2022-01-11
CUST04511,Customer 4511,customer4511@email.com,France,2022-06-22
CUST04512,Customer 4512,customer4512@email.com,UK,2022-06-05
CUST04513,Customer 4513,customer4513@email.com,Australia,2022-06-09
CUST04514,Customer 4514,customer4514@email.com,Germany,2022-05-24
CUST04515,Customer 4515,customer4515@email.com,Australia,2022-09-09
CUST04516,Customer 4516,customer4516@email.com,Canada,2022-12-23
CUST04517,Customer 4517,customer4517@email.com,Canada,2022-12-17
CUST04518,Customer 4518,customer4518@email.com,Australia,2022-02-20
CUST04519,Customer 4519,customer4519@email.com,Germany,2022-04-27
CUST04520,Customer 4520,customer4520@email.com,Canada,2022-03-10
CUST04521,Customer 4521,customer4521@email.com,India,2022-06-03
CUST04522,Customer 4522,customer4522@email.com,Australia,2022-08-15
CUST04523,Customer 4523,customer4523@email.com,India,2022-06-14
CUST04524,Customer 4524,customer4524@email.com,Australia,2022-05-18
CUST04525,Customer 4525,customer4525@email.com,USA,2022-08-02
CUST04526,Customer 4526,customer4526@email.com,USA,2022-11-06
CUST04527,Customer 4527,customer4527@email.com,USA,2022-11-27
CUST04528,Customer 4528,customer4528@email.com,Canada,2022-02-15
CUST04529,Customer 4529,customer4529@email.com,India,2022-04-07
CUST04530,Customer 4530,customer4530@email.com,India,2022-08-15
CUST04531,Customer 4531,customer4531@email.com,India,2022-04-19
CUST04532,Customer 4532,customer4532@email.com,Germany,2022-07-28
CUST04533,Customer 4533,customer4533@email.com,India,2022-09-06
CUST04534,Customer 4534,customer4534@email.com,Germany,2022-09-22
CUST04535,Customer 4535,customer4535@email.com,USA,2022-07-11
CUST04536,Customer 4536,customer4536@email.com,USA,2022-01-29
CUST04537,Customer 4537,customer4537@email.com,Canada,2022-09-21
CUST04538,Customer 4538,customer4538@email.com,Australia,2022-03-23
CUST04539,Customer 4539,customer4539@email.com,USA,2022-02-03
CUST04540,Customer 4540,customer4540@email.com,Australia,2022-06-09
CUST04541,Customer 4541,customer4541@email.com,Australia,2022-12-30
CUST04542,Customer 4542,customer4542@email.com,Canada,2022-09-17
CUST04543,Customer 4543,customer4543@email.com,UK,2022-07-26
CUST04544,Customer 4544,customer4544@email.com,UK,2022-03-11
CUST04545,Customer 4545,customer4545@email.com,France,2022-09-26
CUST04546,Customer 4546,customer4546@email.com,Canada,2022-10-19
CUST04547,Customer 4547,customer4547@email.com,France,2022-01-15
CUST04548,Customer 4548,customer4548@email.com,France,2022-03-30
CUST04549,Customer 4549,customer4549@email.com,UK,2022-04-09
CUST04550,Customer 4550,customer4550@email.com,Canada,2022-04-13
CUST04551,Customer 4551,customer4551@email.com,UK,2022-01-30
CUST04552,Customer 4552,customer4552@email.com,France,2022-05-08
CUST04553,Customer 4553,customer4553@email.com,Canada,2022-01-17
CUST04554,Customer 4554,customer4554@email.com,France,2022-08-22
CUST04555,Customer 4555,customer4555@email.com,India,2022-01-26
CUST04556,Customer 4556,customer4556@email.com,Australia,2022-07-04
CUST04557,Customer 4557,customer4557@email.com,Canada,2022-12-27
CUST04558,Customer 4558,customer4558@email.com,Canada,2022-04-12
CUST04559,Customer 4559,customer4559@email.com,Australia,2022-05-21
CUST04560,Customer 4560,customer4560@email.com,France,2022-07-08
CUST04561,Customer 4561,customer4561@email.com,India,2022-08-26
CUST04562,Customer 4562,customer4562@email.com,Germany,2022-09-16
CUST04563,Customer 4563,customer4563@email.com,Australia,2022-07-23
CUST04564,Customer 4564,customer4564@email.com,UK,2022-11-22
CUST04565,Customer 4565,customer4565@email.com,France,2022-03-05
CUST04566,Customer 4566,customer4566@email.com,Australia,2022-12-15
CUST04567,Customer 4567,customer4567@email.com,Australia,2022-01-16
CUST04568,Customer 4568,customer4568@email.com,Canada,2022-05-04
CUST04569,Customer 4569,customer4569@email.com,UK,2022-07-10
CUST04570,Customer 4570,customer4570@email.com,UK,2022-09-08
CUST04571,Customer 4571,customer4571@email.com,UK,2022-11-01
CUST04572,Customer 4572,customer4572@email.com,Australia,2022-08-17
CUST04573,Customer 4573,customer4573@email.com,Germany,2022-04-01
CUST04574,Customer 4574,customer4574@email.com,USA,2022-08-31
CUST04575,Customer 4575,customer4575@email.com,France,2022-10-28
CUST04576,Customer 4576,customer4576@email.com,USA,2022-10-10
CUST04577,Customer 4577,customer4577@email.com,Australia,2022-06-29
CUST04578,Customer 4578,customer4578@email.com,USA,2022-06-26
CUST04579,Customer 4579,customer4579@email.com,Australia,2022-03-25
CUST04580,Customer 4580,customer4580@email.com,USA,2022-05-13
CUST04581,Customer 4581,customer4581@email.com,UK,2022-12-19
CUST04582,Customer 4582,customer4582@email.com,India,2022-02-16
CUST04583,Customer 4583,customer4583@email.com,UK,2022-05-26
CUST04584,Customer 4584,customer4584@email.com,UK,2022-01-15
CUST04585,Customer 4585,customer4585@email.com,Canada,2022-07-17
CUST04586,Customer 4586,customer4586@email.com,Canada,2022-01-26
CUST04587,Customer 4587,customer4587@email.com,USA,2022-03-25
CUST04588,Customer 4588,customer4588@email.com,Australia,2022-10-20
CUST04589,Customer 4589,customer4589@email.com,UK,2022-04-20
CUST04590,Customer 4590,customer4590@email.com,USA,2022-04-24
CUST04591,Customer 4591,customer4591@email.com,Canada,2022-11-28
CUST04592,Customer 4592,customer4592@email.com,India,2022-04-26
CUST04593,Customer 4593,customer4593@email.com,France,2022-12-13
CUST04594,Customer 4594,customer4594@email.com,USA,2022-04-16
CUST04595,Customer 4595,customer4595@email.com,India,2022-05-18
CUST04596,Customer 4596,customer4596@email.com,France,2022-11-30
CUST04597,Customer 4597,customer4597@email.com,Germany,2022-07-29
CUST04598,Customer 4598,customer4598@email.com,USA,2022-09-20
CUST04599,Customer 4599,customer4599@email.com,USA,2022-01-11
CUST04600,Customer 4600,customer4600@email.com,Germany,2022-12-16
CUST04601,Customer 4601,customer4601@email.com,Germany,2022-01-05
CUST04602,Customer 4602,customer4602@email.com,USA,2022-08-31
CUST04603,Customer 4603,customer4603@email.com,Germany,2022-03-09
CUST04604,Customer 4604,customer4604@email.com,UK,2022-11-28
CUST04605,Customer 4605,customer4605@email.com,France,2022-03-30
CUST04606,Customer 4606,customer4606@email.com,France,2022-11-04
CUST04607,Customer 4607,customer4607@email.com,France,2022-01-05
CUST04608,Customer 4608,customer4608@email.com,UK,2022-04-25
CUST04609,Customer 4609,customer4609@email.com,Australia,2022-05-10
CUST04610,Customer 4610,customer4610@email.com,Germany,2022-11-08
CUST04611,Customer 4611,customer4611@email.com,India,2022-06-06
CUST04612,Customer 4612,customer4612@email.com,Germany,2022-12-31
CUST04613,Customer 4613,customer4613@email.com,USA,2022-12-30
CUST04614,Customer 4614,customer4614@email.com,Canada,2022-11-26
CUST04615,Customer 4615,customer4615@email.com,France,2022-05-21
CUST04616,Customer 4616,customer4616@email.com,Germany,2022-08-05
CUST04617,Customer 4617,customer4617@email.com,India,2022-07-12
CUST04618,Customer 4618,customer4618@email.com,USA,2022-06-28
CUST04619,Customer 4619,customer4619@email.com,UK,2022-08-24
CUST04620,Customer 4620,customer4620@email.com,Australia,2022-05-10
CUST04621,Customer 4621,customer4621@email.com,UK,2022-04-22
CUST04622,Customer 4622,customer4622@email.com,India,2022-08-27
CUST04623,Customer 4623,customer4623@email.com,USA,2022-06-04
CUST04624,Customer 4624,customer4624@email.com,France,2022-12-13
CUST04625,Customer 4625,customer4625@email.com,Germany,2022-09-24
CUST04626,Customer 4626,customer4626@email.com,USA,2022-11-16
CUST04627,Customer 4627,customer4627@email.com,Australia,2022-07-23
CUST04628,Customer 4628,customer4628@email.com,UK,2022-10-27
CUST04629,Customer 4629,customer4629@email.com,Australia,2022-02-22
CUST04630,Customer 4630,customer4630@email.com,Australia,2022-01-04
CUST04631,Customer 4631,customer4631@email.com,India,2022-09-19
CUST04632,Customer 4632,customer4632@email.com,India,2022-12-06
CUST04633,Customer 4633,customer4633@email.com,Germany,2022-07-11
CUST04634,Customer 4634,customer4634@email.com,India,2022-10-15
CUST04635,Customer 4635,customer4635@email.com,India,2022-11-28
CUST04636,Customer 4636,customer4636@email.com,USA,2022-11-01
CUST04637,Customer 4637,customer4637@email.com,France,2022-11-08
CUST04638,Customer 4638,customer4638@email.com,Germany,2022-05-25
CUST04639,Customer 4639,customer4639@email.com,USA,2022-06-02
CUST04640,Customer 4640,customer4640@email.com,France,2022-12-17
CUST04641,Customer 4641,customer4641@email.com,Australia,2022-02-25
CUST04642,Customer 4642,customer4642@email.com,USA,2022-09-04
CUST04643,Customer 4643,customer4643@email.com,Canada,2022-02-02
CUST04644,Customer 4644,customer4644@email.com,USA,2022-06-22
CUST04645,Customer 4645,customer4645@email.com,India,2022-05-22
CUST04646,Customer 4646,customer4646@email.com,France,2022-11-24
CUST04647,Customer 4647,customer4647@email.com,Germany,2022-06-16
CUST04648,Customer 4648,customer4648@email.com,Germany,2022-05-22
CUST04649,Customer 4649,customer4649@email.com,France,2022-05-14
CUST04650,Customer 4650,customer4650@email.com,India,2022-12-02
CUST04651,Customer 4651,customer4651@email.com,UK,2022-12-31
CUST04652,Customer 4652,customer4652@email.com,USA,2022-11-30
CUST04653,Customer 4653,customer4653@email.com,India,2022-06-02
CUST04654,Customer 4654,customer4654@email.com,Canada,2022-04-07
CUST04655,Customer 4655,customer4655@email.com,Australia,2022-03-18
CUST04656,Customer 4656,customer4656@email.com,France,2022-09-22
CUST04657,Customer 4657,customer4657@email.com,USA,2022-05-04
CUST04658,Customer 4658,customer4658@email.com,Germany,2022-01-30
CUST04659,Customer 4659,customer4659@email.com,Australia,2022-11-04
CUST04660,Customer 4660,customer4660@email.com,UK,2022-07-26
CUST04661,Customer 4661,customer4661@email.com,Canada,2022-12-05
CUST04662,Customer 4662,customer4662@email.com,Germany,2022-06-13
CUST04663,Customer 4663,customer4663@email.com,France,2022-12-15
CUST04664,Customer 4664,customer4664@email.com,USA,2022-03-13
CUST04665,Customer 4665,customer4665@email.com,France,2022-01-14
CUST04666,Customer 4666,customer4666@email.com,Australia,2022-12-02
CUST04667,Customer 4667,customer4667@email.com,USA,2022-09-12
CUST04668,Customer 4668,customer4668@email.com,India,2022-06-01
CUST04669,Customer 4669,customer4669@email.com,UK,2022-05-13
CUST04670,Customer 4670,customer4670@email.com,India,2022-08-03
CUST04671,Customer 4671,customer4671@email.com,India,2022-07-27
CUST04672,Customer 4672,customer4672@email.com,France,2022-07-18
CUST04673,Customer 4673,customer4673@email.com,Australia,2022-01-19
CUST04674,Customer 4674,customer4674@email.com,UK,2022-10-26
CUST04675,Customer 4675,customer4675@email.com,USA,2022-12-29
CUST04676,Customer 4676,customer4676@email.com,USA,2022-10-20
CUST04677,Customer 4677,customer4677@email.com,Canada,2022-04-08
CUST04678,Customer 4678,customer4678@email.com,Germany,2022-06-25
CUST04679,Customer 4679,customer4679@email.com,Canada,2023-01-01
CUST04680,Customer 4680,customer4680@email.com,Canada,2022-04-24
CUST04681,Customer 4681,customer4681@email.com,USA,2022-12-18
CUST04682,Customer 4682,customer4682@email.com,France,2022-10-01
CUST04683,Customer 4683,customer4683@email.com,India,2022-11-23
CUST04684,Customer 4684,customer4684@email.com,Australia,2022-09-01
CUST04685,Customer 4685,customer4685@email.com,India,2022-12-10
CUST04686,Customer 4686,customer4686@email.com,India,2022-07-03
CUST04687,Customer 4687,customer4687@email.com,UK,2022-09-17
CUST04688,Customer 4688,customer4688@email.com,USA,2022-06-03
CUST04689,Customer 4689,customer4689@email.com,Australia,2022-03-29
CUST04690,Customer 4690,customer4690@email.com,France,2022-12-03
CUST04691,Customer 4691,customer4691@email.com,UK,2022-10-13
CUST04692,Customer 4692,customer4692@email.com,Germany,2022-04-03
CUST04693,Customer 4693,customer4693@email.com,France,2022-05-31
CUST04694,Customer 4694,customer4694@email.com,Canada,2022-02-19
CUST04695,Customer 4695,customer4695@email.com,France,2022-08-30
CUST04696,Customer 4696,customer4696@email.com,France,2022-03-07
CUST04697,Customer 4697,customer4697@email.com,India,2022-05-13
CUST04698,Customer 4698,customer4698@email.com,France,2022-10-14
CUST04699,Customer 4699,customer4699@email.com,Canada,2022-04-04
CUST04700,Customer 4700,customer4700@email.com,Canada,2022-12-15
CUST04701,Customer 4701,customer4701@email.com,USA,2022-06-21
CUST04702,Customer 4702,customer4702@email.com,France,2022-12-02
CUST04703,Customer 4703,customer4703@email.com,India,2022-02-15
CUST04704,Customer 4704,customer4704@email.com,France,2022-04-24
CUST04705,Customer 4705,customer4705@email.com,Germany,2022-07-01
CUST04706,Customer 4706,customer4706@email.com,Germany,2022-04-25
CUST04707,Customer 4707,customer4707@email.com,India,2022-06-07
CUST04708,Customer 4708,customer4708@email.com,USA,2022-08-04
CUST04709,Customer 4709,customer4709@email.com,USA,2022-06-19
CUST04710,Customer 4710,customer4710@email.com,Canada,2022-07-10
CUST04711,Customer 4711,customer4711@email.com,Canada,2022-05-14
CUST04712,Customer 4712,customer4712@email.com,UK,2022-10-27
CUST04713,Customer 4713,customer4713@email.com,India,2022-05-31
CUST04714,Customer 4714,customer4714@email.com,France,2022-08-26
CUST04715,Customer 4715,customer4715@email.com,Australia,2022-03-02
CUST04716,Customer 4716,customer4716@email.com,India,2022-08-29
CUST04717,Customer 4717,customer4717@email.com,UK,2022-01-28
CUST04718,Customer 4718,customer4718@email.com,Canada,2022-11-21
CUST04719,Customer 4719,customer4719@email.com,India,2022-10-26
CUST04720,Customer 4720,customer4720@email.com,India,2022-10-25
CUST04721,Customer 4721,customer4721@email.com,Canada,2022-11-14
CUST04722,Customer 4722,customer4722@email.com,UK,2022-02-06
CUST04723,Customer 4723,customer4723@email.com,Canada,2022-08-30
CUST04724,Customer 4724,customer4724@email.com,USA,2022-04-10
CUST04725,Customer 4725,customer4725@email.com,France,2022-09-14
CUST04726,Customer 4726,customer4726@email.com,Canada,2022-03-03
CUST04727,Customer 4727,customer4727@email.com,UK,2022-12-15
CUST04728,Customer 4728,customer4728@email.com,Germany,2022-07-15
CUST04729,Customer 4729,customer4729@email.com,USA,2022-09-29
CUST04730,Customer 4730,customer4730@email.com,Germany,2022-06-02
CUST04731,Customer 4731,customer4731@email.com,Australia,2022-07-31
CUST04732,Customer 4732,customer4732@email.com,Canada,2022-01-28
CUST04733,Customer 4733,customer4733@email.com,USA,2022-03-19
CUST04734,Customer 4734,customer4734@email.com,France,2022-03-12
CUST04735,Customer 4735,customer4735@email.com,Canada,2022-04-13
CUST04736,Customer 4736,customer4736@email.com,France,2022-06-25
CUST04737,Customer 4737,customer4737@email.com,India,2022-07-29
CUST04738,Customer 4738,customer4738@email.com,Germany,2022-10-19
CUST04739,Customer 4739,customer4739@email.com,USA,2022-08-23
CUST04740,Customer 4740,customer4740@email.com,France,2022-03-15
CUST04741,Customer 4741,customer4741@email.com,UK,2022-06-11
CUST04742,Customer 4742,customer4742@email.com,France,2022-04-03
CUST04743,Customer 4743,customer4743@email.com,UK,2022-02-11
CUST04744,Customer 4744,customer4744@email.com,Canada,2022-09-07
CUST04745,Customer 4745,customer4745@email.com,USA,2022-06-20
CUST04746,Customer 4746,customer4746@email.com,France,2022-11-20
CUST04747,Customer 4747,customer4747@email.com,Australia,2022-04-01
CUST04748,Customer 4748,customer4748@email.com,France,2022-06-10
CUST04749,Customer 4749,customer4749@email.com,Australia,2022-11-21
CUST04750,Customer 4750,customer4750@email.com,USA,2022-01-30
CUST04751,Customer 4751,customer4751@email.com,France,2022-01-03
CUST04752,Customer 4752,customer4752@email.com,UK,2022-08-20
CUST04753,Customer 4753,customer4753@email.com,France,2022-05-21
CUST04754,Customer 4754,customer4754@email.com,Germany,2022-04-18
CUST04755,Customer 4755,customer4755@email.com,Canada,2022-03-28
CUST04756,Customer 4756,customer4756@email.com,India,2022-10-23
CUST04757,Customer 4757,customer4757@email.com,UK,2022-03-23
CUST04758,Customer 4758,customer4758@email.com,Germany,2022-09-08
CUST04759,Customer 4759,customer4759@email.com,Australia,2022-02-15
CUST04760,Customer 4760,customer4760@email.com,Canada,2022-03-08
CUST04761,Customer 4761,customer4761@email.com,USA,2022-11-11
CUST04762,Customer 4762,customer4762@email.com,UK,2022-08-11
CUST04763,Customer 4763,customer4763@email.com,India,2022-11-21
CUST04764,Customer 4764,customer4764@email.com,Canada,2022-08-08
CUST04765,Customer 4765,customer4765@email.com,Australia,2022-07-26
CUST04766,Customer 4766,customer4766@email.com,India,2022-08-08
CUST04767,Customer 4767,customer4767@email.com,USA,2022-09-02
CUST04768,Customer 4768,customer4768@email.com,USA,2022-07-16
CUST04769,Customer 4769,customer4769@email.com,Australia,2022-01-03
CUST04770,Customer 4770,customer4770@email.com,UK,2022-01-20
CUST04771,Customer 4771,customer4771@email.com,Australia,2022-10-01
CUST04772,Customer 4772,customer4772@email.com,France,2022-04-13
CUST04773,Customer 4773,customer4773@email.com,USA,2022-07-11
CUST04774,Customer 4774,customer4774@email.com,Canada,2022-01-08
CUST04775,Customer 4775,customer4775@email.com,France,2022-06-14
CUST04776,Customer 4776,customer4776@email.com,Germany,2022-09-29
CUST04777,Customer 4777,customer4777@email.com,India,2022-04-08
CUST04778,Customer 4778,customer4778@email.com,France,2022-01-10
CUST04779,Customer 4779,customer4779@email.com,India,2022-12-13
CUST04780,Customer 4780,customer4780@email.com,Australia,2022-01-03
CUST04781,Customer 4781,customer4781@email.com,France,2022-11-17
CUST04782,Customer 4782,customer4782@email.com,Australia,2022-05-08
CUST04783,Customer 4783,customer4783@email.com,Germany,2022-04-26
CUST04784,Customer 4784,customer4784@email.com,USA,2022-12-22
CUST04785,Customer 4785,customer4785@email.com,Germany,2022-06-26
CUST04786,Customer 4786,customer4786@email.com,USA,2022-06-09
CUST04787,Customer 4787,customer4787@email.com,Australia,2022-03-08
CUST04788,Customer 4788,customer4788@email.com,USA,2022-02-22
CUST04789,Customer 4789,customer4789@email.com,India,2022-07-16
CUST04790,Customer 4790,customer4790@email.com,Canada,2022-09-15
CUST04791,Customer 4791,customer4791@email.com,Germany,2022-10-29
CUST04792,Customer 4792,customer4792@email.com,France,2022-06-06
CUST04793,Customer 4793,customer4793@email.com,Germany,2022-03-27
CUST04794,Customer 4794,customer4794@email.com,India,2022-02-03
CUST04795,Customer 4795,customer4795@email.com,USA,2022-01-24
CUST04796,Customer 4796,customer4796@email.com,India,2022-06-02
CUST04797,Customer 4797,customer4797@email.com,UK,2022-05-29
CUST04798,Customer 4798,customer4798@email.com,UK,2022-08-22
CUST04799,Customer 4799,customer4799@email.com,France,2022-09-24
CUST04800,Customer 4800,customer4800@email.com,India,2022-11-02
CUST04801,Customer 4801,customer4801@email.com,Australia,2022-09-26
CUST04802,Customer 4802,customer4802@email.com,France,2022-06-22
CUST04803,Customer 4803,customer4803@email.com,Australia,2022-08-11
CUST04804,Customer 4804,customer4804@email.com,France,2022-12-18
CUST04805,Customer 4805,customer4805@email.com,UK,2022-03-10
CUST04806,Customer 4806,customer4806@email.com,France,2022-06-25
CUST04807,Customer 4807,customer4807@email.com,UK,2022-09-08
CUST04808,Customer 4808,customer4808@email.com,USA,2022-07-03
CUST04809,Customer 4809,customer4809@email.com,Australia,2022-04-07
CUST04810,Customer 4810,customer4810@email.com,India,2022-03-26
CUST04811,Customer 4811,customer4811@email.com,France,2022-07-26
CUST04812,Customer 4812,customer4812@email.com,UK,2022-01-10
CUST04813,Customer 4813,customer4813@email.com,Germany,2022-04-27
CUST04814,Customer 4814,customer4814@email.com,Australia,2022-04-25
CUST04815,Customer 4815,customer4815@email.com,France,2022-03-09
CUST04816,Customer 4816,customer4816@email.com,Canada,2022-04-19
CUST04817,Customer 4817,customer4817@email.com,USA,2022-01-12
CUST04818,Customer 4818,customer4818@email.com,USA,2022-10-29
CUST04819,Customer 4819,customer4819@email.com,Germany,2022-09-16
CUST04820,Customer 4820,customer4820@email.com,UK,2022-03-28
CUST04821,Customer 4821,customer4821@email.com,France,2022-03-05
CUST04822,Customer 4822,customer4822@email.com,Australia,2022-07-07
CUST04823,Customer 4823,customer4823@email.com,UK,2022-12-31
CUST04824,Customer 4824,customer4824@email.com,USA,2022-11-30
CUST04825,Customer 4825,customer4825@email.com,UK,2022-01-20
CUST04826,Customer 4826,customer4826@email.com,USA,2022-07-12
CUST04827,Customer 4827,customer4827@email.com,UK,2022-11-24
CUST04828,Customer 4828,customer4828@email.com,Germany,2022-05-11
CUST04829,Customer 4829,customer4829@email.com,India,2022-10-01
CUST04830,Customer 4830,customer4830@email.com,Germany,2022-11-16
CUST04831,Customer 4831,customer4831@email.com,Germany,2022-01-25
CUST04832,Customer 4832,customer4832@email.com,India,2022-11-01
CUST04833,Customer 4833,customer4833@email.com,India,2022-01-25
CUST04834,Customer 4834,customer4834@email.com,France,2022-12-05
CUST04835,Customer 4835,customer4835@email.com,Australia,2022-02-25
CUST04836,Customer 4836,customer4836@email.com,Australia,2022-12-01
CUST04837,Customer 4837,customer4837@email.com,France,2022-01-11
CUST04838,Customer 4838,customer4838@email.com,Germany,2022-01-25
CUST04839,Customer 4839,customer4839@email.com,Germany,2022-12-20
CUST04840,Customer 4840,customer4840@email.com,USA,2022-03-01
CUST04841,Customer 4841,customer4841@email.com,USA,2022-08-02
CUST04842,Customer 4842,customer4842@email.com,Australia,2022-08-16
CUST04843,Customer 4843,customer4843@email.com,France,2022-07-14
CUST04844,Customer 4844,customer4844@email.com,Canada,2022-03-05
CUST04845,Customer 4845,customer4845@email.com,Canada,2022-10-08
CUST04846,Customer 4846,customer4846@email.com,France,2022-05-10
CUST04847,Customer 4847,customer4847@email.com,USA,2022-08-31
CUST04848,Customer 4848,customer4848@email.com,Australia,2022-12-26
CUST04849,Customer 4849,customer4849@email.com,Australia,2022-03-20
CUST04850,Customer 4850,customer4850@email.com,USA,2022-04-16
CUST04851,Customer 4851,customer4851@email.com,Canada,2022-12-22
CUST04852,Customer 4852,customer4852@email.com,UK,2022-12-18
CUST04853,Customer 4853,customer4853@email.com,UK,2022-11-19
CUST04854,Customer 4854,customer4854@email.com,USA,2022-01-05
CUST04855,Customer 4855,customer4855@email.com,UK,2022-06-04
CUST04856,Customer 4856,customer4856@email.com,India,2022-08-04
CUST04857,Customer 4857,customer4857@email.com,France,2022-12-05
CUST04858,Customer 4858,customer4858@email.com,France,2022-02-21
CUST04859,Customer 4859,customer4859@email.com,USA,2022-12-06
CUST04860,Customer 4860,customer4860@email.com,Germany,2022-09-24
CUST04861,Customer 4861,customer4861@email.com,Canada,2022-05-19
CUST04862,Customer 4862,customer4862@email.com,USA,2022-11-15
CUST04863,Customer 4863,customer4863@email.com,UK,2022-11-07
CUST04864,Customer 4864,customer4864@email.com,Canada,2022-12-25
CUST04865,Customer 4865,customer4865@email.com,Germany,2022-03-12
CUST04866,Customer 4866,customer4866@email.com,UK,2022-08-03
CUST04867,Customer 4867,customer4867@email.com,Australia,2022-02-23
CUST04868,Customer 4868,customer4868@email.com,India,2022-09-19
CUST04869,Customer 4869,customer4869@email.com,UK,2022-11-13
CUST04870,Customer 4870,customer4870@email.com,India,2022-03-02
CUST04871,Customer 4871,customer4871@email.com,Canada,2022-05-25
CUST04872,Customer 4872,customer4872@email.com,India,2022-02-28
CUST04873,Customer 4873,customer4873@email.com,Canada,2022-02-24
CUST04874,Customer 4874,customer4874@email.com,Canada,2022-09-12
CUST04875,Customer 4875,customer4875@email.com,Canada,2022-04-12
CUST04876,Customer 4876,customer4876@email.com,Canada,2022-11-08
CUST04877,Customer 4877,customer4877@email.com,Canada,2022-04-13
CUST04878,Customer 4878,customer4878@email.com,UK,2022-05-15
CUST04879,Customer 4879,customer4879@email.com,Canada,2022-09-25
CUST04880,Customer 4880,customer4880@email.com,UK,2022-04-14
CUST04881,Customer 4881,customer4881@email.com,Canada,2022-07-03
CUST04882,Customer 4882,customer4882@email.com,India,2022-12-27
CUST04883,Customer 4883,customer4883@email.com,Australia,2022-07-29
CUST04884,Customer 4884,customer4884@email.com,Canada,2022-06-01
CUST04885,Customer 4885,customer4885@email.com,Germany,2022-03-24
CUST04886,Customer 4886,customer4886@email.com,Canada,2022-01-21
CUST04887,Customer 4887,customer4887@email.com,Canada,2022-10-08
CUST04888,Customer 4888,customer4888@email.com,India,2022-09-12
CUST04889,Customer 4889,customer4889@email.com,France,2022-04-17
CUST04890,Customer 4890,customer4890@email.com,India,2022-12-19
CUST04891,Customer 4891,customer4891@email.com,Germany,2022-09-04
CUST04892,Customer 4892,customer4892@email.com,France,2022-06-19
CUST04893,Customer 4893,customer4893@email.com,USA,2022-05-01
CUST04894,Customer 4894,customer4894@email.com,USA,2022-01-02
CUST04895,Customer 4895,customer4895@email.com,Germany,2022-01-07
CUST04896,Customer 4896,customer4896@email.com,India,2022-12-10
CUST04897,Customer 4897,customer4897@email.com,UK,2022-02-15
CUST04898,Customer 4898,customer4898@email.com,Germany,2022-02-26
CUST04899,Customer 4899,customer4899@email.com,Australia,2022-10-21
CUST04900,Customer 4900,customer4900@email.com,France,2022-12-09
CUST04901,Customer 4901,customer4901@email.com,France,2022-09-10
CUST04902,Customer 4902,customer4902@email.com,Canada,2022-03-18
CUST04903,Customer 4903,customer4903@email.com,USA,2022-02-16
CUST04904,Customer 4904,customer4904@email.com,France,2022-09-19
CUST04905,Customer 4905,customer4905@email.com,Germany,2022-02-08
CUST04906,Customer 4906,customer4906@email.com,France,2022-02-21
CUST04907,Customer 4907,customer4907@email.com,Germany,2022-05-12
CUST04908,Customer 4908,customer4908@email.com,UK,2022-11-26
CUST04909,Customer 4909,customer4909@email.com,Canada,2022-04-29
CUST04910,Customer 4910,customer4910@email.com,USA,2022-08-22
CUST04911,Customer 4911,customer4911@email.com,France,2022-06-01
CUST04912,Customer 4912,customer4912@email.com,Germany,2022-05-16
CUST04913,Customer 4913,customer4913@email.com,India,2022-08-26
CUST04914,Customer 4914,customer4914@email.com,USA,2022-01-26
CUST04915,Customer 4915,customer4915@email.com,UK,2022-02-21
CUST04916,Customer 4916,customer4916@email.com,Germany,2022-03-31
CUST04917,Customer 4917,customer4917@email.com,Australia,2022-01-21
CUST04918,Customer 4918,customer4918@email.com,Australia,2022-05-29
CUST04919,Customer 4919,customer4919@email.com,Canada,2022-07-04
CUST04920,Customer 4920,customer4920@email.com,Canada,2022-12-13
CUST04921,Customer 4921,customer4921@email.com,UK,2022-06-10
CUST04922,Customer 4922,customer4922@email.com,UK,2022-08-07
CUST04923,Customer 4923,customer4923@email.com,Canada,2022-03-01
CUST04924,Customer 4924,customer4924@email.com,France,2022-02-18
CUST04925,Customer 4925,customer4925@email.com,France,2022-01-24
CUST04926,Customer 4926,customer4926@email.com,Germany,2022-01-05
CUST04927,Customer 4927,customer4927@email.com,India,2022-03-12
CUST04928,Customer 4928,customer4928@email.com,Germany,2022-12-06
CUST04929,Customer 4929,customer4929@email.com,India,2022-11-28
CUST04930,Customer 4930,customer4930@email.com,UK,2022-03-29
CUST04931,Customer 4931,customer4931@email.com,USA,2022-06-18
CUST04932,Customer 4932,customer4932@email.com,Germany,2022-07-03
CUST04933,Customer 4933,customer4933@email.com,Germany,2022-08-13
CUST04934,Customer 4934,customer4934@email.com,India,2022-11-15
CUST04935,Customer 4935,customer4935@email.com,UK,2022-05-18
CUST04936,Customer 4936,customer4936@email.com,UK,2022-02-17
CUST04937,Customer 4937,customer4937@email.com,Australia,2022-07-10
CUST04938,Customer 4938,customer4938@email.com,India,2022-06-25
CUST04939,Customer 4939,customer4939@email.com,UK,2022-04-04
CUST04940,Customer 4940,customer4940@email.com,Canada,2022-02-28
CUST04941,Customer 4941,customer4941@email.com,France,2022-07-25
CUST04942,Customer 4942,customer4942@email.com,Australia,2022-07-24
CUST04943,Customer 4943,customer4943@email.com,Canada,2022-08-22
CUST04944,Customer 4944,customer4944@email.com,USA,2022-05-20
CUST04945,Customer 4945,customer4945@email.com,Germany,2022-07-17
CUST04946,Customer 4946,customer4946@email.com,Australia,2022-12-20
CUST04947,Customer 4947,customer4947@email.com,USA,2022-09-02
CUST04948,Customer 4948,customer4948@email.com,Germany,2022-08-04
CUST04949,Customer 4949,customer4949@email.com,France,2022-11-29
CUST04950,Customer 4950,customer4950@email.com,UK,2022-03-27
CUST04951,Customer 4951,customer4951@email.com,Canada,2022-02-27
CUST04952,Customer 4952,customer4952@email.com,India,2022-03-09
CUST04953,Customer 4953,customer4953@email.com,Canada,2022-12-23
CUST04954,Customer 4954,customer4954@email.com,France,2022-01-31
CUST04955,Customer 4955,customer4955@email.com,USA,2022-03-23
CUST04956,Customer 4956,customer4956@email.com,India,2022-02-23
CUST04957,Customer 4957,customer4957@email.com,UK,2022-08-02
CUST04958,Customer 4958,customer4958@email.com,France,2022-10-30
CUST04959,Customer 4959,customer4959@email.com,India,2022-09-05
CUST04960,Customer 4960,customer4960@email.com,France,2022-10-19
CUST04961,Customer 4961,customer4961@email.com,France,2022-12-14
CUST04962,Customer 4962,customer4962@email.com,UK,2022-08-13
CUST04963,Customer 4963,customer4963@email.com,Australia,2022-04-03
CUST04964,Customer 4964,customer4964@email.com,Germany,2022-11-09
CUST04965,Customer 4965,customer4965@email.com,India,2022-07-14
CUST04966,Customer 4966,customer4966@email.com,UK,2022-07-03
CUST04967,Customer 4967,customer4967@email.com,France,2022-11-10
CUST04968,Customer 4968,customer4968@email.com,UK,2022-01-15
CUST04969,Customer 4969,customer4969@email.com,Australia,2022-12-17
CUST04970,Customer 4970,customer4970@email.com,Germany,2022-03-08
CUST04971,Customer 4971,customer4971@email.com,Canada,2022-09-05
CUST04972,Customer 4972,customer4972@email.com,India,2022-09-07
CUST04973,Customer 4973,customer4973@email.com,Germany,2022-02-27
CUST04974,Customer 4974,customer4974@email.com,USA,2022-07-30
CUST04975,Customer 4975,customer4975@email.com,India,2022-08-14
CUST04976,Customer 4976,customer4976@email.com,Germany,2022-01-24
CUST04977,Customer 4977,customer4977@email.com,France,2022-02-02
CUST04978,Customer 4978,customer4978@email.com,India,2022-05-14
CUST04979,Customer 4979,customer4979@email.com,India,2022-12-02
CUST04980,Customer 4980,customer4980@email.com,UK,2022-06-10
CUST04981,Customer 4981,customer4981@email.com,France,2022-01-07
CUST04982,Customer 4982,customer4982@email.com,USA,2022-12-27
CUST04983,Customer 4983,customer4983@email.com,Canada,2022-12-14
CUST04984,Customer 4984,customer4984@email.com,Australia,2022-09-26
CUST04985,Customer 4985,customer4985@email.com,Germany,2022-10-23
CUST04986,Customer 4986,customer4986@email.com,UK,2022-10-17
CUST04987,Customer 4987,customer4987@email.com,Germany,2022-04-25
CUST04988,Customer 4988,customer4988@email.com,USA,2022-12-09
CUST04989,Customer 4989,customer4989@email.com,USA,2022-06-23
CUST04990,Customer 4990,customer4990@email.com,India,2022-09-23
CUST04991,Customer 4991,customer4991@email.com,Australia,2022-09-25
CUST04992,Customer 4992,customer4992@email.com,USA,2022-12-19
CUST04993,Customer 4993,customer4993@email.com,Germany,2022-12-25
CUST04994,Customer 4994,customer4994@email.com,France,2022-11-13
CUST04995,Customer 4995,customer4995@email.com,France,2022-02-18
CUST04996,Customer 4996,customer4996@email.com,India,2022-08-10
CUST04997,Customer 4997,customer4997@email.com,Canada,2022-12-05
CUST04998,Customer 4998,customer4998@email.com,Germany,2022-05-08
CUST04999,Customer 4999,customer4999@email.com,Germany,2022-09-04
CUST05000,Customer 5000,customer5000@email.com,USA,2022-06-27
