customer_id,churn_probability_rf,churn_prediction_rf,actual_churn
CUST00001,0.031801969737148675,0,0
CUST00002,0.058845857544090975,0,0
CUST00003,0.02018098879817882,0,0
CUST00004,0.9299969176900088,1,1
CUST00005,0.00641945626040318,0,0
CUST00006,0.018264778150678028,0,0
CUST00007,0.007006226062957515,0,0
CUST00008,0.030590586704866564,0,0
CUST00009,0.01591760623700096,0,0
CUST00010,0.04895928627422119,0,0
CUST00011,0.0023717916448197213,0,0
CUST00012,0.07021278245814637,0,0
CUST00013,0.024042093074311904,0,0
CUST00014,0.01,0,0
CUST00015,0.00029535649554540114,0,0
CUST00016,0.00029535649554540114,0,0
CUST00017,0.0,0,0
CUST00018,0.01,0,0
CUST00019,0.007939881186667299,0,0
CUST00020,0.019845820175122725,0,0
CUST00021,0.0,0,0
CUST00022,0.03005189228356079,0,0
CUST00023,0.023802734870308546,0,0
CUST00024,0.04695357697109156,0,0
CUST00025,0.04218181779547425,0,0
CUST00026,0.0827721803686265,0,0
CUST00027,0.003859709834157973,0,0
CUST00028,0.009201759390880254,0,0
CUST00029,0.0023071155671476307,0,0
CUST00030,0.025763674761908564,0,0
CUST00031,0.009747938483339906,0,0
CUST00032,0.028781785685964692,0,0
CUST00033,0.00029535649554540114,0,0
CUST00034,0.04728232536034751,0,0
CUST00035,0.018277372144773592,0,0
CUST00036,0.021821979070629948,0,0
CUST00037,0.977631611249301,1,1
CUST00038,0.026717859414190505,0,0
CUST00039,0.0033161364287761534,0,0
CUST00040,0.0029823609114959706,0,0
CUST00041,0.002602472062693032,0,0
CUST00042,0.944470539613516,1,1
CUST00043,0.024306935798233942,0,0
CUST00044,0.981826176250219,1,1
CUST00045,0.0033161364287761534,0,0
CUST00046,0.017469971799089757,0,0
CUST00047,0.015967799054695378,0,0
CUST00048,0.009048861833375256,0,0
CUST00049,0.0020927776544703656,0,0
CUST00050,0.01538383550525492,0,0
CUST00051,0.04717995801355819,0,0
CUST00052,0.9778566409435444,1,1
CUST00053,0.023110327775124295,0,0
CUST00054,0.027431768718767385,0,0
CUST00055,0.010583396833284717,0,0
CUST00056,0.9327772595151103,1,1
CUST00057,0.014821759772077106,0,0
CUST00058,0.02949914007570057,0,0
CUST00059,0.9434399219768181,1,1
CUST00060,0.01887357014081957,0,0
CUST00061,0.006717859414190507,0,0
CUST00062,0.07140281079752266,0,0
CUST00063,0.06280046123893078,0,0
CUST00064,0.012092777654470366,0,0
CUST00065,0.017003031193030226,0,0
CUST00066,0.023102164302962195,0,0
CUST00067,0.005531718832413306,0,0
CUST00068,0.00029535649554540114,0,0
CUST00069,0.00029535649554540114,0,0
CUST00070,0.006250880062957178,0,0
CUST00071,0.07782163711392207,0,0
CUST00072,0.0020765439538509376,0,0
CUST00073,0.013888205801787951,0,0
CUST00074,0.043263102599322284,0,0
CUST00075,0.012381290566574592,0,0
CUST00076,0.008681879284269342,0,0
CUST00077,0.01346361765617652,0,0
CUST00078,0.018375140116690072,0,0
CUST00079,0.0023071155671476307,0,0
CUST00080,0.009514674343198195,0,0
CUST00081,0.014193889474953125,0,0
CUST00082,0.05333707978149665,0,0
CUST00083,0.018064537953853054,0,0
CUST00084,0.030938756241596577,0,0
CUST00085,0.0029705010042159214,0,0
CUST00086,0.013599767505723625,0,0
CUST00087,0.018339902003075715,0,0
CUST00088,0.015108041422736118,0,0
CUST00089,0.011430846625459356,0,0
CUST00090,0.001465974687174689,0,0
CUST00091,0.021516719805741172,0,0
CUST00092,0.01299012330546146,0,0
CUST00093,0.018339902003075715,0,0
CUST00094,0.00029535649554540114,0,0
CUST00095,0.016151403430781395,0,0
CUST00096,0.942110174613051,1,1
CUST00097,0.016539575118590513,0,0
CUST00098,0.002602472062693032,0,0
CUST00099,0.02659994344646241,0,0
CUST00100,0.0023717916448197213,0,0
CUST00101,0.002602472062693032,0,0
CUST00102,0.9103567755432306,1,1
CUST00103,0.016791008621085672,0,0
CUST00104,0.9929195153690763,1,1
CUST00105,0.012149930776803559,0,0
CUST00106,0.03187319517485891,0,0
CUST00107,0.9428952787655627,1,1
CUST00108,0.002602472062693032,0,0
CUST00109,0.009780149357974065,0,0
CUST00110,0.01,0,0
CUST00111,0.0018040277695055005,0,0
CUST00112,0.039346886624367666,0,0
CUST00113,0.03273448791291752,0,0
CUST00114,0.002602472062693032,0,0
CUST00115,0.9680040994907644,1,1
CUST00116,0.03665144832313264,0,0
CUST00117,0.032849440350703966,0,0
CUST00118,0.01914154551585119,0,0
CUST00119,0.9020305836803334,1,1
CUST00120,0.00029535649554540114,0,0
CUST00121,0.03878505140021885,0,0
CUST00122,0.09945672115785778,0,0
CUST00123,0.016459869908188138,0,0
CUST00124,0.060252220104912976,0,0
CUST00125,0.046571012098790686,0,0
CUST00126,0.9756191079528665,1,1
CUST00127,0.023902227771353982,0,0
CUST00128,0.023398073178295994,0,0
CUST00129,0.009117485898074878,0,0
CUST00130,0.014318945981332886,0,0
CUST00131,0.013045209404335525,0,0
CUST00132,0.01936499568418192,0,0
CUST00133,0.00029535649554540114,0,0
CUST00134,0.0008451307887266794,0,0
CUST00135,0.9712441406689305,1,1
CUST00136,0.027922195355440493,0,0
CUST00137,0.04282157355836166,0,0
CUST00138,0.04765824819367461,0,0
CUST00139,0.01504282916710535,0,0
CUST00140,0.023019728668004814,0,0
CUST00141,0.02369851875063191,0,0
CUST00142,0.01,0,0
CUST00143,0.006367638965327463,0,0
CUST00144,0.014257340785326238,0,0
CUST00145,0.06965494870742578,0,0
CUST00146,0.03471081640814779,0,0
CUST00147,0.029535132815857082,0,0
CUST00148,0.0029314922895759326,0,0
CUST00149,0.04033702700591434,0,0
CUST00150,0.017856173128813366,0,0
CUST00151,0.036055530418596174,0,0
CUST00152,0.9451802412978197,1,1
CUST00153,0.032020624692241866,0,0
CUST00154,0.007856173128813366,0,0
CUST00155,0.0020927776544703656,0,0
CUST00156,0.03462306443897383,0,0
CUST00157,0.013242606179271225,0,0
CUST00158,0.010148795305648575,0,0
CUST00159,0.0050282485875706205,0,0
CUST00160,0.014350043078569361,0,0
CUST00161,0.97,1,1
CUST00162,0.0337346168403486,0,0
CUST00163,0.00381578684110773,0,0
CUST00164,0.0012011734531904336,0,0
CUST00165,0.005767447767578933,0,0
CUST00166,0.001170618191629288,0,0
CUST00167,0.020035184627714003,0,0
CUST00168,0.0750430303418554,0,0
CUST00169,0.027416206604222237,0,0
CUST00170,0.0030384252297704774,0,0
CUST00171,0.01272049259105529,0,0
CUST00172,0.02486144206654563,0,0
CUST00173,0.05170261303703398,0,0
CUST00174,0.953270412096698,1,1
CUST00175,0.9197495179296509,1,1
CUST00176,0.02235108845648342,0,0
CUST00177,0.0029823609114959706,0,0
CUST00178,0.016541264083112083,0,0
CUST00179,0.9638530961107389,1,1
CUST00180,0.03623786306290391,0,0
CUST00181,0.057763329322160224,0,0
CUST00182,0.9162687549242815,1,1
CUST00183,0.02958706255161163,0,0
CUST00184,0.0015086712739600995,0,0
CUST00185,0.004448411555360193,0,0
CUST00186,0.017995751272279873,0,0
CUST00187,0.9522284606979281,1,1
CUST00188,0.006191931305348413,0,0
CUST00189,0.001465974687174689,0,0
CUST00190,0.02296541324309235,0,0
CUST00191,0.009488039036864425,0,0
CUST00192,0.008681879284269342,0,0
CUST00193,0.005531718832413306,0,0
CUST00194,0.01920579381475557,0,0
CUST00195,0.00029535649554540114,0,0
CUST00196,0.9717114911389783,1,1
CUST00197,0.03240512527635815,0,0
CUST00198,0.005531718832413306,0,0
CUST00199,0.031204136091544408,0,0
CUST00200,0.06769736375896042,0,0
CUST00201,0.05515014455746548,0,0
CUST00202,0.1040533126097276,0,0
CUST00203,0.023773247030892966,0,0
CUST00204,0.020727435749836084,0,0
CUST00205,0.9988782646611207,1,1
CUST00206,0.00837514011669007,0,0
CUST00207,0.001170618191629288,0,0
CUST00208,0.007417722078457847,0,0
CUST00209,0.06933217492204549,0,0
CUST00210,0.009521531078249802,0,0
CUST00211,0.09878571871511171,0,0
CUST00212,0.040381352964007335,0,0
CUST00213,0.01062750890709946,0,0
CUST00214,0.046907016952839366,0,0
CUST00215,0.012226513697858887,0,0
CUST00216,0.9200635156556969,1,1
CUST00217,0.01272049259105529,0,0
CUST00218,0.013338118352538066,0,0
CUST00219,0.014199927820527827,0,0
CUST00220,0.0,0,0
CUST00221,0.059369032682755354,0,0
CUST00222,0.001465974687174689,0,0
CUST00223,0.00029535649554540114,0,0
CUST00224,0.9755158099888719,1,1
CUST00225,0.9198473061265627,1,1
CUST00226,0.027590201681226622,0,0
CUST00227,0.00212696856425026,0,0
CUST00228,0.9465454906601429,1,1
CUST00229,0.039382689249050855,0,0
CUST00230,0.015747948575238743,0,0
CUST00231,0.000906458803684629,0,0
CUST00232,0.0020927776544703656,0,0
CUST00233,0.9847998321529784,1,1
CUST00234,0.08245612296640732,0,0
CUST00235,0.0029314922895759326,0,0
CUST00236,0.005053571586399495,0,0
CUST00237,0.926199068260114,1,1
CUST00238,0.001465974687174689,0,0
CUST00239,0.018942551601562586,0,0
CUST00240,0.002602472062693032,0,0
CUST00241,0.0049653049741809445,0,0
CUST00242,0.9607078436713943,1,1
CUST00243,0.9102471237799702,1,1
CUST00244,0.030060505203764312,0,0
CUST00245,0.9795288923196216,1,1
CUST00246,0.023987850189783604,0,0
CUST00247,0.01260939171576806,0,0
CUST00248,0.0017495841524270376,0,0
CUST00249,0.03484677844452283,0,0
CUST00250,0.030187785837640826,0,0
CUST00251,0.018989316156729115,0,0
CUST00252,0.01480663466297049,0,0
CUST00253,0.009639285972425813,0,0
CUST00254,0.052018834075650125,0,0
CUST00255,0.00029535649554540114,0,0
CUST00256,0.0065369198615307204,0,0
CUST00257,0.9840817751842255,1,1
CUST00258,0.07732406224758905,0,0
CUST00259,0.9368228856221416,1,1
CUST00260,0.002602472062693032,0,0
CUST00261,0.021880416598241092,0,0
CUST00262,0.02067624506521451,0,0
CUST00263,0.010042031923496808,0,0
CUST00264,0.00029535649554540114,0,0
CUST00265,0.016339931903751527,0,0
CUST00266,0.040362753153752984,0,0
CUST00267,0.0736923481366448,0,0
CUST00268,0.9406589141415108,1,1
CUST00269,0.0,0,0
CUST00270,0.014650118916769855,0,0
CUST00271,0.03651152582033705,0,0
CUST00272,0.9712286577608501,1,1
CUST00273,0.006563374530945913,0,0
CUST00274,0.002602472062693032,0,0
CUST00275,0.001465974687174689,0,0
CUST00276,0.012132119672642525,0,0
CUST00277,0.027202976411731326,0,0
CUST00278,0.008681879284269342,0,0
CUST00279,0.058463447009943784,0,0
CUST00280,0.021443999149297177,0,0
CUST00281,0.13963955817680293,0,0
CUST00282,0.9758146169413009,1,1
CUST00283,0.016356433249291025,0,0
CUST00284,0.0018040277695055005,0,0
CUST00285,0.013506960804032955,0,0
CUST00286,0.012870745782493129,0,0
CUST00287,0.00029535649554540114,0,0
CUST00288,0.9798523821806978,1,1
CUST00289,0.029107087431899607,0,0
CUST00290,0.05675648938018532,0,0
CUST00291,0.0,0,0
CUST00292,0.00029535649554540114,0,0
CUST00293,0.000906458803684629,0,0
CUST00294,0.07410581208544036,0,0
CUST00295,0.030204094085351046,0,0
CUST00296,0.05878322614591102,0,0
CUST00297,0.07286937426529551,0,0
CUST00298,0.03514124177059782,0,0
CUST00299,0.031876222234809674,0,0
CUST00300,0.024756550742009623,0,0
CUST00301,0.000906458803684629,0,0
CUST00302,0.9846228976519299,1,1
CUST00303,0.004445767460766306,0,0
CUST00304,0.024363390237607332,0,0
CUST00305,0.9114355555714773,1,1
CUST00306,0.037408004342252055,0,0
CUST00307,0.016222753471200016,0,0
CUST00308,0.019489938034549095,0,0
CUST00309,0.0936962048845148,0,0
CUST00310,0.06072760097542798,0,0
CUST00311,0.02216481728182533,0,0
CUST00312,0.020760636793719252,0,0
CUST00313,0.0,0,0
CUST00314,0.00029535649554540114,0,0
CUST00315,0.00029535649554540114,0,0
CUST00316,0.9461439155614374,1,1
CUST00317,0.00029535649554540114,0,0
CUST00318,0.06159383546204628,0,0
CUST00319,0.016164689013539568,0,0
CUST00320,0.016698235096591893,0,0
CUST00321,0.03061904738181731,0,0
CUST00322,0.002415130077644728,0,0
CUST00323,0.002602472062693032,0,0
CUST00324,0.023572079756411866,0,0
CUST00325,0.02129672715138306,0,0
CUST00326,0.024252654005749993,0,0
CUST00327,0.0723181119202821,0,0
CUST00328,0.012602472062693031,0,0
CUST00329,0.0,0,0
CUST00330,0.018679427988234295,0,0
CUST00331,0.0035480333519218544,0,0
CUST00332,0.08946795036778502,0,0
CUST00333,0.9815346109198673,1,1
CUST00334,0.0455788133366518,0,0
CUST00335,0.004370124506388254,0,0
CUST00336,0.06877328365179924,0,0
CUST00337,0.001465974687174689,0,0
CUST00338,0.0023717916448197213,0,0
CUST00339,0.8979238984481244,1,1
CUST00340,0.04124698826257065,0,0
CUST00341,0.033017984166829384,0,0
CUST00342,0.9839431078809306,1,1
CUST00343,0.09093729462876271,0,0
CUST00344,0.007451419653921889,0,0
CUST00345,0.005266951842409846,0,0
CUST00346,0.00597527794866273,0,0
CUST00347,0.01647364367003934,0,0
CUST00348,0.0235261239841117,0,0
CUST00349,0.0402748309514039,0,0
CUST00350,0.024711194019341534,0,0
CUST00351,0.05800956891102536,0,0
CUST00352,0.022260763436732837,0,0
CUST00353,0.001465974687174689,0,0
CUST00354,0.9544922689268688,1,1
CUST00355,0.02731815306767868,0,0
CUST00356,0.9608522864678679,1,1
CUST00357,0.9788788528524021,1,1
CUST00358,0.958414020324183,1,1
CUST00359,0.013042979925053362,0,0
CUST00360,0.007548130031021736,0,0
CUST00361,0.03500516933170449,0,0
CUST00362,0.07157999159885002,0,0
CUST00363,0.01588939841745867,0,0
CUST00364,0.00975621763285466,0,0
CUST00365,0.02586135940644488,0,0
CUST00366,0.0005497742931812782,0,0
CUST00367,0.0020927776544703656,0,0
CUST00368,0.0063627542930328055,0,0
CUST00369,0.04173489272295999,0,0
CUST00370,0.00818557350630168,0,0
CUST00371,0.007601090736098905,0,0
CUST00372,0.9323098739303691,1,1
CUST00373,0.02513387303996676,0,0
CUST00374,0.002602472062693032,0,0
CUST00375,0.9701725160586485,1,1
CUST00376,0.09847725488656296,0,0
CUST00377,0.03531061063301703,0,0
CUST00378,0.97468954371913,1,1
CUST00379,0.007238015989116692,0,0
CUST00380,0.00029535649554540114,0,0
CUST00381,0.0350377018862593,0,0
CUST00382,0.014827240261671424,0,0
CUST00383,0.02203058368033355,0,0
CUST00384,0.022379228422313283,0,0
CUST00385,0.007850264112442122,0,0
CUST00386,0.02731296023199016,0,0
CUST00387,0.003859709834157973,0,0
CUST00388,0.01047360816836096,0,0
CUST00389,0.05557140960969819,0,0
CUST00390,0.03238841246546929,0,0
CUST00391,0.0029705010042159214,0,0
CUST00392,0.052549904377953205,0,0
CUST00393,0.045786275342135314,0,0
CUST00394,0.006165128410289517,0,0
CUST00395,0.0701336382651918,0,0
CUST00396,0.002602472062693032,0,0
CUST00397,0.010171630616125566,0,0
CUST00398,0.04273603019184818,0,0
CUST00399,0.0,0,0
CUST00400,0.0020927776544703656,0,0
CUST00401,0.015789128066531037,0,0
CUST00402,0.9653367950540225,1,1
CUST00403,0.025513840272831524,0,0
CUST00404,0.9414976890782788,1,1
CUST00405,0.06154269918719475,0,0
CUST00406,0.0028614532324281543,0,0
CUST00407,0.019695527403845437,0,0
CUST00408,0.07268023767708978,0,0
CUST00409,0.01730391595945619,0,0
CUST00410,0.03925803283133052,0,0
CUST00411,0.005345063105312146,0,0
CUST00412,0.9493591699433145,1,1
CUST00413,0.017533372484662094,0,0
CUST00414,0.006165128410289519,0,0
CUST00415,0.0,0,0
CUST00416,0.031471987404521284,0,0
CUST00417,0.040172916587367075,0,0
CUST00418,0.0,0,0
CUST00419,0.0018040277695055005,0,0
CUST00420,0.9366988180077496,1,1
CUST00421,0.00029535649554540114,0,0
CUST00422,0.001465974687174689,0,0
CUST00423,0.0031859100872118095,0,0
CUST00424,0.03752662292350044,0,0
CUST00425,0.008977235779814744,0,0
CUST00426,0.05542193253649448,0,0
CUST00427,0.008215795396102,0,0
CUST00428,0.006100268328183234,0,0
CUST00429,0.9748371385686754,1,1
CUST00430,0.030502358741382674,0,0
CUST00431,0.026434108198219813,0,0
CUST00432,0.005049706609766744,0,0
CUST00433,0.01,0,0
CUST00434,0.9586368247596002,1,1
CUST00435,0.05456436442258796,0,0
CUST00436,0.029065141983155688,0,0
CUST00437,0.010376075404604303,0,0
CUST00438,0.0017811874583055368,0,0
CUST00439,0.1201286539566049,0,0
CUST00440,0.025136890268619858,0,0
CUST00441,0.042799043675847255,0,0
CUST00442,0.00029535649554540114,0,0
CUST00443,0.10210490236726358,0,0
CUST00444,0.011781187458305538,0,0
CUST00445,0.9941244312528412,1,1
CUST00446,0.022848601629571728,0,0
CUST00447,0.979995800799556,1,1
CUST00448,0.00499516561774277,0,0
CUST00449,0.007840738404296402,0,0
CUST00450,0.012587862161530126,0,0
CUST00451,0.007906728181408994,0,0
CUST00452,0.013128982472238366,0,0
CUST00453,0.9981714373518839,1,1
CUST00454,0.0,0,0
CUST00455,0.9619314855582661,1,1
CUST00456,0.032179650312722054,0,0
CUST00457,0.002602472062693032,0,0
CUST00458,0.010525751267586876,0,0
CUST00459,0.018415258902853327,0,0
CUST00460,0.001465974687174689,0,0
CUST00461,0.0023717916448197213,0,0
CUST00462,0.03160226107753365,0,0
CUST00463,0.005710401000785609,0,0
CUST00464,0.002602472062693032,0,0
CUST00465,0.007279722304675851,0,0
CUST00466,0.005772306294298502,0,0
CUST00467,0.05681164005134147,0,0
CUST00468,0.019001678417982736,0,0
CUST00469,0.001465974687174689,0,0
CUST00470,0.01923586851424805,0,0
CUST00471,0.9262534548291125,1,1
CUST00472,0.06512009336535846,0,0
CUST00473,0.9779644782814907,1,1
CUST00474,0.8976614251114732,1,1
CUST00475,0.00029535649554540114,0,0
CUST00476,0.08670482273322987,0,0
CUST00477,0.0023071155671476307,0,0
CUST00478,0.04061400936698718,0,0
CUST00479,0.045012127944821324,0,0
CUST00480,0.9821943895684296,1,1
CUST00481,0.06047004978835794,0,0
CUST00482,0.01807066983841179,0,0
CUST00483,0.0115958359829506,0,0
CUST00484,0.9521422971773376,1,1
CUST00485,0.028075441394306885,0,0
CUST00486,0.00029535649554540114,0,0
CUST00487,0.00272321245863963,0,0
CUST00488,0.014699513473446939,0,0
CUST00489,0.022330843813527356,0,0
CUST00490,0.09306859281373005,0,0
CUST00491,0.004998947262977109,0,0
CUST00492,0.00575644996723847,0,0
CUST00493,0.0032822695035460998,0,0
CUST00494,0.008474984030737941,0,0
CUST00495,0.0035480333519218544,0,0
CUST00496,0.04236379611176815,0,0
CUST00497,0.9663467165483354,1,1
CUST00498,0.0350146793759717,0,0
CUST00499,0.0018040277695055005,0,0
CUST00500,0.0915564382260911,0,0
CUST00501,0.021668395900778355,0,0
CUST00502,0.01313828205585361,0,0
CUST00503,0.06650725705135829,0,0
CUST00504,0.020132031836952082,0,0
CUST00505,0.0031271376448200588,0,0
CUST00506,0.021819673009540436,0,0
CUST00507,0.022495939573623645,0,0
CUST00508,0.0026052121159938256,0,0
CUST00509,0.002602472062693032,0,0
CUST00510,0.00601364874834758,0,0
CUST00511,0.9296327979214475,1,1
CUST00512,0.04503798310948387,0,0
CUST00513,0.018339902003075715,0,0
CUST00514,0.0029705010042159214,0,0
CUST00515,0.9516785801376925,1,1
CUST00516,0.9849680431016913,1,1
CUST00517,0.0,0,0
CUST00518,0.02158829461293446,0,0
CUST00519,0.0,0,0
CUST00520,0.05080921593727643,0,0
CUST00521,0.027349031767496347,0,0
CUST00522,0.0034812665827572108,0,0
CUST00523,0.029895355609830043,0,0
CUST00524,0.027515446340497244,0,0
CUST00525,0.02547676618869079,0,0
CUST00526,0.05297527877779216,0,0
CUST00527,0.0018040277695055005,0,0
CUST00528,0.018215795396102,0,0
CUST00529,0.03335042695914056,0,0
CUST00530,0.0018040277695055005,0,0
CUST00531,0.09279890303741553,0,0
CUST00532,0.016288071107346033,0,0
CUST00533,0.9735834084670354,1,1
CUST00534,0.004113883389953925,0,0
CUST00535,0.03377324703089297,0,0
CUST00536,0.9687547328279231,1,1
CUST00537,0.007851231919563209,0,0
CUST00538,0.012219943151287835,0,0
CUST00539,0.001465974687174689,0,0
CUST00540,0.022647039555197902,0,0
CUST00541,0.04378681550843666,0,0
CUST00542,0.022997697216143028,0,0
CUST00543,0.04138368093801772,0,0
CUST00544,0.05342191312162651,0,0
CUST00545,0.02086815996874555,0,0
CUST00546,0.009491860200228514,0,0
CUST00547,0.011611628974453907,0,0
CUST00548,0.0,0,0
CUST00549,0.004573903625267266,0,0
CUST00550,0.020057118134046693,0,0
CUST00551,0.02478304477277028,0,0
CUST00552,0.0029186216638918327,0,0
CUST00553,0.0031271376448200588,0,0
CUST00554,0.045287504800764065,0,0
CUST00555,0.02875411919695467,0,0
CUST00556,0.044833715460498906,0,0
CUST00557,0.9552812672986534,1,1
CUST00558,0.0170479961398396,0,0
CUST00559,0.9701130446539927,1,1
CUST00560,0.0029781209781209778,0,0
CUST00561,0.8749206023439268,1,1
CUST00562,0.0023717916448197213,0,0
CUST00563,0.007840738404296402,0,0
CUST00564,0.01480443422503385,0,0
CUST00565,0.10238823484639252,0,0
CUST00566,0.054078616007695014,0,0
CUST00567,0.0031271376448200588,0,0
CUST00568,0.9222717079068568,1,1
CUST00569,0.02177935029146858,0,0
CUST00570,0.03410274266646502,0,0
CUST00571,0.05954413871808471,0,0
CUST00572,0.012904665615084607,0,0
CUST00573,0.039132591410012865,0,0
CUST00574,0.02141340931161887,0,0
CUST00575,0.9589832834476106,1,1
CUST00576,0.05152653879612339,0,0
CUST00577,0.002602472062693032,0,0
CUST00578,0.017053705949299933,0,0
CUST00579,0.03467128557538783,0,0
CUST00580,0.06231039507264933,0,0
CUST00581,0.04275975487963344,0,0
CUST00582,0.01933313433676067,0,0
CUST00583,0.018729296308614047,0,0
CUST00584,0.005792945522004087,0,0
CUST00585,0.0020765439538509376,0,0
CUST00586,0.047930574093295396,0,0
CUST00587,0.0032472381021697596,0,0
CUST00588,0.0023071155671476307,0,0
CUST00589,0.014827240261671424,0,0
CUST00590,0.006165128410289519,0,0
CUST00591,0.0012011734531904336,0,0
CUST00592,0.00354259459771516,0,0
CUST00593,0.03419764283519302,0,0
CUST00594,0.99114371275634,1,1
CUST00595,0.015676676002201573,0,0
CUST00596,0.0023071155671476307,0,0
CUST00597,0.007219072274745708,0,0
CUST00598,0.010338193182153899,0,0
CUST00599,0.0302123577409779,0,0
CUST00600,0.02035989128426687,0,0
CUST00601,0.025397625154550664,0,0
CUST00602,0.12297746814498871,0,0
CUST00603,0.033567080765043784,0,0
CUST00604,0.9869579228816316,1,1
CUST00605,0.008791763835323606,0,0
CUST00606,0.014753786088957587,0,0
CUST00607,0.0,0,0
CUST00608,0.01757818083237921,0,0
CUST00609,0.018959704313590255,0,0
CUST00610,0.00029535649554540114,0,0
CUST00611,0.00029535649554540114,0,0
CUST00612,0.02541701164239631,0,0
CUST00613,0.0,0,0
CUST00614,0.062176852970833967,0,0
CUST00615,0.03666192099831037,0,0
CUST00616,0.9792544181737323,1,1
CUST00617,0.020371948034949974,0,0
CUST00618,0.00029535649554540114,0,0
CUST00619,0.0683025346098564,0,0
CUST00620,0.029927556642388043,0,0
CUST00621,0.0005497742931812782,0,0
CUST00622,0.015752603529705807,0,0
CUST00623,0.007006226062957515,0,0
CUST00624,0.06971620968814948,0,0
CUST00625,0.03877909050408523,0,0
CUST00626,0.037418449444506,0,0
CUST00627,0.009880969857900289,0,0
CUST00628,0.027279867954459247,0,0
CUST00629,0.004111143336653131,0,0
CUST00630,0.014529550213164995,0,0
CUST00631,0.01742148309203171,0,0
CUST00632,0.01734921147623662,0,0
CUST00633,0.9717215233940323,1,1
CUST00634,0.9611478571177949,1,1
CUST00635,0.017234076411030776,0,0
CUST00636,0.001465974687174689,0,0
CUST00637,0.0114363714203558,0,0
CUST00638,0.08756617625521983,0,0
CUST00639,0.001465974687174689,0,0
CUST00640,0.9871755772071807,1,1
CUST00641,0.02659017658867549,0,0
CUST00642,0.017528410043464553,0,0
CUST00643,0.020647949736456138,0,0
CUST00644,0.013319519050623072,0,0
CUST00645,0.023901391679763673,0,0
CUST00646,0.006668216207931649,0,0
CUST00647,0.02300629929457769,0,0
CUST00648,0.9713063374890223,1,1
CUST00649,0.007175956132579979,0,0
CUST00650,0.032700193665858565,0,0
CUST00651,0.00029535649554540114,0,0
CUST00652,0.006351701830678391,0,0
CUST00653,0.05192929769616219,0,0
CUST00654,0.022630352581312727,0,0
CUST00655,0.011095465918478636,0,0
CUST00656,0.024870373515690113,0,0
CUST00657,0.005772306294298502,0,0
CUST00658,0.007840738404296402,0,0
CUST00659,0.010444190575893957,0,0
CUST00660,0.03915723144199429,0,0
CUST00661,0.0018040277695055005,0,0
CUST00662,0.04221893370543408,0,0
CUST00663,0.02221020200628838,0,0
CUST00664,0.013911879056221443,0,0
CUST00665,0.007533372484662093,0,0
CUST00666,0.0018040277695055005,0,0
CUST00667,0.007371563958430979,0,0
CUST00668,0.013987850189783607,0,0
CUST00669,0.9578154816242546,1,1
CUST00670,0.022552260298363106,0,0
CUST00671,0.02170670011182423,0,0
CUST00672,0.8947245276199509,1,1
CUST00673,0.00029535649554540114,0,0
CUST00674,0.058090264191588324,0,0
CUST00675,0.0020765439538509376,0,0
CUST00676,0.007767165466515715,0,0
CUST00677,0.005266951842409846,0,0
CUST00678,0.04812626291468627,0,0
CUST00679,0.035344564272219756,0,0
CUST00680,0.07481393046200384,0,0
CUST00681,0.022347806722766848,0,0
CUST00682,0.017849310562268243,0,0
CUST00683,0.7962508800629573,1,1
CUST00684,0.039106362959401494,0,0
CUST00685,0.00029535649554540114,0,0
CUST00686,0.026398895166732793,0,0
CUST00687,0.0023071155671476307,0,0
CUST00688,0.07068389352391352,0,0
CUST00689,0.011374430045134729,0,0
CUST00690,0.9818158534705229,1,1
CUST00691,0.0,0,0
CUST00692,0.9668046228271876,1,1
CUST00693,0.005345063105312146,0,0
CUST00694,0.042109949275710205,0,0
CUST00695,0.008681879284269342,0,0
CUST00696,0.016349208641459535,0,0
CUST00697,0.00029535649554540114,0,0
CUST00698,0.058058575766464345,0,0
CUST00699,0.015537844787964692,0,0
CUST00700,0.011430846625459356,0,0
CUST00701,0.9380103831699474,1,1
CUST00702,0.01867966991747937,0,0
CUST00703,0.001465974687174689,0,0
CUST00704,0.035222395039435146,0,0
CUST00705,0.0020765439538509376,0,0
CUST00706,0.02442629306684063,0,0
CUST00707,0.07721887307032707,0,0
CUST00708,0.0020765439538509376,0,0
CUST00709,0.002602472062693032,0,0
CUST00710,0.014421095987472156,0,0
CUST00711,0.014821759772077106,0,0
CUST00712,0.009584054290286045,0,0
CUST00713,0.016923508579091324,0,0
CUST00714,0.03906521212497885,0,0
CUST00715,0.01956547017387248,0,0
CUST00716,0.9883109855909123,1,1
CUST00717,0.0,0,0
CUST00718,0.01794960379313881,0,0
CUST00719,0.008681879284269342,0,0
CUST00720,0.9830880875221305,1,1
CUST00721,0.03641945626040318,0,0
CUST00722,0.00931608168340594,0,0
CUST00723,0.007421498254586465,0,0
CUST00724,0.00029535649554540114,0,0
CUST00725,0.006250880062957178,0,0
CUST00726,0.03426638751652565,0,0
CUST00727,0.037545381908751,0,0
CUST00728,0.00029535649554540114,0,0
CUST00729,0.0,0,0
CUST00730,0.036080535700601164,0,0
CUST00731,0.0023071155671476307,0,0
CUST00732,0.001465974687174689,0,0
CUST00733,0.008813725455234839,0,0
CUST00734,0.005998883260878235,0,0
CUST00735,0.02256024561514022,0,0
CUST00736,0.0020765439538509376,0,0
CUST00737,0.9642925448485975,1,1
CUST00738,0.0026792894655893874,0,0
CUST00739,0.02781889599545214,0,0
CUST00740,0.002602472062693032,0,0
CUST00741,0.07851316314758777,0,0
CUST00742,0.037696119419626764,0,0
CUST00743,0.990558188804879,1,1
CUST00744,0.0018040277695054998,0,0
CUST00745,0.01255420049084335,0,0
CUST00746,0.0015086712739600995,0,0
CUST00747,0.05390433561378437,0,0
CUST00748,0.9640679652313363,1,1
CUST00749,0.0023071155671476307,0,0
CUST00750,0.923736143447895,1,1
CUST00751,0.040937246419977244,0,0
CUST00752,0.04205387174567944,0,0
CUST00753,0.0015086712739600995,0,0
CUST00754,0.09456828347688787,0,0
CUST00755,0.00029535649554540114,0,0
CUST00756,0.05720566406452737,0,0
CUST00757,0.02504559022814209,0,0
CUST00758,0.03421716498576265,0,0
CUST00759,0.03990513556234514,0,0
CUST00760,0.0008451307887266794,0,0
CUST00761,0.05396051903072555,0,0
CUST00762,0.014576500471432807,0,0
CUST00763,0.9464194562604032,1,1
CUST00764,0.9425136537758217,1,1
CUST00765,0.00029535649554540114,0,0
CUST00766,0.9486744346383424,1,1
CUST00767,0.00818557350630168,0,0
CUST00768,0.05431771628444609,0,0
CUST00769,0.022730382141172633,0,0
CUST00770,0.06830976982292816,0,0
CUST00771,0.03669117147392504,0,0
CUST00772,0.05784388094410134,0,0
CUST00773,0.0023071155671476307,0,0
CUST00774,0.0,0,0
CUST00775,0.00029535649554540114,0,0
CUST00776,0.03204174502188143,0,0
CUST00777,0.02663545153088203,0,0
CUST00778,0.05203236365222188,0,0
CUST00779,0.006470800946657609,0,0
CUST00780,0.94941555709042,1,1
CUST00781,0.0029598362752622153,0,0
CUST00782,0.001465974687174689,0,0
CUST00783,0.02934384308598172,0,0
CUST00784,0.9404504459814927,1,1
CUST00785,0.0291301113597782,0,0
CUST00786,0.025285626157125082,0,0
CUST00787,0.016080535700601164,0,0
CUST00788,0.02611109184986228,0,0
CUST00789,0.03396517330427807,0,0
CUST00790,0.966374716044231,1,1
CUST00791,0.05721309540563071,0,0
CUST00792,0.01585511632360008,0,0
CUST00793,0.011852785131106259,0,0
CUST00794,0.023239004996629814,0,0
CUST00795,0.023195249930958298,0,0
CUST00796,0.01621986529330163,0,0
CUST00797,0.9431497208081171,1,1
CUST00798,0.033728743556470535,0,0
CUST00799,0.009110552969240245,0,0
CUST00800,0.00029535649554540114,0,0
CUST00801,0.004448411555360193,0,0
CUST00802,0.06788463514164565,0,0
CUST00803,0.9432603300198729,1,1
CUST00804,0.027097166346718545,0,0
CUST00805,0.057536984785176506,0,0
CUST00806,0.001465974687174689,0,0
CUST00807,0.03292188861357578,0,0
CUST00808,0.012137214092895792,0,0
CUST00809,0.03438470465080234,0,0
CUST00810,0.03197070888963378,0,0
CUST00811,0.005260311437613775,0,0
CUST00812,0.019972475683181373,0,0
CUST00813,0.0037417094915121684,0,0
CUST00814,0.04170801099520218,0,0
CUST00815,0.008094465825833463,0,0
CUST00816,0.06866302743056295,0,0
CUST00817,0.0236083269501669,0,0
CUST00818,0.04270747627449325,0,0
CUST00819,0.9481783615265266,1,1
CUST00820,0.03410130511739437,0,0
CUST00821,0.011185372759609253,0,0
CUST00822,0.010638398737460112,0,0
CUST00823,0.02385970983415797,0,0
CUST00824,0.005952272222806685,0,0
CUST00825,0.05377240840769736,0,0
CUST00826,0.01748938648842721,0,0
CUST00827,0.0203309702647815,0,0
CUST00828,0.05647238169426589,0,0
CUST00829,0.02739847172129515,0,0
CUST00830,0.016644565137004935,0,0
CUST00831,0.001465974687174689,0,0
CUST00832,0.004361100640784018,0,0
CUST00833,0.011465974687174689,0,0
CUST00834,0.9561736110418422,1,1
CUST00835,0.004887313173165273,0,0
CUST00836,0.0018040277695055005,0,0
CUST00837,0.01027163269898464,0,0
CUST00838,0.0038804629187798208,0,0
CUST00839,0.024306935798233942,0,0
CUST00840,0.005228197017623136,0,0
CUST00841,0.04001139651987495,0,0
CUST00842,0.04851965930273373,0,0
CUST00843,0.00029535649554540114,0,0
CUST00844,0.024784256801380616,0,0
CUST00845,0.008062521962061116,0,0
CUST00846,0.009422823403138941,0,0
CUST00847,0.0015086712739600995,0,0
CUST00848,0.18146597468717465,0,0
CUST00849,0.002602472062693032,0,0
CUST00850,0.033907793553970465,0,0
CUST00851,0.014093750192395138,0,0
CUST00852,0.0804780849590689,0,0
CUST00853,0.9619613748855755,1,1
CUST00854,0.01941857818290504,0,0
CUST00855,0.9307103381300815,1,1
CUST00856,0.013616967214878707,0,0
CUST00857,0.005045590228142093,0,0
CUST00858,0.008474984030737941,0,0
CUST00859,0.06328952755043972,0,0
CUST00860,0.0018040277695055005,0,0
CUST00861,0.011804027769505501,0,0
CUST00862,0.9729650384542946,1,1
CUST00863,0.04708572062761487,0,0
CUST00864,0.07342011548179272,0,0
CUST00865,0.09488427809061423,0,0
CUST00866,0.8921398539875912,1,1
CUST00867,0.0050282485875706205,0,0
CUST00868,0.07925283323199826,0,0
CUST00869,0.012417802829058413,0,0
CUST00870,0.019695527403845437,0,0
CUST00871,0.025653031239674235,0,0
CUST00872,0.013768684123781818,0,0
CUST00873,0.9105681834686469,1,1
CUST00874,0.0031271376448200588,0,0
CUST00875,0.05044441712068088,0,0
CUST00876,0.07996152541651759,0,0
CUST00877,0.008691927706270652,0,0
CUST00878,0.9926949470735188,1,1
CUST00879,0.021735685058647945,0,0
CUST00880,0.05773586099433358,0,0
CUST00881,0.018701552927568484,0,0
CUST00882,0.9754204862151039,1,1
CUST00883,0.016644565137004935,0,0
CUST00884,0.001956519453190771,0,0
CUST00885,0.9883208916945115,1,1
CUST00886,0.012130816455755975,0,0
CUST00887,0.00843319390404492,0,0
CUST00888,0.0018040277695054998,0,0
CUST00889,0.020703774945372667,0,0
CUST00890,0.015310253893191485,0,0
CUST00891,0.005229258414521947,0,0
CUST00892,0.0034651907271508703,0,0
CUST00893,0.0483677365729865,0,0
CUST00894,0.026108385366013197,0,0
CUST00895,0.025607909951191686,0,0
CUST00896,0.0049653049741809445,0,0
CUST00897,0.0174238210846734,0,0
CUST00898,0.007417722078457847,0,0
CUST00899,0.0012011734531904336,0,0
CUST00900,0.002415130077644728,0,0
CUST00901,0.013687602215631454,0,0
CUST00902,0.05811445582673798,0,0
CUST00903,0.008006369565691597,0,0
CUST00904,0.04897401893300116,0,0
CUST00905,0.9456104052773796,1,1
CUST00906,0.009420626270446783,0,0
CUST00907,0.00029535649554540114,0,0
CUST00908,0.05694454144204168,0,0
CUST00909,0.033592912426341534,0,0
CUST00910,0.004263635020338402,0,0
CUST00911,0.021219838781167108,0,0
CUST00912,0.0034812665827572108,0,0
CUST00913,0.04179442636100982,0,0
CUST00914,0.046079683956547816,0,0
CUST00915,0.001465974687174689,0,0
CUST00916,0.0759160165413567,0,0
CUST00917,0.0031271376448200588,0,0
CUST00918,0.024306935798233942,0,0
CUST00919,0.018701552927568484,0,0
CUST00920,0.035273029076376076,0,0
CUST00921,0.0020927776544703656,0,0
CUST00922,0.028009695579651196,0,0
CUST00923,0.004448411555360193,0,0
CUST00924,0.006712401693754604,0,0
CUST00925,0.9586382874816812,1,1
CUST00926,0.044146851334727774,0,0
CUST00927,0.03081281226093309,0,0
CUST00928,0.0029823609114959706,0,0
CUST00929,0.0031271376448200588,0,0
CUST00930,0.006235066582912636,0,0
CUST00931,0.9791259362617108,1,1
CUST00932,0.0035480333519218544,0,0
CUST00933,0.026270385337336947,0,0
CUST00934,0.9349098726060923,1,1
CUST00935,0.011881574833290349,0,0
CUST00936,0.0031271376448200588,0,0
CUST00937,0.026950819932787272,0,0
CUST00938,0.01965708498218846,0,0
CUST00939,0.00443408413139789,0,0
CUST00940,0.9255474438447773,1,1
CUST00941,0.07116660774981325,0,0
CUST00942,0.01523625473337658,0,0
CUST00943,0.035109522778841946,0,0
CUST00944,0.006367638965327463,0,0
CUST00945,0.0023071155671476307,0,0
CUST00946,0.018431953352706813,0,0
CUST00947,0.0018040277695055005,0,0
CUST00948,0.020227655638421983,0,0
CUST00949,0.020519772162517748,0,0
CUST00950,0.01810879336937636,0,0
CUST00951,0.9478598291703254,1,1
CUST00952,0.07425300443631234,0,0
CUST00953,0.0029746459611347874,0,0
CUST00954,0.008813725455234839,0,0
CUST00955,0.001465974687174689,0,0
CUST00956,0.08948266083893415,0,0
CUST00957,0.042443335665594,0,0
CUST00958,0.00641945626040318,0,0
CUST00959,0.965946834973521,1,1
CUST00960,0.0023071155671476307,0,0
CUST00961,0.8401358538934741,1,1
CUST00962,0.014040402777354554,0,0
CUST00963,0.014615166225764056,0,0
CUST00964,0.008681879284269342,0,0
CUST00965,0.04723923853568083,0,0
CUST00966,0.0029705010042159214,0,0
CUST00967,0.9328400417490681,1,1
CUST00968,0.07455277500526375,0,0
CUST00969,0.04057726759033749,0,0
CUST00970,0.02430766528654384,0,0
CUST00971,0.06756378289324189,0,0
CUST00972,0.0027098447271505332,0,0
CUST00973,0.9587944960811784,1,1
CUST00974,0.007006226062957515,0,0
CUST00975,0.008176844254586804,0,0
CUST00976,0.9866107301361678,1,1
CUST00977,0.08819723646364562,0,0
CUST00978,0.005894712466372436,0,0
CUST00979,0.0015086712739600995,0,0
CUST00980,0.01648163884050474,0,0
CUST00981,0.011380369270919037,0,0
CUST00982,0.041637785367360264,0,0
CUST00983,0.015134251689666802,0,0
CUST00984,0.9472196222769508,1,1
CUST00985,0.0701745523273334,0,0
CUST00986,0.025345234666449494,0,0
CUST00987,0.03176807026161938,0,0
CUST00988,0.0037417094915121684,0,0
CUST00989,0.02021191496868451,0,0
CUST00990,0.9591085043124863,1,1
CUST00991,0.04426662012000555,0,0
CUST00992,0.019787878857211203,0,0
CUST00993,0.002602472062693032,0,0
CUST00994,0.01896745818608187,0,0
CUST00995,0.00029535649554540114,0,0
CUST00996,0.9311309470133666,1,1
CUST00997,0.05345324805378064,0,0
CUST00998,0.019903831968080255,0,0
CUST00999,0.031366820365264544,0,0
CUST01000,0.00029535649554540114,0,0
CUST01001,0.005760983163843153,0,0
CUST01002,0.9770358313918797,1,1
CUST01003,0.04305334643428058,0,0
CUST01004,0.004410743847042876,0,0
CUST01005,0.06326947668278889,0,0
CUST01006,0.006712401693754604,0,0
CUST01007,0.009329785177123734,0,0
CUST01008,0.005710401000785609,0,0
CUST01009,0.004410743847042876,0,0
CUST01010,0.007548130031021736,0,0
CUST01011,0.0029781209781209778,0,0
CUST01012,0.001465974687174689,0,0
CUST01013,0.03140053695326836,0,0
CUST01014,0.030427966976230954,0,0
CUST01015,0.002602472062693032,0,0
CUST01016,0.018576354034195997,0,0
CUST01017,0.008217103650371472,0,0
CUST01018,0.029435736199588777,0,0
CUST01019,0.040748821204611485,0,0
CUST01020,0.07168234831001027,0,0
CUST01021,0.0858113116103055,0,0
CUST01022,0.9254523079049964,1,1
CUST01023,0.000906458803684629,0,0
CUST01024,0.04086335836487873,0,0
CUST01025,0.019457848349554708,0,0
CUST01026,0.0122945406736365,0,0
CUST01027,0.004296047156792692,0,0
CUST01028,0.008745984331138868,0,0
CUST01029,0.04433361592283484,0,0
CUST01030,0.0005497742931812782,0,0
CUST01031,0.023144350700923782,0,0
CUST01032,0.03805457038796087,0,0
CUST01033,0.037847826301542875,0,0
CUST01034,0.047837063637798306,0,0
CUST01035,0.0028614532324281543,0,0
CUST01036,0.11130923464089611,0,0
CUST01037,0.08917287706304615,0,0
CUST01038,0.022219991190036526,0,0
CUST01039,0.005881659334504254,0,0
CUST01040,0.02296541324309235,0,0
CUST01041,0.0,0,0
CUST01042,0.03392562169431432,0,0
CUST01043,0.9467075470093839,1,1
CUST01044,0.042551776934965035,0,0
CUST01045,0.005894712466372436,0,0
CUST01046,0.0050282485875706205,0,0
CUST01047,0.002602472062693032,0,0
CUST01048,0.05369495238655598,0,0
CUST01049,0.012691984119117235,0,0
CUST01050,0.022941278453297066,0,0
CUST01051,0.03195395521083227,0,0
CUST01052,0.080323288374765,0,0
CUST01053,0.011049434970061816,0,0
CUST01054,0.006975206278329558,0,0
CUST01055,0.02120587953821684,0,0
CUST01056,0.001465974687174689,0,0
CUST01057,0.1918928150387326,0,0
CUST01058,0.006717859414190507,0,0
CUST01059,0.9543812283934803,1,1
CUST01060,0.019722034848756512,0,0
CUST01061,0.008886673412654505,0,0
CUST01062,0.017003031193030226,0,0
CUST01063,0.04332764909041165,0,0
CUST01064,0.927720011105662,1,1
CUST01065,0.0018040277695055005,0,0
CUST01066,0.9031440955458812,1,1
CUST01067,0.02685272231938688,0,0
CUST01068,0.07709853215574786,0,0
CUST01069,0.004115387351497475,0,0
CUST01070,0.012588820644737115,0,0
CUST01071,0.05474128204534642,0,0
CUST01072,0.008676274726234666,0,0
CUST01073,0.9588613415444815,1,1
CUST01074,0.0029823609114959706,0,0
CUST01075,0.01935259948617642,0,0
CUST01076,0.0026361357940305314,0,0
CUST01077,0.01593489296695293,0,0
CUST01078,0.9436398674307247,1,1
CUST01079,0.026823304124140867,0,0
CUST01080,0.007767165466515715,0,0
CUST01081,0.0537750482809625,0,0
CUST01082,0.006866468842729971,0,0
CUST01083,0.9194230492756162,1,1
CUST01084,0.016682059061441542,0,0
CUST01085,0.017107895761446546,0,0
CUST01086,0.02455298936369071,0,0
CUST01087,0.89815412287663,1,1
CUST01088,0.00029535649554540114,0,0
CUST01089,0.9403171818458071,1,1
CUST01090,0.006367638965327463,0,0
CUST01091,0.019666821435051253,0,0
CUST01092,0.020619909023284907,0,0
CUST01093,0.030243008458141752,0,0
CUST01094,0.010883451738113488,0,0
CUST01095,0.0133356515848359,0,0
CUST01096,0.952602472062693,1,1
CUST01097,0.0018040277695055005,0,0
CUST01098,0.9770294178859625,1,1
CUST01099,0.00469334451846159,0,0
CUST01100,0.0,0,0
CUST01101,0.005206679504504142,0,0
CUST01102,0.053629242862785996,0,0
CUST01103,0.07154122747901591,0,0
CUST01104,0.024815753536068734,0,0
CUST01105,0.011395887552898084,0,0
CUST01106,0.0,0,0
CUST01107,0.03657480757417111,0,0
CUST01108,0.03388318571782902,0,0
CUST01109,0.004573903625267266,0,0
CUST01110,0.0130782047816881,0,0
CUST01111,0.9888766539355862,1,1
CUST01112,0.007840738404296402,0,0
CUST01113,0.016913552874730415,0,0
CUST01114,0.0018040277695055005,0,0
CUST01115,0.9850537604289894,1,1
CUST01116,0.9523527817399225,1,1
CUST01117,0.9652142581652191,1,1
CUST01118,0.016185133052586086,0,0
CUST01119,0.0,0,0
CUST01120,0.03906287055412357,0,0
CUST01121,0.9475185744891919,1,1
CUST01122,0.9655228222028169,1,1
CUST01123,0.01151110383289527,0,0
CUST01124,0.028401399333265756,0,0
CUST01125,0.10175568224098798,0,0
CUST01126,0.06500490169205597,0,0
CUST01127,0.056689072241141086,0,0
CUST01128,0.00029535649554540114,0,0
CUST01129,0.04393355292753031,0,0
CUST01130,0.014334310705073145,0,0
CUST01131,0.05265512261007522,0,0
CUST01132,0.03166116295764537,0,0
CUST01133,0.026270385337336947,0,0
CUST01134,0.08705580023945672,0,0
CUST01135,0.0055239259458068025,0,0
CUST01136,0.9554694630518421,1,1
CUST01137,0.0008451307887266794,0,0
CUST01138,0.03838370684463876,0,0
CUST01139,0.004130454466891503,0,0
CUST01140,0.9305483260937851,1,1
CUST01141,0.00423170283767203,0,0
CUST01142,0.024457812377777614,0,0
CUST01143,0.0029823609114959706,0,0
CUST01144,0.047606619174222535,0,0
CUST01145,0.022945879921067315,0,0
CUST01146,0.0,0,0
CUST01147,0.06719748892105266,0,0
CUST01148,0.01661955110414667,0,0
CUST01149,0.9300134466661483,1,1
CUST01150,0.017807297430567765,0,0
CUST01151,0.0,0,0
CUST01152,0.01832039333995183,0,0
CUST01153,0.01572007639373563,0,0
CUST01154,0.008977235779814744,0,0
CUST01155,0.1008384877392276,0,0
CUST01156,0.9224650917666725,1,1
CUST01157,0.003859709834157973,0,0
CUST01158,0.04186994842491732,0,0
CUST01159,0.00837798696596669,0,0
CUST01160,0.021884730663840984,0,0
CUST01161,0.022054121241894452,0,0
CUST01162,0.9082005817250873,1,1
CUST01163,0.011286086726080453,0,0
CUST01164,0.001170618191629288,0,0
CUST01165,0.00029535649554540114,0,0
CUST01166,0.05328727729396082,0,0
CUST01167,0.00029535649554540114,0,0
CUST01168,0.009900416931085313,0,0
CUST01169,0.11288078963295636,0,0
CUST01170,0.01879176383532361,0,0
CUST01171,0.009044303667757554,0,0
CUST01172,0.0,0,0
CUST01173,0.021921659256152214,0,0
CUST01174,0.025575477523316684,0,0
CUST01175,0.015679357524772744,0,0
CUST01176,0.0020765439538509376,0,0
CUST01177,0.054202212150162694,0,0
CUST01178,0.03845492202204493,0,0
CUST01179,0.0990596311350531,0,0
CUST01180,0.001956519453190771,0,0
CUST01181,0.9886889909208786,1,1
CUST01182,0.0046654810019336555,0,0
CUST01183,0.011412460902799548,0,0
CUST01184,0.01721165817596837,0,0
CUST01185,0.02195906592777364,0,0
CUST01186,0.002602472062693032,0,0
CUST01187,0.0,0,0
CUST01188,0.8552755077114722,1,1
CUST01189,0.004448411555360193,0,0
CUST01190,0.008122604408819996,0,0
CUST01191,0.01210606721669976,0,0
CUST01192,0.05085884082285985,0,0
CUST01193,0.005049706609766744,0,0
CUST01194,0.020970535608224733,0,0
CUST01195,0.02903738143206329,0,0
CUST01196,0.00029535649554540114,0,0
CUST01197,0.9602884443908952,1,1
CUST01198,0.013546453599876641,0,0
CUST01199,0.0168876677652585,0,0
CUST01200,0.008977235779814744,0,0
CUST01201,0.98,1,1
CUST01202,0.021100401257443918,0,0
CUST01203,0.03821336774770618,0,0
CUST01204,0.01730391595945619,0,0
CUST01205,0.00029535649554540114,0,0
CUST01206,0.00272321245863963,0,0
CUST01207,0.00212696856425026,0,0
CUST01208,0.006668216207931649,0,0
CUST01209,0.006717859414190507,0,0
CUST01210,0.033811885987418425,0,0
CUST01211,0.01970197106527653,0,0
CUST01212,0.014776693019145564,0,0
CUST01213,0.042431795113601935,0,0
CUST01214,0.03441610608693548,0,0
CUST01215,0.01882287682817265,0,0
CUST01216,0.00029535649554540114,0,0
CUST01217,0.0906793833519798,0,0
CUST01218,0.02003980595304531,0,0
CUST01219,0.020057118134046693,0,0
CUST01220,0.0,0,0
CUST01221,0.0015086712739600995,0,0
CUST01222,0.0,0,0
CUST01223,0.06325787195419111,0,0
CUST01224,0.0023717916448197213,0,0
CUST01225,0.017575002501026272,0,0
CUST01226,0.9610258781968609,1,1
CUST01227,0.00029535649554540114,0,0
CUST01228,0.0031203141732079388,0,0
CUST01229,0.9979047568395129,1,1
CUST01230,0.017180923469716794,0,0
CUST01231,0.005792945522004087,0,0
CUST01232,0.001170618191629288,0,0
CUST01233,0.001956519453190771,0,0
CUST01234,0.028417986244264504,0,0
CUST01235,0.015531718832413307,0,0
CUST01236,0.08868761458214809,0,0
CUST01237,0.012307115567147631,0,0
CUST01238,0.01231342447096864,0,0
CUST01239,0.0023071155671476307,0,0
CUST01240,0.002602472062693032,0,0
CUST01241,0.01155259426701034,0,0
CUST01242,0.017646024849654468,0,0
CUST01243,0.01055042264331978,0,0
CUST01244,0.06838633746329573,0,0
CUST01245,0.07521425996914993,0,0
CUST01246,0.00354259459771516,0,0
CUST01247,0.01484062710519805,0,0
CUST01248,0.030792400167894512,0,0
CUST01249,0.0029314922895759326,0,0
CUST01250,0.027435536571736568,0,0
CUST01251,0.008901141318361595,0,0
CUST01252,0.031480023840750944,0,0
CUST01253,0.05192605032758012,0,0
CUST01254,0.0018040277695055005,0,0
CUST01255,0.027704432649387444,0,0
CUST01256,0.019535241367327857,0,0
CUST01257,0.00029535649554540114,0,0
CUST01258,0.019413795381253672,0,0
CUST01259,0.024806064674857735,0,0
CUST01260,0.00641945626040318,0,0
CUST01261,0.008176844254586804,0,0
CUST01262,0.017457972016661934,0,0
CUST01263,0.019722034848756512,0,0
CUST01264,0.056296770903755095,0,0
CUST01265,0.011749584152427037,0,0
CUST01266,0.9905019304534923,1,1
CUST01267,0.007545381908751,0,0
CUST01268,0.009422823403138941,0,0
CUST01269,0.9892921315934464,1,1
CUST01270,0.019691565582876533,0,0
CUST01271,0.001956519453190771,0,0
CUST01272,0.04867600667776111,0,0
CUST01273,0.005523553513168538,0,0
CUST01274,0.038702720017331334,0,0
CUST01275,0.00029535649554540114,0,0
CUST01276,0.032034450651963066,0,0
CUST01277,0.006822286162720982,0,0
CUST01278,0.042668055020216915,0,0
CUST01279,0.02283497008398152,0,0
CUST01280,0.044824779534763846,0,0
CUST01281,0.010759139133406712,0,0
CUST01282,0.006190068961917839,0,0
CUST01283,0.05132642960558063,0,0
CUST01284,0.07358126149458584,0,0
CUST01285,0.0046654810019336555,0,0
CUST01286,0.002602472062693032,0,0
CUST01287,0.0033161364287761534,0,0
CUST01288,0.05812494629384388,0,0
CUST01289,0.9644907033331224,1,1
CUST01290,0.05670584398655455,0,0
CUST01291,0.012130816455755975,0,0
CUST01292,0.08090729003953284,0,0
CUST01293,0.01940933649954291,0,0
CUST01294,0.0026361357940305314,0,0
CUST01295,0.033017984166829384,0,0
CUST01296,0.025699302357997892,0,0
CUST01297,0.01027896502428869,0,0
CUST01298,0.000906458803684629,0,0
CUST01299,0.021964771494716942,0,0
CUST01300,0.05140787011810625,0,0
CUST01301,0.0018122757613296613,0,0
CUST01302,0.030089295103549105,0,0
CUST01303,0.9662660221033952,1,1
CUST01304,0.008703553671349881,0,0
CUST01305,0.04139047584623578,0,0
CUST01306,0.08323459044821967,0,0
CUST01307,0.008968338919706149,0,0
CUST01308,0.007767165466515715,0,0
CUST01309,0.043271414894454636,0,0
CUST01310,0.03857065384777057,0,0
CUST01311,0.004617089809398096,0,0
CUST01312,0.0023717916448197213,0,0
CUST01313,0.0712241442612021,0,0
CUST01314,0.9730913170740092,1,1
CUST01315,0.04005433026857494,0,0
CUST01316,0.9778646835857228,1,1
CUST01317,0.028472040608030658,0,0
CUST01318,0.023766400349143506,0,0
CUST01319,0.9673645950730466,1,1
CUST01320,0.9593492848612657,1,1
CUST01321,0.01009534421820014,0,0
CUST01322,0.00449103218545607,0,0
CUST01323,0.026213712442688598,0,0
CUST01324,0.9414514899835592,1,1
CUST01325,0.023876045865964736,0,0
CUST01326,0.002602472062693032,0,0
CUST01327,0.0020765439538509376,0,0
CUST01328,0.002602472062693032,0,0
CUST01329,0.008729588948865018,0,0
CUST01330,0.007006226062957515,0,0
CUST01331,0.01819652093097404,0,0
CUST01332,0.010492072166039517,0,0
CUST01333,0.9627543109457952,1,1
CUST01334,0.004263635020338402,0,0
CUST01335,0.030766511404266655,0,0
CUST01336,0.035703039511343,0,0
CUST01337,0.04907612045473843,0,0
CUST01338,0.04759313719376245,0,0
CUST01339,0.001465974687174689,0,0
CUST01340,0.06670928204195758,0,0
CUST01341,0.04457252327053448,0,0
CUST01342,0.05260254230621317,0,0
CUST01343,0.005710401000785609,0,0
CUST01344,0.021689660072138916,0,0
CUST01345,0.00029535649554540114,0,0
CUST01346,0.01052291096324963,0,0
CUST01347,0.005345063105312146,0,0
CUST01348,0.013130208936253487,0,0
CUST01349,0.0573902854704034,0,0
CUST01350,0.05305998849898014,0,0
CUST01351,0.028526723847544226,0,0
CUST01352,0.027710291957066886,0,0
CUST01353,0.015262387573388197,0,0
CUST01354,0.004263635020338402,0,0
CUST01355,0.00029535649554540114,0,0
CUST01356,0.024018216606933932,0,0
CUST01357,0.001956519453190771,0,0
CUST01358,0.00867966991747937,0,0
CUST01359,0.005359981823069921,0,0
CUST01360,0.0162337826936949,0,0
CUST01361,0.03149404438116939,0,0
CUST01362,0.06929054385196726,0,0
CUST01363,0.08238215393180233,0,0
CUST01364,0.01066901637947897,0,0
CUST01365,0.9160976328715688,1,1
CUST01366,0.025206702456069437,0,0
CUST01367,0.9578813721761094,1,1
CUST01368,0.052128089455769036,0,0
CUST01369,0.019750985141581832,0,0
CUST01370,0.007540190559415158,0,0
CUST01371,0.014043303191047497,0,0
CUST01372,0.002602472062693032,0,0
CUST01373,0.030613313376062105,0,0
CUST01374,0.007840738404296402,0,0
CUST01375,0.035812002833850005,0,0
CUST01376,0.008661029164347429,0,0
CUST01377,0.0029705010042159214,0,0
CUST01378,0.021828275439100816,0,0
CUST01379,0.00029535649554540114,0,0
CUST01380,0.012007083238637084,0,0
CUST01381,0.0,0,0
CUST01382,0.9888782646611207,1,1
CUST01383,0.02526394521469915,0,0
CUST01384,0.05471875807951193,0,0
CUST01385,0.0031203141732079388,0,0
CUST01386,0.012161183624396974,0,0
CUST01387,0.07443443156833882,0,0
CUST01388,0.007371563958430979,0,0
CUST01389,0.9314306245829287,1,1
CUST01390,0.00029535649554540114,0,0
CUST01391,0.9872185045695392,1,1
CUST01392,0.022161608101617058,0,0
CUST01393,0.006769374444026191,0,0
CUST01394,0.017944423297554937,0,0
CUST01395,0.024564016966268757,0,0
CUST01396,0.002602472062693032,0,0
CUST01397,0.014093750192395138,0,0
CUST01398,0.007533372484662093,0,0
CUST01399,0.006717859414190507,0,0
CUST01400,0.9516299836663297,1,1
CUST01401,0.04769381167469007,0,0
CUST01402,0.09085688375668405,0,0
CUST01403,0.018511091982173634,0,0
CUST01404,0.0315594207089658,0,0
CUST01405,0.02084173583004688,0,0
CUST01406,0.9808113814116947,1,1
CUST01407,0.002415130077644728,0,0
CUST01408,0.033893913131947166,0,0
CUST01409,0.054664486579777787,0,0
CUST01410,0.9607735653725921,1,1
CUST01411,0.045076715901916094,0,0
CUST01412,0.008564090487684027,0,0
CUST01413,0.014739724413322884,0,0
CUST01414,0.0023071155671476307,0,0
CUST01415,0.9035157679232237,1,1
CUST01416,0.03901620217461473,0,0
CUST01417,0.011591965125403924,0,0
CUST01418,0.911380369270919,1,1
CUST01419,0.023461664556054744,0,0
CUST01420,0.9644531241139291,1,1
CUST01421,0.010942072450476705,0,0
CUST01422,0.0029705010042159214,0,0
CUST01423,0.0018040277695055005,0,0
CUST01424,0.00212696856425026,0,0
CUST01425,0.0029823609114959706,0,0
CUST01426,0.011501029024547582,0,0
CUST01427,0.012333790434558366,0,0
CUST01428,0.9536262712837607,1,1
CUST01429,0.951313416435331,1,1
CUST01430,0.05447603284752394,0,0
CUST01431,0.9705313221449617,1,1
CUST01432,0.014804991783092351,0,0
CUST01433,0.007006226062957515,0,0
CUST01434,0.013422010403765405,0,0
CUST01435,0.012484028894426354,0,0
CUST01436,0.03129149160272193,0,0
CUST01437,0.07283515464090995,0,0
CUST01438,0.01809887765795408,0,0
CUST01439,0.030528690637734744,0,0
CUST01440,0.06653353061794448,0,0
CUST01441,0.9661027328234,1,1
CUST01442,0.002602472062693032,0,0
CUST01443,0.9575410189729182,1,1
CUST01444,0.022732143218651038,0,0
CUST01445,0.98856834356061,1,1
CUST01446,0.056288462033109485,0,0
CUST01447,0.00029535649554540114,0,0
CUST01448,0.00029535649554540114,0,0
CUST01449,0.01062750890709946,0,0
CUST01450,0.001465974687174689,0,0
CUST01451,0.013469045910189333,0,0
CUST01452,0.039524382593261354,0,0
CUST01453,0.028802036344472755,0,0
CUST01454,0.09656559811770196,0,0
CUST01455,0.016041082649698425,0,0
CUST01456,0.06223391813598431,0,0
CUST01457,0.00029535649554540114,0,0
CUST01458,0.007011776169793138,0,0
CUST01459,0.005894712466372436,0,0
CUST01460,0.8674089211163166,1,1
CUST01461,0.032288612747473196,0,0
CUST01462,0.0,0,0
CUST01464,0.0018040277695055005,0,0
CUST01465,0.00469334451846159,0,0
CUST01466,0.001465974687174689,0,0
CUST01467,0.008020207613982666,0,0
CUST01468,0.005894712466372436,0,0
CUST01469,0.06263610626566173,0,0
CUST01470,0.008852408168743529,0,0
CUST01471,0.009466054838378854,0,0
CUST01472,0.0,0,0
CUST01473,0.007238015989116692,0,0
CUST01474,0.012583079094428837,0,0
CUST01475,0.8903320132916616,1,1
CUST01476,0.0063627542930328055,0,0
CUST01477,0.006777832739997658,0,0
CUST01478,0.001956519453190771,0,0
CUST01479,0.00212696856425026,0,0
CUST01480,0.0012011734531904336,0,0
CUST01481,0.0020927776544703656,0,0
CUST01482,0.016991062724887082,0,0
CUST01483,0.029696921212140702,0,0
CUST01484,0.06442498954808928,0,0
CUST01485,0.03053109181196768,0,0
CUST01486,0.022959836275262217,0,0
CUST01487,0.0026361357940305314,0,0
CUST01488,0.008113658164833438,0,0
CUST01489,0.9682539287691233,1,1
CUST01490,0.005497589026458686,0,0
CUST01491,0.036760717588889304,0,0
CUST01492,0.016080535700601164,0,0
CUST01493,0.07212404586586786,0,0
CUST01494,0.02018098879817882,0,0
CUST01495,0.006717859414190507,0,0
CUST01496,0.023479320070772074,0,0
CUST01497,0.020253132230967554,0,0
CUST01498,0.0015086712739600995,0,0
CUST01499,0.003865910721957432,0,0
CUST01500,0.003859709834157973,0,0
CUST01501,0.002602472062693032,0,0
CUST01502,0.014949560264999173,0,0
CUST01503,0.11045057146839446,0,0
CUST01504,0.0028614532324281543,0,0
CUST01505,0.02712070102932622,0,0
CUST01506,0.023740314156369333,0,0
CUST01507,0.08227105965719922,0,0
CUST01508,0.002602472062693032,0,0
CUST01509,0.9855127776329137,1,1
CUST01510,0.04213903359101219,0,0
CUST01511,0.1190138034306749,0,0
CUST01512,0.03242548044401244,0,0
CUST01513,0.9214332318404399,1,1
CUST01514,0.06737805991100304,0,0
CUST01515,0.0023071155671476307,0,0
CUST01516,0.017944423297554937,0,0
CUST01517,0.9736512386787307,1,1
CUST01518,0.014503255717613213,0,0
CUST01519,0.018903539932607252,0,0
CUST01520,0.06221626238893812,0,0
CUST01521,0.9226011072492791,1,1
CUST01522,0.017141280659221072,0,0
CUST01523,0.97683725333617,1,1
CUST01524,0.025698752671261763,0,0
CUST01525,0.9519196587848997,1,1
CUST01526,0.02078884675251033,0,0
CUST01527,0.8375226431887818,1,1
CUST01528,0.9660196511566654,1,1
CUST01529,0.015310253893191485,0,0
CUST01530,0.025292323398461835,0,0
CUST01531,0.07284969744564541,0,0
CUST01532,0.001465974687174689,0,0
CUST01533,0.014821759772077106,0,0
CUST01534,0.08101573485469712,0,0
CUST01535,0.056240005734733804,0,0
CUST01536,0.0012011734531904336,0,0
CUST01537,0.0017811874583055368,0,0
CUST01538,0.026015325442444847,0,0
CUST01539,0.00029535649554540114,0,0
CUST01540,0.056293139861827324,0,0
CUST01541,0.06336242652712826,0,0
CUST01542,0.045550974210884644,0,0
CUST01543,0.9702702778013516,1,1
CUST01544,0.0031167542084716802,0,0
CUST01545,0.000906458803684629,0,0
CUST01546,0.005896574809803011,0,0
CUST01547,0.07553977859006643,0,0
CUST01548,0.9792620351775292,1,1
CUST01549,0.03519761278894687,0,0
CUST01550,0.020135689250888697,0,0
CUST01551,0.037058900250118,0,0
CUST01552,0.0023717916448197213,0,0
CUST01553,0.006374763717121712,0,0
CUST01554,0.026954222832385803,0,0
CUST01555,0.9809154849968452,1,1
CUST01556,0.049735285421483866,0,0
CUST01557,0.002602472062693032,0,0
CUST01558,0.0012011734531904336,0,0
CUST01559,0.023449967845668506,0,0
CUST01560,0.01460289068087144,0,0
CUST01561,0.9814236124505175,1,1
CUST01562,0.006470800946657609,0,0
CUST01563,0.051747416727638294,0,0
CUST01564,0.9830557361548269,1,1
CUST01565,0.07248804577084622,0,0
CUST01566,0.03742796285842723,0,0
CUST01567,0.02354505500943866,0,0
CUST01568,0.8263399319037515,1,1
CUST01569,0.05764786500455526,0,0
CUST01570,0.004911323008958741,0,0
CUST01571,0.9945668607874442,1,1
CUST01572,0.004522616190073524,0,0
CUST01573,0.07315511558608384,0,0
CUST01574,0.01381578684110773,0,0
CUST01575,0.0017811874583055368,0,0
CUST01576,0.012391716825825206,0,0
CUST01577,0.0046998091221973695,0,0
CUST01578,0.0031271376448200588,0,0
CUST01579,0.02291771903987836,0,0
CUST01580,0.007851231919563209,0,0
CUST01581,0.07650725705135829,0,0
CUST01582,0.029640376283043803,0,0
CUST01583,0.04341631409679312,0,0
CUST01584,0.014193889474953125,0,0
CUST01585,0.023592925012938405,0,0
CUST01586,0.039760524217552155,0,0
CUST01587,0.0,0,0
CUST01588,0.0029823609114959706,0,0
CUST01589,0.01241562213846819,0,0
CUST01590,0.022172213482890404,0,0
CUST01591,0.010234473551279684,0,0
CUST01592,0.007081903254796838,0,0
CUST01593,0.001170618191629288,0,0
CUST01594,0.018942797611262042,0,0
CUST01595,0.9607720689477941,1,1
CUST01596,0.0017811874583055368,0,0
CUST01597,0.034435727425938055,0,0
CUST01598,0.9733728578132663,1,1
CUST01599,0.015484356512309288,0,0
CUST01600,0.06649598502270598,0,0
CUST01601,0.018013527003881657,0,0
CUST01602,0.05760108751289656,0,0
CUST01603,0.002602472062693032,0,0
CUST01604,0.043199547498861825,0,0
CUST01605,0.01172993897028657,0,0
CUST01606,0.9346486310131431,1,1
CUST01607,0.0033161364287761534,0,0
CUST01608,0.008501732281371972,0,0
CUST01609,0.01032754278020858,0,0
CUST01610,0.10771152659381517,0,0
CUST01611,0.07484455707020352,0,0
CUST01612,0.00592134854476998,0,0
CUST01613,0.027137571230354793,0,0
CUST01614,0.029895355609830043,0,0
CUST01615,0.00029535649554540114,0,0
CUST01616,0.013045209404335525,0,0
CUST01617,0.002602472062693032,0,0
CUST01618,0.02095981953684973,0,0
CUST01619,0.0893475669428894,0,0
CUST01620,0.952720246472588,1,1
CUST01621,0.07021278245814637,0,0
CUST01622,0.00029535649554540114,0,0
CUST01623,0.01655183318905775,0,0
CUST01624,0.907742540471603,1,1
CUST01625,0.022106542438197156,0,0
CUST01626,0.022315892522308145,0,0
CUST01627,0.00029535649554540114,0,0
CUST01628,0.014734533285574123,0,0
CUST01629,0.015987722697142024,0,0
CUST01630,0.08963172701126532,0,0
CUST01631,0.9546933607085386,1,1
CUST01632,0.0023071155671476307,0,0
CUST01633,0.008784794152031867,0,0
CUST01634,0.03944602807235517,0,0
CUST01635,0.005839574210549132,0,0
CUST01636,0.03339751105131032,0,0
CUST01637,0.017667329357190193,0,0
CUST01638,0.02742306290592071,0,0
CUST01639,0.005497589026458686,0,0
CUST01640,0.005760983163843153,0,0
CUST01641,0.005520872791803343,0,0
CUST01642,0.042601372640055875,0,0
CUST01643,0.9494826608389343,1,1
CUST01644,0.05191688316815135,0,0
CUST01645,0.011003606645517527,0,0
CUST01646,0.0029746459611347887,0,0
CUST01647,0.008965581540378877,0,0
CUST01648,0.015501164383291416,0,0
CUST01649,0.0,0,0
CUST01650,0.015239571763357263,0,0
CUST01651,0.9256917403018889,1,1
CUST01652,0.004263635020338402,0,0
CUST01653,0.014008543397540606,0,0
CUST01654,0.005606636798246452,0,0
CUST01655,0.013935307081032838,0,0
CUST01656,0.020519772162517748,0,0
CUST01657,0.0012011734531904336,0,0
CUST01658,0.009501901361941772,0,0
CUST01659,0.9388593389003295,1,1
CUST01660,0.01729759089065459,0,0
CUST01661,0.949851353256193,1,1
CUST01662,0.05973743824244744,0,0
CUST01663,0.015045590228142091,0,0
CUST01664,0.03020080548254068,0,0
CUST01665,0.02574143688159471,0,0
CUST01666,0.9646989550482039,1,1
CUST01667,0.11580677847285101,0,0
CUST01668,0.0023071155671476307,0,0
CUST01669,0.0031271376448200588,0,0
CUST01670,0.00029535649554540114,0,0
CUST01671,0.01657498064172211,0,0
CUST01672,0.06379761112412803,0,0
CUST01673,0.00029535649554540114,0,0
CUST01674,0.0031271376448200588,0,0
CUST01675,0.010943589712550286,0,0
CUST01676,0.022994920327316305,0,0
CUST01677,0.009706163746096164,0,0
CUST01678,0.005228197017623136,0,0
CUST01679,0.0174667323640819,0,0
CUST01680,0.025939186351740577,0,0
CUST01681,0.9694786112959284,1,1
CUST01682,0.0023071155671476307,0,0
CUST01683,0.00029535649554540114,0,0
CUST01684,0.9683941763707922,1,1
CUST01685,0.001465974687174689,0,0
CUST01686,0.0202953564955454,0,0
CUST01687,0.00029535649554540114,0,0
CUST01688,0.9537051956995494,1,1
CUST01689,0.03514124177059782,0,0
CUST01690,0.0210645389626705,0,0
CUST01691,0.00354259459771516,0,0
CUST01692,0.01742306290592071,0,0
CUST01693,0.02802282266439793,0,0
CUST01694,0.03918057237602021,0,0
CUST01695,0.939277593063286,1,1
CUST01696,0.00029535649554540114,0,0
CUST01697,0.017528348178085476,0,0
CUST01698,0.02062223345564686,0,0
CUST01699,0.007421498254586465,0,0
CUST01700,0.01463655991077465,0,0
CUST01701,0.08493642379604209,0,0
CUST01702,0.0018040277695055005,0,0
CUST01703,0.001465974687174689,0,0
CUST01704,0.0046998091221973695,0,0
CUST01705,0.011399334566594494,0,0
CUST01706,0.04607945095031428,0,0
CUST01707,0.014753786088957587,0,0
CUST01708,0.0113974420603934,0,0
CUST01709,0.02627611994016156,0,0
CUST01710,0.025349268532548232,0,0
CUST01711,0.002788623764762593,0,0
CUST01712,0.007238015989116692,0,0
CUST01713,0.03772001110566199,0,0
CUST01714,0.00029535649554540114,0,0
CUST01715,0.005229258414521947,0,0
CUST01716,0.0,0,0
CUST01717,0.0326320172865478,0,0
CUST01718,0.011541158728123118,0,0
CUST01719,0.037660409248559894,0,0
CUST01720,0.01411218317471422,0,0
CUST01721,0.005894712466372436,0,0
CUST01722,0.979175114361802,1,1
CUST01723,0.00354259459771516,0,0
CUST01724,0.046464371426487766,0,0
CUST01725,0.001465974687174689,0,0
CUST01726,0.029079030682873288,0,0
CUST01727,0.9608522864678679,1,1
CUST01728,0.029079793133167935,0,0
CUST01729,0.012426172951301375,0,0
CUST01730,0.048442023078126575,0,0
CUST01731,0.004361100640784018,0,0
CUST01732,0.0,0,0
CUST01733,0.013452661899787782,0,0
CUST01734,0.01611309929326444,0,0
CUST01735,0.00029535649554540114,0,0
CUST01736,0.0017811874583055368,0,0
CUST01737,0.06320580390696588,0,0
CUST01738,0.07867529219615366,0,0
CUST01739,0.014503255717613213,0,0
CUST01740,0.04882246405245045,0,0
CUST01741,0.01798925274271415,0,0
CUST01742,0.002602472062693032,0,0
CUST01743,0.0,0,0
CUST01744,0.010256418834950294,0,0
CUST01745,0.05143208800894485,0,0
CUST01746,0.008062521962061116,0,0
CUST01747,0.9578736200167646,1,1
CUST01748,0.08190336820126343,0,0
CUST01749,0.004361100640784018,0,0
CUST01750,0.02509543883234352,0,0
CUST01751,0.0005497742931812782,0,0
CUST01752,0.048986045103381046,0,0
CUST01753,0.03911579414496079,0,0
CUST01754,0.009706163746096164,0,0
CUST01755,0.028912893167391745,0,0
CUST01756,0.002602472062693032,0,0
CUST01757,0.0018040277695055005,0,0
CUST01758,0.9477550945405774,1,1
CUST01759,0.01188860718813748,0,0
CUST01760,0.037920368987693395,0,0
CUST01761,0.06346878534649662,0,0
CUST01762,0.016782272334937495,0,0
CUST01763,0.923162896080164,1,1
CUST01764,0.07051957516356516,0,0
CUST01765,0.008836707162353439,0,0
CUST01766,0.08637086210787395,0,0
CUST01767,0.0046998091221973695,0,0
CUST01768,0.061302971775172896,0,0
CUST01769,0.009389957264619102,0,0
CUST01770,0.05860062802678981,0,0
CUST01771,0.005523553513168538,0,0
CUST01772,0.9318804165982411,1,1
CUST01773,0.0275185744891918,0,0
CUST01774,0.9783943091853458,1,1
CUST01775,0.02279849772187414,0,0
CUST01776,0.016644565137004935,0,0
CUST01777,0.058258346297770436,0,0
CUST01778,0.019222394142574303,0,0
CUST01779,0.001956519453190771,0,0
CUST01780,0.017133460061929454,0,0
CUST01781,0.0,0,0
CUST01782,0.0023071155671476307,0,0
CUST01783,0.05011194459526489,0,0
CUST01784,0.0,0,0
CUST01785,0.016073642013839505,0,0
CUST01786,0.011814183504194215,0,0
CUST01787,0.02100360664551753,0,0
CUST01788,0.0,0,0
CUST01789,0.0029746459611347887,0,0
CUST01790,0.013545787296344241,0,0
CUST01791,0.9546906722058395,1,1
CUST01792,0.9899587014774838,1,1
CUST01793,0.025054433634601084,0,0
CUST01794,0.0020765439538509376,0,0
CUST01795,0.10538364015509659,0,0
CUST01796,0.019095173242014808,0,0
CUST01797,0.03143323184044012,0,0
CUST01798,0.01922909219775562,0,0
CUST01799,0.02613261503630517,0,0
CUST01800,0.9724950816934532,1,1
CUST01801,0.01374834742813978,0,0
CUST01802,0.0026361357940305314,0,0
CUST01803,0.023187566974529252,0,0
CUST01804,0.030350960144287446,0,0
CUST01805,0.008916883168924526,0,0
CUST01806,0.008681879284269342,0,0
CUST01807,0.9610282681115777,1,1
CUST01808,0.02903738143206329,0,0
CUST01809,0.0834567234627293,0,0
CUST01810,0.03755709260044267,0,0
CUST01811,0.003477362783233539,0,0
CUST01812,0.001465974687174689,0,0
CUST01813,0.0020765439538509376,0,0
CUST01814,0.9559777140539764,1,1
CUST01815,0.0,0,0
CUST01816,0.04586303398753158,0,0
CUST01817,0.0023071155671476307,0,0
CUST01818,0.024212954589659122,0,0
CUST01819,0.02934384308598172,0,0
CUST01820,0.9034258869129853,1,1
CUST01821,0.0015086712739600995,0,0
CUST01822,0.002602472062693032,0,0
CUST01823,0.01821990075768172,0,0
CUST01824,0.028030652122239083,0,0
CUST01825,0.032407178503544486,0,0
CUST01826,0.017927700103279133,0,0
CUST01827,0.030380776500621855,0,0
CUST01828,0.9690024444119345,1,1
CUST01829,0.017575002501026272,0,0
CUST01830,0.0377709965210898,0,0
CUST01831,0.002602472062693032,0,0
CUST01832,0.03107469200681237,0,0
CUST01833,0.9747434988245632,1,1
CUST01834,0.8585915145849288,1,1
CUST01835,0.00029535649554540114,0,0
CUST01836,0.012505549045389797,0,0
CUST01837,0.019691238959868226,0,0
CUST01838,0.9602426731978736,1,1
CUST01839,0.010762421172598175,0,0
CUST01840,0.014215184858888967,0,0
CUST01841,0.9427220198837729,1,1
CUST01842,0.002602472062693032,0,0
CUST01843,0.002602472062693032,0,0
CUST01844,0.00868462740654008,0,0
CUST01845,0.007850264112442122,0,0
CUST01846,0.9794885578066104,1,1
CUST01847,0.972355131342552,1,1
CUST01848,0.02392322396619965,0,0
CUST01849,0.9307122093403742,1,1
CUST01850,0.9988782646611207,1,1
CUST01851,0.024510721247563354,0,0
CUST01852,0.8893648444027734,1,1
CUST01853,0.004343381402602581,0,0
CUST01854,0.9064225029186451,1,1
CUST01855,0.052028012940933364,0,0
CUST01856,0.029924219541965717,0,0
CUST01857,0.9466498241719588,1,1
CUST01858,0.011943187546948003,0,0
CUST01859,0.06978193837665536,0,0
CUST01860,0.027549201560053267,0,0
CUST01861,0.016923508579091324,0,0
CUST01862,0.02423834237603681,0,0
CUST01863,0.006144550944630214,0,0
CUST01864,0.00029535649554540114,0,0
CUST01865,0.08199542697413362,0,0
CUST01866,0.011840634604749658,0,0
CUST01867,0.0,0,0
CUST01868,0.013057050510543454,0,0
CUST01869,0.05976679538596975,0,0
CUST01870,0.004448411555360193,0,0
CUST01871,0.12172391726755896,0,0
CUST01872,0.9754374767365461,1,1
CUST01873,0.07841317241027153,0,0
CUST01874,0.985564489100197,1,1
CUST01875,0.02237500504592875,0,0
CUST01876,0.9726184261282032,1,1
CUST01877,0.03984020175607595,0,0
CUST01878,0.004263635020338402,0,0
CUST01879,0.02989759771619957,0,0
CUST01880,0.08035601201863317,0,0
CUST01881,0.8687475499423374,1,1
CUST01882,0.04542193253649449,0,0
CUST01883,0.009491860200228514,0,0
CUST01884,0.0029314922895759326,0,0
CUST01885,0.03279726663576682,0,0
CUST01886,0.9757577643830757,1,1
CUST01887,0.06923140180435006,0,0
CUST01888,0.00029535649554540114,0,0
CUST01889,0.05466305726606106,0,0
CUST01890,0.021892680764229108,0,0
CUST01891,0.005523553513168538,0,0
CUST01892,0.06327465828507946,0,0
CUST01893,0.00029535649554540114,0,0
CUST01894,0.03756465211695831,0,0
CUST01895,0.0033424989764513796,0,0
CUST01896,0.008569423140904895,0,0
CUST01897,0.003859709834157973,0,0
CUST01898,0.025136890268619858,0,0
CUST01899,0.09239135007230562,0,0
CUST01900,0.04000974306046455,0,0
CUST01901,0.0031271376448200588,0,0
CUST01902,0.01597025657762596,0,0
CUST01903,0.028700923567644178,0,0
CUST01904,0.017734617659774323,0,0
CUST01905,0.0038804629187798208,0,0
CUST01906,0.035171425043085756,0,0
CUST01907,0.008992534444834865,0,0
CUST01908,0.984843790561181,1,1
CUST01909,0.002602472062693032,0,0
CUST01910,0.929468099147394,1,1
CUST01911,0.03743555596553959,0,0
CUST01912,0.006144550944630214,0,0
CUST01913,0.8431167542084717,1,1
CUST01914,0.001170618191629288,0,0
CUST01915,0.002602472062693032,0,0
CUST01916,0.011035839571936925,0,0
CUST01917,0.001465974687174689,0,0
CUST01918,0.05568140508855695,0,0
CUST01919,0.9396572479304455,1,1
CUST01920,0.028281411373170376,0,0
CUST01921,0.06129644409664051,0,0
CUST01922,0.0063627542930328055,0,0
CUST01923,0.9216286639214735,1,1
CUST01924,0.02519404713802468,0,0
CUST01925,0.03136520336087364,0,0
CUST01926,0.026862845486776567,0,0
CUST01927,0.019166516303335643,0,0
CUST01928,0.015034000482227028,0,0
CUST01929,0.0035480333519218544,0,0
CUST01930,0.032849440350703966,0,0
CUST01931,0.0,0,0
CUST01932,0.03328559251392885,0,0
CUST01933,0.9217519684094191,1,1
CUST01934,0.045640345396076955,0,0
CUST01935,0.9620978003886919,1,1
CUST01936,0.05177379574655439,0,0
CUST01937,0.04313782324189184,0,0
CUST01938,0.11027001144834106,0,0
CUST01939,0.011881208710952306,0,0
CUST01940,0.0029314922895759326,0,0
CUST01941,0.06526615148863019,0,0
CUST01942,0.03403119010321851,0,0
CUST01943,0.0018040277695055005,0,0
CUST01944,0.9738806300686553,1,1
CUST01945,0.007451419653921889,0,0
CUST01946,0.06913047318310304,0,0
CUST01947,0.009097976175761342,0,0
CUST01948,0.001465974687174689,0,0
CUST01949,0.0031203141732079388,0,0
CUST01950,0.005839574210549132,0,0
CUST01951,0.024059647967652878,0,0
CUST01952,0.022423831046778427,0,0
CUST01953,0.008072320317372228,0,0
CUST01954,0.05334231233192623,0,0
CUST01955,0.00029535649554540114,0,0
CUST01956,0.002602472062693032,0,0
CUST01957,0.0176290303128931,0,0
CUST01958,0.9560967366331172,1,1
CUST01959,0.008042284221722363,0,0
CUST01960,0.00029535649554540114,0,0
CUST01961,0.050139088094629455,0,0
CUST01962,0.0029781209781209778,0,0
CUST01963,0.001465974687174689,0,0
CUST01964,0.005520872791803343,0,0
CUST01965,0.038874023726895655,0,0
CUST01966,0.001465974687174689,0,0
CUST01967,0.9789318953383593,1,1
CUST01968,0.0,0,0
CUST01969,0.9290521856558149,1,1
CUST01970,0.029595241167876735,0,0
CUST01971,0.008813725455234839,0,0
CUST01972,0.017767165466515716,0,0
CUST01973,0.0642648060091891,0,0
CUST01974,0.0018040277695055005,0,0
CUST01975,0.008644240119014742,0,0
CUST01976,0.0029781209781209778,0,0
CUST01977,0.015756449967238472,0,0
CUST01978,0.03746615450564086,0,0
CUST01979,0.00029535649554540114,0,0
CUST01980,0.09685776535656945,0,0
CUST01981,0.05345941048949122,0,0
CUST01982,0.0008451307887266794,0,0
CUST01983,0.032767861233526055,0,0
CUST01984,0.00029535649554540114,0,0
CUST01985,0.00423170283767203,0,0
CUST01986,0.0033337817253158786,0,0
CUST01987,0.006517899241191286,0,0
CUST01988,0.06305369289998933,0,0
CUST01989,0.005772306294298502,0,0
CUST01990,0.021880416598241092,0,0
CUST01991,0.02332668992066521,0,0
CUST01992,0.0023071155671476307,0,0
CUST01993,0.04565610909020875,0,0
CUST01994,0.02905085839119662,0,0
CUST01995,0.007006226062957515,0,0
CUST01996,0.01621986529330163,0,0
CUST01997,0.0,0,0
CUST01998,0.012857526029375623,0,0
CUST01999,0.00029535649554540114,0,0
CUST02000,0.011903756423340099,0,0
CUST02001,0.04816878680948366,0,0
CUST02002,0.013549040348228689,0,0
CUST02003,0.011095465918478636,0,0
CUST02004,0.029219814037459844,0,0
CUST02005,0.00029535649554540114,0,0
CUST02006,0.00029535649554540114,0,0
CUST02007,0.006866468842729971,0,0
CUST02008,0.028850589955625602,0,0
CUST02009,0.0,0,0
CUST02010,0.005894712466372436,0,0
CUST02011,0.020096142343177362,0,0
CUST02012,0.08095687552371286,0,0
CUST02013,0.03188170662463655,0,0
CUST02014,0.0038346651526270773,0,0
CUST02015,0.01870355367134988,0,0
CUST02016,0.0,0,0
CUST02017,0.011641715559531559,0,0
CUST02018,0.04176410859764758,0,0
CUST02019,0.015496637238961495,0,0
CUST02020,0.8966324742310485,1,1
CUST02021,0.03929480613311386,0,0
CUST02022,0.9247859904284503,1,1
CUST02023,0.025160328894549878,0,0
CUST02024,0.001465974687174689,0,0
CUST02025,0.0029781209781209778,0,0
CUST02026,0.006515681296941434,0,0
CUST02027,0.002602472062693032,0,0
CUST02028,0.00029535649554540114,0,0
CUST02029,0.01924649051417909,0,0
CUST02030,0.01449103218545607,0,0
CUST02031,0.00029535649554540114,0,0
CUST02032,0.0349203232696852,0,0
CUST02033,0.038875089784348414,0,0
CUST02034,0.007081903254796838,0,0
CUST02035,0.013467012847421224,0,0
CUST02036,0.027431768718767385,0,0
CUST02037,0.0017811874583055368,0,0
CUST02038,0.024748216189788116,0,0
CUST02039,0.0964376448002334,0,0
CUST02040,0.00354259459771516,0,0
CUST02041,0.020279209600390157,0,0
CUST02042,0.053427706750518326,0,0
CUST02043,0.017366427617756985,0,0
CUST02044,0.014404062678090919,0,0
CUST02045,0.010016316335941617,0,0
CUST02046,0.0035480333519218544,0,0
CUST02047,0.008586603784022935,0,0
CUST02048,0.007976463197799554,0,0
CUST02049,0.002602472062693032,0,0
CUST02050,0.026309095769303945,0,0
CUST02051,0.07332811313427165,0,0
CUST02052,0.02248464983001695,0,0
CUST02053,0.001465974687174689,0,0
CUST02054,0.0,0,0
CUST02055,0.03409784223713212,0,0
CUST02056,0.980007898882028,1,1
CUST02057,0.023923347246951523,0,0
CUST02058,0.042294017617067484,0,0
CUST02059,0.010583396833284717,0,0
CUST02060,0.01816414141054779,0,0
CUST02061,0.07552002992636607,0,0
CUST02062,0.09983957969609397,0,0
CUST02063,0.0035643533386125713,0,0
CUST02064,0.008681879284269342,0,0
CUST02065,0.00029535649554540114,0,0
CUST02066,0.00641945626040318,0,0
CUST02067,0.01314547170532512,0,0
CUST02068,0.03789040324902194,0,0
CUST02069,0.0467708493869395,0,0
CUST02070,0.039760524217552155,0,0
CUST02071,0.04133257929200645,0,0
CUST02072,0.03363000075066813,0,0
CUST02073,0.9626730594981788,1,1
CUST02074,0.009342130971284307,0,0
CUST02075,0.04866778403932751,0,0
CUST02076,0.004387083540402244,0,0
CUST02077,0.009155183800437346,0,0
CUST02078,0.9089052760769991,1,1
CUST02079,0.05482823388039703,0,0
CUST02080,0.030422125027922343,0,0
CUST02081,0.9588211447156167,1,1
CUST02082,0.01,0,0
CUST02083,0.002602472062693032,0,0
CUST02084,0.001465974687174689,0,0
CUST02085,0.0015086712739600995,0,0
CUST02086,0.040228677019344065,0,0
CUST02087,0.952828421720729,1,1
CUST02088,0.0555102602780817,0,0
CUST02089,0.0023071155671476307,0,0
CUST02090,0.07602823929222648,0,0
CUST02091,0.01663558690135095,0,0
CUST02092,0.0023071155671476307,0,0
CUST02093,0.0020927776544703656,0,0
CUST02094,0.03268938682166201,0,0
CUST02095,0.9053939304516154,1,1
CUST02096,0.016915303082572778,0,0
CUST02097,0.9898578711222321,1,1
CUST02098,0.01981118872841586,0,0
CUST02099,0.012601147645801232,0,0
CUST02100,0.00029535649554540114,0,0
CUST02101,0.004263635020338402,0,0
CUST02102,0.0,0,0
CUST02103,0.9657995341828074,1,1
CUST02104,0.031751968409419136,0,0
CUST02105,0.03637825353301857,0,0
CUST02106,0.025355457530611948,0,0
CUST02107,0.007545381908751,0,0
CUST02108,0.02476685697358001,0,0
CUST02109,0.021170618191629288,0,0
CUST02110,0.03778840872730999,0,0
CUST02111,0.021018294523141648,0,0
CUST02112,0.935266754714804,1,1
CUST02113,0.017234076411030776,0,0
CUST02114,0.9883799641964799,1,1
CUST02115,0.0023717916448197213,0,0
CUST02116,0.008681879284269342,0,0
CUST02117,0.06683437318064221,0,0
CUST02118,0.0631491584128605,0,0
CUST02119,0.017891469909087455,0,0
CUST02120,0.09031718184580706,0,0
CUST02121,0.04405675279620256,0,0
CUST02122,0.0801150357689981,0,0
CUST02123,0.015681345198366056,0,0
CUST02124,0.00029535649554540114,0,0
CUST02125,0.009397577238524158,0,0
CUST02126,0.00029535649554540114,0,0
CUST02127,0.012774662615667193,0,0
CUST02128,0.030783973894979062,0,0
CUST02129,0.00029535649554540114,0,0
CUST02130,0.0179136537444365,0,0
CUST02131,0.008968338919706149,0,0
CUST02132,0.06319637401159095,0,0
CUST02133,0.07185533591521619,0,0
CUST02134,0.008176844254586804,0,0
CUST02135,0.01961857760940477,0,0
CUST02136,0.0155794275072244,0,0
CUST02137,0.0023071155671476307,0,0
CUST02138,0.9772579297275077,1,1
CUST02139,0.01598628157346337,0,0
CUST02140,0.001465974687174689,0,0
CUST02141,0.046650925411757395,0,0
CUST02142,0.07402267046216002,0,0
CUST02143,0.002415130077644728,0,0
CUST02144,0.023923347246951523,0,0
CUST02145,0.00029535649554540114,0,0
CUST02146,0.9431289705301772,1,1
CUST02147,0.06137562850628847,0,0
CUST02148,0.010722402629596832,0,0
CUST02149,0.013672859909933131,0,0
CUST02150,0.016002816200315576,0,0
CUST02151,0.013088384683625165,0,0
CUST02152,0.06402556079136225,0,0
CUST02153,0.01314547170532512,0,0
CUST02154,0.0023071155671476307,0,0
CUST02155,0.002602472062693032,0,0
CUST02156,0.03196727894874105,0,0
CUST02157,0.05442977932348429,0,0
CUST02158,0.020278315689309954,0,0
CUST02159,0.00029535649554540114,0,0
CUST02160,0.00029535649554540114,0,0
CUST02161,0.0020927776544703656,0,0
CUST02162,0.00843319390404492,0,0
CUST02163,0.029637409946546275,0,0
CUST02164,0.0,0,0
CUST02165,0.012381290566574592,0,0
CUST02166,0.849921755649612,1,1
CUST02167,0.0663190956525249,0,0
CUST02168,0.0008451307887266794,0,0
CUST02169,0.04915172596541182,0,0
CUST02170,0.027667851523439507,0,0
CUST02171,0.012603692888673546,0,0
CUST02172,0.025212299758837,0,0
CUST02173,0.9818241629105574,1,1
CUST02174,0.0023071155671476307,0,0
CUST02175,0.1070035862101063,0,0
CUST02176,0.002602472062693032,0,0
CUST02177,0.9225122676827905,1,1
CUST02178,0.9384630991001929,1,1
CUST02179,0.031605651051528176,0,0
CUST02180,0.008813725455234839,0,0
CUST02181,0.9501644481476564,1,1
CUST02182,0.04135938125415652,0,0
CUST02183,0.036956883844583704,0,0
CUST02184,0.08189022008734723,0,0
CUST02185,0.004111143336653131,0,0
CUST02186,0.08943035947103375,0,0
CUST02187,0.0023717916448197213,0,0
CUST02188,0.02754214821804689,0,0
CUST02189,0.9685681536157513,1,1
CUST02190,0.09457123958472068,0,0
CUST02191,0.034084727891447605,0,0
CUST02192,0.0208201311667936,0,0
CUST02193,0.002602472062693032,0,0
CUST02194,0.005894712466372436,0,0
CUST02195,0.00029535649554540114,0,0
CUST02196,0.9907558740895576,1,1
CUST02197,0.015802837033370577,0,0
CUST02198,0.000906458803684629,0,0
CUST02199,0.012007083238637084,0,0
CUST02200,0.006422502918645105,0,0
CUST02201,0.03560897271655571,0,0
CUST02202,0.027257788872573643,0,0
CUST02203,0.0023071155671476307,0,0
CUST02204,0.001465974687174689,0,0
CUST02205,0.9650445058342554,1,1
CUST02206,0.0017495841524270376,0,0
CUST02207,0.014318945981332886,0,0
CUST02208,0.9335621076703227,1,1
CUST02209,0.0357206367511498,0,0
CUST02210,0.027869537730250422,0,0
CUST02211,0.0017811874583055368,0,0
CUST02212,0.05625808280996876,0,0
CUST02213,0.005679921453117329,0,0
CUST02214,0.05145455771231741,0,0
CUST02215,0.008223405818004964,0,0
CUST02216,0.03574134891612718,0,0
CUST02217,0.0,0,0
CUST02218,0.08365802728271378,0,0
CUST02219,0.03248389710734581,0,0
CUST02220,0.006165128410289519,0,0
CUST02221,0.010475936669315926,0,0
CUST02222,0.046069264501056945,0,0
CUST02223,0.014647280571042804,0,0
CUST02224,0.02941251456996593,0,0
CUST02225,0.013281926877885476,0,0
CUST02226,0.008005426503404307,0,0
CUST02227,0.9220292070931673,1,1
CUST02228,0.8869157078815839,1,1
CUST02229,0.027632343006877433,0,0
CUST02230,0.013366051115437294,0,0
CUST02231,0.000906458803684629,0,0
CUST02232,0.0023071155671476307,0,0
CUST02233,0.9684663887920122,1,1
CUST02234,0.0,0,0
CUST02235,0.02728177932708707,0,0
CUST02236,0.006067397797487404,0,0
CUST02237,0.0015086712739600995,0,0
CUST02238,0.04584549767624859,0,0
CUST02239,0.11059665588857515,0,0
CUST02240,0.009750985141581832,0,0
CUST02241,0.04382492836864266,0,0
CUST02242,0.0026052121159938256,0,0
CUST02243,0.02254098640763206,0,0
CUST02244,0.023044049229750996,0,0
CUST02245,0.014380733561045321,0,0
CUST02246,0.9469910627248871,1,1
CUST02247,0.02230711556714763,0,0
CUST02248,0.04196187974769993,0,0
CUST02249,0.02298844163725287,0,0
CUST02250,0.0050282485875706205,0,0
CUST02251,0.0997331167708485,0,0
CUST02252,0.009842791100169017,0,0
CUST02253,0.017100847460594034,0,0
CUST02254,0.0,0,0
CUST02255,0.00029535649554540114,0,0
CUST02256,0.0,0,0
CUST02257,0.03311328636649438,0,0
CUST02258,0.9553858787357987,1,1
CUST02259,0.09468954371913,0,0
CUST02260,0.03804725277282162,0,0
CUST02261,0.09408664119320649,0,0
CUST02262,0.007156063158376488,0,0
CUST02263,0.0,0,0
CUST02264,0.0029823609114959706,0,0
CUST02265,0.0208332930093565,0,0
CUST02266,0.10652713428303953,0,0
CUST02267,0.017355165581873395,0,0
CUST02268,0.000906458803684629,0,0
CUST02269,0.02494577747000333,0,0
CUST02270,0.011443003895580854,0,0
CUST02271,0.008474984030737941,0,0
CUST02272,0.007421498254586465,0,0
CUST02273,0.9466459715671912,1,1
CUST02274,0.014564951293093297,0,0
CUST02275,0.0050282485875706205,0,0
CUST02276,0.022404474240519542,0,0
CUST02277,0.0026361357940305314,0,0
CUST02278,0.00029535649554540114,0,0
CUST02279,0.019740316010208297,0,0
CUST02280,0.017892197104864737,0,0
CUST02281,0.0,0,0
CUST02282,0.9134588388638362,1,1
CUST02283,0.024468071309665093,0,0
CUST02284,0.001465974687174689,0,0
CUST02285,0.00029535649554540114,0,0
CUST02286,0.9783212755946897,1,1
CUST02287,0.9351530192897772,1,1
CUST02288,0.9816665280631662,1,1
CUST02289,0.01822235407065154,0,0
CUST02290,0.05290134736091019,0,0
CUST02291,0.0,0,0
CUST02292,0.009976434188517996,0,0
CUST02293,0.016820506969403085,0,0
CUST02294,0.021231548618940686,0,0
CUST02295,0.05831895454346128,0,0
CUST02296,0.00449103218545607,0,0
CUST02297,0.10232457547208053,0,0
CUST02298,0.0405929828447759,0,0
CUST02299,0.007939935279234244,0,0
CUST02300,0.03529826918251803,0,0
CUST02301,0.0029186216638918327,0,0
CUST02302,0.0015086712739600995,0,0
CUST02303,0.896356433249291,1,1
CUST02304,0.015614315388325315,0,0
CUST02305,0.005384482841972893,0,0
CUST02306,0.015031709692201894,0,0
CUST02307,0.0017811874583055368,0,0
CUST02308,0.024784256801380616,0,0
CUST02309,0.0023717916448197213,0,0
CUST02310,0.0017974211589249648,0,0
CUST02311,0.0015086712739600995,0,0
CUST02312,0.00029535649554540114,0,0
CUST02313,0.01,0,0
CUST02314,0.013768684123781818,0,0
CUST02315,0.0018040277695055005,0,0
CUST02316,0.014291023009424223,0,0
CUST02317,0.008893226136251813,0,0
CUST02318,0.016027253244802624,0,0
CUST02319,0.00272321245863963,0,0
CUST02320,0.9548634941304076,1,1
CUST02321,0.013599767505723625,0,0
CUST02322,0.00029535649554540114,0,0
CUST02323,0.05028178088416575,0,0
CUST02324,0.017913176229471604,0,0
CUST02325,0.025285626157125082,0,0
CUST02326,0.004239598682960911,0,0
CUST02327,0.03314435070092378,0,0
CUST02328,0.0041249906581714985,0,0
CUST02329,0.031011617059336603,0,0
CUST02330,0.923982631500597,1,1
CUST02331,0.02455298936369071,0,0
CUST02332,0.959094415035547,1,1
CUST02333,0.975419431137997,1,1
CUST02334,0.003865910721957432,0,0
CUST02335,0.79,1,1
CUST02336,0.017745123819125685,0,0
CUST02337,0.0115633152382811,0,0
CUST02338,0.002602472062693032,0,0
CUST02339,0.9552325825447398,1,1
CUST02340,0.09557692843692628,0,0
CUST02341,0.027431768718767385,0,0
CUST02342,0.052018834075650125,0,0
CUST02343,0.01075086494796173,0,0
CUST02344,0.07858023206981822,0,0
CUST02345,0.9639046162618783,1,1
CUST02346,0.019755953718118634,0,0
CUST02347,0.01062750890709946,0,0
CUST02348,0.006777832739997658,0,0
CUST02349,0.07039330681239249,0,0
CUST02350,0.03723184642327714,0,0
CUST02351,0.12073513423644044,0,0
CUST02352,0.9424305794894176,1,1
CUST02353,0.017482560646212213,0,0
CUST02354,0.9606448285480603,1,1
CUST02355,0.0018122757613296613,0,0
CUST02356,0.0075495694173913054,0,0
CUST02357,0.0018040277695055005,0,0
CUST02358,0.020813095062042875,0,0
CUST02359,0.0029314922895759326,0,0
CUST02360,0.08450789145645488,0,0
CUST02361,0.9135191816273673,1,1
CUST02362,0.0029314922895759326,0,0
CUST02363,0.0,0,0
CUST02364,0.9519486902593242,1,1
CUST02365,0.9950353093926853,1,1
CUST02366,0.022533245747136565,0,0
CUST02367,0.02548239145092698,0,0
CUST02368,0.08035362548843329,0,0
CUST02369,0.01671480931392262,0,0
CUST02370,0.03321023245174717,0,0
CUST02371,0.003252676856376453,0,0
CUST02372,0.9341451108884811,1,1
CUST02373,0.030727146394037175,0,0
CUST02374,0.052018834075650125,0,0
CUST02375,0.002602472062693032,0,0
CUST02376,0.01717595613257998,0,0
CUST02377,0.022714765349390334,0,0
CUST02378,0.02753560511503486,0,0
CUST02379,0.06480539060277675,0,0
CUST02380,0.015180255994062246,0,0
CUST02381,0.02182916419233218,0,0
CUST02382,0.015598412810456382,0,0
CUST02383,0.002602472062693032,0,0
CUST02384,0.0023071155671476307,0,0
CUST02385,0.03101435778255677,0,0
CUST02386,0.011095647689452441,0,0
CUST02387,0.07218669086841009,0,0
CUST02388,0.02022709169206183,0,0
CUST02389,0.9671800036616283,1,1
CUST02390,0.017304709967159767,0,0
CUST02391,0.01662423109556694,0,0
CUST02392,0.0,0,0
CUST02393,0.0,0,0
CUST02394,0.02256511766096386,0,0
CUST02395,0.9202946724554592,1,1
CUST02396,0.04631489279644971,0,0
CUST02397,0.022535965354779742,0,0
CUST02398,0.044710383224055246,0,0
CUST02399,0.9318357957345728,1,1
CUST02400,0.02160226107753365,0,0
CUST02401,0.020496749610197082,0,0
CUST02402,0.0026361357940305314,0,0
CUST02403,0.0,0,0
CUST02404,0.045337161422562514,0,0
CUST02405,0.0,0,0
CUST02406,0.8549777667894729,1,1
CUST02407,0.015183025996879039,0,0
CUST02408,0.014976415479954808,0,0
CUST02409,0.0,0,0
CUST02410,0.03421325932324602,0,0
CUST02411,0.8644517772958689,1,1
CUST02412,0.001465974687174689,0,0
CUST02413,0.028956467240299422,0,0
CUST02414,0.0932670781654921,0,0
CUST02415,0.002602472062693032,0,0
CUST02416,0.0235808173350554,0,0
CUST02417,0.01884373125995368,0,0
CUST02418,0.010638398737460112,0,0
CUST02419,0.9784426320263339,1,1
CUST02420,0.02867443463834257,0,0
CUST02421,0.05783317574526156,0,0
CUST02422,0.0044712159309021745,0,0
CUST02423,0.009750985141581832,0,0
CUST02424,0.04455939255207042,0,0
CUST02425,0.07051983776851987,0,0
CUST02426,0.02783235691847952,0,0
CUST02427,0.03284810587542735,0,0
CUST02428,0.012415130077644729,0,0
CUST02429,0.03657611714912368,0,0
CUST02430,0.007540190559415158,0,0
CUST02431,0.9405136044379196,1,1
CUST02432,0.015039125624406314,0,0
CUST02433,0.002602472062693032,0,0
CUST02434,0.08973644043886259,0,0
CUST02435,0.010638398737460112,0,0
CUST02436,0.024089082950262953,0,0
CUST02437,0.0029314922895759326,0,0
CUST02438,0.9713061911997216,1,1
CUST02439,0.9430648296602075,1,1
CUST02440,0.0031271376448200588,0,0
CUST02441,0.04214536292572604,0,0
CUST02442,0.005019700347598958,0,0
CUST02443,0.001170618191629288,0,0
CUST02444,0.9551153402177406,1,1
CUST02445,0.0023071155671476307,0,0
CUST02446,0.054717455443092866,0,0
CUST02447,0.09909736045072924,0,0
CUST02448,0.06790285366519014,0,0
CUST02449,0.001465974687174689,0,0
CUST02450,0.0272201817853218,0,0
CUST02451,0.002602472062693032,0,0
CUST02452,0.009266677422596672,0,0
CUST02453,0.03933356204830823,0,0
CUST02454,0.02,0,0
CUST02455,0.9405888424951029,1,1
CUST02456,0.03409961612022798,0,0
CUST02457,0.0,0,0
CUST02458,0.8938659107219574,1,1
CUST02459,0.022517039080808692,0,0
CUST02460,0.974185122599905,1,1
CUST02461,0.03180065881696916,0,0
CUST02462,0.016320227662574974,0,0
CUST02463,0.03069876577933882,0,0
CUST02464,0.03401646945258125,0,0
CUST02465,0.10057865385431056,0,0
CUST02466,0.9549922869957471,1,1
CUST02467,0.013552119513986534,0,0
CUST02468,0.021114027266685126,0,0
CUST02469,0.04651567456080654,0,0
CUST02470,0.0038346651526270773,0,0
CUST02471,0.021496483590370218,0,0
CUST02472,0.0029781209781209778,0,0
CUST02473,0.03278583073496307,0,0
CUST02474,0.0023071155671476307,0,0
CUST02475,0.07710048824525277,0,0
CUST02476,0.0046654810019336555,0,0
CUST02477,0.01342692595906137,0,0
CUST02478,0.007969417275106763,0,0
CUST02479,0.023272035340568934,0,0
CUST02480,0.008501732281371972,0,0
CUST02481,0.04290873234629842,0,0
CUST02482,0.0018040277695055005,0,0
CUST02483,0.04173325476485002,0,0
CUST02484,0.028927040519320383,0,0
CUST02485,0.0018040277695055005,0,0
CUST02486,0.05414194027444965,0,0
CUST02487,0.01,0,0
CUST02488,0.04382050809977455,0,0
CUST02489,0.006067397797487404,0,0
CUST02490,0.9573134416850694,1,1
CUST02491,0.9752255833333429,1,1
CUST02492,0.04178710026966043,0,0
CUST02493,0.014976039379973325,0,0
CUST02494,0.029041899667995058,0,0
CUST02495,0.04853507095587444,0,0
CUST02496,0.02532729267644833,0,0
CUST02497,0.005792695276167439,0,0
CUST02498,0.011541123149907524,0,0
CUST02499,0.018841654495176875,0,0
CUST02500,0.0020927776544703656,0,0
CUST02501,0.0020927776544703656,0,0
CUST02502,0.05970575083806095,0,0
CUST02503,0.03705375462908724,0,0
CUST02504,0.0018040277695055005,0,0
CUST02505,0.006163377977291788,0,0
CUST02506,0.001465974687174689,0,0
CUST02507,0.06120297750038544,0,0
CUST02508,0.0023071155671476307,0,0
CUST02509,0.018021680159857854,0,0
CUST02510,0.02140268060616192,0,0
CUST02511,0.015297640548819496,0,0
CUST02512,0.012307115567147631,0,0
CUST02513,0.006762376100993339,0,0
CUST02514,0.01381578684110773,0,0
CUST02515,0.05825035994698314,0,0
CUST02516,0.04607693002974884,0,0
CUST02517,0.029345759943448443,0,0
CUST02518,0.0012011734531904336,0,0
CUST02519,0.01929317269076305,0,0
CUST02520,0.0063627542930328055,0,0
CUST02521,0.10118382947107021,0,0
CUST02522,0.012861453232428155,0,0
CUST02523,0.024478994461282905,0,0
CUST02524,0.007238015989116692,0,0
CUST02525,0.0023071155671476307,0,0
CUST02526,0.021524951838460985,0,0
CUST02527,0.06665681242911639,0,0
CUST02528,0.9659666517694814,1,1
CUST02529,0.0029746459611347887,0,0
CUST02530,0.017450581232658094,0,0
CUST02531,0.017762203171586517,0,0
CUST02532,0.0208201311667936,0,0
CUST02533,0.026147229678644236,0,0
CUST02534,0.013709612876477744,0,0
CUST02535,0.04024292337845923,0,0
CUST02536,0.028891312469218344,0,0
CUST02537,0.02599447663278747,0,0
CUST02538,0.01889467337393621,0,0
CUST02539,0.11960285577118192,0,0
CUST02540,0.012300981827451318,0,0
CUST02541,0.9644855845950542,1,1
CUST02542,0.049240414338748754,0,0
CUST02543,0.039437362631131706,0,0
CUST02544,0.002602472062693032,0,0
CUST02545,0.01720693675553471,0,0
CUST02546,0.011856233027600327,0,0
CUST02547,0.0017811874583055368,0,0
CUST02548,0.08414692398002362,0,0
CUST02549,0.0033383980579438717,0,0
CUST02550,0.0,0,0
CUST02551,0.9697844219366292,1,1
CUST02552,0.00029535649554540114,0,0
CUST02553,0.036706758789064466,0,0
CUST02554,0.993555632186916,1,1
CUST02555,0.9622701356219983,1,1
CUST02556,0.0020765439538509376,0,0
CUST02557,0.012699756925807843,0,0
CUST02558,0.006714812755948581,0,0
CUST02559,0.9366323190748167,1,1
CUST02560,0.9295456997473258,1,1
CUST02561,0.006470800946657609,0,0
CUST02562,0.01224213225680677,0,0
CUST02563,0.00729585483888868,0,0
CUST02564,0.03018594260082708,0,0
CUST02565,0.025390293260879365,0,0
CUST02566,0.01465530638973544,0,0
CUST02567,0.9317618911493761,1,1
CUST02568,0.034834806646748595,0,0
CUST02569,0.005359981823069921,0,0
CUST02570,0.021753397721198144,0,0
CUST02571,0.0018040277695055005,0,0
CUST02572,0.006470800946657609,0,0
CUST02573,0.07323298671850426,0,0
CUST02574,0.060338860284993995,0,0
CUST02575,0.004111143336653131,0,0
CUST02576,0.016006081030684915,0,0
CUST02577,0.024409281919819382,0,0
CUST02578,0.0018040277695055005,0,0
CUST02579,0.03107469200681237,0,0
CUST02580,0.969014687363683,1,1
CUST02581,0.00029535649554540114,0,0
CUST02582,0.056695432261116924,0,0
CUST02583,0.03797647725421146,0,0
CUST02584,0.023773247030892966,0,0
CUST02585,0.016474308850730337,0,0
CUST02586,0.9658155614580669,1,1
CUST02587,0.9879047568395128,1,1
CUST02588,0.007840738404296402,0,0
CUST02589,0.01798925274271415,0,0
CUST02590,0.026730670061565997,0,0
CUST02591,0.9212645848737061,1,1
CUST02592,0.01656940731569374,0,0
CUST02593,0.005606636798246452,0,0
CUST02594,0.017884219708666035,0,0
CUST02595,0.010616972945272639,0,0
CUST02596,0.0017495841524270376,0,0
CUST02597,0.017180923469716794,0,0
CUST02598,0.030869160612256294,0,0
CUST02599,0.966849222729873,1,1
CUST02600,0.001956519453190771,0,0
CUST02601,0.02288779015177627,0,0
CUST02602,0.0491455989116802,0,0
CUST02603,0.11878927038419032,0,0
CUST02604,0.001956519453190771,0,0
CUST02605,0.08439042442650005,0,0
CUST02606,0.0,0,0
CUST02607,0.00029535649554540114,0,0
CUST02608,0.03941071598787702,0,0
CUST02609,0.012355400173563012,0,0
CUST02610,0.014300901234018082,0,0
CUST02611,0.04335648170847448,0,0
CUST02612,0.0362313446910604,0,0
CUST02613,0.0,0,0
CUST02614,0.03600068893029379,0,0
CUST02615,0.040354020405599114,0,0
CUST02616,0.10696527687177401,0,0
CUST02617,0.004091727044856842,0,0
CUST02618,0.00920654486639637,0,0
CUST02619,0.041276345260892515,0,0
CUST02620,0.016790525574001895,0,0
CUST02621,0.0016611629576453698,0,0
CUST02622,0.022161608101617058,0,0
CUST02623,0.9928244825054117,1,1
CUST02624,0.007942792708649019,0,0
CUST02625,0.057042796397210445,0,0
CUST02626,0.002602472062693032,0,0
CUST02627,0.022987941375215176,0,0
CUST02628,0.004998947262977109,0,0
CUST02629,0.022833753034382114,0,0
CUST02630,0.0015086712739600995,0,0
CUST02631,0.002602472062693032,0,0
CUST02632,0.004255240897388745,0,0
CUST02633,0.0,0,0
CUST02634,0.004370124506388254,0,0
CUST02635,0.0023071155671476307,0,0
CUST02636,0.00029535649554540114,0,0
CUST02637,0.036219649947334245,0,0
CUST02638,0.048129504197224254,0,0
CUST02639,0.09500661450030544,0,0
CUST02640,0.9841532178504017,1,1
CUST02641,0.008813725455234839,0,0
CUST02642,0.08976536408299149,0,0
CUST02643,0.006399876606151235,0,0
CUST02644,0.05610480016839826,0,0
CUST02645,0.028920465617103378,0,0
CUST02646,0.01906553721922075,0,0
CUST02647,0.0015525942670103418,0,0
CUST02648,0.001465974687174689,0,0
CUST02649,0.029635764103379446,0,0
CUST02650,0.016118154542201155,0,0
CUST02651,0.0,0,0
CUST02652,0.9510651500856296,1,1
CUST02653,0.9273303347446671,1,1
CUST02654,0.009594649777829123,0,0
CUST02655,0.0023717916448197213,0,0
CUST02656,0.0005497742931812782,0,0
CUST02657,0.020457313193079422,0,0
CUST02658,0.001465974687174689,0,0
CUST02659,0.0023071155671476307,0,0
CUST02660,0.006367638965327463,0,0
CUST02661,0.053825140532980945,0,0
CUST02662,0.019041487336695195,0,0
CUST02663,0.8863469992746695,1,1
CUST02664,0.039542009874048635,0,0
CUST02665,0.024889714653040525,0,0
CUST02666,0.0029823609114959706,0,0
CUST02667,0.9660709275428674,1,1
CUST02668,0.022225457213823612,0,0
CUST02669,0.041053109439805946,0,0
CUST02670,0.03668857983173275,0,0
CUST02671,0.00936033356739602,0,0
CUST02672,0.01123774424951947,0,0
CUST02673,0.0240298486506182,0,0
CUST02674,0.003611492924321555,0,0
CUST02675,0.043146808113498206,0,0
CUST02676,0.002602472062693032,0,0
CUST02677,0.9577322233888581,1,1
CUST02678,0.921737114121815,1,1
CUST02679,0.9631603839550877,1,1
CUST02680,0.015332155795320742,0,0
CUST02681,0.006701545766774384,0,0
CUST02682,0.008681879284269342,0,0
CUST02683,0.0,0,0
CUST02684,0.014254017753056111,0,0
CUST02685,0.015810683856701997,0,0
CUST02686,0.003859709834157973,0,0
CUST02687,0.0005497742931812782,0,0
CUST02688,0.002602472062693032,0,0
CUST02689,0.009397577238524158,0,0
CUST02690,0.05939419385245993,0,0
CUST02691,0.01992614158462774,0,0
CUST02692,0.0027098447271505332,0,0
CUST02693,0.00272321245863963,0,0
CUST02694,0.0065062185631166395,0,0
CUST02695,0.008813725455234839,0,0
CUST02696,0.9790376768842036,1,1
CUST02697,0.9787947056864773,1,1
CUST02698,0.0035480333519218544,0,0
CUST02699,0.016609678900531027,0,0
CUST02700,0.9465201403790562,1,1
CUST02701,0.03290873234629842,0,0
CUST02702,0.021810848083920528,0,0
CUST02703,0.9641033243077335,1,1
CUST02704,0.038152351254227064,0,0
CUST02705,0.04098817224910075,0,0
CUST02706,0.002602472062693032,0,0
CUST02707,0.027582595408885968,0,0
CUST02708,0.025763317852674987,0,0
CUST02709,0.015777525099965287,0,0
CUST02710,0.9372486243723881,1,1
CUST02711,0.044143686249475025,0,0
CUST02712,0.004635808918780158,0,0
CUST02713,0.05447481765988468,0,0
CUST02714,0.07993560628234593,0,0
CUST02715,0.06239229613675633,0,0
CUST02716,0.030060505203764312,0,0
CUST02717,0.005792945522004087,0,0
CUST02718,0.027767983064230877,0,0
CUST02719,0.0,0,0
CUST02720,0.9594486055250054,1,1
CUST02721,0.08101573485469712,0,0
CUST02722,0.00272321245863963,0,0
CUST02723,0.0702672684683528,0,0
CUST02724,0.016436493848040978,0,0
CUST02725,0.04645244231476018,0,0
CUST02726,0.0018040277695055005,0,0
CUST02727,0.03653246562811006,0,0
CUST02728,0.014970197782468284,0,0
CUST02729,0.006039458757061637,0,0
CUST02730,0.0018040277695055005,0,0
CUST02731,0.0038664247863655905,0,0
CUST02732,0.04066711529273001,0,0
CUST02733,0.0012011734531904336,0,0
CUST02734,0.016006081030684915,0,0
CUST02735,0.001465974687174689,0,0
CUST02736,0.9784739632424294,1,1
CUST02737,0.017180923469716794,0,0
CUST02738,0.01069119061986285,0,0
CUST02739,0.9170077238424104,1,1
CUST02740,0.018023791123048895,0,0
CUST02741,0.9398960475399611,1,1
CUST02742,0.007421498254586465,0,0
CUST02743,0.06821381152508468,0,0
CUST02744,0.021279915091588796,0,0
CUST02745,0.00029535649554540114,0,0
CUST02746,0.03373053455300498,0,0
CUST02747,0.07580948277027956,0,0
CUST02748,0.0018040277695055005,0,0
CUST02749,0.004370124506388254,0,0
CUST02750,0.005361832661279919,0,0
CUST02751,0.01727052315366517,0,0
CUST02752,0.006866468842729971,0,0
CUST02753,0.004111143336653131,0,0
CUST02754,0.0332919885056369,0,0
CUST02755,0.0023071155671476307,0,0
CUST02756,0.010585081610159364,0,0
CUST02757,0.026929645465138412,0,0
CUST02758,0.9050583487491367,1,1
CUST02759,0.019338380734597947,0,0
CUST02760,0.015239571763357263,0,0
CUST02761,0.018691545784721927,0,0
CUST02762,0.03936336305672376,0,0
CUST02763,0.0,0,0
CUST02764,0.06112549064598858,0,0
CUST02765,0.0029823609114959706,0,0
CUST02766,0.9781174872353379,1,1
CUST02767,0.0428248327297404,0,0
CUST02768,0.9552581544412753,1,1
CUST02769,0.05023677473157052,0,0
CUST02770,0.09034432818290282,0,0
CUST02771,0.028469924129211815,0,0
CUST02772,0.9110248786833725,1,1
CUST02773,0.0015086712739600995,0,0
CUST02774,0.001170618191629288,0,0
CUST02775,0.0026361357940305314,0,0
CUST02776,0.04334488810111437,0,0
CUST02777,0.0,0,0
CUST02778,0.988511903295592,1,1
CUST02779,0.9831375901856808,1,1
CUST02780,0.000906458803684629,0,0
CUST02781,0.01729892382966495,0,0
CUST02782,0.0012011734531904336,0,0
CUST02783,0.04372105066936233,0,0
CUST02784,0.028022857054048722,0,0
CUST02785,0.9377023976598703,1,1
CUST02786,0.001465974687174689,0,0
CUST02787,0.01074979395886397,0,0
CUST02788,0.01810788205632266,0,0
CUST02789,0.005260311437613775,0,0
CUST02790,0.006067397797487404,0,0
CUST02791,0.014260376097508796,0,0
CUST02792,0.012602472062693031,0,0
CUST02793,0.04347300501880811,0,0
CUST02794,0.012137214092895792,0,0
CUST02795,0.017676888066897604,0,0
CUST02796,0.9258180693179716,1,1
CUST02797,0.10512309825926555,0,0
CUST02798,0.015681345198366056,0,0
CUST02799,0.025301508235086798,0,0
CUST02800,0.006712401693754604,0,0
CUST02801,0.031150249477189827,0,0
CUST02802,0.00354259459771516,0,0
CUST02803,0.06873794158971881,0,0
CUST02804,0.049326983526621355,0,0
CUST02805,0.021225120873830376,0,0
CUST02806,0.0018040277695055005,0,0
CUST02807,0.0787424930472824,0,0
CUST02808,0.04792555973728489,0,0
CUST02809,0.001170618191629288,0,0
CUST02810,0.010890255155400987,0,0
CUST02811,0.0235808173350554,0,0
CUST02812,0.01299898457310913,0,0
CUST02813,0.07096280481717815,0,0
CUST02814,0.8939232239661996,1,1
CUST02815,0.003859709834157973,0,0
CUST02816,0.015666047588683337,0,0
CUST02817,0.02975273953357685,0,0
CUST02818,0.000906458803684629,0,0
CUST02819,0.03469530258820127,0,0
CUST02820,0.08650513798050065,0,0
CUST02821,0.013197674753649238,0,0
CUST02822,0.01848529165093311,0,0
CUST02823,0.06492258381516597,0,0
CUST02824,0.005345063105312146,0,0
CUST02825,0.012761824707914166,0,0
CUST02826,0.0049653049741809445,0,0
CUST02827,0.0,0,0
CUST02828,0.009389836667764233,0,0
CUST02829,0.02636406983092985,0,0
CUST02830,0.01621986529330163,0,0
CUST02831,0.9445867717427174,1,1
CUST02832,0.001465974687174689,0,0
CUST02833,0.959046510424246,1,1
CUST02834,0.014792346712662462,0,0
CUST02835,0.00029535649554540114,0,0
CUST02836,0.9760878707301849,1,1
CUST02837,0.002602472062693032,0,0
CUST02838,0.004573903625267266,0,0
CUST02839,0.02178700493784428,0,0
CUST02840,0.0,0,0
CUST02841,0.01686646884272997,0,0
CUST02842,0.030204094085351046,0,0
CUST02843,0.00029535649554540114,0,0
CUST02844,0.033124335970844465,0,0
CUST02845,0.03407855122456994,0,0
CUST02846,0.07070374604899075,0,0
CUST02847,0.021141343022695432,0,0
CUST02848,0.004448411555360193,0,0
CUST02849,0.9488889588014215,1,1
CUST02850,0.002602472062693032,0,0
CUST02851,0.08094196710030921,0,0
CUST02852,0.0029314922895759326,0,0
CUST02853,0.007533372484662093,0,0
CUST02854,0.0356981904743094,0,0
CUST02855,0.01,0,0
CUST02856,0.014827240261671424,0,0
CUST02857,0.009397577238524158,0,0
CUST02858,0.04281256578031759,0,0
CUST02859,0.0018040277695055005,0,0
CUST02860,0.03560889578340843,0,0
CUST02861,0.047120612264678244,0,0
CUST02862,0.9752712548230746,1,1
CUST02863,0.0288395423243269,0,0
CUST02864,0.9474720324198675,1,1
CUST02865,0.07447090292891213,0,0
CUST02866,0.03840109877609857,0,0
CUST02867,0.0015525942670103418,0,0
CUST02868,0.0023717916448197213,0,0
CUST02869,0.002602472062693032,0,0
CUST02870,0.05079024371493697,0,0
CUST02871,0.021905934892768025,0,0
CUST02872,0.0567704112515908,0,0
CUST02873,0.03519303793642648,0,0
CUST02874,0.04678286176592815,0,0
CUST02875,0.8897849458566146,1,1
CUST02876,0.0,0,0
CUST02877,0.0023071155671476307,0,0
CUST02878,0.021024708309187082,0,0
CUST02879,0.001465974687174689,0,0
CUST02880,0.060841377546034796,0,0
CUST02881,0.02613261503630517,0,0
CUST02882,0.9859695261285718,1,1
CUST02883,0.028904847588578066,0,0
CUST02884,0.07964486017352163,0,0
CUST02885,0.9617557127076082,1,1
CUST02886,0.006778331498049806,0,0
CUST02887,0.009293172690763052,0,0
CUST02888,0.11418989326151063,0,0
CUST02889,0.0,0,0
CUST02890,0.09027372588922383,0,0
CUST02891,0.05041096710200398,0,0
CUST02892,0.046134550268369344,0,0
CUST02893,0.0029781209781209778,0,0
CUST02894,0.008917902757823684,0,0
CUST02895,0.0029781209781209778,0,0
CUST02896,0.010495503687345926,0,0
CUST02897,0.017208274045809865,0,0
CUST02898,0.004656457136329419,0,0
CUST02899,0.01966410182740808,0,0
CUST02900,0.006668216207931649,0,0
CUST02901,0.002602472062693032,0,0
CUST02902,0.028959704313590254,0,0
CUST02903,0.0034651907271508703,0,0
CUST02904,0.026127000160426128,0,0
CUST02905,0.9675570926004426,1,1
CUST02906,0.003403285433637978,0,0
CUST02907,0.015625911718623372,0,0
CUST02908,0.019152656101757436,0,0
CUST02909,0.07600493724429984,0,0
CUST02910,0.02407022242232829,0,0
CUST02911,0.027613855480214743,0,0
CUST02912,0.0693689003920181,0,0
CUST02913,0.002602472062693032,0,0
CUST02914,0.01772375549023634,0,0
CUST02915,0.9468466209509266,1,1
CUST02916,0.9577896845207858,1,1
CUST02917,0.010787428661584917,0,0
CUST02918,0.0063627542930328055,0,0
CUST02919,0.043035505308885585,0,0
CUST02920,0.00029535649554540114,0,0
CUST02921,0.9622235171773467,1,1
CUST02922,0.9663553141285861,1,1
CUST02923,0.002602472062693032,0,0
CUST02924,0.036851910646618725,0,0
CUST02925,0.010942072450476705,0,0
CUST02926,0.0023717916448197213,0,0
CUST02927,0.003859709834157973,0,0
CUST02928,0.008681879284269342,0,0
CUST02929,0.030787905242365445,0,0
CUST02930,0.008681879284269342,0,0
CUST02931,0.004790940777506199,0,0
CUST02932,0.01668941154521599,0,0
CUST02933,0.002602472062693032,0,0
CUST02934,0.01311074617356335,0,0
CUST02935,0.03380976373962961,0,0
CUST02936,0.983787706446457,1,1
CUST02937,0.030637718988965695,0,0
CUST02938,0.017995751272279873,0,0
CUST02939,0.07476851478151249,0,0
CUST02940,0.005792945522004087,0,0
CUST02941,0.006717859414190507,0,0
CUST02942,0.012391632229299652,0,0
CUST02943,0.0034651907271508703,0,0
CUST02944,0.03767841734553615,0,0
CUST02945,0.002602472062693032,0,0
CUST02946,0.001465974687174689,0,0
CUST02947,0.9430106663182979,1,1
CUST02948,0.9351817351556427,1,1
CUST02949,0.021905934892768025,0,0
CUST02950,0.02232177673413544,0,0
CUST02951,0.038910743626033556,0,0
CUST02952,0.001465974687174689,0,0
CUST02953,0.014328888632221246,0,0
CUST02954,0.02942464044765918,0,0
CUST02955,0.013060952365804629,0,0
CUST02956,0.014753786088957587,0,0
CUST02957,0.004111143336653131,0,0
CUST02958,0.00272321245863963,0,0
CUST02959,0.07014115961777286,0,0
CUST02960,0.01809887765795408,0,0
CUST02961,0.008681879284269342,0,0
CUST02962,0.012835767288478213,0,0
CUST02963,0.006422502918645105,0,0
CUST02964,0.008965581540378877,0,0
CUST02965,0.040196526096071265,0,0
CUST02966,0.05233477940204685,0,0
CUST02967,0.013911879056221443,0,0
CUST02968,0.019993678974181323,0,0
CUST02969,0.019104877739094916,0,0
CUST02970,0.039887096541203024,0,0
CUST02971,0.011412460902799548,0,0
CUST02972,0.01711852567754133,0,0
CUST02973,0.012209362565027965,0,0
CUST02974,0.08440004479171279,0,0
CUST02975,0.9634687895006624,1,1
CUST02976,0.005206675674057192,0,0
CUST02977,0.9763463545388733,1,1
CUST02978,0.002602472062693032,0,0
CUST02979,0.01144958321591798,0,0
CUST02980,0.9412472024037755,1,1
CUST02981,0.024633361733724667,0,0
CUST02982,0.0236127797062384,0,0
CUST02983,0.011849414952847264,0,0
CUST02984,0.011943187546948003,0,0
CUST02985,0.027569133385058033,0,0
CUST02986,0.00029535649554540114,0,0
CUST02987,0.05283560825010507,0,0
CUST02988,0.025349253203890684,0,0
CUST02989,0.011465974687174689,0,0
CUST02990,0.004263635020338402,0,0
CUST02991,0.002602472062693032,0,0
CUST02992,0.028120546966973272,0,0
CUST02993,0.00029535649554540114,0,0
CUST02994,0.019736961318731105,0,0
CUST02995,0.01032754278020858,0,0
CUST02996,0.05506627472793131,0,0
CUST02997,0.025574111233411242,0,0
CUST02998,0.0442396668542445,0,0
CUST02999,0.01109534409587548,0,0
CUST03000,0.005719571301050929,0,0
CUST03001,0.04693668497859643,0,0
CUST03002,0.967135897963839,1,1
CUST03003,0.9895656902018014,1,1
CUST03004,0.009039933378337197,0,0
CUST03005,0.006470800946657609,0,0
CUST03006,0.01,0,0
CUST03007,0.0020765439538509376,0,0
CUST03008,0.9869220102327053,1,1
CUST03009,0.04842304449519741,0,0
CUST03010,0.005228197017623136,0,0
CUST03011,0.013711040647674326,0,0
CUST03012,0.9568802708001207,1,1
CUST03013,0.0029746459611347887,0,0
CUST03014,0.08523701400287663,0,0
CUST03015,0.007219072274745708,0,0
CUST03016,0.003289858732265636,0,0
CUST03017,0.042443335665594,0,0
CUST03018,0.008681879284269342,0,0
CUST03019,0.01,0,0
CUST03020,0.005827075327958707,0,0
CUST03021,0.01638415339885579,0,0
CUST03022,0.05350425318451093,0,0
CUST03023,0.0015086712739600995,0,0
CUST03024,0.001465974687174689,0,0
CUST03025,0.009408030586904294,0,0
CUST03026,0.023430632359830356,0,0
CUST03027,0.972778713323864,1,1
CUST03028,0.016704049444845784,0,0
CUST03029,0.007653180793723805,0,0
CUST03030,0.11159630448561404,0,0
CUST03031,0.03176135665020632,0,0
CUST03032,0.00029535649554540114,0,0
CUST03033,0.06884356631555381,0,0
CUST03034,0.03353457894078846,0,0
CUST03035,0.06107878442380664,0,0
CUST03036,0.0330708216913403,0,0
CUST03037,0.9365857118703289,1,1
CUST03038,0.06293715161666424,0,0
CUST03039,0.01327668540832905,0,0
CUST03040,0.005894712466372436,0,0
CUST03041,0.028700923567644178,0,0
CUST03042,0.010831838920937404,0,0
CUST03043,0.07114924992023036,0,0
CUST03044,0.012226513697858887,0,0
CUST03045,0.0018040277695055005,0,0
CUST03046,0.0020765439538509376,0,0
CUST03047,0.027786119363535807,0,0
CUST03048,0.021894341000833747,0,0
CUST03049,0.09081469948404151,0,0
CUST03050,0.03759925013646213,0,0
CUST03051,0.9033284822229368,1,1
CUST03052,0.03724652924329833,0,0
CUST03053,0.03988273079199074,0,0
CUST03054,0.03703351504419024,0,0
CUST03055,0.009750985141581832,0,0
CUST03056,0.9664421768615844,1,1
CUST03057,0.0020765439538509376,0,0
CUST03058,0.0035480333519218544,0,0
CUST03059,0.004522616190073524,0,0
CUST03060,0.007545381908751,0,0
CUST03061,0.003083980260307995,0,0
CUST03062,0.006517429635202654,0,0
CUST03063,0.007666459946267531,0,0
CUST03064,0.052298800609709345,0,0
CUST03065,0.00855663146513163,0,0
CUST03066,0.020559758065340605,0,0
CUST03067,0.9758341950256362,1,1
CUST03068,0.0798060528408817,0,0
CUST03069,0.9643918469924144,1,1
CUST03070,0.018209334348498963,0,0
CUST03071,0.03378855718655137,0,0
CUST03072,0.0383419305276784,0,0
CUST03073,0.03886676440014946,0,0
CUST03074,0.015089753206240146,0,0
CUST03075,0.04928875755393042,0,0
CUST03076,0.954405792812476,1,1
CUST03077,0.030977725346258204,0,0
CUST03078,0.03318454656791536,0,0
CUST03079,0.016422502918645106,0,0
CUST03080,0.030118517363335248,0,0
CUST03081,0.030597137223965468,0,0
CUST03082,0.005345063105312146,0,0
CUST03083,0.0029705010042159214,0,0
CUST03084,0.009550057076659773,0,0
CUST03085,0.9436318485054547,1,1
CUST03086,0.04585483917489109,0,0
CUST03087,0.018015672032049842,0,0
CUST03088,0.01592260280146569,0,0
CUST03089,0.0012011734531904336,0,0
CUST03090,0.03928374508977069,0,0
CUST03091,0.0020927776544703656,0,0
CUST03092,0.030479457887651388,0,0
CUST03093,0.09452197669124814,0,0
CUST03094,0.0018040277695054998,0,0
CUST03095,0.012725710023943394,0,0
CUST03096,0.04672113554919029,0,0
CUST03097,0.018083651915682206,0,0
CUST03098,0.006470800946657609,0,0
CUST03099,0.0343897033385793,0,0
CUST03100,0.03139942504920971,0,0
CUST03101,0.037756218477114314,0,0
CUST03102,0.0,0,0
CUST03103,0.940698071285834,1,1
CUST03104,0.009639285972425813,0,0
CUST03105,0.023925282638932427,0,0
CUST03106,0.048234556664602364,0,0
CUST03107,0.9670408236817133,1,1
CUST03108,0.001465974687174689,0,0
CUST03109,0.03502824858757062,0,0
CUST03110,0.014185442360401033,0,0
CUST03111,0.07982011609593631,0,0
CUST03112,0.008681879284269342,0,0
CUST03113,0.022546500511339954,0,0
CUST03114,0.010140603715874934,0,0
CUST03115,0.029637409946546275,0,0
CUST03116,0.0023071155671476307,0,0
CUST03117,0.001465974687174689,0,0
CUST03118,0.032843427448117454,0,0
CUST03119,0.0,0,0
CUST03120,0.02590983925271192,0,0
CUST03121,0.07341519375779564,0,0
CUST03122,0.004263635020338402,0,0
CUST03123,0.02460583489329899,0,0
CUST03124,0.019727922075158125,0,0
CUST03125,0.002602472062693032,0,0
CUST03126,0.02157651526291717,0,0
CUST03127,0.044509912948991995,0,0
CUST03128,0.030575554623079797,0,0
CUST03129,0.04308610142666674,0,0
CUST03130,0.09913086507178083,0,0
CUST03131,0.917793461420243,1,1
CUST03132,0.03831280935419719,0,0
CUST03133,0.9614040336339786,1,1
CUST03134,0.026018056120456715,0,0
CUST03135,0.06414303480887687,0,0
CUST03136,0.001465974687174689,0,0
CUST03137,0.014451506396524953,0,0
CUST03138,0.005772306294298502,0,0
CUST03139,0.03496667789785641,0,0
CUST03140,0.002788623764762593,0,0
CUST03141,0.002602472062693032,0,0
CUST03142,0.0018040277695055005,0,0
CUST03143,0.021643986062203604,0,0
CUST03144,0.007838463424017558,0,0
CUST03145,0.9277795997020692,1,1
CUST03146,0.07037068602208585,0,0
CUST03147,0.039287460256927,0,0
CUST03148,0.013955991130036188,0,0
CUST03149,0.03356129808175874,0,0
CUST03150,0.003859709834157973,0,0
CUST03151,0.05134142552949835,0,0
CUST03152,0.9932487439478931,1,1
CUST03153,0.0,0,0
CUST03154,0.026639908869998882,0,0
CUST03155,0.0017811874583055368,0,0
CUST03156,0.04804173579995145,0,0
CUST03157,0.9727851558662337,1,1
CUST03158,0.009501901361941772,0,0
CUST03159,0.023177476133017724,0,0
CUST03160,0.02371740628663259,0,0
CUST03161,0.001455591250826311,0,0
CUST03162,0.07549609446972086,0,0
CUST03163,0.02017238483639531,0,0
CUST03164,0.028909315327187393,0,0
CUST03165,0.009584054290286045,0,0
CUST03166,0.9886835941145133,1,1
CUST03167,0.00029535649554540114,0,0
CUST03168,0.04347016295668026,0,0
CUST03169,0.12125993108160024,0,0
CUST03170,0.02339586250191819,0,0
CUST03171,0.00947303316756694,0,0
CUST03172,0.05984451049506387,0,0
CUST03173,0.001465974687174689,0,0
CUST03174,0.048471536267869354,0,0
CUST03175,0.03,0,0
CUST03176,0.04550545035653549,0,0
CUST03177,0.9772675656246456,1,1
CUST03178,0.02084173583004688,0,0
CUST03179,0.04408843541834702,0,0
CUST03180,0.017575002501026272,0,0
CUST03181,0.004384596351066522,0,0
CUST03182,0.009097976175761342,0,0
CUST03183,0.9685400016046812,1,1
CUST03184,0.9290008741794574,1,1
CUST03185,0.012978120978120978,0,0
CUST03186,0.002602472062693032,0,0
CUST03187,0.0031203141732079388,0,0
CUST03188,0.00843319390404492,0,0
CUST03189,0.016923508579091324,0,0
CUST03190,0.024135193162505626,0,0
CUST03191,0.020530985685506396,0,0
CUST03192,0.038028143700167286,0,0
CUST03193,0.9636872660961461,1,1
CUST03194,0.013722316523247974,0,0
CUST03195,0.0009058169576450324,0,0
CUST03196,0.07947840280998526,0,0
CUST03197,0.020317061840588905,0,0
CUST03198,0.019890857901835642,0,0
CUST03199,0.0,0,0
CUST03200,0.007896447231644305,0,0
CUST03201,0.0023071155671476307,0,0
CUST03202,0.0012011734531904336,0,0
CUST03203,0.017460240563805084,0,0
CUST03204,0.03802240787921837,0,0
CUST03205,0.00029535649554540114,0,0
CUST03206,0.006482975002504404,0,0
CUST03207,0.03018755700537761,0,0
CUST03208,0.9885463699453664,1,1
CUST03209,0.06875516097178079,0,0
CUST03210,0.0050282485875706205,0,0
CUST03211,0.9197785364865915,1,1
CUST03212,0.030035742755798407,0,0
CUST03213,0.9790865948430344,1,1
CUST03214,0.00029535649554540114,0,0
CUST03215,0.012286957782022411,0,0
CUST03216,0.0027098447271505332,0,0
CUST03217,0.9805011144079168,1,1
CUST03218,0.9184967563501938,1,1
CUST03219,0.9679634992611308,1,1
CUST03220,0.07674154678997408,0,0
CUST03221,0.03467855317835761,0,0
CUST03222,0.0008451307887266794,0,0
CUST03223,0.002602472062693032,0,0
CUST03224,0.011245264744665752,0,0
CUST03225,0.027623478216936136,0,0
CUST03226,0.010759139133406712,0,0
CUST03227,0.014836242406704593,0,0
CUST03228,0.003611492924321555,0,0
CUST03229,0.8839823339918922,1,1
CUST03230,0.059373356465195835,0,0
CUST03231,0.0064037975843066666,0,0
CUST03232,0.008444930992615405,0,0
CUST03233,0.01758730362522321,0,0
CUST03234,0.015827075327958705,0,0
CUST03235,0.030568287796306413,0,0
CUST03236,0.00354259459771516,0,0
CUST03237,0.0,0,0
CUST03238,0.945509140800753,1,1
CUST03239,0.008609128950635222,0,0
CUST03240,0.06599032334872344,0,0
CUST03241,0.04636580960650741,0,0
CUST03242,0.0669533101847752,0,0
CUST03243,0.9627192013038344,1,1
CUST03244,0.08807356661254442,0,0
CUST03245,0.9195996925120502,1,1
CUST03246,0.0,0,0
CUST03247,0.0023071155671476307,0,0
CUST03248,0.950929486982896,1,1
CUST03249,0.002602472062693032,0,0
CUST03250,0.0,0,0
CUST03251,0.03592270452063491,0,0
CUST03252,0.07913086507178081,0,0
CUST03253,0.027448901397050144,0,0
CUST03254,0.019326653736118974,0,0
CUST03255,0.001465974687174689,0,0
CUST03256,0.022254742836488067,0,0
CUST03257,0.01856532514208255,0,0
CUST03258,0.0673413331415298,0,0
CUST03259,0.09315272152627081,0,0
CUST03260,0.9372243532406647,1,1
CUST03261,0.0012572377714649408,0,0
CUST03262,0.04590087425542586,0,0
CUST03263,0.028534087793357484,0,0
CUST03264,0.0464279142710938,0,0
CUST03265,0.033897426223538855,0,0
CUST03266,0.965482053157513,1,1
CUST03267,0.01757808140838922,0,0
CUST03268,0.9095520982567448,1,1
CUST03269,0.011290815140797293,0,0
CUST03270,0.012602472062693031,0,0
CUST03271,0.006698762479649119,0,0
CUST03272,0.9663725505244978,1,1
CUST03273,0.0563236555381056,0,0
CUST03274,0.016619087754850864,0,0
CUST03275,0.08870746019818883,0,0
CUST03276,0.005260311437613775,0,0
CUST03277,0.00029535649554540114,0,0
CUST03278,0.9751160389682935,1,1
CUST03279,0.0052776165713635526,0,0
CUST03280,0.011749584152427037,0,0
CUST03281,0.0005497742931812782,0,0
CUST03282,0.006866468842729971,0,0
CUST03283,0.009499780743205012,0,0
CUST03284,0.002602472062693032,0,0
CUST03285,0.020291139073038388,0,0
CUST03286,0.044180851399330215,0,0
CUST03287,0.0031568097279735556,0,0
CUST03288,0.07285628491058514,0,0
CUST03289,0.04974497760153121,0,0
CUST03290,0.00029535649554540114,0,0
CUST03291,0.023163638796017162,0,0
CUST03292,0.07554087809638312,0,0
CUST03293,0.0015525942670103418,0,0
CUST03294,0.008179283133618178,0,0
CUST03295,0.00029535649554540114,0,0
CUST03296,0.059278523610934955,0,0
CUST03297,0.002602472062693032,0,0
CUST03298,0.010549774293181277,0,0
CUST03299,0.05765189236140504,0,0
CUST03300,0.02517415806300984,0,0
CUST03301,0.0,0,0
CUST03302,0.08998180397306214,0,0
CUST03303,0.01799031011446484,0,0
CUST03304,0.9536035498190596,1,1
CUST03305,0.001465974687174689,0,0
CUST03306,0.015500084343687598,0,0
CUST03307,0.008813725455234839,0,0
CUST03308,0.005260661469726345,0,0
CUST03309,0.01237179164481972,0,0
CUST03310,0.894499100414566,1,1
CUST03311,0.004089082950262954,0,0
CUST03312,0.00212696856425026,0,0
CUST03313,0.04688078820921839,0,0
CUST03314,0.9742330119445876,1,1
CUST03315,0.980505878501469,1,1
CUST03316,0.020238089177411243,0,0
CUST03317,0.004964954942068374,0,0
CUST03318,0.0352415021181989,0,0
CUST03319,0.015973043512825268,0,0
CUST03320,0.04285248859657696,0,0
CUST03321,0.005228197017623136,0,0
CUST03322,0.03250267288119794,0,0
CUST03323,0.09434033667995834,0,0
CUST03324,0.007767165466515715,0,0
CUST03325,0.06499017718078737,0,0
CUST03326,0.961258691745691,1,1
CUST03327,0.0018040277695055005,0,0
CUST03328,0.00029535649554540114,0,0
CUST03329,0.0031271376448200588,0,0
CUST03330,0.01963941676743338,0,0
CUST03331,0.12665037901364815,0,0
CUST03332,0.003859709834157973,0,0
CUST03333,0.9772494291561898,1,1
CUST03334,0.03282886941024892,0,0
CUST03335,0.018797337872493432,0,0
CUST03336,0.9378923017513717,1,1
CUST03337,0.013782971710858138,0,0
CUST03338,0.08475079632366946,0,0
CUST03339,0.023840935391249544,0,0
CUST03340,0.010762421172598175,0,0
CUST03341,0.02240222063990473,0,0
CUST03342,0.02627611994016156,0,0
CUST03343,0.009147387695154214,0,0
CUST03344,0.012545475292761852,0,0
CUST03345,0.00029535649554540114,0,0
CUST03346,0.0029314922895759326,0,0
CUST03347,0.015788494073023025,0,0
CUST03348,0.9476634533927782,1,1
CUST03349,0.05035832457484038,0,0
CUST03350,0.016387667574081163,0,0
CUST03351,0.05015492937939899,0,0
CUST03352,0.019856301627357426,0,0
CUST03353,0.053064829660207584,0,0
CUST03354,0.019923804065350402,0,0
CUST03355,0.0008451307887266794,0,0
CUST03356,0.08695465227850041,0,0
CUST03357,0.9781983275439669,1,1
CUST03358,0.015368091370716184,0,0
CUST03359,0.09816021946887518,0,0
CUST03360,0.023976696022826552,0,0
CUST03361,0.03188041659824109,0,0
CUST03362,0.10652400057555435,0,0
CUST03363,0.9957178926032145,1,1
CUST03364,0.0018040277695055005,0,0
CUST03365,0.003859709834157973,0,0
CUST03366,0.00029535649554540114,0,0
CUST03367,0.006668216207931649,0,0
CUST03368,0.0,0,0
CUST03369,0.02075157755540853,0,0
CUST03370,0.05103381871410223,0,0
CUST03371,0.9769584241613285,1,1
CUST03372,0.00029535649554540114,0,0
CUST03373,0.010771662335941956,0,0
CUST03374,0.0035643533386125713,0,0
CUST03375,0.004175859435356774,0,0
CUST03376,0.004263635020338402,0,0
CUST03377,0.00599542589436554,0,0
CUST03378,0.0439645213297209,0,0
CUST03379,0.023316501638931123,0,0
CUST03380,0.04558241168572322,0,0
CUST03381,0.0102953564955454,0,0
CUST03382,0.12329852415308583,0,0
CUST03383,0.00029535649554540114,0,0
CUST03384,0.0029746459611347887,0,0
CUST03385,0.023197083826694928,0,0
CUST03386,0.012982360911495969,0,0
CUST03387,0.005497589026458686,0,0
CUST03388,0.0033424989764513796,0,0
CUST03389,0.010759139133406712,0,0
CUST03390,0.0052776165713635526,0,0
CUST03391,0.9537599778117659,1,1
CUST03392,0.006470800946657609,0,0
CUST03393,0.9641251048639906,1,1
CUST03394,0.01449103218545607,0,0
CUST03395,0.04760504925661848,0,0
CUST03396,0.0018040277695055005,0,0
CUST03397,0.011792614560965966,0,0
CUST03398,0.0046654810019336555,0,0
CUST03399,0.05566918349361574,0,0
CUST03400,0.02026444279000168,0,0
CUST03401,0.007533372484662093,0,0
CUST03402,0.017320738958475683,0,0
CUST03403,0.9789660246164097,1,1
CUST03404,0.0038346651526270773,0,0
CUST03405,0.07739401643727821,0,0
CUST03406,0.005051924554016597,0,0
CUST03407,0.0198702403745523,0,0
CUST03408,0.002602472062693032,0,0
CUST03409,0.03307096061706445,0,0
CUST03410,0.016710763614025084,0,0
CUST03411,0.0018040277695055005,0,0
CUST03412,0.9758729984113133,1,1
CUST03413,0.020135689250888697,0,0
CUST03414,0.01186182580077062,0,0
CUST03415,0.9385514500528305,1,1
CUST03416,0.0676852588871447,0,0
CUST03417,0.02,0,0
CUST03418,0.01868207751416877,0,0
CUST03419,0.0029746459611347887,0,0
CUST03420,0.026114845411587782,0,0
CUST03421,0.028697362104430354,0,0
CUST03422,0.0058874816195399245,0,0
CUST03423,0.014046217047563571,0,0
CUST03424,0.021281980281448325,0,0
CUST03425,0.07350284278993166,0,0
CUST03426,0.005228197017623136,0,0
CUST03427,0.024649035043635956,0,0
CUST03428,0.0031859100872118095,0,0
CUST03429,0.033999355168964615,0,0
CUST03430,0.03864551416432047,0,0
CUST03431,0.0346122680330729,0,0
CUST03432,0.0102953564955454,0,0
CUST03433,0.01617005965532237,0,0
CUST03434,0.06961531793673677,0,0
CUST03435,0.01936499568418192,0,0
CUST03436,0.9591724582203836,1,1
CUST03437,0.9108617958639458,1,1
CUST03438,0.007180923469716794,0,0
CUST03439,0.004263635020338402,0,0
CUST03440,0.02478987763277058,0,0
CUST03441,0.05774727292706092,0,0
CUST03442,0.010180988798178817,0,0
CUST03443,0.041905671733227,0,0
CUST03444,0.9944834202347016,1,1
CUST03445,0.006191931305348413,0,0
CUST03446,0.01062750890709946,0,0
CUST03447,0.004239598682960911,0,0
CUST03448,0.9869113286940053,1,1
CUST03449,0.06747933250759135,0,0
CUST03450,0.021663793115675817,0,0
CUST03451,0.9070436662982695,1,1
CUST03452,0.028083651305796632,0,0
CUST03453,0.006250880062957178,0,0
CUST03454,0.008386739153608356,0,0
CUST03455,0.03064794973645614,0,0
CUST03456,0.9313994250492098,1,1
CUST03457,0.061741508586258355,0,0
CUST03458,0.06597867535104684,0,0
CUST03459,0.93268800935019,1,1
CUST03460,0.00980050024930164,0,0
CUST03461,0.017745123819125685,0,0
CUST03462,0.002602472062693032,0,0
CUST03463,0.052298800609709345,0,0
CUST03464,0.023638826315362585,0,0
CUST03465,0.030440698762484657,0,0
CUST03466,0.9344590468720213,1,1
CUST03467,0.011465974687174689,0,0
CUST03468,0.025981101812280014,0,0
CUST03469,0.006506665784511562,0,0
CUST03470,0.0029314922895759326,0,0
CUST03471,0.002788623764762593,0,0
CUST03472,0.018932890717841183,0,0
CUST03473,0.026309095769303945,0,0
CUST03474,0.06552522699287584,0,0
CUST03475,0.015111383966673832,0,0
CUST03476,0.008681879284269342,0,0
CUST03477,0.005531718832413306,0,0
CUST03478,0.016644565137004935,0,0
CUST03479,0.03728225008022504,0,0
CUST03480,0.0029746459611347874,0,0
CUST03481,0.04231598147389207,0,0
CUST03482,0.010638398737460112,0,0
CUST03483,0.005264228086990635,0,0
CUST03484,0.05857242419378375,0,0
CUST03485,0.9844717734311856,1,1
CUST03486,0.021682808243523227,0,0
CUST03487,0.0156512911160576,0,0
CUST03488,0.014821759772077106,0,0
CUST03489,0.039200492986225896,0,0
CUST03490,0.001170618191629288,0,0
CUST03491,0.07910122984420552,0,0
CUST03492,0.009723101159541279,0,0
CUST03493,0.001170618191629288,0,0
CUST03494,0.002602472062693032,0,0
CUST03495,0.004296047156792692,0,0
CUST03496,0.060903337055769086,0,0
CUST03497,0.06475700370562341,0,0
CUST03498,0.0018040277695055005,0,0
CUST03499,0.029099045333203608,0,0
CUST03500,0.08331578510334761,0,0
CUST03501,0.02140731398084096,0,0
CUST03502,0.014274240135768562,0,0
CUST03503,0.9259470522066006,1,1
CUST03504,0.010256418834950294,0,0
CUST03505,0.017304709967159767,0,0
CUST03506,0.020027433893102246,0,0
CUST03507,0.015086804839512476,0,0
CUST03508,0.00866615888778169,0,0
CUST03509,0.0,0,0
CUST03510,0.035849087123846116,0,0
CUST03511,0.017224353240664705,0,0
CUST03512,0.9310644896626665,1,1
CUST03513,0.08347358465204543,0,0
CUST03514,0.969729491640788,1,1
CUST03515,0.004890427837179906,0,0
CUST03516,0.00029535649554540114,0,0
CUST03517,0.9851115402288366,1,1
CUST03518,0.03856272157439457,0,0
CUST03519,0.09985526599801257,0,0
CUST03520,0.001465974687174689,0,0
CUST03521,0.9342367441292745,1,1
CUST03522,0.000906458803684629,0,0
CUST03523,0.017767165466515716,0,0
CUST03524,0.943021975865194,1,1
CUST03525,0.9624489139234119,1,1
CUST03526,0.000906458803684629,0,0
CUST03527,0.9831987862516172,1,1
CUST03528,0.021714550964544364,0,0
CUST03529,0.06768068280090639,0,0
CUST03530,0.009953434603480363,0,0
CUST03531,0.056236770020706726,0,0
CUST03532,0.0026052121159938256,0,0
CUST03533,0.0018040277695055005,0,0
CUST03534,0.051262237507745605,0,0
CUST03535,0.001956519453190771,0,0
CUST03536,0.05484270749615908,0,0
CUST03537,0.06032492720309386,0,0
CUST03538,0.0038346651526270773,0,0
CUST03539,0.03251812714513957,0,0
CUST03540,0.007175956132579979,0,0
CUST03541,0.04627685919955218,0,0
CUST03542,0.02967466914800244,0,0
CUST03543,0.001956519453190771,0,0
CUST03544,0.06852915572108059,0,0
CUST03545,0.005827075327958707,0,0
CUST03546,0.03310877569558348,0,0
CUST03547,0.0023071155671476307,0,0
CUST03548,0.019439694188168002,0,0
CUST03549,0.8223071155671476,1,1
CUST03550,0.9170708926012555,1,1
CUST03551,0.0017811874583055368,0,0
CUST03552,0.006165128410289517,0,0
CUST03553,0.01051316525825371,0,0
CUST03554,0.10700127094687825,0,0
CUST03555,0.00909592999051566,0,0
CUST03556,0.0029823609114959706,0,0
CUST03557,0.007006226062957515,0,0
CUST03558,0.020760636793719252,0,0
CUST03559,0.019892183403414036,0,0
CUST03560,0.014093750192395138,0,0
CUST03561,0.04459050859664217,0,0
CUST03562,0.03327488281084732,0,0
CUST03563,0.021417760010042797,0,0
CUST03564,0.13064852739344274,0,0
CUST03565,0.001956519453190771,0,0
CUST03566,0.08329035121667751,0,0
CUST03567,0.0031271376448200588,0,0
CUST03568,0.08590823061582238,0,0
CUST03569,0.008968338919706149,0,0
CUST03570,0.0630397430774693,0,0
CUST03571,0.028577765506551455,0,0
CUST03572,0.029955414061027447,0,0
CUST03573,0.007856173128813366,0,0
CUST03574,0.015905863228217184,0,0
CUST03575,0.014260376097508796,0,0
CUST03576,0.040432730811431304,0,0
CUST03577,0.022172213482890404,0,0
CUST03578,0.0247299507244292,0,0
CUST03579,0.04800849691387309,0,0
CUST03580,0.0018040277695055005,0,0
CUST03581,0.975131903705327,1,1
CUST03582,0.020291226438566595,0,0
CUST03583,0.015512434675673736,0,0
CUST03584,0.07943630447383514,0,0
CUST03585,0.01590261961700967,0,0
CUST03586,0.0023071155671476307,0,0
CUST03587,0.02273198081911635,0,0
CUST03588,0.0023717916448197213,0,0
CUST03589,0.00641945626040318,0,0
CUST03590,0.9478686946126794,1,1
CUST03591,0.0695022910522116,0,0
CUST03592,0.043813299987789475,0,0
CUST03593,0.017407641351988273,0,0
CUST03594,0.001956519453190771,0,0
CUST03595,0.9929469259961592,1,1
CUST03596,0.9127597548796333,1,1
CUST03597,0.9578603353952873,1,1
CUST03598,0.023298217481301228,0,0
CUST03599,0.005260311437613775,0,0
CUST03600,0.018332943392785336,0,0
CUST03601,0.9560107587780082,1,1
CUST03602,0.022123923998722973,0,0
CUST03603,0.9540968881201856,1,1
CUST03604,0.0639049802966276,0,0
CUST03605,0.013779877374776721,0,0
CUST03606,0.012307115567147631,0,0
CUST03607,0.9846670814579346,1,1
CUST03608,0.029921755649612036,0,0
CUST03609,0.9157589048390752,1,1
CUST03610,0.026760978335442918,0,0
CUST03611,0.008273235111472684,0,0
CUST03612,0.07119817169298638,0,0
CUST03613,0.002602472062693032,0,0
CUST03614,0.007539114034970371,0,0
CUST03615,0.05404609237055853,0,0
CUST03616,0.021043647319445552,0,0
CUST03617,0.034302347736870284,0,0
CUST03618,0.0018040277695054998,0,0
CUST03619,0.028818678396876848,0,0
CUST03620,0.02207331795009758,0,0
CUST03621,0.0033337817253158786,0,0
CUST03622,0.010745409412503324,0,0
CUST03623,0.003859709834157973,0,0
CUST03624,0.9344748176598847,1,1
CUST03625,0.0058874816195399245,0,0
CUST03626,0.00443408413139789,0,0
CUST03627,0.05509351318402118,0,0
CUST03628,0.10751673453662262,0,0
CUST03629,0.01075086494796173,0,0
CUST03630,0.016349208641459535,0,0
CUST03631,0.03187728796811411,0,0
CUST03632,0.04838515248775998,0,0
CUST03633,0.8175555702828512,1,1
CUST03634,0.03374381017024128,0,0
CUST03635,0.002602472062693032,0,0
CUST03636,0.0017495841524270376,0,0
CUST03637,0.0020765439538509376,0,0
CUST03638,0.04045890988151948,0,0
CUST03639,0.9896711675983494,1,1
CUST03640,0.0035643533386125713,0,0
CUST03641,0.04550494669662748,0,0
CUST03642,0.024356003651097562,0,0
CUST03643,0.02332825896728863,0,0
CUST03644,0.03705367418769422,0,0
CUST03645,0.014069143273357563,0,0
CUST03646,0.004221087194454578,0,0
CUST03647,0.07032377859561817,0,0
CUST03648,0.0,0,0
CUST03649,0.0015086712739600995,0,0
CUST03650,0.010638398737460112,0,0
CUST03651,0.01711852567754133,0,0
CUST03652,0.01260939171576806,0,0
CUST03653,0.0,0,0
CUST03654,0.0,0,0
CUST03655,0.0,0,0
CUST03656,0.0,0,0
CUST03657,0.000906458803684629,0,0
CUST03658,0.00029535649554540114,0,0
CUST03659,0.007751506483715615,0,0
CUST03660,0.8872736883312347,1,1
CUST03661,0.04842484115174606,0,0
CUST03662,0.0016611629576453696,0,0
CUST03663,0.9654479993325482,1,1
CUST03664,0.00641945626040318,0,0
CUST03665,0.007447306733382779,0,0
CUST03666,0.0023071155671476307,0,0
CUST03667,0.004522616190073524,0,0
CUST03668,0.06313697486007643,0,0
CUST03669,0.0020765439538509376,0,0
CUST03670,0.0,0,0
CUST03671,0.001465974687174689,0,0
CUST03672,0.007976463197799554,0,0
CUST03673,0.07760679252530772,0,0
CUST03674,0.9908616966884091,1,1
CUST03675,0.004370124506388254,0,0
CUST03676,0.9549996070002905,1,1
CUST03677,0.06074651592696651,0,0
CUST03678,0.9504519788984137,1,1
CUST03679,0.07549919907014953,0,0
CUST03680,0.06453736756349474,0,0
CUST03681,0.04225392946278649,0,0
CUST03682,0.015679921453117328,0,0
CUST03683,0.00212696856425026,0,0
CUST03684,0.00847224397743715,0,0
CUST03685,0.019023414683159358,0,0
CUST03686,0.9502454904770627,1,1
CUST03687,0.015473315432207353,0,0
CUST03688,0.009087969515229315,0,0
CUST03689,0.006189935455364881,0,0
CUST03690,0.0029314922895759326,0,0
CUST03691,0.0023071155671476307,0,0
CUST03692,0.02443293566257779,0,0
CUST03693,0.001465974687174689,0,0
CUST03694,0.9723787890929895,1,1
CUST03695,0.029497326618512433,0,0
CUST03696,0.07314991223216662,0,0
CUST03697,0.01,0,0
CUST03698,0.0018122757613296613,0,0
CUST03699,0.016150403580523335,0,0
CUST03700,0.08109742858697437,0,0
CUST03701,0.0,0,0
CUST03702,0.03215354718177746,0,0
CUST03703,0.04710667307376652,0,0
CUST03704,0.005053571586399495,0,0
CUST03705,0.006363117476562213,0,0
CUST03706,0.00029535649554540114,0,0
CUST03707,0.0023071155671476307,0,0
CUST03708,0.0015525942670103418,0,0
CUST03709,0.01591850374297161,0,0
CUST03710,0.014263635020338401,0,0
CUST03711,0.9739606571893482,1,1
CUST03712,0.978443851258509,1,1
CUST03713,0.018740592427674497,0,0
CUST03714,0.0033161364287761534,0,0
CUST03715,0.9243066653852917,1,1
CUST03716,0.001465974687174689,0,0
CUST03717,0.03331338900039456,0,0
CUST03718,0.0023071155671476307,0,0
CUST03719,0.03918368678545774,0,0
CUST03720,0.0,0,0
CUST03721,0.04247461494916049,0,0
CUST03722,0.011641715559531559,0,0
CUST03723,0.9583093748653778,1,1
CUST03724,0.001170618191629288,0,0
CUST03725,0.022740032336463916,0,0
CUST03726,0.9858083783559208,1,1
CUST03727,0.009501901361941772,0,0
CUST03728,0.020958496547217202,0,0
CUST03729,0.020076721037825384,0,0
CUST03730,0.00641945626040318,0,0
CUST03731,0.014880875457369705,0,0
CUST03732,0.0058697719147441174,0,0
CUST03733,0.014089721655811425,0,0
CUST03734,0.023450270215812353,0,0
CUST03735,0.03562186745358214,0,0
CUST03736,0.001170618191629288,0,0
CUST03737,0.955555146623783,1,1
CUST03738,0.0017811874583055368,0,0
CUST03739,0.0,0,0
CUST03740,0.9762427071437005,1,1
CUST03741,0.018977235779814743,0,0
CUST03742,0.03638264907295781,0,0
CUST03743,0.9867357608662466,1,1
CUST03744,0.0015086712739600995,0,0
CUST03745,0.021536421445327258,0,0
CUST03746,0.004499100414566015,0,0
CUST03747,0.06202510962321223,0,0
CUST03748,0.021904836257132722,0,0
CUST03749,0.017983202686053346,0,0
CUST03750,0.02765757996254936,0,0
CUST03751,0.8832390049966299,1,1
CUST03752,0.008273235111472684,0,0
CUST03753,0.028985692447225486,0,0
CUST03754,0.060340204139804954,0,0
CUST03755,0.043058175849063546,0,0
CUST03756,0.03272955216289599,0,0
CUST03757,0.001956519453190771,0,0
CUST03758,0.02953041317522365,0,0
CUST03759,0.0018040277695055005,0,0
CUST03760,0.07314144617920622,0,0
CUST03761,0.9188133213742131,1,1
CUST03762,0.005345063105312146,0,0
CUST03763,0.10707268016451936,0,0
CUST03764,0.9859395975929808,1,1
CUST03765,0.0376645248510966,0,0
CUST03766,0.0020927776544703656,0,0
CUST03767,0.000906458803684629,0,0
CUST03768,0.00029535649554540114,0,0
CUST03769,0.07524446175014222,0,0
CUST03770,0.0017495841524270376,0,0
CUST03771,0.9416419137894309,1,1
CUST03772,0.03460238646655688,0,0
CUST03773,0.012894207208391163,0,0
CUST03774,0.0008451307887266794,0,0
CUST03775,0.11031917749247251,0,0
CUST03776,0.03162809037282875,0,0
CUST03777,0.00814061731259784,0,0
CUST03778,0.0598290536354087,0,0
CUST03779,0.002602472062693032,0,0
CUST03780,0.04,0,0
CUST03781,0.02392322396619965,0,0
CUST03782,0.027021632125180342,0,0
CUST03783,0.01943371648001397,0,0
CUST03784,0.015606934018890064,0,0
CUST03785,0.0102953564955454,0,0
CUST03786,0.04181645984999305,0,0
CUST03787,0.9719261542098834,1,1
CUST03788,0.052650656148950654,0,0
CUST03789,0.015332340556472757,0,0
CUST03790,0.05909086379632715,0,0
CUST03791,0.00029535649554540114,0,0
CUST03792,0.0337347943093177,0,0
CUST03793,0.07560827196199452,0,0
CUST03794,0.01,0,0
CUST03795,0.013867289006280812,0,0
CUST03796,0.9580152422432786,1,1
CUST03797,0.0023717916448197213,0,0
CUST03798,0.002602472062693032,0,0
CUST03799,0.02169707188071614,0,0
CUST03800,0.9511648405775845,1,1
CUST03801,0.00029535649554540114,0,0
CUST03802,0.006753700873733702,0,0
CUST03803,0.979143334447957,1,1
CUST03804,0.0026792894655893874,0,0
CUST03805,0.019850188635240122,0,0
CUST03806,0.0785039414172954,0,0
CUST03807,0.00947303316756694,0,0
CUST03808,0.004384596351066522,0,0
CUST03809,0.012726943679326917,0,0
CUST03810,0.021140975734543373,0,0
CUST03811,0.008813725455234839,0,0
CUST03812,0.006067397797487404,0,0
CUST03813,0.01862336056299198,0,0
CUST03814,0.058332253993769526,0,0
CUST03815,0.02623820030747941,0,0
CUST03816,0.022139169560610208,0,0
CUST03817,0.06289370447102356,0,0
CUST03818,0.009433002333542561,0,0
CUST03819,0.9440205636348117,1,1
CUST03820,0.9063330914744134,1,1
CUST03821,0.0012011734531904336,0,0
CUST03822,0.07169569678439336,0,0
CUST03823,0.001465974687174689,0,0
CUST03824,0.8226417582923219,1,1
CUST03825,0.9631021331381412,1,1
CUST03826,0.0029746459611347887,0,0
CUST03827,0.019323699936309197,0,0
CUST03828,0.00816716238420082,0,0
CUST03829,0.014064769685734337,0,0
CUST03830,0.028204393249557858,0,0
CUST03831,0.03504592078151749,0,0
CUST03832,0.01781502294344452,0,0
CUST03833,0.9344420981140712,1,1
CUST03834,0.00029535649554540114,0,0
CUST03835,0.03225881575343559,0,0
CUST03836,0.028939069624435942,0,0
CUST03837,0.0,0,0
CUST03838,0.0,0,0
CUST03839,0.01258076719191241,0,0
CUST03840,0.0018040277695055005,0,0
CUST03841,0.02874906362360016,0,0
CUST03842,0.0020927776544703656,0,0
CUST03843,0.046182709979832606,0,0
CUST03844,0.03297455395636224,0,0
CUST03845,0.05425717090853282,0,0
CUST03846,0.002602472062693032,0,0
CUST03847,0.010638398737460112,0,0
CUST03848,0.03567755727945416,0,0
CUST03849,0.02149327754914038,0,0
CUST03850,0.0029746459611347887,0,0
CUST03851,0.0029314922895759326,0,0
CUST03852,0.002602472062693032,0,0
CUST03853,0.03333526576507496,0,0
CUST03854,0.0,0,0
CUST03855,0.005039125624406313,0,0
CUST03856,0.04688256574559386,0,0
CUST03857,0.9225163693928138,1,1
CUST03858,0.01,0,0
CUST03859,0.0,0,0
CUST03860,0.006668216207931649,0,0
CUST03861,0.019941717148421342,0,0
CUST03862,0.00029535649554540114,0,0
CUST03863,0.00641945626040318,0,0
CUST03864,0.0538860449014952,0,0
CUST03865,0.9806680533357666,1,1
CUST03866,0.029394745762796423,0,0
CUST03867,0.9504965412211096,1,1
CUST03868,0.001465974687174689,0,0
CUST03869,0.01360355899253586,0,0
CUST03870,0.006190068961917839,0,0
CUST03871,0.006714812755948581,0,0
CUST03872,0.028096571028691394,0,0
CUST03873,0.0029781209781209778,0,0
CUST03874,0.0782514658093258,0,0
CUST03875,0.03542278535814326,0,0
CUST03876,0.01963941676743338,0,0
CUST03877,0.056298518906986984,0,0
CUST03878,0.0102953564955454,0,0
CUST03879,0.027786119363535807,0,0
CUST03880,0.04676107013155142,0,0
CUST03881,0.004998947262977109,0,0
CUST03882,0.9462249585805382,1,1
CUST03883,0.002602472062693032,0,0
CUST03884,0.005587818519929331,0,0
CUST03885,0.9577008579872421,1,1
CUST03886,0.00029535649554540114,0,0
CUST03887,0.0034107471100724073,0,0
CUST03888,0.12174587406865428,0,0
CUST03889,0.013672859909933131,0,0
CUST03890,0.011750947746371709,0,0
CUST03891,0.02077522813264703,0,0
CUST03892,0.03149404438116939,0,0
CUST03893,0.9527867775465091,1,1
CUST03894,0.001465974687174689,0,0
CUST03895,0.9861940954399441,1,1
CUST03896,0.9779417050950086,1,1
CUST03897,0.008703553671349881,0,0
CUST03898,0.002602472062693032,0,0
CUST03899,0.018193157857608118,0,0
CUST03900,0.0012011734531904336,0,0
CUST03901,0.9317058031244558,1,1
CUST03902,0.03782624179025633,0,0
CUST03903,0.00029535649554540114,0,0
CUST03904,0.009576265988376735,0,0
CUST03905,0.001956519453190771,0,0
CUST03906,0.9581088172948635,1,1
CUST03907,0.017380687957344015,0,0
CUST03908,0.08456209542115387,0,0
CUST03909,0.028855407387549457,0,0
CUST03910,0.9425367336606704,1,1
CUST03911,0.0029746459611347887,0,0
CUST03912,0.0044712159309021745,0,0
CUST03913,0.9578102640655337,1,1
CUST03914,0.007533372484662093,0,0
CUST03915,0.03653233389140735,0,0
CUST03916,0.9447402733810135,1,1
CUST03917,0.01502824858757062,0,0
CUST03918,0.026141233949830207,0,0
CUST03919,0.010560575456248389,0,0
CUST03920,0.00029535649554540114,0,0
CUST03921,0.008307453918519754,0,0
CUST03922,0.07624801245164411,0,0
CUST03923,0.10736362312841678,0,0
CUST03924,0.001465974687174689,0,0
CUST03925,0.05694033996508258,0,0
CUST03926,0.018926895033393107,0,0
CUST03927,0.0,0,0
CUST03928,0.030450463984026524,0,0
CUST03929,0.005345063105312146,0,0
CUST03930,0.022443348625152182,0,0
CUST03931,0.007081903254796838,0,0
CUST03932,0.03183911066928407,0,0
CUST03933,0.00499516561774277,0,0
CUST03934,0.031588294612934456,0,0
CUST03935,0.019903821344664924,0,0
CUST03936,0.028897152001612678,0,0
CUST03937,0.008307453918519754,0,0
CUST03938,0.9332365326820384,1,1
CUST03939,0.005206679504504142,0,0
CUST03940,0.0031568097279735556,0,0
CUST03941,0.04097439546629305,0,0
CUST03942,0.006717859414190507,0,0
CUST03943,0.02062750890709946,0,0
CUST03944,0.04181645984999305,0,0
CUST03945,0.001465974687174689,0,0
CUST03946,0.008568591607018084,0,0
CUST03947,0.07693561698089901,0,0
CUST03948,0.03597925217377979,0,0
CUST03949,0.004263635020338402,0,0
CUST03950,0.030118517363335248,0,0
CUST03951,0.01548239145092698,0,0
CUST03952,0.0018040277695055005,0,0
CUST03953,0.008977235779814744,0,0
CUST03954,0.001956519453190771,0,0
CUST03955,0.0015086712739600995,0,0
CUST03956,0.0,0,0
CUST03957,0.04574219268714004,0,0
CUST03958,0.00272321245863963,0,0
CUST03959,0.03496801593175544,0,0
CUST03960,0.0,0,0
CUST03961,0.0023071155671476307,0,0
CUST03962,0.9807569758809065,1,1
CUST03963,0.9339214747238225,1,1
CUST03964,0.0467864928918919,0,0
CUST03965,0.07701374799164015,0,0
CUST03966,0.023063789856592586,0,0
CUST03967,0.003859709834157973,0,0
CUST03968,0.01032754278020858,0,0
CUST03969,0.9390286819765431,1,1
CUST03970,0.0,0,0
CUST03971,0.09463136602935432,0,0
CUST03972,0.045694502902663234,0,0
CUST03973,0.015165291581864623,0,0
CUST03974,0.009201759390880254,0,0
CUST03975,0.9603197482766231,1,1
CUST03976,0.8980182408007057,1,1
CUST03977,0.001465974687174689,0,0
CUST03978,0.008176844254586804,0,0
CUST03979,0.9609514372288237,1,1
CUST03980,0.04702364311526784,0,0
CUST03981,0.006714812755948581,0,0
CUST03982,0.014020373543467328,0,0
CUST03983,0.010638398737460112,0,0
CUST03984,0.06786133090036833,0,0
CUST03985,0.0018040277695055005,0,0
CUST03986,0.01829839249545974,0,0
CUST03987,0.9835881717584859,1,1
CUST03988,0.010566498212053419,0,0
CUST03989,0.9709230942402953,1,1
CUST03990,0.036095272674970404,0,0
CUST03991,0.002602472062693032,0,0
CUST03992,0.9855677085581422,1,1
CUST03993,0.027405301811304426,0,0
CUST03994,0.04162945795393971,0,0
CUST03995,0.00029535649554540114,0,0
CUST03996,0.032595594568335315,0,0
CUST03997,0.032806831283331526,0,0
CUST03998,0.007548130031021736,0,0
CUST03999,0.007840738404296402,0,0
CUST04000,0.0015086712739600995,0,0
CUST04001,0.010523914530486225,0,0
CUST04002,0.0290004253026934,0,0
CUST04003,0.030380776500621855,0,0
CUST04004,0.968479368378464,1,1
CUST04005,0.014720855427641462,0,0
CUST04006,0.013302254780705926,0,0
CUST04007,0.019880238157416526,0,0
CUST04008,0.0286731506055935,0,0
CUST04009,0.00029535649554540114,0,0
CUST04010,0.004340452423234758,0,0
CUST04011,0.0029746459611347887,0,0
CUST04012,0.9783898218943956,1,1
CUST04013,0.9737463369710757,1,1
CUST04014,0.0008451307887266794,0,0
CUST04015,0.00029535649554540114,0,0
CUST04016,0.001465974687174689,0,0
CUST04017,0.0023071155671476307,0,0
CUST04018,0.028946339476912594,0,0
CUST04019,0.003213978159437234,0,0
CUST04020,0.02164171555953156,0,0
CUST04021,0.034669536219060104,0,0
CUST04022,0.024012437557936046,0,0
CUST04023,0.047642795065776025,0,0
CUST04024,0.013919583125216226,0,0
CUST04025,0.0017495841524270376,0,0
CUST04026,0.028577842088125922,0,0
CUST04027,0.01110454389802773,0,0
CUST04028,0.023311051919663858,0,0
CUST04029,0.0058697719147441174,0,0
CUST04030,0.019152536543422184,0,0
CUST04031,0.9423166517979693,1,1
CUST04032,0.00029535649554540114,0,0
CUST04033,0.035161402793913235,0,0
CUST04034,0.015523553513168538,0,0
CUST04035,0.017577465434039916,0,0
CUST04036,0.9937130564396557,1,1
CUST04037,0.024216689709857422,0,0
CUST04038,0.0015086712739600995,0,0
CUST04039,0.0,0,0
CUST04040,0.04191961914123133,0,0
CUST04041,0.00354259459771516,0,0
CUST04042,0.011951175092816487,0,0
CUST04043,0.04452957118838072,0,0
CUST04044,0.9502355693372082,1,1
CUST04045,0.0026052121159938256,0,0
CUST04046,0.006367638965327463,0,0
CUST04047,0.03604943286512415,0,0
CUST04048,0.873057415763185,1,1
CUST04049,0.9724121976234611,1,1
CUST04050,0.06008179603861784,0,0
CUST04051,0.09000012761580772,0,0
CUST04052,0.01,0,0
CUST04053,0.002415130077644728,0,0
CUST04054,0.012845836114750693,0,0
CUST04055,0.0,0,0
CUST04056,0.018743540139774032,0,0
CUST04057,0.0005497742931812782,0,0
CUST04058,0.013042979925053362,0,0
CUST04059,0.0017811874583055368,0,0
CUST04060,0.015103514971893786,0,0
CUST04061,0.04664788000699474,0,0
CUST04062,0.9120647272688214,1,1
CUST04063,0.004263635020338402,0,0
CUST04064,0.9533777531774855,1,1
CUST04065,0.015596395318188414,0,0
CUST04066,0.002602472062693032,0,0
CUST04067,0.0,0,0
CUST04068,0.005792945522004087,0,0
CUST04069,0.009197173050699184,0,0
CUST04070,0.011412460902799548,0,0
CUST04071,0.055252302229443835,0,0
CUST04072,0.03045086409565053,0,0
CUST04073,0.005359344379119901,0,0
CUST04074,0.0031203141732079388,0,0
CUST04075,0.061101290826176824,0,0
CUST04076,0.930273748836725,1,1
CUST04077,0.008176844254586804,0,0
CUST04078,0.004263635020338402,0,0
CUST04079,0.00641945626040318,0,0
CUST04080,0.008176887481891748,0,0
CUST04081,0.9285338515120042,1,1
CUST04082,0.034052731121611994,0,0
CUST04083,0.03036592790543224,0,0
CUST04084,0.9452681743786989,1,1
CUST04085,0.00029535649554540114,0,0
CUST04086,0.004111143336653131,0,0
CUST04087,0.007006226062957515,0,0
CUST04088,0.9071977096375309,1,1
CUST04089,0.0029746459611347887,0,0
CUST04090,0.938272545277389,1,1
CUST04091,0.02550946519957369,0,0
CUST04092,0.007850264112442122,0,0
CUST04093,0.008681879284269342,0,0
CUST04094,0.007908611872845328,0,0
CUST04095,0.0180625088947324,0,0
CUST04096,0.06982961869110595,0,0
CUST04097,0.9897487807379826,1,1
CUST04098,0.03140053695326836,0,0
CUST04099,0.004370124506388254,0,0
CUST04100,0.0005497742931812782,0,0
CUST04101,0.0035480333519218544,0,0
CUST04102,0.01730391595945619,0,0
CUST04103,0.020970535608224733,0,0
CUST04104,0.022266248018202747,0,0
CUST04105,0.01423959868296091,0,0
CUST04106,0.012585078918435038,0,0
CUST04107,0.8830027855672407,1,1
CUST04108,0.001956519453190771,0,0
CUST04109,0.09486070578131375,0,0
CUST04110,0.015421460385835974,0,0
CUST04111,0.08076751485594917,0,0
CUST04112,0.0018040277695055005,0,0
CUST04113,0.9853249190053763,1,1
CUST04114,0.0,0,0
CUST04115,0.037507614617299095,0,0
CUST04116,0.016765619282583778,0,0
CUST04117,0.04185443323178308,0,0
CUST04118,0.03157479121007495,0,0
CUST04119,0.9289586349417681,1,1
CUST04120,0.9039057610709907,1,1
CUST04121,0.9854514067048123,1,1
CUST04122,0.008560735683405603,0,0
CUST04123,0.0034651907271508703,0,0
CUST04124,0.028878587758121545,0,0
CUST04125,0.012602472062693031,0,0
CUST04126,0.061429788963068915,0,0
CUST04127,0.012262156935265407,0,0
CUST04128,0.004370124506388254,0,0
CUST04129,0.04000974306046455,0,0
CUST04130,0.027920007191495354,0,0
CUST04131,0.00029535649554540114,0,0
CUST04132,0.002602472062693032,0,0
CUST04133,0.04828438025703385,0,0
CUST04134,0.015368091370716184,0,0
CUST04135,0.029904595394301646,0,0
CUST04136,0.020197439956394808,0,0
CUST04137,0.007653180793723805,0,0
CUST04138,0.0023071155671476307,0,0
CUST04139,0.08160201615052266,0,0
CUST04140,0.04558812235846809,0,0
CUST04141,0.00029535649554540114,0,0
CUST04142,0.002602472062693032,0,0
CUST04143,0.009501901361941772,0,0
CUST04144,0.9560599038550691,1,1
CUST04145,0.022663478285278028,0,0
CUST04146,0.014026096724638894,0,0
CUST04147,0.9689066057995785,1,1
CUST04148,0.005291463892881919,0,0
CUST04149,0.005359981823069921,0,0
CUST04150,0.01,0,0
CUST04151,0.9597981458129462,1,1
CUST04152,0.05014117482907603,0,0
CUST04153,0.004452887695175388,0,0
CUST04154,0.9148310859752712,1,1
CUST04155,0.048087434382847676,0,0
CUST04156,0.0015525942670103418,0,0
CUST04157,0.00029535649554540114,0,0
CUST04158,0.044114436934300325,0,0
CUST04159,0.029501080706990347,0,0
CUST04160,0.016974569136150964,0,0
CUST04161,0.9068807882092184,1,1
CUST04162,0.027272274877182378,0,0
CUST04163,0.0032822695035460998,0,0
CUST04164,0.00029535649554540114,0,0
CUST04165,0.01349463760238215,0,0
CUST04166,0.039892810973391334,0,0
CUST04167,0.05583958840025888,0,0
CUST04168,0.0017811874583055368,0,0
CUST04169,0.007081903254796838,0,0
CUST04170,0.0,0,0
CUST04171,0.9244554991999382,1,1
CUST04172,0.0397623497179301,0,0
CUST04173,0.8562354477733183,1,1
CUST04174,0.05345090442595984,0,0
CUST04175,0.001465974687174689,0,0
CUST04176,0.02338035367691411,0,0
CUST04177,0.9252545658950051,1,1
CUST04178,0.06981678647373316,0,0
CUST04179,0.08019691390592017,0,0
CUST04180,0.01922026373171514,0,0
CUST04181,0.9661461088337663,1,1
CUST04182,0.018750914118530148,0,0
CUST04183,0.001465974687174689,0,0
CUST04184,0.01731815306767868,0,0
CUST04185,0.034060267946764075,0,0
CUST04186,0.04464294219251034,0,0
CUST04187,0.014647280571042804,0,0
CUST04188,0.9581180765016021,1,1
CUST04189,0.9649864245930972,1,1
CUST04190,0.9719710364113139,1,1
CUST04191,0.007408921116316749,0,0
CUST04192,0.011804027769505501,0,0
CUST04193,0.008703553671349881,0,0
CUST04194,0.001465974687174689,0,0
CUST04195,0.05798661510244244,0,0
CUST04196,0.00592134854476998,0,0
CUST04197,0.8760394587570617,1,1
CUST04198,0.023158657592874818,0,0
CUST04199,0.01720693675553471,0,0
CUST04200,0.0023071155671476307,0,0
CUST04201,0.9179185128406747,1,1
CUST04202,0.0452639071720691,0,0
CUST04203,0.016134655821307766,0,0
CUST04204,0.0,0,0
CUST04205,0.002602472062693032,0,0
CUST04206,0.00381578684110773,0,0
CUST04207,0.03279726663576682,0,0
CUST04208,0.06608191300130624,0,0
CUST04209,0.9905118720132812,1,1
CUST04210,0.00575644996723847,0,0
CUST04211,0.02567728535198156,0,0
CUST04212,0.020615252724762875,0,0
CUST04213,0.003289858732265636,0,0
CUST04214,0.01623214871696227,0,0
CUST04215,0.03653397484256847,0,0
CUST04216,0.022400516964960798,0,0
CUST04217,0.00354259459771516,0,0
CUST04218,0.01,0,0
CUST04219,0.028684192228024895,0,0
CUST04220,0.026139739253604598,0,0
CUST04221,0.04919419552068639,0,0
CUST04222,0.006548657554059514,0,0
CUST04223,0.9567880256232442,1,1
CUST04224,0.024018216606933932,0,0
CUST04225,0.0018040277695055005,0,0
CUST04226,0.007590074452032468,0,0
CUST04227,0.019886260436142385,0,0
CUST04228,0.05681335797310276,0,0
CUST04229,0.02511110674025235,0,0
CUST04230,0.016147338485541694,0,0
CUST04231,0.014365313171815578,0,0
CUST04232,0.030869160612256294,0,0
CUST04233,0.937745353789297,1,1
CUST04234,0.9843096968023992,1,1
CUST04235,0.08366843031901289,0,0
CUST04236,0.03539051200822709,0,0
CUST04237,0.05017051448250991,0,0
CUST04238,0.9773271835366968,1,1
CUST04239,0.0437042539155922,0,0
CUST04240,0.011895636508925054,0,0
CUST04241,0.032008242156877156,0,0
CUST04242,0.041193020137715114,0,0
CUST04243,0.004998947262977109,0,0
CUST04244,0.005229258414521947,0,0
CUST04245,0.0395066043174491,0,0
CUST04246,0.0668992398347806,0,0
CUST04247,0.009152536543422183,0,0
CUST04248,0.009772382542587887,0,0
CUST04249,0.010845130788726681,0,0
CUST04250,0.0,0,0
CUST04251,0.03399739978055091,0,0
CUST04252,0.03353146397242059,0,0
CUST04253,0.0063627542930328055,0,0
CUST04254,0.1129246125636101,0,0
CUST04255,0.0038922732696326577,0,0
CUST04256,0.010549774293181277,0,0
CUST04257,0.024190037400169707,0,0
CUST04258,0.0,0,0
CUST04259,0.11892241653697411,0,0
CUST04260,0.9428590626026593,1,1
CUST04261,0.0056872940884983405,0,0
CUST04262,0.07542053827524776,0,0
CUST04263,0.010783603559429124,0,0
CUST04264,0.016175284144978236,0,0
CUST04265,0.9674466055112073,1,1
CUST04266,0.003374754212529194,0,0
CUST04267,0.008176844254586804,0,0
CUST04268,0.032711427317913475,0,0
CUST04269,0.005225737231039463,0,0
CUST04270,0.022155105799292,0,0
CUST04271,0.001956519453190771,0,0
CUST04272,0.019630336957714437,0,0
CUST04273,0.8824028554053527,1,1
CUST04274,0.05551887757527402,0,0
CUST04275,0.035273029076376076,0,0
CUST04276,0.022912157060156053,0,0
CUST04277,0.08268836609986822,0,0
CUST04278,0.010624337061825409,0,0
CUST04279,0.8302953564955453,1,1
CUST04280,0.018415258902853327,0,0
CUST04281,0.001956519453190771,0,0
CUST04282,0.005894712466372436,0,0
CUST04283,0.03279451539946992,0,0
CUST04284,0.0,0,0
CUST04285,0.023876045865964736,0,0
CUST04286,0.03976861137353958,0,0
CUST04287,0.0005497742931812782,0,0
CUST04288,0.00029535649554540114,0,0
CUST04289,0.0029781209781209778,0,0
CUST04290,0.053090387283408175,0,0
CUST04291,0.023170402000659993,0,0
CUST04292,0.010523914530486225,0,0
CUST04293,0.04155259426701034,0,0
CUST04294,0.06077042272106934,0,0
CUST04295,0.06025279695198875,0,0
CUST04296,0.021978985678683383,0,0
CUST04297,0.012826243964032015,0,0
CUST04298,0.03622751670259201,0,0
CUST04299,0.022945984018871914,0,0
CUST04300,0.0020765439538509376,0,0
CUST04301,0.021341397126496835,0,0
CUST04302,0.022761989485533162,0,0
CUST04303,0.010778957059179138,0,0
CUST04304,0.00443408413139789,0,0
CUST04305,0.0031271376448200588,0,0
CUST04306,0.014086785617593373,0,0
CUST04307,0.010738140995553964,0,0
CUST04308,0.0,0,0
CUST04309,0.910840606417716,1,1
CUST04310,0.01650158724922704,0,0
CUST04311,0.07015980077129763,0,0
CUST04312,0.00029535649554540114,0,0
CUST04313,0.030788159481379765,0,0
CUST04314,0.0018040277695055005,0,0
CUST04315,0.007856173128813366,0,0
CUST04316,0.9838297641584512,1,1
CUST04317,0.0,0,0
CUST04318,0.06630947937198566,0,0
CUST04319,0.00029535649554540114,0,0
CUST04320,0.007745453082795884,0,0
CUST04321,0.08059603814077657,0,0
CUST04322,0.007006226062957515,0,0
CUST04323,0.005053571586399495,0,0
CUST04324,0.026839897109290883,0,0
CUST04325,0.010917583563560363,0,0
CUST04326,0.01502824858757062,0,0
CUST04327,0.020739852212018767,0,0
CUST04328,0.00029535649554540114,0,0
CUST04329,0.024059073959266337,0,0
CUST04330,0.04398408277489513,0,0
CUST04331,0.10170471974963767,0,0
CUST04332,0.014737205104623534,0,0
CUST04333,0.9635335045341116,1,1
CUST04334,0.002602472062693032,0,0
CUST04335,0.0050282485875706205,0,0
CUST04336,0.00029535649554540114,0,0
CUST04337,0.022208614379924937,0,0
CUST04338,0.00029535649554540114,0,0
CUST04339,0.9619099386354187,1,1
CUST04340,0.009769363705916132,0,0
CUST04341,0.10264613724955401,0,0
CUST04342,0.031074417178583662,0,0
CUST04343,0.026309095769303945,0,0
CUST04344,0.014318601313037882,0,0
CUST04345,0.035242233671609224,0,0
CUST04346,0.051180678030791495,0,0
CUST04347,0.9726828910891246,1,1
CUST04348,0.9459299231632712,1,1
CUST04349,0.0023717916448197213,0,0
CUST04350,0.002602472062693032,0,0
CUST04351,0.9730747730810723,1,1
CUST04352,0.012207213175876594,0,0
CUST04353,0.05250850958381058,0,0
CUST04354,0.1306918539708479,0,0
CUST04355,0.001956519453190771,0,0
CUST04356,0.8964816388405046,1,1
CUST04357,0.06632217394261886,0,0
CUST04358,0.002602472062693032,0,0
CUST04359,0.08359827099265817,0,0
CUST04360,0.00029535649554540114,0,0
CUST04361,0.00029535649554540114,0,0
CUST04362,0.006351701830678391,0,0
CUST04363,0.039382827804826485,0,0
CUST04364,0.8966715078242012,1,1
CUST04365,0.0144916371211471,0,0
CUST04366,0.001465974687174689,0,0
CUST04367,0.00029535649554540114,0,0
CUST04368,0.02,0,0
CUST04369,0.002602472062693032,0,0
CUST04370,0.001465974687174689,0,0
CUST04371,0.01922576916548549,0,0
CUST04372,0.9905961932290138,1,1
CUST04373,0.0008451307887266794,0,0
CUST04374,0.02962977587457443,0,0
CUST04375,0.0023071155671476307,0,0
CUST04376,0.977954593770768,1,1
CUST04377,0.01640729605964042,0,0
CUST04378,0.01748938648842721,0,0
CUST04379,0.9820497345521345,1,1
CUST04380,0.029151537450163564,0,0
CUST04381,0.9896951467050537,1,1
CUST04382,0.0023071155671476307,0,0
CUST04383,0.9596312582832216,1,1
CUST04384,0.05864552635104147,0,0
CUST04385,0.9398316242480113,1,1
CUST04386,0.8928708104963686,1,1
CUST04387,0.03333967267466978,0,0
CUST04388,0.002951513190148798,0,0
CUST04389,0.0020765439538509376,0,0
CUST04390,0.07847199466118543,0,0
CUST04391,0.03136943096745334,0,0
CUST04392,0.024348660535849012,0,0
CUST04393,0.0018040277695055005,0,0
CUST04394,0.011443003895580854,0,0
CUST04395,0.04912116141190518,0,0
CUST04396,0.0,0,0
CUST04397,0.028291599230210688,0,0
CUST04398,0.01313828205585361,0,0
CUST04399,0.01713109807363494,0,0
CUST04400,0.0035480333519218544,0,0
CUST04401,0.0017495841524270376,0,0
CUST04402,0.9815606599823552,1,1
CUST04403,0.025750486083960328,0,0
CUST04404,0.004089082950262954,0,0
CUST04405,0.0027098447271505332,0,0
CUST04406,0.043878788647272356,0,0
CUST04407,0.017682919711237796,0,0
CUST04408,0.028562775474355182,0,0
CUST04409,0.9674773894496362,1,1
CUST04410,0.01007133324809032,0,0
CUST04411,0.05099932375463806,0,0
CUST04412,0.06134675369431086,0,0
CUST04413,0.015397625154550662,0,0
CUST04414,0.008155787423335675,0,0
CUST04415,0.005045590228142093,0,0
CUST04416,0.01695547149842291,0,0
CUST04417,0.017760429445383915,0,0
CUST04418,0.031861654241480186,0,0
CUST04419,0.9836759846404957,1,1
CUST04420,0.05394455698659388,0,0
CUST04421,0.0031568097279735556,0,0
CUST04422,0.941467280724825,1,1
CUST04423,0.007545381908751,0,0
CUST04424,0.007006226062957515,0,0
CUST04425,0.9585635097485411,1,1
CUST04426,0.020898803142802985,0,0
CUST04427,0.008681879284269342,0,0
CUST04428,0.011781187458305538,0,0
CUST04429,0.012668374693010713,0,0
CUST04430,0.983591171840544,1,1
CUST04431,0.0023071155671476307,0,0
CUST04432,0.031430846625459356,0,0
CUST04433,0.029460474682435244,0,0
CUST04434,0.000906458803684629,0,0
CUST04435,0.0,0,0
CUST04436,0.0038624498874587666,0,0
CUST04437,0.002602472062693032,0,0
CUST04438,0.00843319390404492,0,0
CUST04439,0.002602472062693032,0,0
CUST04440,0.006866468842729971,0,0
CUST04441,0.00381578684110773,0,0
CUST04442,0.00029535649554540114,0,0
CUST04443,0.09227926795868244,0,0
CUST04444,0.00029535649554540114,0,0
CUST04445,0.9608108024346932,1,1
CUST04446,0.9707035544262916,1,1
CUST04447,0.01913378217545487,0,0
CUST04448,0.013287216836369534,0,0
CUST04449,0.9296986598272468,1,1
CUST04450,0.02309288260642381,0,0
CUST04451,0.9151631596449313,1,1
CUST04452,0.006165128410289517,0,0
CUST04453,0.010787428661584917,0,0
CUST04454,0.005049706609766744,0,0
CUST04455,0.00272321245863963,0,0
CUST04456,0.9583949456768359,1,1
CUST04457,0.05977661096532463,0,0
CUST04458,0.06280855263694841,0,0
CUST04459,0.9972798192481008,1,1
CUST04460,0.0050282485875706205,0,0
CUST04461,0.03239287654863066,0,0
CUST04462,0.056933733499126137,0,0
CUST04463,0.0027098447271505332,0,0
CUST04464,0.03244145541471437,0,0
CUST04465,0.056389357125179104,0,0
CUST04466,0.9587449438921466,1,1
CUST04467,0.06802005750587284,0,0
CUST04468,0.01819064885545886,0,0
CUST04469,0.005792945522004087,0,0
CUST04470,0.0256584984037544,0,0
CUST04471,0.9516545634334023,1,1
CUST04472,0.9361991546360136,1,1
CUST04473,0.014235895390569252,0,0
CUST04474,0.00469334451846159,0,0
CUST04475,0.026893024477107588,0,0
CUST04476,0.0,0,0
CUST04477,0.00029535649554540114,0,0
CUST04478,0.04971706390932476,0,0
CUST04479,0.04741889871378541,0,0
CUST04480,0.03805457038796087,0,0
CUST04481,0.9793200435841206,1,1
CUST04482,0.9394460280723551,1,1
CUST04483,0.0023071155671476307,0,0
CUST04484,0.9493916755316986,1,1
CUST04485,0.009576265988376735,0,0
CUST04486,0.029101070225092424,0,0
CUST04487,0.009488171641038384,0,0
CUST04488,0.9806032956336918,1,1
CUST04489,0.019380456630339386,0,0
CUST04490,0.04488665991199386,0,0
CUST04491,0.0018040277695055005,0,0
CUST04492,0.9723694681274376,1,1
CUST04493,0.042361322275922736,0,0
CUST04494,0.030107827727090544,0,0
CUST04495,0.9569697923049749,1,1
CUST04496,0.9831463339612544,1,1
CUST04497,0.025212299758837,0,0
CUST04498,0.051964915750624174,0,0
CUST04499,0.06955641915628998,0,0
CUST04500,0.001170618191629288,0,0
CUST04501,0.00381578684110773,0,0
CUST04502,0.034791413042506034,0,0
CUST04503,0.002602472062693032,0,0
CUST04504,0.029057697395016582,0,0
CUST04505,0.00354259459771516,0,0
CUST04506,0.002788623764762593,0,0
CUST04507,0.012964033929256855,0,0
CUST04508,0.9478493105622683,1,1
CUST04509,0.022973840472488814,0,0
CUST04510,0.0020765439538509376,0,0
CUST04511,0.015369624130740828,0,0
CUST04512,0.008813725455234839,0,0
CUST04513,0.003527895271302256,0,0
CUST04514,0.9867917543051753,1,1
CUST04515,0.014798845874263208,0,0
CUST04516,0.022160108909591424,0,0
CUST04517,0.020359200423289224,0,0
CUST04518,0.016400109624099615,0,0
CUST04519,0.026927752322503645,0,0
CUST04520,0.017577465434039916,0,0
CUST04521,0.03339316090987971,0,0
CUST04522,0.013883272920457514,0,0
CUST04523,0.03113144484994358,0,0
CUST04524,0.021541123149907526,0,0
CUST04525,0.01679616253416157,0,0
CUST04526,0.023790300405716724,0,0
CUST04527,0.06575853635882296,0,0
CUST04528,0.006470800946657609,0,0
CUST04529,0.0029314922895759326,0,0
CUST04530,0.001956519453190771,0,0
CUST04531,0.00867966991747937,0,0
CUST04532,0.018691545784721927,0,0
CUST04533,0.05394936907378122,0,0
CUST04534,0.05120767510418094,0,0
CUST04535,0.8854297272276745,1,1
CUST04536,0.007767165466515715,0,0
CUST04537,0.024242517448246455,0,0
CUST04538,0.011756412307453145,0,0
CUST04539,0.011024984558429476,0,0
CUST04540,0.0020765439538509376,0,0
CUST04541,0.06354255211081467,0,0
CUST04542,0.022101581212568455,0,0
CUST04543,0.008630393511229828,0,0
CUST04544,0.006563374530945913,0,0
CUST04545,0.021284671664567188,0,0
CUST04546,0.0029598362752622153,0,0
CUST04547,0.0015086712739600995,0,0
CUST04548,0.0,0,0
CUST04549,0.002602472062693032,0,0
CUST04550,0.006367638965327463,0,0
CUST04551,0.9787498666224407,1,1
CUST04552,0.0023071155671476307,0,0
CUST04553,0.001465974687174689,0,0
CUST04554,0.024531089221960425,0,0
CUST04555,0.004263635020338402,0,0
CUST04556,0.017499189115506842,0,0
CUST04557,0.07233562353442573,0,0
CUST04558,0.002602472062693032,0,0
CUST04559,0.0169345146122869,0,0
CUST04560,0.008797428330880099,0,0
CUST04561,0.034529522772730664,0,0
CUST04562,0.009280909492831335,0,0
CUST04563,0.012207213175876594,0,0
CUST04564,0.017003031193030226,0,0
CUST04565,0.9934861185353177,1,1
CUST04566,0.03494965460959574,0,0
CUST04567,0.9227098447271506,1,1
CUST04568,0.001465974687174689,0,0
CUST04569,0.0195122613261479,0,0
CUST04570,0.01314547170532512,0,0
CUST04571,0.016041082649698425,0,0
CUST04572,0.03640487833997588,0,0
CUST04573,0.00867260991348123,0,0
CUST04574,0.052978003233680286,0,0
CUST04575,0.02068802976278366,0,0
CUST04576,0.004361100640784018,0,0
CUST04577,0.0020765439538509376,0,0
CUST04578,0.06083348131405427,0,0
CUST04579,0.029341907203580656,0,0
CUST04580,0.0020927776544703656,0,0
CUST04581,0.03795774728829814,0,0
CUST04582,0.0029314922895759326,0,0
CUST04583,0.000906458803684629,0,0
CUST04584,0.002602472062693032,0,0
CUST04585,0.002602472062693032,0,0
CUST04586,0.9792170662240985,1,1
CUST04587,0.0020927776544703656,0,0
CUST04588,0.010890255155400987,0,0
CUST04589,0.002602472062693032,0,0
CUST04590,0.06789940113658352,0,0
CUST04591,0.009307892033967053,0,0
CUST04592,0.008176844254586804,0,0
CUST04593,0.028120546966973272,0,0
CUST04594,0.00029535649554540114,0,0
CUST04595,0.034412703042449796,0,0
CUST04596,0.1029464321424698,0,0
CUST04597,0.029665931775015433,0,0
CUST04598,0.018418765147021735,0,0
CUST04599,0.015679921453117328,0,0
CUST04600,0.030656181468783378,0,0
CUST04601,0.001465974687174689,0,0
CUST04602,0.0017974211589249648,0,0
CUST04603,0.0018040277695055005,0,0
CUST04604,0.015257018702099879,0,0
CUST04605,0.9563299816529535,1,1
CUST04606,0.014318945981332886,0,0
CUST04607,0.9747507963236695,1,1
CUST04608,0.0008451307887266794,0,0
CUST04609,0.006233782693694898,0,0
CUST04610,0.028280393981958012,0,0
CUST04611,0.004263635020338402,0,0
CUST04612,0.04586314108168243,0,0
CUST04613,0.8996411642618631,1,1
CUST04614,0.05235181517765789,0,0
CUST04615,0.04490419939585497,0,0
CUST04616,0.018756054283696307,0,0
CUST04617,0.016105011381732454,0,0
CUST04618,0.0015525942670103418,0,0
CUST04619,0.958197532972367,1,1
CUST04620,0.9742216925403308,1,1
CUST04621,0.02184551669728494,0,0
CUST04622,0.024512000480877334,0,0
CUST04623,0.0,0,0
CUST04624,0.02413017010444442,0,0
CUST04625,0.008681879284269342,0,0
CUST04626,0.0378112407221443,0,0
CUST04627,0.00449103218545607,0,0
CUST04628,0.021021329590092345,0,0
CUST04629,0.003289858732265636,0,0
CUST04630,0.0012011734531904336,0,0
CUST04631,0.029743385435944993,0,0
CUST04632,0.047853061651892285,0,0
CUST04633,0.06605306843711795,0,0
CUST04634,0.04164223463095988,0,0
CUST04635,0.017178903826266804,0,0
CUST04636,0.02127607925544993,0,0
CUST04637,0.025305276581974154,0,0
CUST04638,0.01607100543076071,0,0
CUST04639,0.0020927776544703656,0,0
CUST04640,0.03827422158245461,0,0
CUST04641,0.003539308657081676,0,0
CUST04642,0.03627445903305555,0,0
CUST04643,0.0,0,0
CUST04644,0.11124409847487271,0,0
CUST04645,0.019199308309240014,0,0
CUST04646,0.05747865126216008,0,0
CUST04647,0.00880261968021594,0,0
CUST04648,0.040228677019344065,0,0
CUST04649,0.010566498212053419,0,0
CUST04650,0.03803832826263342,0,0
CUST04651,0.038785832189914916,0,0
CUST04652,0.017112406266859684,0,0
CUST04653,0.0596361084502901,0,0
CUST04654,0.1060169180481836,0,0
CUST04655,0.002415130077644728,0,0
CUST04656,0.028469924129211815,0,0
CUST04657,0.00029535649554540114,0,0
CUST04658,0.0018040277695055005,0,0
CUST04659,0.015066022945708362,0,0
CUST04660,0.0029781209781209778,0,0
CUST04661,0.06926969056872331,0,0
CUST04662,0.024784256801380616,0,0
CUST04663,0.9713398882332688,1,1
CUST04664,0.010171630616125566,0,0
CUST04665,0.002602472062693032,0,0
CUST04666,0.023163638796017162,0,0
CUST04667,0.042404739951260505,0,0
CUST04668,0.9255791901456767,1,1
CUST04669,0.9781421534130894,1,1
CUST04670,0.013042979925053362,0,0
CUST04671,0.016096504426208667,0,0
CUST04672,0.02059231734042088,0,0
CUST04673,0.0020765439538509376,0,0
CUST04674,0.06586713064196656,0,0
CUST04675,0.005045590228142093,0,0
CUST04676,0.9869262023783196,1,1
CUST04677,0.022538198744145012,0,0
CUST04678,0.027699164115977754,0,0
CUST04679,0.026033026775045376,0,0
CUST04680,0.03072708419660589,0,0
CUST04681,0.026607015939482292,0,0
CUST04682,0.024756550742009623,0,0
CUST04683,0.028425390355687297,0,0
CUST04684,0.007499189115506843,0,0
CUST04685,0.028617486564764247,0,0
CUST04686,0.01662423109556694,0,0
CUST04687,0.015620936618014239,0,0
CUST04688,0.9477215540877916,1,1
CUST04689,0.011465974687174689,0,0
CUST04690,0.0633389170771878,0,0
CUST04691,0.017135145277086438,0,0
CUST04692,0.013908136201783805,0,0
CUST04693,0.0015525942670103418,0,0
CUST04694,0.9462397946702709,1,1
CUST04695,0.00641945626040318,0,0
CUST04696,0.0033424989764513796,0,0
CUST04697,0.01914154551585119,0,0
CUST04698,0.010207710779816066,0,0
CUST04699,0.00029535649554540114,0,0
CUST04700,0.10248372041621204,0,0
CUST04701,0.017601090736098904,0,0
CUST04702,0.03617767174002676,0,0
CUST04703,0.001956519453190771,0,0
CUST04704,0.00808061921804855,0,0
CUST04705,0.015040129012127479,0,0
CUST04706,0.003539308657081676,0,0
CUST04707,0.03793754391007435,0,0
CUST04708,0.007415985592393648,0,0
CUST04709,0.013922872388733798,0,0
CUST04710,0.003859709834157973,0,0
CUST04711,0.0023071155671476307,0,0
CUST04712,0.033078454283495755,0,0
CUST04713,0.03373053455300498,0,0
CUST04714,0.00029535649554540114,0,0
CUST04715,0.0020765439538509376,0,0
CUST04716,0.0457894961434192,0,0
CUST04717,0.07311232144161348,0,0
CUST04718,0.008454106702413242,0,0
CUST04719,0.044757780506718935,0,0
CUST04720,0.03465039868134465,0,0
CUST04721,0.08213282187165309,0,0
CUST04722,0.9764410959296004,1,1
CUST04723,0.018039510106402434,0,0
CUST04724,0.00029535649554540114,0,0
CUST04725,0.025763317852674987,0,0
CUST04726,0.005345063105312146,0,0
CUST04727,0.014673537411766302,0,0
CUST04728,0.06619701707699331,0,0
CUST04729,0.021049434970061814,0,0
CUST04730,0.04888514260753556,0,0
CUST04731,0.10482474219924288,0,0
CUST04732,0.046266170497814604,0,0
CUST04733,0.0029781209781209778,0,0
CUST04734,0.00029535649554540114,0,0
CUST04735,0.0023071155671476307,0,0
CUST04736,0.03179762853090192,0,0
CUST04737,0.04226065878309668,0,0
CUST04738,0.027118597177909824,0,0
CUST04739,0.05393453117900104,0,0
CUST04740,0.00029535649554540114,0,0
CUST04741,0.005827075327958707,0,0
CUST04742,0.0033161364287761534,0,0
CUST04743,0.0029746459611347874,0,0
CUST04744,0.02859834937574971,0,0
CUST04745,0.9635236762175104,1,1
CUST04746,0.014615166225764056,0,0
CUST04747,0.0020765439538509376,0,0
CUST04748,0.9958263895707579,1,1
CUST04749,0.016529936507169128,0,0
CUST04750,0.00029535649554540114,0,0
CUST04751,0.00029535649554540114,0,0
CUST04752,0.002602472062693032,0,0
CUST04753,0.00029535649554540114,0,0
CUST04754,0.01956547017387248,0,0
CUST04755,0.005345063105312146,0,0
CUST04756,0.02225858567009632,0,0
CUST04757,0.00029535649554540114,0,0
CUST04758,0.046106591615735854,0,0
CUST04759,0.9526494178643417,1,1
CUST04760,0.00029535649554540114,0,0
CUST04761,0.028219044654985623,0,0
CUST04762,0.033567080765043784,0,0
CUST04763,0.06363412214913615,0,0
CUST04764,0.048032724605508496,0,0
CUST04765,0.015411996448070578,0,0
CUST04766,0.04938965177310001,0,0
CUST04767,0.01711852567754133,0,0
CUST04768,0.017208274045809865,0,0
CUST04769,0.004448411555360193,0,0
CUST04770,0.0032472381021697596,0,0
CUST04771,0.024356003651097562,0,0
CUST04772,0.8601680007122663,1,1
CUST04773,0.013059420767901836,0,0
CUST04774,0.012307115567147631,0,0
CUST04775,0.011852785131106259,0,0
CUST04776,0.006374763717121712,0,0
CUST04777,0.002616319384211399,0,0
CUST04778,0.02726383511748415,0,0
CUST04779,0.04049185469102962,0,0
CUST04780,0.9830041157902071,1,1
CUST04781,0.030687987229644526,0,0
CUST04782,0.9887416488177351,1,1
CUST04783,0.024362516881424136,0,0
CUST04784,0.06507923259256805,0,0
CUST04785,0.015739748270488664,0,0
CUST04786,0.024737320630050394,0,0
CUST04787,0.004089082950262954,0,0
CUST04788,0.8713465518985823,1,1
CUST04789,0.02203281219215062,0,0
CUST04790,0.9593485918570266,1,1
CUST04791,0.03217664076333843,0,0
CUST04792,0.029597702882780103,0,0
CUST04793,0.001465974687174689,0,0
CUST04794,0.022680854172932863,0,0
CUST04795,0.0017974211589249648,0,0
CUST04796,0.014850362862691684,0,0
CUST04797,0.003859709834157973,0,0
CUST04798,0.03515038064123315,0,0
CUST04799,0.03757240880511815,0,0
CUST04800,0.04813306197417974,0,0
CUST04801,0.04317627958858191,0,0
CUST04802,0.007533372484662093,0,0
CUST04803,0.03785820783272415,0,0
CUST04804,0.9801466904276824,1,1
CUST04805,0.007548130031021736,0,0
CUST04806,0.9553093956239614,1,1
CUST04807,0.010210360808346535,0,0
CUST04808,0.008520447443753238,0,0
CUST04809,0.005497589026458686,0,0
CUST04810,0.9937732470308929,1,1
CUST04811,0.017949279115394585,0,0
CUST04812,0.01,0,0
CUST04813,0.001465974687174689,0,0
CUST04814,0.0017811874583055368,0,0
CUST04815,0.0029746459611347887,0,0
CUST04816,0.0,0,0
CUST04817,0.008703553671349881,0,0
CUST04818,0.08040059726691041,0,0
CUST04819,0.08328529335430859,0,0
CUST04820,0.010404625466619155,0,0
CUST04821,0.001170618191629288,0,0
CUST04822,0.0029823609114959706,0,0
CUST04823,0.9958094827702796,1,1
CUST04824,0.9737802320844314,1,1
CUST04825,0.0,0,0
CUST04826,0.021373091799268586,0,0
CUST04827,0.014821759772077106,0,0
CUST04828,0.004222595232460783,0,0
CUST04829,0.038472630745614286,0,0
CUST04830,0.02327413121667484,0,0
CUST04831,0.9237486683767686,1,1
CUST04832,0.046421342987648856,0,0
CUST04833,0.001956519453190771,0,0
CUST04834,0.020505416413912635,0,0
CUST04835,0.001170618191629288,0,0
CUST04836,0.036770849386939496,0,0
CUST04837,0.0,0,0
CUST04838,0.007840738404296402,0,0
CUST04839,0.06175185439332873,0,0
CUST04840,0.005260311437613775,0,0
CUST04841,0.0018040277695055005,0,0
CUST04842,0.026222753471200018,0,0
CUST04843,0.0,0,0
CUST04844,0.7009300918393012,1,1
CUST04845,0.011351419234905185,0,0
CUST04846,0.002602472062693032,0,0
CUST04847,0.013723050071278836,0,0
CUST04848,0.052722870521445524,0,0
CUST04849,0.020446834527025382,0,0
CUST04850,0.9641532178504016,1,1
CUST04851,0.02049854277996253,0,0
CUST04852,0.04466742912934709,0,0
CUST04853,0.10009535025904297,0,0
CUST04854,0.00029535649554540114,0,0
CUST04855,0.002602472062693032,0,0
CUST04856,0.0,0,0
CUST04857,0.9944388923776667,1,1
CUST04858,0.002602472062693032,0,0
CUST04859,0.011302124349775894,0,0
CUST04860,0.02113655157140139,0,0
CUST04861,0.00029535649554540114,0,0
CUST04862,0.06099478442475796,0,0
CUST04863,0.020449081160359612,0,0
CUST04864,0.043131382848027054,0,0
CUST04865,0.000906458803684629,0,0
CUST04866,0.9632253282845875,1,1
CUST04867,0.006191931305348413,0,0
CUST04868,0.01170151560701111,0,0
CUST04869,0.017100847460594034,0,0
CUST04870,0.9347568847791621,1,1
CUST04871,0.00969297704013614,0,0
CUST04872,0.0008451307887266794,0,0
CUST04873,0.02117667445136787,0,0
CUST04874,0.01766007274802269,0,0
CUST04875,0.04073041096427744,0,0
CUST04876,0.02029249887194202,0,0
CUST04877,0.006470800946657609,0,0
CUST04878,0.004111143336653131,0,0
CUST04879,0.009307892033967053,0,0
CUST04880,0.9111409757345433,1,1
CUST04881,0.008564090487684027,0,0
CUST04882,0.9516623483569484,1,1
CUST04883,0.03452433381452189,0,0
CUST04884,0.009628052483193865,0,0
CUST04885,0.008681879284269342,0,0
CUST04886,0.0029781209781209778,0,0
CUST04887,0.16521021934830937,0,0
CUST04888,0.017486568331767195,0,0
CUST04889,0.002602472062693032,0,0
CUST04890,0.06825804563906361,0,0
CUST04891,0.003859709834157973,0,0
CUST04892,0.8739600054596411,1,1
CUST04893,0.003477362783233539,0,0
CUST04894,0.96468954371913,1,1
CUST04895,0.01,0,0
CUST04896,0.057631867397892354,0,0
CUST04897,0.0017495841524270376,0,0
CUST04898,0.02226215693526541,0,0
CUST04899,0.10184642624975844,0,0
CUST04900,0.004843030556718292,0,0
CUST04901,0.027762059420359787,0,0
CUST04902,0.018134608851156014,0,0
CUST04903,0.00029535649554540114,0,0
CUST04904,0.9587528152395494,1,1
CUST04905,0.0,0,0
CUST04906,0.002602472062693032,0,0
CUST04907,0.9815066937817306,1,1
CUST04908,0.022223831526536557,0,0
CUST04909,0.012382973544507741,0,0
CUST04910,0.03,0,0
CUST04911,0.0063627542930328055,0,0
CUST04912,0.005065720581203192,0,0
CUST04913,0.007545381908751,0,0
CUST04914,0.9567704112515911,1,1
CUST04915,0.001465974687174689,0,0
CUST04916,0.001170618191629288,0,0
CUST04917,0.007421498254586465,0,0
CUST04918,0.001455591250826311,0,0
CUST04919,0.04060693360703615,0,0
CUST04920,0.030200528418319546,0,0
CUST04921,0.000906458803684629,0,0
CUST04922,0.038395530614132645,0,0
CUST04923,0.001465974687174689,0,0
CUST04924,0.0,0,0
CUST04925,0.001465974687174689,0,0
CUST04926,0.11929317269076306,0,0
CUST04927,0.07321151328400999,0,0
CUST04928,0.057369392850917016,0,0
CUST04929,0.03696316888942268,0,0
CUST04930,0.00029535649554540114,0,0
CUST04931,0.0020927776544703656,0,0
CUST04932,0.01333839805794387,0,0
CUST04933,0.016644565137004935,0,0
CUST04934,0.09809903636831174,0,0
CUST04935,0.011443003895580854,0,0
CUST04936,0.001465974687174689,0,0
CUST04937,0.029663885720108002,0,0
CUST04938,0.010638398737460112,0,0
CUST04939,0.02348640773354017,0,0
CUST04940,0.0029314922895759326,0,0
CUST04941,0.019883591172855236,0,0
CUST04942,0.027246985788247687,0,0
CUST04943,0.010125806140892962,0,0
CUST04944,0.00029535649554540114,0,0
CUST04945,0.0023071155671476307,0,0
CUST04946,0.9434459308779668,1,1
CUST04947,0.9837373169675603,1,1
CUST04948,0.9682937212538079,1,1
CUST04949,0.02334859712183405,0,0
CUST04950,0.016885136133935857,0,0
CUST04951,0.0023071155671476307,0,0
CUST04952,0.9507847002953591,1,1
CUST04953,0.050692540251109336,0,0
CUST04954,0.002602472062693032,0,0
CUST04955,0.0,0,0
CUST04956,0.9046345177116217,1,1
CUST04957,0.0073877057789479336,0,0
CUST04958,0.01480443422503385,0,0
CUST04959,0.010238963898961112,0,0
CUST04960,0.08076751485594917,0,0
CUST04961,0.08831514887161969,0,0
CUST04962,0.037185390312607466,0,0
CUST04963,0.04392694461161442,0,0
CUST04964,0.06408852301643468,0,0
CUST04965,0.013483552635732386,0,0
CUST04966,0.9248043154965281,1,1
CUST04967,0.05490783882659387,0,0
CUST04968,0.0023071155671476307,0,0
CUST04969,0.039644228912985864,0,0
CUST04970,0.007238015989116692,0,0
CUST04971,0.9691638643585498,1,1
CUST04972,0.9581686706904979,1,1
CUST04973,0.002602472062693032,0,0
CUST04974,0.0026361357940305314,0,0
CUST04975,0.015894712466372436,0,0
CUST04976,0.01894065650957656,0,0
CUST04977,0.0023071155671476307,0,0
CUST04978,0.034370524137959324,0,0
CUST04979,0.04889527761092489,0,0
CUST04980,0.0015525942670103418,0,0
CUST04981,0.8898458201751227,1,1
CUST04982,0.062490846931998245,0,0
CUST04983,0.026127000160426128,0,0
CUST04984,0.006793298577184958,0,0
CUST04985,0.07671749993316682,0,0
CUST04986,0.9760963525988743,1,1
CUST04987,0.001465974687174689,0,0
CUST04988,0.055345703872410244,0,0
CUST04989,0.0015086712739600995,0,0
CUST04990,0.03738121334454872,0,0
CUST04991,0.023044203527388504,0,0
CUST04992,0.06409830816475934,0,0
CUST04993,0.061397806461271916,0,0
CUST04994,0.02088371713885039,0,0
CUST04995,0.0018040277695055005,0,0
CUST04996,0.9584131724102716,1,1
CUST04997,0.9738520775602804,1,1
CUST04998,0.0178407384042964,0,0
CUST04999,0.027464319991511096,0,0
CUST05000,0.01072893500567524,0,0
