customer_id,recency,frequency,monetary,cluster,cluster_name,pca1,pca2
CUST00001,55,11,14304.51,2,Potential Loyalists,0.42955571439864126,-0.24861709241942717
CUST00002,113,7,11497.41,1,Low Spenders,-0.9624817457759723,-0.12522268298622155
CUST00003,160,9,12647.02,4,Lost Customers,-0.6137610099800123,0.5390312215500251
CUST00004,199,8,15770.68,4,Lost Customers,-0.6292185604839223,1.0384767875871683
CUST00005,84,5,7926.14,1,Low Spenders,-1.6621127863029426,-0.7593136213634758
CUST00006,106,6,8259.98,1,Low Spenders,-1.5088811745020982,-0.456281794849034
CUST00007,64,10,13486.72,2,Potential Loyalists,0.09139075985796216,-0.2783726174901682
CUST00008,112,8,8169.55,1,Low Spenders,-1.1294591853024833,-0.26632917098505243
CUST00009,4,12,19194.12,0,Champions,1.406909894972401,-0.3840197359911302
CUST00010,29,6,6329.65,1,Low Spenders,-1.4058848598297298,-1.323117388167463
CUST00011,35,12,16513.24,2,Potential Loyalists,0.972045031472643,-0.2426353743470149
CUST00012,133,7,9909.26,1,Low Spenders,-1.2269478059572287,-0.02551506351253214
CUST00013,74,14,34685.52,0,Champions,3.2908493253491904,1.3655480268099687
CUST00014,169,5,6360.52,1,Low Spenders,-2.1963390312690887,-0.024335524226146828
CUST00015,79,10,18057.14,2,Potential Loyalists,0.5484961357403157,0.14229972663600146
CUST00016,31,10,14277.41,2,Potential Loyalists,0.3195992467160947,-0.5527390541908773
CUST00017,88,12,8698.37,2,Potential Loyalists,-0.13905397369539296,-0.19491151663535392
CUST00018,17,11,26446.98,0,Champions,1.9701359235951599,0.1097537784942984
CUST00019,77,10,9187.13,1,Low Spenders,-0.45221240789367223,-0.4097134505731166
CUST00020,77,10,14299.98,2,Potential Loyalists,0.12944580421020727,-0.10276525267681956
CUST00021,8,8,15784.32,2,Potential Loyalists,0.17254468656077435,-0.8234476980733714
CUST00022,57,10,15598.5,2,Potential Loyalists,0.360962400203849,-0.21986070996243468
CUST00023,73,12,16098.55,2,Potential Loyalists,0.7656638593586976,0.10306700866304645
CUST00024,78,7,8326.81,1,Low Spenders,-1.1765462335602566,-0.6569089736071766
CUST00025,32,11,13730.59,2,Potential Loyalists,0.4606248335965537,-0.5073815926216546
CUST00026,69,7,7825.52,1,Low Spenders,-1.1958686823579565,-0.7747769942503032
CUST00027,37,15,19161.66,0,Champions,1.8872314790871043,0.14116586860169664
CUST00028,120,9,10177.87,1,Low Spenders,-0.7270778023612422,0.0006933261950360302
CUST00029,1,16,24838.79,0,Champions,2.8913332408557606,0.19933046381923744
CUST00030,7,11,18393.76,2,Potential Loyalists,1.0958653809904042,-0.47124435515326546
CUST00031,153,8,7670.37,1,Low Spenders,-1.3580210439762535,0.10355863290905622
CUST00032,156,9,12575.14,4,Lost Customers,-0.6051800093711611,0.4957055982659864
CUST00033,44,12,17382.47,2,Potential Loyalists,1.0332258024510255,-0.10267820187389842
CUST00034,118,10,18274.89,2,Potential Loyalists,0.40987427190858705,0.5357230113766608
CUST00035,19,16,17382.84,0,Champions,1.9677020230112345,-0.07273844523566242
CUST00036,120,12,16871.99,2,Potential Loyalists,0.6567427943741913,0.6078716163791533
CUST00037,307,9,14142.22,4,Lost Customers,-1.0595306819169448,2.062424746384553
CUST00038,176,15,25383.6,0,Champions,2.0127113176928,1.870306945552621
CUST00039,12,6,8767.36,1,Low Spenders,-1.057338232110167,-1.3425642150475818
CUST00040,58,13,16311.97,2,Potential Loyalists,1.0602108059829047,0.03802388969433742
CUST00041,6,13,16612.82,2,Potential Loyalists,1.3122953320981539,-0.4510490011047369
CUST00042,216,5,7346.91,3,Lost Customers,-2.281034054756677,0.49325346377532253
CUST00043,109,12,15070.92,2,Potential Loyalists,0.49793136578950636,0.39246658273287666
CUST00044,487,10,17562.69,3,Lost Customers,-1.2171067961610649,4.091669465810306
CUST00045,83,10,8028.37,1,Low Spenders,-0.6091751022287261,-0.4207637119693625
CUST00046,81,11,12452.79,2,Potential Loyalists,0.10996734536073773,-0.1062173094175704
CUST00047,26,11,18060.66,2,Potential Loyalists,0.978368404473488,-0.30594282198486644
CUST00048,10,11,12044.15,2,Potential Loyalists,0.360939650508646,-0.8231832668047021
CUST00049,8,10,13095.36,2,Potential Loyalists,0.28148507117101035,-0.8480124305750141
CUST00050,23,7,10321.41,1,Low Spenders,-0.7192051836495335,-1.0735559125829832
CUST00051,44,7,5715.86,1,Low Spenders,-1.3311322938350916,-1.1452442852069562
CUST00052,326,11,16294.45,4,Lost Customers,-0.4794394022242269,2.513798274295963
CUST00053,54,13,17979.0,0,Champions,1.2666171450252242,0.09909313244467294
CUST00054,12,13,17151.21,2,Potential Loyalists,1.348407192008208,-0.36021144375807035
CUST00055,71,13,19504.46,0,Champions,1.368936546323476,0.35646751234447127
CUST00056,496,7,5253.71,3,Lost Customers,-3.2774025665518605,3.235178226641136
CUST00057,4,10,15996.87,2,Potential Loyalists,0.628330779582272,-0.7128316040037137
CUST00058,2,12,18837.83,2,Potential Loyalists,1.3747561013414529,-0.4249146501192537
CUST00059,197,12,21058.68,4,Lost Customers,0.8104389943390033,1.6101670091842264
CUST00060,158,13,20548.84,0,Champions,1.123255135054119,1.2676412312545573
CUST00061,50,15,22387.29,0,Champions,2.1997273580292624,0.4615990397968266
CUST00062,21,9,11468.25,2,Potential Loyalists,-0.16550971124823038,-0.8873448724296273
CUST00063,94,6,7817.57,1,Low Spenders,-1.508936432502998,-0.5998727239512637
CUST00064,73,10,15049.34,2,Potential Loyalists,0.231454343297244,-0.09678801394840823
CUST00065,27,10,15818.01,2,Potential Loyalists,0.5116224046057706,-0.49925999317089365
CUST00066,106,10,14141.93,2,Potential Loyalists,-0.010032676378546882,0.17057117754493997
CUST00067,53,10,19059.97,2,Potential Loyalists,0.7715113919990725,-0.05106287665438067
CUST00068,9,8,13741.67,2,Potential Loyalists,-0.06402491498557206,-0.9363249079068534
CUST00069,6,8,8739.41,1,Low Spenders,-0.6205332004119015,-1.265891622130034
CUST00070,0,11,13549.74,2,Potential Loyalists,0.5741174653641493,-0.8303215173082066
CUST00071,30,6,5257.97,1,Low Spenders,-1.5319930407972395,-1.377702746741595
CUST00072,0,13,18835.55,0,Champions,1.5902994980062373,-0.3761236653144206
CUST00073,162,12,21021.71,0,Champions,0.9528687559841135,1.2666071219143913
CUST00074,44,17,21996.04,0,Champions,2.5952019324566633,0.5164610416945468
CUST00075,101,14,17923.65,0,Champions,1.2708332239285831,0.6225746463652703
CUST00076,12,17,24008.52,0,Champions,2.9582165346231175,0.3251969320410753
CUST00077,143,10,14735.08,4,Lost Customers,-0.09756836059454432,0.567026306603106
CUST00078,37,7,8681.96,1,Low Spenders,-0.9643698022487841,-1.0354435692012185
CUST00079,106,16,15390.93,0,Champions,1.3766001490197384,0.6561526438709778
CUST00080,66,16,24728.51,0,Champions,2.6064640606672276,0.8266277386385518
CUST00081,7,9,8907.22,1,Low Spenders,-0.39820845394025656,-1.1776315933697867
CUST00082,45,5,6823.38,1,Low Spenders,-1.6241731905397185,-1.2058681782165972
CUST00083,3,11,15118.99,2,Potential Loyalists,0.7400728382789169,-0.7068543821573567
CUST00084,32,12,12055.99,2,Potential Loyalists,0.4775392577919613,-0.5394825999610129
CUST00085,104,8,9913.6,1,Low Spenders,-0.8975323876616851,-0.2396463910374667
CUST00086,59,13,18055.03,0,Champions,1.254318675933625,0.15242048258497026
CUST00087,32,13,17552.27,0,Champions,1.3102415967533934,-0.1410822835121515
CUST00088,138,13,18600.64,0,Champions,0.9854119120814486,0.9556300512166873
CUST00089,98,14,13630.39,2,Potential Loyalists,0.7949836068343284,0.3355725042121628
CUST00090,5,12,17963.71,2,Potential Loyalists,1.262743956001576,-0.44813439572842545
CUST00091,108,11,20543.62,0,Champions,0.9172935379550309,0.642832639172868
CUST00092,3,12,19313.5,0,Champions,1.4246806290391563,-0.3866053816233887
CUST00093,125,13,14151.3,2,Potential Loyalists,0.5337019019338695,0.5617318694603876
CUST00094,1,11,16658.63,2,Potential Loyalists,0.9236076046632453,-0.6339277883520329
CUST00095,72,10,26718.97,0,Champions,1.5632275934465825,0.5940416416215406
CUST00096,198,12,16977.42,4,Lost Customers,0.3419489868004822,1.374902546504803
CUST00097,10,12,12817.62,2,Potential Loyalists,0.6563562837078665,-0.7083152304944348
CUST00098,34,12,14016.66,2,Potential Loyalists,0.6922137203913368,-0.40226928225350356
CUST00099,55,9,12868.74,2,Potential Loyalists,-0.1486304093221172,-0.4716791121809631
CUST00100,10,12,16201.23,2,Potential Loyalists,1.0412892551536956,-0.5051813634958158
CUST00101,0,14,20367.2,0,Champions,1.971969712525645,-0.21573855248498794
CUST00102,266,11,15855.19,4,Lost Customers,-0.2780360298416744,1.902272469010633
CUST00103,160,12,11768.72,4,Lost Customers,-0.09140912022789732,0.6916018716285499
CUST00104,365,10,16144.58,4,Lost Customers,-0.8673067842444956,2.8167185884169608
CUST00105,79,12,21721.74,0,Champions,1.3802428514759957,0.49916879176698975
CUST00106,30,10,15526.78,2,Potential Loyalists,0.465922150921865,-0.4874861373499875
CUST00107,246,11,11723.01,4,Lost Customers,-0.6643375299143243,1.4591467979860226
CUST00108,29,13,21667.96,0,Champions,1.7910276765152793,0.07674400636385739
CUST00109,50,19,25925.72,0,Champions,3.4319676722182795,0.9477595919684333
CUST00110,159,5,4839.57,1,Low Spenders,-2.327472480241172,-0.2131710666238119
CUST00111,97,10,12559.72,2,Potential Loyalists,-0.1523248963659604,-0.012189504934553091
CUST00112,13,12,16080.83,2,Potential Loyalists,1.0150233037422418,-0.483151787157659
CUST00113,64,12,12813.03,2,Potential Loyalists,0.4295962989527979,-0.18195130604871257
CUST00114,1,13,19293.18,0,Champions,1.638171723339046,-0.33889742203737633
CUST00115,185,11,12198.77,4,Lost Customers,-0.35464824310996385,0.8928013218524022
CUST00116,103,10,19171.22,2,Potential Loyalists,0.5746881839026396,0.4432451303874074
CUST00117,104,10,11570.41,2,Potential Loyalists,-0.29419987177150236,-0.0033143106125048402
CUST00118,78,8,9669.4,1,Low Spenders,-0.8163842388361412,-0.5078740130987144
CUST00119,223,10,16320.97,4,Lost Customers,-0.2523183108153456,1.4424413116241777
CUST00120,60,9,13565.87,2,Potential Loyalists,-0.09027006473099136,-0.38106423635276354
CUST00121,39,7,6513.78,1,Low Spenders,-1.2194097863953723,-1.1461043465452219
CUST00122,3,11,19228.92,2,Potential Loyalists,1.2076348703495032,-0.4601161428231443
CUST00123,102,11,12186.96,2,Potential Loyalists,-0.008255905679442349,0.08262792120801744
CUST00124,86,9,12724.36,2,Potential Loyalists,-0.2949329142544441,-0.17801684213664898
CUST00125,177,8,12460.89,4,Lost Customers,-0.9135825154150943,0.6252178523745671
CUST00126,204,5,6780.69,3,Lost Customers,-2.295174432258556,0.3422296437450313
CUST00127,13,10,11486.2,2,Potential Loyalists,0.07747266514495464,-0.8958548846755728
CUST00128,96,11,10691.63,2,Potential Loyalists,-0.15323307740006897,-0.0656592011552021
CUST00129,59,7,13994.97,1,Low Spenders,-0.4521115489026902,-0.5019220076667382
CUST00130,98,8,6884.72,1,Low Spenders,-1.216972324996774,-0.47999966219907975
CUST00131,4,8,9972.93,1,Low Spenders,-0.47182386639684654,-1.2113428376365452
CUST00132,51,10,13938.69,2,Potential Loyalists,0.19727332754209448,-0.3780223327686523
CUST00133,1,12,16037.53,2,Potential Loyalists,1.0603723914649168,-0.6027822841599071
CUST00134,52,8,12045.64,1,Low Spenders,-0.43712438219098787,-0.6187844176207477
CUST00135,197,11,20978.6,4,Lost Customers,0.5939051736006821,1.5369264039426023
CUST00136,160,13,21236.13,0,Champions,1.1930648091052607,1.328407616969697
CUST00137,66,10,16597.85,2,Potential Loyalists,0.436946141454967,-0.07209182787329857
CUST00138,126,6,5216.86,1,Low Spenders,-1.93887042602767,-0.4439228007981861
CUST00139,61,13,17943.37,0,Champions,1.233236610825512,0.16522217880027193
CUST00140,28,9,13776.46,2,Potential Loyalists,0.06775434296313089,-0.680504194761305
CUST00141,8,14,16317.48,0,Champions,1.4777406979409597,-0.380841440873767
CUST00142,91,5,10360.73,1,Low Spenders,-1.414471239138397,-0.54488576369767
CUST00143,17,4,6176.4,1,Low Spenders,-1.7878913236867242,-1.5862147555067831
CUST00144,53,6,4869.9,1,Low Spenders,-1.6725019799511083,-1.1766909865756014
CUST00145,170,5,6940.63,1,Low Spenders,-2.134532992540917,0.02024376388466685
CUST00146,79,10,10622.91,2,Potential Loyalists,-0.2972515255775448,-0.3040117241686551
CUST00147,82,12,15504.51,2,Potential Loyalists,0.6603771978825306,0.15517726805721208
CUST00148,1,9,14121.14,2,Potential Loyalists,0.22008541877772808,-0.923131190823077
CUST00149,45,13,19589.45,0,Champions,1.4875346627487884,0.1080026991404133
CUST00150,169,11,15442.41,4,Lost Customers,0.08139460737549854,0.931490809408716
CUST00151,47,9,10451.1,1,Low Spenders,-0.39015406783211426,-0.6948419654326772
CUST00152,220,8,15079.94,4,Lost Customers,-0.7957812681686468,1.20181269195282
CUST00153,57,9,10640.23,1,Low Spenders,-0.4105337749362293,-0.5859617804036513
CUST00154,18,10,14241.72,2,Potential Loyalists,0.37000366743433155,-0.6816652704788003
CUST00155,26,11,13391.21,2,Potential Loyalists,0.4471531451741813,-0.5862716528065931
CUST00156,0,12,14489.41,2,Potential Loyalists,0.8884416735658957,-0.7054757209442776
CUST00157,14,15,20565.9,0,Champions,2.143343971130966,0.0011595262078420577
CUST00158,111,15,26640.56,0,Champions,2.4280313889998437,1.3118502116378365
CUST00159,36,5,4104.58,1,Low Spenders,-1.895768422994767,-1.4568636519078317
CUST00160,45,13,12694.81,2,Potential Loyalists,0.7031729123551933,-0.30591465089796566
CUST00161,229,5,7673.68,3,Lost Customers,-2.2983240535029807,0.6396545681283466
CUST00162,25,9,10529.37,1,Low Spenders,-0.2890788015655842,-0.9046998794213957
CUST00163,90,14,11893.7,2,Potential Loyalists,0.630927536759771,0.15329025089150158
CUST00164,6,10,14178.59,2,Potential Loyalists,0.41309681525147063,-0.8024862547365483
CUST00165,1,17,21800.69,0,Champions,2.7531304657975935,0.08537220116599331
CUST00166,36,14,26738.53,0,Champions,2.5459724243757638,0.5178550500243203
CUST00167,95,8,13052.26,1,Low Spenders,-0.5027596040259056,-0.13899126061364905
CUST00168,25,2,3795.96,1,Low Spenders,-2.507063587373677,-1.787969050813401
CUST00169,23,2,6150.86,1,Low Spenders,-2.230781591166489,-1.6660986022466557
CUST00170,14,17,16463.32,0,Champions,2.091465305349681,-0.10827139863469942
CUST00171,26,15,28154.52,0,Champions,2.9563805862846992,0.5737707241011564
CUST00172,12,9,14180.12,2,Potential Loyalists,0.1807097394433371,-0.8123119334215876
CUST00173,23,8,12703.68,2,Potential Loyalists,-0.24076504464968873,-0.8621041195077878
CUST00174,254,10,18885.61,4,Lost Customers,-0.09043189376606706,1.8987386691568844
CUST00175,193,12,25211.09,0,Champions,1.2995920768216231,1.8204451886503854
CUST00176,40,8,13709.14,2,Potential Loyalists,-0.1976029177275711,-0.6359477614365341
CUST00177,10,14,17534.53,0,Champions,1.60781798290268,-0.28827109507422394
CUST00178,94,12,20192.16,0,Champions,1.143387893330622,0.5536297259813857
CUST00179,214,12,13633.88,4,Lost Customers,-0.10545888620454909,1.3302155966779672
CUST00180,129,10,19636.15,4,Lost Customers,0.5186511604098729,0.7247242023682986
CUST00181,26,11,17442.94,2,Potential Loyalists,0.908094113074208,-0.3430274305308831
CUST00182,216,6,10037.59,4,Lost Customers,-1.7675079638523254,0.723220545527713
CUST00183,36,5,7741.63,1,Low Spenders,-1.4820031061299235,-1.2385146013472388
CUST00184,25,10,6894.34,1,Low Spenders,-0.49519071468787784,-1.054494630094088
CUST00185,56,9,12067.43,2,Potential Loyalists,-0.243980220533713,-0.5100329004439728
CUST00186,2,12,19084.24,2,Potential Loyalists,1.4027886859164973,-0.410121510198539
CUST00187,234,12,17422.98,4,Lost Customers,0.24181246445855445,1.752744577454621
CUST00188,108,15,22374.32,0,Champions,1.9552556748933643,1.0264702059266662
CUST00189,12,13,13275.97,2,Potential Loyalists,0.9075444305594192,-0.5928601493558576
CUST00190,53,11,14934.13,2,Potential Loyalists,0.509562975344951,-0.23032323750720393
CUST00191,1,22,29652.79,0,Champions,4.68353468769812,0.8989354836428938
CUST00192,68,16,23094.54,0,Champions,2.41219793718309,0.7480380756042155
CUST00193,42,17,21757.71,0,Champions,2.5764677389899626,0.48264781574891363
CUST00194,44,13,15928.87,2,Potential Loyalists,1.07528206825629,-0.12151154993612527
CUST00195,140,10,13325.56,4,Lost Customers,-0.24535221151681202,0.45314850727278205
CUST00196,221,5,7182.37,3,Lost Customers,-2.3207007267264808,0.5321382763939027
CUST00197,44,8,9150.13,1,Low Spenders,-0.7330124382127604,-0.8706360325863207
CUST00198,85,13,25004.74,0,Champions,1.9360160942271412,0.8232110999376111
CUST00199,22,14,17907.68,0,Champions,1.5999939470126356,-0.14883816634092695
CUST00200,127,5,3504.75,1,Low Spenders,-2.3452600790732445,-0.6053891848670669
CUST00201,100,9,14851.33,2,Potential Loyalists,-0.11161456870800421,0.08621123542870629
CUST00202,136,11,17226.3,4,Lost Customers,0.4225934882920471,0.716750794400527
CUST00203,22,5,5485.94,1,Low Spenders,-1.6799651523642403,-1.5104703400083062
CUST00204,106,10,11282.49,2,Potential Loyalists,-0.3353339776133411,-0.0010943231039325296
CUST00205,554,4,5941.6,3,Lost Customers,-4.064412421680838,3.6368261930900334
CUST00206,47,7,6683.44,1,Low Spenders,-1.233625300293187,-1.0578982023514536
CUST00207,26,12,9942.55,2,Potential Loyalists,0.2622434267162726,-0.7248777443866203
CUST00208,50,12,15673.67,2,Potential Loyalists,0.8136883635047237,-0.14674992620586116
CUST00209,66,7,12595.61,1,Low Spenders,-0.6406354480734895,-0.5176640245962181
CUST00210,118,10,17041.41,2,Potential Loyalists,0.2695486665288296,0.4616714622130585
CUST00211,119,7,8205.27,1,Low Spenders,-1.362146259358251,-0.26434968170666084
CUST00212,127,10,11817.46,4,Lost Customers,-0.3624550261142745,0.23582666113761408
CUST00213,100,12,9590.09,2,Potential Loyalists,-0.0878834177138378,-0.02434641563354082
CUST00214,42,8,4900.28,1,Low Spenders,-1.208113149574364,-1.1452794872351142
CUST00215,39,16,22135.61,0,Champions,2.424604317132125,0.4076441338015948
CUST00216,186,10,9121.31,4,Lost Customers,-0.9163655587891056,0.6493666183535147
CUST00217,109,14,30648.47,0,Champions,2.6849427964851227,1.464525519291482
CUST00218,95,5,2125.65,1,Low Spenders,-2.3680851473464233,-1.0002656377383374
CUST00219,76,8,7162.77,1,Low Spenders,-1.09316928897089,-0.677863852339901
CUST00220,1,16,20580.89,0,Champions,2.4069375513054885,-0.056291103764916944
CUST00221,57,7,13753.01,1,Low Spenders,-0.47125870565013206,-0.5359531594185973
CUST00222,11,13,19354.3,0,Champions,1.6032290879793754,-0.23770227349733505
CUST00223,57,10,17872.0,2,Potential Loyalists,0.6196048296156584,-0.08337191644859578
CUST00224,220,3,2604.45,3,Lost Customers,-3.252160780026624,0.11068577497231363
CUST00225,188,10,14083.98,4,Lost Customers,-0.3601716006567403,0.9668039774635065
CUST00226,53,15,21125.9,0,Champions,2.04365783259776,0.4151296724308465
CUST00227,97,15,24945.62,0,Champions,2.293862499700944,1.073558907092839
CUST00228,355,7,16176.12,3,Lost Customers,-1.4440935791001435,2.5157871615880523
CUST00229,87,13,14757.76,2,Potential Loyalists,0.7618995942537978,0.22754233269274912
CUST00230,84,7,9973.94,1,Low Spenders,-1.0142996882813662,-0.4995085902563164
CUST00231,25,9,11922.43,2,Potential Loyalists,-0.1305987387917046,-0.821067999635872
CUST00232,25,11,16331.42,2,Potential Loyalists,0.7858327528533027,-0.4195097359107484
CUST00233,345,6,6542.19,3,Lost Customers,-2.7056155975337166,1.7714586148208473
CUST00234,40,6,9202.19,1,Low Spenders,-1.1251787297531286,-1.0433870201968962
CUST00235,167,8,10679.54,4,Lost Customers,-1.074340107170918,0.4207492851996849
CUST00236,39,13,14216.84,2,Potential Loyalists,0.9014626510414362,-0.27305559952161323
CUST00237,206,9,15113.5,4,Lost Customers,-0.5258855016770959,1.13572432253908
CUST00238,49,13,19595.58,0,Champions,1.471473679851032,0.14738104370286206
CUST00239,159,10,14197.63,4,Lost Customers,-0.22574424118779454,0.6908020084548483
CUST00240,4,15,23448.58,0,Champions,2.5131850378530665,0.07669440201178106
CUST00241,31,16,27192.57,0,Champions,3.0334209721833814,0.633216330472265
CUST00242,199,8,10180.62,4,Lost Customers,-1.2651660858667149,0.7028794508508718
CUST00243,202,11,18364.59,4,Lost Customers,0.27557702304220666,1.4287581243912493
CUST00244,42,9,18256.09,2,Potential Loyalists,0.518720675305255,-0.2750349802052883
CUST00245,195,7,8630.09,4,Lost Customers,-1.6322258083504733,0.5023505515776174
CUST00246,176,8,6486.64,1,Low Spenders,-1.5890474387649582,0.25680321759793473
CUST00247,7,8,8284.66,1,Low Spenders,-0.6764569635315876,-1.283439799537466
CUST00248,55,8,4410.93,1,Low Spenders,-1.318248215174227,-1.0478738674488433
CUST00249,67,10,13723.09,2,Potential Loyalists,0.10571238686799575,-0.23492447644476175
CUST00250,142,9,6576.07,1,Low Spenders,-1.229003897440349,-0.0009826760730376187
CUST00251,22,9,9440.86,1,Low Spenders,-0.4003432743196156,-0.9993059533917561
CUST00252,15,7,4798.82,1,Low Spenders,-1.3139603403791027,-1.4831233752126582
CUST00253,31,7,5376.04,1,Low Spenders,-1.3153269151476503,-1.2924288418385623
CUST00254,110,6,10095.36,1,Low Spenders,-1.3168393801834253,-0.30708505330607505
CUST00255,28,9,13275.41,2,Potential Loyalists,0.010752896182050192,-0.7105845598328285
CUST00256,48,8,6282.02,1,Low Spenders,-1.0760584293852473,-1.0038117016017105
CUST00257,516,6,7188.54,3,Lost Customers,-3.348503968598989,3.47795371343004
CUST00258,103,12,12445.45,2,Potential Loyalists,0.2243849593314871,0.1763318926979044
CUST00259,193,12,18156.98,4,Lost Customers,0.4970883830727165,1.396954111802395
CUST00260,13,12,16494.28,2,Potential Loyalists,1.0620590250707276,-0.45833045807109796
CUST00261,66,5,6119.6,1,Low Spenders,-1.7922193806434135,-1.0433151257829538
CUST00262,99,9,11870.08,2,Potential Loyalists,-0.44658387242754277,-0.10251966986170677
CUST00263,39,11,14906.72,2,Potential Loyalists,0.5650989509315036,-0.3685049498603685
CUST00264,35,10,18355.82,2,Potential Loyalists,0.7668170816961137,-0.26888277514391756
CUST00265,17,8,4507.15,1,Low Spenders,-1.1480974606959884,-1.4126954877891675
CUST00266,81,9,13119.83,2,Potential Loyalists,-0.22899472426217735,-0.20303785133048724
CUST00267,21,11,14971.56,2,Potential Loyalists,0.6478880106718209,-0.5401587971846507
CUST00268,224,10,23977.29,4,Lost Customers,0.6145056058227185,1.9118384425106953
CUST00269,13,7,11089.88,1,Low Spenders,-0.5898850805019838,-1.124946909721597
CUST00270,59,13,13878.91,2,Potential Loyalists,0.7792266054188918,-0.0982914507200717
CUST00271,151,10,18988.35,4,Lost Customers,0.35278388938288163,0.9003905779493035
CUST00272,292,6,7187.9,3,Lost Customers,-2.410108833070307,1.2933366929316303
CUST00273,33,9,7114.65,1,Low Spenders,-0.7110676830178749,-1.031680760384933
CUST00274,68,12,15419.29,2,Potential Loyalists,0.7093364772543057,0.01352495216191644
CUST00275,81,14,23609.25,0,Champions,2.0014415415953986,0.768856033701908
CUST00276,63,13,13414.45,2,Potential Loyalists,0.7096294268506257,-0.0871648155658822
CUST00277,99,10,17674.95,2,Potential Loyalists,0.4212248959564493,0.31440674150267506
CUST00278,111,16,33111.68,0,Champions,3.371635415178257,1.7687747134700411
CUST00279,16,7,4763.73,1,Low Spenders,-1.322141907797465,-1.4754774083113076
CUST00280,169,4,6682.2,1,Low Spenders,-2.3671670317124955,-0.0734566055257782
CUST00281,179,7,10708.49,4,Lost Customers,-1.3287453086227925,0.47108525498875164
CUST00282,316,3,7299.23,3,Lost Customers,-3.120264426516304,1.3287832543726192
CUST00283,160,9,12933.43,4,Lost Customers,-0.5811778658375727,0.5562257477652433
CUST00284,9,12,12604.92,2,Potential Loyalists,0.6363482722461088,-0.7308371851436609
CUST00285,90,10,11220.08,2,Potential Loyalists,-0.275400563572529,-0.16088241452119562
CUST00286,80,13,10995.53,2,Potential Loyalists,0.3632204244878469,-0.06658993747392025
CUST00287,42,11,14681.14,2,Potential Loyalists,0.526867303137585,-0.3527898187836086
CUST00288,225,6,9847.05,3,Lost Customers,-1.8268908556923964,0.7995547891676819
CUST00289,24,12,14199.22,2,Potential Loyalists,0.7548783646355772,-0.4888351854874301
CUST00290,68,8,15407.54,2,Potential Loyalists,-0.12169465155620211,-0.260912574582206
CUST00291,89,5,4729.57,1,Low Spenders,-2.046715286400958,-0.9024556909079767
CUST00292,9,9,12458.19,2,Potential Loyalists,-0.0026151193401768363,-0.9449451600585571
CUST00293,1,9,14961.76,2,Potential Loyalists,0.3157177033663164,-0.8726648571509401
CUST00294,136,7,8210.76,1,Low Spenders,-1.4327447087013312,-0.09822617995827222
CUST00295,10,10,15321.38,2,Potential Loyalists,0.5263468083005919,-0.6948689165363429
CUST00296,124,9,16718.93,4,Lost Customers,0.00030092058490523794,0.4323939541959678
CUST00297,100,8,11669.21,1,Low Spenders,-0.6810488344573699,-0.17325927833795343
CUST00298,168,12,17185.72,4,Lost Customers,0.49133369688364154,1.0948302747873095
CUST00299,8,11,13685.93,2,Potential Loyalists,0.5560942707483173,-0.7441247330963638
CUST00300,143,6,6058.34,1,Low Spenders,-1.9143633180520876,-0.2276109258412492
CUST00301,137,9,14834.03,4,Lost Customers,-0.26859748012190743,0.4460182078998819
CUST00302,313,3,6015.76,3,Lost Customers,-3.2537083266018185,1.2224728236028488
CUST00303,124,9,12727.76,4,Lost Customers,-0.45375050013008555,0.19278543077013605
CUST00304,62,12,16657.85,2,Potential Loyalists,0.8753775379263121,0.029365979215696558
CUST00305,237,12,16529.39,4,Lost Customers,0.1275853342492485,1.7283559570666003
CUST00306,106,7,6084.87,1,Low Spenders,-1.5489067645336114,-0.5184307485449401
CUST00307,122,15,18140.48,0,Champions,1.4149429003927705,0.9088292345935117
CUST00308,64,8,11385.39,1,Low Spenders,-0.5625121245046806,-0.5413913038059468
CUST00309,56,5,5600.16,1,Low Spenders,-1.8094170568069543,-1.1720253584854154
CUST00310,124,8,13747.97,4,Lost Customers,-0.5451109412081825,0.1856003586779917
CUST00311,15,10,13652.09,2,Potential Loyalists,0.3154937736048498,-0.7463212545841137
CUST00312,51,12,18731.33,2,Potential Loyalists,1.1573503736378787,0.0465682272536272
CUST00313,135,5,6465.36,1,Low Spenders,-2.0419659873555367,-0.3496293137071895
CUST00314,136,10,13024.47,4,Lost Customers,-0.2628470548690255,0.39606234017466496
CUST00315,21,10,15936.32,2,Potential Loyalists,0.5502193563934229,-0.5506727910275503
CUST00316,353,3,5068.35,3,Lost Customers,-3.529073029110059,1.5556987099991222
CUST00317,26,12,21934.58,0,Champions,1.6265045979409494,-0.004940332254769806
CUST00318,95,7,13213.61,1,Low Spenders,-0.6918273848553227,-0.19773769852822382
CUST00319,30,15,23868.92,0,Champions,2.452075278082546,0.3554965286208743
CUST00320,50,7,11290.17,1,Low Spenders,-0.7221140855091506,-0.7520769961548964
CUST00321,112,10,16488.16,2,Potential Loyalists,0.23174627373948836,0.3699417898579838
CUST00322,57,9,9215.27,1,Low Spenders,-0.5726429089651063,-0.6715087657590416
CUST00323,2,14,15323.11,2,Potential Loyalists,1.3897547342423875,-0.4990536012846255
CUST00324,41,11,11330.36,2,Potential Loyalists,0.14985879249456038,-0.5637053310092179
CUST00325,79,9,5692.71,1,Low Spenders,-1.0655543455412035,-0.6684276217777039
CUST00326,76,11,14624.04,2,Potential Loyalists,0.37792535206771893,-0.02462997476007591
CUST00327,121,9,12564.58,4,Lost Customers,-0.4597457407716783,0.15373122629709723
CUST00328,4,13,14037.01,2,Potential Loyalists,1.0276400891915953,-0.6251920379422673
CUST00329,15,7,16098.42,2,Potential Loyalists,-0.02847276818570833,-0.8047557608783832
CUST00330,33,8,7606.23,1,Low Spenders,-0.8625671816987713,-1.070601953398661
CUST00331,59,14,15606.08,2,Potential Loyalists,1.183139955103726,0.07383163831689372
CUST00332,86,7,5344.29,1,Low Spenders,-1.549366318886845,-0.7579428756586041
CUST00333,489,4,8043.3,3,Lost Customers,-3.5529913581497645,3.12908313563572
CUST00334,57,10,12885.62,2,Potential Loyalists,0.05233434922399001,-0.3827275312282465
CUST00335,3,7,8807.78,1,Low Spenders,-0.8076099898421331,-1.359477831570794
CUST00336,26,11,18415.82,2,Potential Loyalists,1.0187728228723878,-0.2846209130759705
CUST00337,19,12,14879.57,2,Potential Loyalists,0.8532256398668309,-0.49675352149181484
CUST00338,36,11,16831.04,2,Potential Loyalists,0.7965860377133342,-0.2822368070890092
CUST00339,182,6,3261.36,1,Low Spenders,-2.3959528929991296,-0.015175923691298276
CUST00340,27,7,7884.8,1,Low Spenders,-1.0131620134887473,-1.1808266269464176
CUST00341,101,11,10372.22,2,Potential Loyalists,-0.21051837837493434,-0.036071955922365596
CUST00342,206,8,5994.3,4,Lost Customers,-1.770745672336189,0.5198232452381593
CUST00343,92,11,15247.5,2,Potential Loyalists,0.38181922415907993,0.16884056117046592
CUST00344,148,9,10166.41,4,Lost Customers,-0.8456900307375209,0.2730776538113729
CUST00345,39,14,11086.73,2,Potential Loyalists,0.7527924513383687,-0.39253765099878885
CUST00346,104,11,16901.04,2,Potential Loyalists,0.5196574623814554,0.38514126484424427
CUST00347,149,12,15601.89,4,Lost Customers,0.3907530696123985,0.8144465058808491
CUST00348,39,5,7745.57,1,Low Spenders,-1.4941236431261302,-1.2090203157126183
CUST00349,60,8,10218.34,1,Low Spenders,-0.6785220319314268,-0.6504650827937686
CUST00350,20,7,9853.93,1,Low Spenders,-0.7598188062000829,-1.130878663291457
CUST00351,112,8,10022.95,1,Low Spenders,-0.9186090077472391,-0.15506093702923585
CUST00352,118,8,14286.66,4,Lost Customers,-0.458689883646993,0.15942493008341904
CUST00353,39,12,14506.52,2,Potential Loyalists,0.7269942029441139,-0.3240977898568473
CUST00354,292,9,11467.7,4,Lost Customers,-1.300950910703697,1.7555721091521095
CUST00355,142,11,21538.67,0,Champions,0.888048368106029,1.0341579479404455
CUST00356,247,9,11222.83,4,Lost Customers,-1.1402767920314718,1.3020051863345525
CUST00357,396,6,6591.92,3,Lost Customers,-2.913627155282668,2.271825872769893
CUST00358,252,9,5167.11,3,Lost Customers,-1.8501476018074179,0.9872150261918141
CUST00359,83,19,28799.14,0,Champions,3.6206029557723327,1.4420996170579667
CUST00360,82,12,13806.84,2,Potential Loyalists,0.46724348636304674,0.05325823129247095
CUST00361,94,11,17029.65,2,Potential Loyalists,0.576184539409172,0.2953364918456064
CUST00362,60,9,10418.89,1,Low Spenders,-0.4482830634160041,-0.5699921023796741
CUST00363,63,10,13963.69,2,Potential Loyalists,0.14984235881733632,-0.25949046999613956
CUST00364,55,12,23552.08,0,Champions,1.6890197683493968,0.37499063384712894
CUST00365,93,12,19268.35,0,Champions,1.0424811715196092,0.4884165261350512
CUST00366,23,8,15437.05,2,Potential Loyalists,0.07019403046856834,-0.6980071881126165
CUST00367,42,10,17249.74,2,Potential Loyalists,0.6116578852734544,-0.2670178277620985
CUST00368,24,10,14724.04,2,Potential Loyalists,0.3997367804707898,-0.5941938563704537
CUST00369,66,8,12417.63,1,Low Spenders,-0.45345956238421686,-0.4599159630335832
CUST00370,28,15,14084.02,2,Potential Loyalists,1.3472851983832093,-0.2514417562626998
CUST00371,108,7,10070.3,1,Low Spenders,-1.103887527192272,-0.2596616579959615
CUST00372,228,8,13756.13,4,Lost Customers,-0.979899886994394,1.200358876415287
CUST00373,63,13,13857.45,2,Potential Loyalists,0.7600268740595246,-0.06056946235425667
CUST00374,142,12,16558.1,4,Lost Customers,0.528862456975921,0.8035841644000992
CUST00375,354,11,17117.03,4,Lost Customers,-0.5031679130607541,2.8362539075389908
CUST00376,49,7,8473.39,1,Low Spenders,-1.0383726259274528,-0.9309340013488849
CUST00377,10,7,7660.08,1,Low Spenders,-0.9675040434946672,-1.360111526628406
CUST00378,384,6,7945.18,3,Lost Customers,-2.7093998308239664,2.236037376853938
CUST00379,17,12,24856.1,0,Champions,1.996574668965125,0.08267887266933573
CUST00380,21,10,15229.56,2,Potential Loyalists,0.46981551939712185,-0.5931028854651315
CUST00381,112,10,10202.65,4,Lost Customers,-0.4833184179219247,-0.0074066493411232255
CUST00382,124,6,7610.53,1,Low Spenders,-1.658177799959784,-0.3197248085654932
CUST00383,117,10,15515.88,4,Lost Customers,0.10018787714549468,0.3603342083385089
CUST00384,62,9,9213.24,1,Low Spenders,-0.5938217950524766,-0.6228677209724677
CUST00385,51,14,17675.17,0,Champions,1.4520445997891753,0.12002808329361433
CUST00386,14,9,13221.54,2,Potential Loyalists,0.06327867661477123,-0.8503547892198071
CUST00387,114,12,15961.31,2,Potential Loyalists,0.5782777389305006,0.4946837564429695
CUST00388,113,13,15790.28,2,Potential Loyalists,0.7704338733824733,0.5430964758460705
CUST00389,3,14,19005.31,0,Champions,1.8044669061810632,-0.2682414029159079
CUST00390,10,12,25188.08,0,Champions,2.063669161359775,0.03434109702313909
CUST00391,24,8,7556.88,1,Low Spenders,-0.8304751332242597,-1.1613379109933406
CUST00392,154,8,12820.12,4,Lost Customers,-0.7763545297093171,0.42247469269023674
CUST00393,110,9,12620.93,4,Lost Customers,-0.4072496605645956,0.049835765929234936
CUST00394,55,10,15785.54,2,Potential Loyalists,0.3906199948167178,-0.22813699370574464
CUST00395,118,6,7888.94,1,Low Spenders,-1.6013672335036335,-0.36152605777839975
CUST00396,23,12,14142.98,2,Potential Loyalists,0.752669866921685,-0.501964117645706
CUST00397,18,7,11783.2,1,Low Spenders,-0.5319581767096523,-1.034560765937949
CUST00398,31,9,6592.83,1,Low Spenders,-0.7620528297785956,-1.0825132113462854
CUST00399,18,4,5856.53,1,Low Spenders,-1.8284705999451547,-1.5956654583291496
CUST00400,88,10,14712.56,2,Potential Loyalists,0.13029707145158728,0.02928225956808018
CUST00401,28,12,7868.17,2,Potential Loyalists,0.017874504755225163,-0.8299072708700131
CUST00402,324,6,10575.59,3,Lost Customers,-2.1587785537602837,1.8087981582348167
CUST00403,107,9,11030.47,1,Low Spenders,-0.5756179676899743,-0.07490470430427545
CUST00404,352,12,24809.19,4,Lost Customers,0.5877256725476873,3.3469779613407993
CUST00405,12,11,12848.27,2,Potential Loyalists,0.44404037141625646,-0.7554030320698916
CUST00406,138,7,6795.21,1,Low Spenders,-1.6021625016677086,-0.1637030731314726
CUST00407,60,12,19091.77,0,Champions,1.1606491645588892,0.15598036640723362
CUST00408,6,7,6946.66,1,Low Spenders,-1.0319071925074794,-1.4419517839968379
CUST00409,51,10,13077.91,2,Potential Loyalists,0.09934756093153915,-0.42969896513321904
CUST00410,145,10,18834.28,4,Lost Customers,0.3603938057963582,0.8326255401202258
CUST00411,53,10,13116.5,2,Potential Loyalists,0.09535853519845344,-0.4078770616491888
CUST00412,239,5,7326.65,3,Lost Customers,-2.379699461048457,0.7163465712658486
CUST00413,27,15,23540.1,0,Champions,2.427236170272371,0.30649818350229685
CUST00414,88,10,9432.46,1,Low Spenders,-0.4703881678434623,-0.2877067347721094
CUST00415,75,5,6456.03,1,Low Spenders,-1.7916520631027317,-0.935344418752623
CUST00416,0,6,7736.99,1,Low Spenders,-1.124282165192205,-1.5214531212927176
CUST00417,131,8,12592.38,4,Lost Customers,-0.7059025927353854,0.1844929901737892
CUST00418,29,17,19983.62,0,Champions,2.4291048409092157,0.2493573511018716
CUST00419,27,9,9439.53,1,Low Spenders,-0.4214425256145565,-0.9506228843450284
CUST00420,244,11,13320.75,4,Lost Customers,-0.47419307575835473,1.5355614053841125
CUST00421,36,13,15036.98,2,Potential Loyalists,1.007333816245113,-0.2530765247168741
CUST00422,2,11,14649.79,2,Potential Loyalists,0.6908843635912393,-0.7447752264200859
CUST00423,151,7,10055.39,1,Low Spenders,-1.2857360768992134,0.15880429547553462
CUST00424,36,7,4692.73,1,Low Spenders,-1.414010931786891,-1.284688208419971
CUST00425,48,13,24053.51,0,Champions,1.9828151691958187,0.4052587607710502
CUST00426,126,4,9353.28,1,Low Spenders,-1.8831419868523687,-0.33246030315049463
CUST00427,20,13,18216.77,0,Champions,1.4361128360211215,-0.21822025003316126
CUST00428,139,13,13733.64,4,Lost Customers,0.4275329876808053,0.673193956861186
CUST00429,259,7,5977.0,3,Lost Customers,-2.202185608840329,0.9672385162805712
CUST00430,37,14,20576.81,0,Champions,1.8408009878976817,0.15769088408833204
CUST00431,64,9,7752.33,1,Low Spenders,-0.7683999225682799,-0.691067786203635
CUST00432,29,12,10582.43,2,Potential Loyalists,0.3224699610022944,-0.6572050187488369
CUST00433,123,9,18279.73,4,Lost Customers,0.1820533439425204,0.5163434643792878
CUST00434,291,5,3853.98,3,Lost Customers,-2.992622883340071,1.015000335149126
CUST00435,78,8,9321.95,1,Low Spenders,-0.8559115368784254,-0.5287330547993447
CUST00436,142,9,9879.2,4,Lost Customers,-0.8532266518441183,0.19731960170104065
CUST00437,2,13,13425.56,2,Potential Loyalists,0.9664582760802345,-0.6814053952430283
CUST00438,61,20,26829.81,0,Champions,3.696158678268313,1.1777477685336455
CUST00439,150,7,6695.46,1,Low Spenders,-1.6637855280432796,-0.05266053386494244
CUST00440,21,8,12077.51,1,Low Spenders,-0.30362146368185083,-0.9192011869649263
CUST00441,24,8,10776.9,1,Low Spenders,-0.464152812769184,-0.968025113592667
CUST00442,7,9,11266.61,2,Potential Loyalists,-0.12979483549735812,-1.0359864231350753
CUST00443,148,6,8538.77,1,Low Spenders,-1.653127651547577,-0.029936245538350368
CUST00444,175,16,18768.58,0,Champions,1.4717734434773408,1.5318569332577923
CUST00445,685,8,16229.29,3,Lost Customers,-2.613185529806237,5.805764633507371
CUST00446,139,15,15434.06,0,Champions,1.0358267511393406,0.9121441486937303
CUST00447,274,6,5432.29,3,Lost Customers,-2.534421427441593,1.0123927536116286
CUST00448,114,13,21191.36,0,Champions,1.3806926910512438,0.8771010460621896
CUST00449,16,14,19975.19,0,Champions,1.860339666519443,-0.08323141006643123
CUST00450,89,10,10163.98,2,Potential Loyalists,-0.3913571235128087,-0.23403759919002656
CUST00451,11,9,7880.48,1,Low Spenders,-0.5317728483473935,-1.200261245357432
CUST00452,61,12,19043.12,0,Champions,1.15092495744718,0.1628122633547477
CUST00453,511,3,3006.61,3,Lost Customers,-4.42557986415475,2.9728309739846175
CUST00454,21,19,19778.13,0,Champions,2.854091392043329,0.29586622489485787
CUST00455,196,9,11265.43,4,Lost Customers,-0.9217614051610814,0.8071809282997945
CUST00456,104,15,22658.87,0,Champions,2.00438557416738,1.0045427355663739
CUST00457,8,12,13201.85,2,Potential Loyalists,0.7084469993481003,-0.7047532801524163
CUST00458,67,12,18486.22,2,Potential Loyalists,1.0624322576429344,0.1878944608387479
CUST00459,75,12,20097.31,0,Champions,1.212199570675872,0.36263636119466836
CUST00460,10,14,19734.02,0,Champions,1.8580407394749172,-0.15622546655178995
CUST00461,32,13,15824.41,2,Potential Loyalists,1.113673350400418,-0.24481376658266912
CUST00462,13,8,9528.9,1,Low Spenders,-0.5600447918553909,-1.1502267792914183
CUST00463,82,11,17438.57,2,Potential Loyalists,0.6729799783210302,0.20285486759586682
CUST00464,28,13,16164.33,2,Potential Loyalists,1.1691023617556,-0.26341711796479494
CUST00465,86,17,20692.2,0,Champions,2.2709091532075285,0.8477939412234812
CUST00466,14,13,11923.24,2,Potential Loyalists,0.7452732913936357,-0.6545656653535402
CUST00467,96,11,18557.51,2,Potential Loyalists,0.7416208098494421,0.40656620950001465
CUST00468,119,12,11403.49,2,Potential Loyalists,0.03881400855457643,0.26981950956364853
CUST00469,53,15,16113.51,0,Champions,1.4734283508473929,0.1142125562131947
CUST00470,88,10,14532.09,2,Potential Loyalists,0.10976608432339327,0.018447804953854348
CUST00471,253,12,21270.94,4,Lost Customers,0.5999695525629444,2.169054615135433
CUST00472,82,10,17284.78,2,Potential Loyalists,0.448060613939892,0.12518910776004663
CUST00473,251,5,9228.89,3,Lost Customers,-2.213568118715804,0.947577894225702
CUST00474,188,5,2457.43,1,Low Spenders,-2.719972311536111,-0.07335711749560592
CUST00475,0,11,18421.32,2,Potential Loyalists,1.1283278397973946,-0.5378578811937806
CUST00476,29,6,7537.41,1,Low Spenders,-1.2684852642518072,-1.2506099303912261
CUST00477,17,16,19596.34,0,Champions,2.2278977911476816,0.0406431027800134
CUST00478,15,4,6952.74,1,Low Spenders,-1.6911926102472097,-1.5591126156663213
CUST00479,12,7,11958.29,1,Low Spenders,-0.48690170561608276,-1.082564795949558
CUST00480,275,8,12402.23,4,Lost Customers,-1.3308356367314487,1.5774493561376703
CUST00481,26,10,12472.25,2,Potential Loyalists,0.13518498918845384,-0.7098741314165429
CUST00482,134,10,17459.96,4,Lost Customers,0.2501311595963182,0.6428402965034329
CUST00483,151,4,6099.3,1,Low Spenders,-2.3580674583267878,-0.2839973018101016
CUST00484,217,6,11261.68,4,Lost Customers,-1.6324401913688789,0.8064609522868846
CUST00485,42,9,15199.05,2,Potential Loyalists,0.17093960980752987,-0.45856332914900777
CUST00486,58,10,11752.91,2,Potential Loyalists,-0.08071684800347295,-0.4409768049412172
CUST00487,11,11,13662.06,2,Potential Loyalists,0.5408099572128793,-0.7163000112829968
CUST00488,22,10,10149.64,2,Potential Loyalists,-0.11228603358076478,-0.8883215590662745
CUST00489,143,15,15900.11,0,Champions,1.0720881021474908,0.9791336328703796
CUST00490,72,2,1584.12,1,Low Spenders,-2.955602013992002,-1.4623847050286747
CUST00491,91,15,13568.96,2,Potential Loyalists,1.0247458087281534,0.33204952389297915
CUST00492,18,7,11945.42,1,Low Spenders,-0.5135033823840822,-1.0248219438205903
CUST00493,12,10,8432.61,2,Potential Loyalists,-0.2657263255522177,-1.0889286970795953
CUST00494,13,10,16475.8,2,Potential Loyalists,0.6451094655817983,-0.5963059582992145
CUST00495,1,15,16371.71,0,Champions,1.720660842823907,-0.37742081272239403
CUST00496,79,9,7476.91,1,Low Spenders,-0.8625766360375527,-0.5613137861113783
CUST00497,197,7,10206.32,4,Lost Customers,-1.4612867737533304,0.6164841456086539
CUST00498,83,9,11242.29,1,Low Spenders,-0.4509703425920743,-0.29625015585862857
CUST00499,7,10,10668.33,2,Potential Loyalists,0.009566045537512257,-1.003470928061935
CUST00500,82,3,3406.48,1,Low Spenders,-2.5827553605553097,-1.1870210866753246
CUST00501,128,7,11932.98,1,Low Spenders,-0.9757734005746922,0.047215358144260006
CUST00502,144,6,8260.65,1,Low Spenders,-1.6680093360682142,-0.08564341655684872
CUST00503,91,7,9053.96,1,Low Spenders,-1.148287406316721,-0.4864711931393202
CUST00504,177,13,11436.03,4,Lost Customers,0.006943325050878651,0.9058558828300874
CUST00505,65,13,16783.28,2,Potential Loyalists,1.0845017884605723,0.13458690525332578
CUST00506,0,10,9840.77,2,Potential Loyalists,-0.05525335808726651,-1.1214212903063445
CUST00507,12,11,15153.9,2,Potential Loyalists,0.7063380378005757,-0.6169853250149928
CUST00508,67,11,12930.91,2,Potential Loyalists,0.22301443039991922,-0.214049701434227
CUST00509,24,12,15898.9,2,Potential Loyalists,0.9482407417733227,-0.38679547906139017
CUST00510,93,12,23832.55,0,Champions,1.561722770957208,0.7624267092693655
CUST00511,239,6,7778.48,3,Lost Customers,-2.1208738773306597,0.8119050603820137
CUST00512,51,10,13998.73,2,Potential Loyalists,0.20410371745275416,-0.37441785194060273
CUST00513,43,14,16331.09,0,Champions,1.332653409508491,-0.03868396319992197
CUST00514,4,8,10552.93,1,Low Spenders,-0.40584075266962,-1.1765227363662454
CUST00515,191,9,9241.61,4,Lost Customers,-1.1310512965638866,0.6369186728952259
CUST00516,352,7,9405.67,3,Lost Customers,-2.2017582125632744,2.080067766562921
CUST00517,114,5,1396.22,1,Low Spenders,-2.5306702056969805,-0.8587576403224522
CUST00518,62,14,12796.12,2,Potential Loyalists,0.8508989289402044,-0.06560559840106593
CUST00519,21,7,10453.04,1,Low Spenders,-0.6958512516773984,-1.0851587166907541
CUST00520,51,7,13059.28,1,Low Spenders,-0.5250426636401642,-0.636116500439968
CUST00521,112,13,20148.85,0,Champions,1.2704717727618513,0.795009149358712
CUST00522,25,8,13054.01,2,Potential Loyalists,-0.20928928439428207,-0.821567011937545
CUST00523,120,8,7229.9,1,Low Spenders,-1.2698742300429695,-0.2447200725501742
CUST00524,101,10,9560.62,1,Low Spenders,-0.5102728324817738,-0.1532291137178682
CUST00525,65,10,17585.44,2,Potential Loyalists,0.553487908571921,-0.022554783636786414
CUST00526,64,7,8064.16,1,Low Spenders,-1.1477720987895537,-0.8092132387583157
CUST00527,119,10,9823.04,4,Lost Customers,-0.5558314891214494,0.03807167557489369
CUST00528,177,13,19575.65,0,Champions,0.9329389666998572,1.3945151805917386
CUST00529,23,8,16529.36,2,Potential Loyalists,0.19445957349509743,-0.6324307315288903
CUST00530,39,9,11854.92,2,Potential Loyalists,-0.1969331922316854,-0.6885847769595641
CUST00531,124,7,10912.63,1,Low Spenders,-1.0750941307880175,-0.05305133660847049
CUST00532,109,9,12083.26,4,Lost Customers,-0.46422755559176143,0.007804348676889367
CUST00533,263,8,15363.01,4,Lost Customers,-0.9437304243782796,1.6381677726252195
CUST00534,5,10,10786.94,2,Potential Loyalists,0.031438770370460084,-1.0158553834085666
CUST00535,89,5,5450.46,1,Low Spenders,-1.9647039642374746,-0.8591773067618622
CUST00536,504,9,12901.91,3,Lost Customers,-2.0259823358022397,3.9092220170673526
CUST00537,46,15,16880.8,0,Champions,1.590045445374109,0.09200846726350509
CUST00538,45,12,19438.13,0,Champions,1.262896295420937,0.03048522490827886
CUST00539,104,12,22122.51,0,Champions,1.321096319474992,0.7670434571032931
CUST00540,47,9,12380.5,2,Potential Loyalists,-0.17065782709881971,-0.5790110975173041
CUST00541,52,9,17328.43,2,Potential Loyalists,0.3712904827193655,-0.23320090017222467
CUST00542,169,7,6989.3,1,Low Spenders,-1.7099593091806315,0.1502791273903559
CUST00543,111,11,21675.34,0,Champions,1.033473752681741,0.7400328106878659
CUST00544,90,11,14536.76,2,Potential Loyalists,0.3093417845615531,0.10666636274017366
CUST00545,5,7,7441.09,1,Low Spenders,-0.9714692742969376,-1.4220214313852586
CUST00546,26,15,24644.45,0,Champions,2.557061020766551,0.36304487433246474
CUST00547,137,9,11138.96,4,Lost Customers,-0.6889633836392575,0.22418594651911167
CUST00548,101,6,5807.96,1,Low Spenders,-1.7668848060738662,-0.6522508905362617
CUST00549,59,10,13800.47,2,Potential Loyalists,0.14803215665404118,-0.308299658883677
CUST00550,26,10,14674.64,2,Potential Loyalists,0.3857376613293269,-0.5776544023877574
CUST00551,5,9,9990.11,1,Low Spenders,-0.26663538961611893,-1.132125829314824
CUST00552,82,15,14057.21,2,Potential Loyalists,1.1179973777884529,0.2735881980964256
CUST00553,38,12,15346.53,2,Potential Loyalists,0.8267466805371644,-0.2834206603539055
CUST00554,65,7,8293.56,1,Low Spenders,-1.1258642287084086,-0.7856887053311347
CUST00555,49,12,11683.75,2,Potential Loyalists,0.3639687368140791,-0.3960359893381936
CUST00556,140,8,5696.39,1,Low Spenders,-1.5281242258551646,-0.141732159398193
CUST00557,205,9,13771.46,4,Lost Customers,-0.6743717366848985,1.0454028279439913
CUST00558,14,10,17794.39,2,Potential Loyalists,0.7909279350432153,-0.5073922764192784
CUST00559,298,12,17217.7,4,Lost Customers,-0.04967470566467623,2.364585976796286
CUST00560,15,6,8185.82,1,Low Spenders,-1.1360653094943334,-1.3482190206056082
CUST00561,213,9,10000.28,4,Lost Customers,-1.1369129297220286,0.8970219930169872
CUST00562,0,13,16686.72,2,Potential Loyalists,1.345840025126106,-0.5051279380948659
CUST00563,22,14,16279.81,0,Champions,1.4148009619382558,-0.2465667840217596
CUST00564,30,9,12126.41,2,Potential Loyalists,-0.1283411054670992,-0.7600592150860318
CUST00565,22,7,12239.78,1,Low Spenders,-0.49677417067908275,-0.9681398099665234
CUST00566,149,6,5864.59,1,Low Spenders,-1.9615426251838468,-0.18072714253602606
CUST00567,6,13,23414.62,0,Champions,2.086095233735825,-0.042705268655900526
CUST00568,184,8,8005.34,4,Lost Customers,-1.4497907806928114,0.4259985159601259
CUST00569,72,9,7374.75,1,Low Spenders,-0.8448716419076243,-0.635715007904968
CUST00570,53,12,15770.11,2,Potential Loyalists,0.8120909955081179,-0.11170243476520134
CUST00571,163,10,9020.65,4,Lost Customers,-0.83145649406956,0.41901412009470473
CUST00572,103,9,9178.99,1,Low Spenders,-0.7694913622345236,-0.2250680038307719
CUST00573,121,6,6360.02,1,Low Spenders,-1.787872038961765,-0.42405649702859244
CUST00574,14,15,17584.22,0,Champions,1.804136159858213,-0.1778446109570329
CUST00575,277,7,7021.61,3,Lost Customers,-2.1587592107794884,1.205497814215774
CUST00576,100,9,7693.13,1,Low Spenders,-0.9259599560911643,-0.3435288489041557
CUST00577,13,13,12929.97,2,Potential Loyalists,0.8639925012635882,-0.6038795577751083
CUST00578,73,10,12627.84,2,Potential Loyalists,-0.04402515651392672,-0.24216193675190986
CUST00579,100,8,15372.78,2,Potential Loyalists,-0.25971593703194834,0.04908327763039873
CUST00580,15,10,14185.43,2,Potential Loyalists,0.37616865959671014,-0.7143023704263521
CUST00581,24,12,11255.92,2,Potential Loyalists,0.4200368152677397,-0.6655351925027291
CUST00582,131,12,18132.6,2,Potential Loyalists,0.754069337364019,0.7908303191072465
CUST00583,37,6,14922.52,1,Low Spenders,-0.46184240238562735,-0.7292267177305877
CUST00584,73,8,10212.47,1,Low Spenders,-0.7336544840401871,-0.524033906865835
CUST00585,29,13,20228.2,0,Champions,1.6272348354464663,-0.00969149192049909
CUST00586,13,12,18872.21,2,Potential Loyalists,1.3325818278731134,-0.31557224528888417
CUST00587,5,9,6965.16,1,Low Spenders,-0.6107657687009016,-1.313727666103778
CUST00588,30,20,34524.8,0,Champions,4.701448697579837,1.337383782717846
CUST00589,50,7,8938.16,1,Low Spenders,-0.9896881257118644,-0.8932791106182719
CUST00590,34,10,8992.43,2,Potential Loyalists,-0.29420992795977197,-0.8407632685743843
CUST00591,51,10,13993.06,2,Potential Loyalists,0.20345867563407594,-0.3747582484478486
CUST00592,35,9,11639.24,2,Potential Loyalists,-0.20471145326761891,-0.7405433839723425
CUST00593,80,8,12108.69,1,Low Spenders,-0.5472600557331015,-0.3419269076843242
CUST00594,297,4,5919.84,3,Lost Customers,-2.9901635433541953,1.1291060006973939
CUST00595,85,4,5736.47,1,Low Spenders,-2.1228315700236453,-0.9494501564024331
CUST00596,114,16,19092.68,0,Champions,1.7642092836819232,0.956406600988562
CUST00597,73,11,10150.15,2,Potential Loyalists,-0.11847345439299913,-0.3224761770725872
CUST00598,127,8,14060.27,4,Lost Customers,-0.5221512144993414,0.2336069312569393
CUST00599,140,8,12554.04,4,Lost Customers,-0.7479706054215182,0.2699645086643439
CUST00600,6,8,10357.68,1,Low Spenders,-0.4364323496336965,-1.1687393371598822
CUST00601,170,9,19510.32,4,Lost Customers,0.12513948661387866,1.0485929157087006
CUST00602,36,7,15316.87,2,Potential Loyalists,-0.205366383728311,-0.646871603747828
CUST00603,104,8,11837.62,1,Low Spenders,-0.6786481971902051,-0.12413850957870423
CUST00604,297,5,4063.25,3,Lost Customers,-2.9939530275505426,1.0860792860646187
CUST00605,43,9,14602.68,2,Potential Loyalists,0.09890459053948206,-0.484613614732129
CUST00606,60,15,22590.08,0,Champions,2.180901667017413,0.5712992982454255
CUST00607,100,7,7002.77,1,Low Spenders,-1.4193452646336262,-0.5218404347210465
CUST00608,121,5,2303.76,1,Low Spenders,-2.4567519582171955,-0.7360057061821829
CUST00609,21,12,15822.47,2,Potential Loyalists,0.9521145271935177,-0.4206416770082247
CUST00610,32,15,25092.87,0,Champions,2.5829375345696417,0.44848111355621945
CUST00611,7,8,14998.32,2,Potential Loyalists,0.08731578009932897,-0.8803875217885679
CUST00612,56,11,12109.82,2,Potential Loyalists,0.17568943593662661,-0.37062197155831667
CUST00613,122,6,13229.27,1,Low Spenders,-1.010588345291439,-0.0019108439124455698
CUST00614,24,9,8166.5,1,Low Spenders,-0.5536987296529808,-1.0563065532919331
CUST00615,28,12,20466.86,0,Champions,1.4511517376587968,-0.07354923350257642
CUST00616,208,11,15044.94,4,Lost Customers,-0.12721713788254801,1.2879795722467653
CUST00617,15,12,12783.16,2,Potential Loyalists,0.6314880314512306,-0.6616211096461295
CUST00618,7,13,14548.29,2,Potential Loyalists,1.0732365744684427,-0.5652397692413124
CUST00619,11,8,8584.86,1,Low Spenders,-0.6590633701297486,-1.2264070632844017
CUST00620,89,5,8041.69,1,Low Spenders,-1.6699153025419555,-0.703613701564209
CUST00621,60,7,15287.87,2,Potential Loyalists,-0.30921567632343233,-0.41455061613444677
CUST00622,95,9,9956.38,1,Low Spenders,-0.647535662379175,-0.25641832576930335
CUST00623,8,11,18460.05,2,Potential Loyalists,1.0992172067956045,-0.4575120746884955
CUST00624,17,7,11003.01,1,Low Spenders,-0.6165261143939337,-1.0911517882938686
CUST00625,1,9,13775.79,2,Potential Loyalists,0.18079702511273224,-0.943864159743246
CUST00626,25,9,16717.98,2,Potential Loyalists,0.4149621595438145,-0.5331687985207234
CUST00627,1,7,7514.31,1,Low Spenders,-0.9463811188573612,-1.456636025885986
CUST00628,28,8,10732.29,1,Low Spenders,-0.4859861804781811,-0.9316929275447958
CUST00629,14,13,12425.98,2,Potential Loyalists,0.8024669993164388,-0.6243838417110739
CUST00630,38,15,18613.93,0,Champions,1.8207299402530088,0.11803566875269154
CUST00631,87,8,7397.36,1,Low Spenders,-1.1125668741645258,-0.5565019087589679
CUST00632,5,9,5067.22,1,Low Spenders,-0.8266829943344401,-1.4276698436985242
CUST00633,301,10,20376.97,4,Lost Customers,-0.11767951563496927,2.446643358086739
CUST00634,202,9,11831.96,4,Lost Customers,-0.8824482265953653,0.8997078609046442
CUST00635,117,14,21068.06,0,Champions,1.5615204245555503,0.9673895517740229
CUST00636,128,11,18947.2,4,Lost Customers,0.6518866495832157,0.742043772030169
CUST00637,59,7,12386.16,1,Low Spenders,-0.6351361923432062,-0.5985063647782399
CUST00638,176,6,7704.38,1,Low Spenders,-1.8653596795437637,0.19304376149459393
CUST00639,44,11,16102.33,2,Potential Loyalists,0.6801683688515051,-0.24796399803006716
CUST00640,256,10,12502.96,4,Lost Customers,-0.8249267974126289,1.5350636293979836
CUST00641,27,13,14376.02,2,Potential Loyalists,0.9698466712942643,-0.38053027910108483
CUST00642,72,8,8495.66,1,Low Spenders,-0.9247760492748044,-0.6368545900006999
CUST00643,107,10,12254.09,2,Potential Loyalists,-0.2289904747591831,0.06698793301775992
CUST00644,10,14,11153.53,2,Potential Loyalists,0.8818899679140034,-0.6713522437048842
CUST00645,3,10,13066.67,2,Potential Loyalists,0.2991691275106213,-0.8984977400357669
CUST00646,80,16,20337.71,0,Champions,2.0482948904241756,0.6995637274857659
CUST00647,135,8,16270.96,4,Lost Customers,-0.30417101355115406,0.44434561216746626
CUST00648,242,8,7452.55,3,Lost Customers,-1.7556745404704872,0.9584617733524945
CUST00649,90,12,16434.0,2,Potential Loyalists,0.7326029758870584,0.28899954595479405
CUST00650,54,13,21567.23,0,Champions,1.674828503938062,0.3145112910328244
CUST00651,26,13,18843.19,0,Champions,1.4822393398991196,-0.12209784179886628
CUST00652,130,12,9050.77,4,Lost Customers,-0.2749262834969736,0.2358531838037896
CUST00653,29,8,11787.26,1,Low Spenders,-0.37015817384568034,-0.8586055820387846
CUST00654,107,11,20124.53,2,Potential Loyalists,0.8738057767654074,0.607920131590578
CUST00655,96,12,16213.7,2,Potential Loyalists,0.6824032348424409,0.33428940910704047
CUST00656,39,12,15428.36,2,Potential Loyalists,0.8318663987342975,-0.26875544131372114
CUST00657,36,12,12111.05,2,Potential Loyalists,0.4670447468850203,-0.4971667596138129
CUST00658,2,15,21572.33,0,Champions,2.308114531220678,-0.055450789921178634
CUST00659,93,11,15349.03,2,Potential Loyalists,0.38918009294315514,0.1846884629606933
CUST00660,27,10,10619.09,2,Potential Loyalists,-0.07982747404725093,-0.8113753740263885
CUST00661,5,10,10779.14,2,Potential Loyalists,0.030551411254817952,-1.0163236537359948
CUST00662,18,12,14926.56,2,Potential Loyalists,0.8627609987564929,-0.503685075970551
CUST00663,24,9,13368.15,2,Potential Loyalists,0.038061724690515365,-0.7440272778218384
CUST00664,40,13,18717.76,0,Champions,1.409315676205551,0.0069081735230007
CUST00665,25,13,22814.71,0,Champions,1.9382448872644928,0.10657841758158669
CUST00666,69,9,12049.17,2,Potential Loyalists,-0.30052220846847383,-0.3843455539207615
CUST00667,74,10,14695.63,2,Potential Loyalists,0.18702529364479734,-0.10827028957592454
CUST00668,171,8,6609.8,1,Low Spenders,-1.5540883206676244,0.2154341708576907
CUST00669,309,10,9497.64,3,Lost Customers,-1.3888722083965572,1.8715271734278698
CUST00670,75,14,15380.4,2,Potential Loyalists,1.0904322734186438,0.21632434529456945
CUST00671,47,13,20946.18,0,Champions,1.6335025017198517,0.2089586858803624
CUST00672,203,6,11253.03,4,Lost Customers,-1.574770003345218,0.6694054901058423
CUST00673,62,11,14076.27,2,Potential Loyalists,0.3742630982420308,-0.1940513214184357
CUST00674,82,7,6359.21,1,Low Spenders,-1.4171466148318732,-0.7360228333209844
CUST00675,2,12,21225.39,0,Champions,1.6463744513596887,-0.2815783035866384
CUST00676,53,9,7359.94,1,Low Spenders,-0.7669542948680174,-0.8219031987163841
CUST00677,29,17,24782.57,0,Champions,2.9750525368079637,0.537460670052053
CUST00678,15,12,16130.64,2,Potential Loyalists,1.0123107099678104,-0.46065629481802056
CUST00679,49,10,13335.66,2,Potential Loyalists,0.13704940721967027,-0.4337301982544205
CUST00680,58,9,11801.37,2,Potential Loyalists,-0.28262744557197034,-0.5065005553254543
CUST00681,143,9,9449.59,4,Lost Customers,-0.9062903882756969,0.18128069557970414
CUST00682,42,5,2878.55,1,Low Spenders,-2.060384020882287,-1.4719524447048589
CUST00683,186,10,13735.95,4,Lost Customers,-0.39138570373702164,0.9264049496051979
CUST00684,154,8,13335.49,4,Lost Customers,-0.717723982603109,0.45341475405519255
CUST00685,29,11,16108.19,2,Potential Loyalists,0.7436788613961035,-0.39390094036098244
CUST00686,26,8,10867.51,1,Low Spenders,-0.4622238357848726,-0.943080207232635
CUST00687,29,11,9585.49,2,Potential Loyalists,0.0016304891399303303,-0.7854889999399213
CUST00688,156,5,2564.93,1,Low Spenders,-2.5736758334870573,-0.3789860487316561
CUST00689,121,13,14607.42,2,Potential Loyalists,0.6023502888323339,0.5501045452637942
CUST00690,188,5,8066.72,1,Low Spenders,-2.081837104641293,0.26339468570177327
CUST00691,24,6,7953.82,1,Low Spenders,-1.200164856326009,-1.274373813859892
CUST00692,237,9,11029.8,4,Lost Customers,-1.1203407644851782,1.1928908661418125
CUST00693,3,10,13777.37,2,Potential Loyalists,0.38002119462431083,-0.855831109048177
CUST00694,130,12,18915.9,0,Champions,0.8473702591303958,0.8281028831911562
CUST00695,1,19,21619.48,0,Champions,3.1473624942861953,0.21135938066537513
CUST00696,89,13,26599.28,0,Champions,2.100658969390529,0.9579490946013646
CUST00697,31,14,21210.74,0,Champions,1.9380569277888382,0.13723315626097213
CUST00698,161,8,13146.68,4,Lost Customers,-0.7685308846661599,0.5103476915959908
CUST00699,27,8,7812.01,1,Low Spenders,-0.814019293777118,-1.1167635197758121
CUST00700,121,16,17757.49,0,Champions,1.5829856196971175,0.9445170080220391
CUST00701,204,6,16359.65,4,Lost Customers,-0.9980101299318255,0.9857322551149745
CUST00702,58,6,3103.19,1,Low Spenders,-1.894437902473241,-1.2339919009436355
CUST00703,95,13,22287.65,0,Champions,1.5850132064741638,0.7576173630463429
CUST00704,11,11,14123.58,2,Potential Loyalists,0.593314313501482,-0.6885928162170162
CUST00705,105,12,18240.43,2,Potential Loyalists,0.8752658233023142,0.5437366974773501
CUST00706,19,10,10412.62,2,Potential Loyalists,-0.06979961259133163,-0.9017913939576736
CUST00707,96,7,11314.77,1,Low Spenders,-0.9120365871169926,-0.3019813242863923
CUST00708,0,13,22613.36,0,Champions,2.0200782339887438,-0.1493241363834701
CUST00709,17,13,18784.17,0,Champions,1.5132312905982135,-0.2134143345302421
CUST00710,10,11,11297.32,2,Potential Loyalists,0.27597729046570707,-0.868018949962802
CUST00711,84,10,17435.91,2,Potential Loyalists,0.45687458754967203,0.1537673115836623
CUST00712,12,17,12100.04,0,Champions,1.6034603446948374,-0.38972458446813096
CUST00713,141,13,13637.4,4,Lost Customers,0.4082051632859231,0.6869213874930188
CUST00714,83,12,9759.6,2,Potential Loyalists,0.002623729736595115,-0.179963852343477
CUST00715,72,9,20622.59,2,Potential Loyalists,0.6622554845753076,0.1596145272893913
CUST00716,649,5,5525.9,3,Lost Customers,-4.302291470097768,4.606798203583814
CUST00717,112,11,7290.26,1,Low Spenders,-0.6072199218996615,-0.11381795521731655
CUST00718,35,11,18525.65,2,Potential Loyalists,0.9935612204637775,-0.19025405940400156
CUST00719,58,17,28394.24,0,Champions,3.26443244152921,1.0371109488266996
CUST00720,359,7,5377.3,3,Lost Customers,-2.6893687769409973,1.9064940350806285
CUST00721,177,4,7851.35,1,Low Spenders,-2.2676765760599205,0.07475357835532111
CUST00722,17,10,16844.66,2,Potential Loyalists,0.6703140944810707,-0.5351512424716349
CUST00723,38,12,13134.57,2,Potential Loyalists,0.5751052870197919,-0.41621492105365093
CUST00724,33,14,24500.31,0,Champions,2.303912355615992,0.3542265301376216
CUST00725,13,10,13261.26,2,Potential Loyalists,0.2794105717874558,-0.7892897657775412
CUST00726,100,8,13113.72,1,Low Spenders,-0.5167156144399284,-0.08653861543112454
CUST00727,41,13,25318.03,0,Champions,2.1559991320649297,0.4129057045017591
CUST00728,31,10,13248.12,2,Potential Loyalists,0.20250311028799656,-0.6145321266676133
CUST00729,12,9,21736.81,2,Potential Loyalists,1.0403889388767775,-0.35864863847630873
CUST00730,166,11,10490.73,4,Lost Customers,-0.46935949547785993,0.6049606481549348
CUST00731,13,19,23551.53,0,Champions,3.3168851411364493,0.44438033676120714
CUST00732,37,14,14507.79,2,Potential Loyalists,1.1503650622549018,-0.20666065213834878
CUST00733,7,6,7807.87,1,Low Spenders,-1.145545696903836,-1.4489297835814294
CUST00734,21,3,10663.63,1,Low Spenders,-1.5015880951325415,-1.3462481377168793
CUST00735,92,10,15074.68,2,Potential Loyalists,0.1547349310637537,0.09003234180503583
CUST00736,6,14,17826.25,0,Champions,1.6577635699791513,-0.30976811694122636
CUST00737,274,7,7618.45,3,Lost Customers,-2.0782915443607934,1.2120711500314476
CUST00738,44,14,10357.55,2,Potential Loyalists,0.6488900805152177,-0.38755080731341907
CUST00739,120,13,13184.77,2,Potential Loyalists,0.444693538656339,0.4549436569387075
CUST00740,35,13,24467.58,0,Champions,2.0843860816898445,0.30333373197852426
CUST00741,114,10,8161.59,1,Low Spenders,-0.7238967237633321,-0.11043582104119462
CUST00742,163,5,6818.91,1,Low Spenders,-2.1190532220394447,-0.055331735806935185
CUST00743,315,5,7197.48,3,Lost Customers,-2.7128031224092077,1.4497882047178279
CUST00744,104,10,12595.19,2,Potential Loyalists,-0.1776168109346278,0.05820800555952592
CUST00745,7,6,14012.94,1,Low Spenders,-0.4396321805324543,-1.0764105322205688
CUST00746,83,10,7759.62,1,Low Spenders,-0.6397491743221607,-0.43689802613555745
CUST00747,121,11,11145.77,4,Lost Customers,-0.20630802529827544,0.20541951384454288
CUST00748,220,12,15944.56,4,Lost Customers,0.132275754097964,1.527451976921771
CUST00749,1,14,10564.97,2,Potential Loyalists,0.8526393357801391,-0.7944594888960439
CUST00750,249,12,12653.0,4,Lost Customers,-0.36368332424148253,1.612669207951294
CUST00751,162,10,19987.39,4,Lost Customers,0.4203531857216226,1.0676460153510654
CUST00752,176,5,9671.92,1,Low Spenders,-1.8489480807473544,0.24273132136174805
CUST00753,140,11,8998.13,4,Lost Customers,-0.530234310750712,0.2617857598422352
CUST00754,82,7,9192.72,1,Low Spenders,-1.094795213836643,-0.5659140313375238
CUST00755,51,10,13874.29,2,Potential Loyalists,0.18994692663858867,-0.38188856470280286
CUST00756,89,4,2483.31,1,Low Spenders,-2.509682385231768,-1.105742170235287
CUST00757,25,13,22466.67,0,Champions,1.8986504684685892,0.08568395543311222
CUST00758,78,9,14402.65,2,Potential Loyalists,-0.0704872365424432,-0.1552819412572269
CUST00759,55,6,4275.14,1,Low Spenders,-1.7485434282344336,-1.1928920333321649
CUST00760,16,8,13520.77,2,Potential Loyalists,-0.11848250346156552,-0.8813184825208206
CUST00761,51,14,13344.88,2,Potential Loyalists,0.9594135350618103,-0.1399393931370175
CUST00762,48,12,14149.42,2,Potential Loyalists,0.6486627810654105,-0.25776291874719054
CUST00763,205,4,7984.66,3,Lost Customers,-2.369819191721905,0.35582912331803956
CUST00764,239,18,22591.5,0,Champions,2.053397575557409,2.5223959991474816
CUST00765,9,13,16731.89,2,Potential Loyalists,1.3132724431768017,-0.4146429253679619
CUST00766,291,9,13514.3,4,Lost Customers,-1.0639319414000703,1.8686864558821732
CUST00767,52,13,18423.98,0,Champions,1.325619023008439,0.10630218822146832
CUST00768,45,8,16273.69,2,Potential Loyalists,0.07320257554717088,-0.43322296575629443
CUST00769,52,11,14218.74,2,Potential Loyalists,0.4323669441598496,-0.2830240140660282
CUST00770,100,6,3926.22,1,Low Spenders,-1.9767694660447446,-0.7749730897099381
CUST00771,15,11,17804.9,2,Potential Loyalists,0.99535760601608,-0.4285756992621655
CUST00772,149,4,4092.41,1,Low Spenders,-2.5780000925062883,-0.4239854213809095
CUST00773,19,16,29891.18,0,Champions,3.3907006794919528,0.6781954608390646
CUST00774,20,9,5201.94,1,Low Spenders,-0.8742005452794288,-1.2732932292355765
CUST00775,13,11,18553.82,2,Potential Loyalists,1.0889369108721454,-0.40311970972658584
CUST00776,114,14,18679.72,0,Champions,1.302382105739345,0.7947486291240525
CUST00777,39,12,18538.62,2,Potential Loyalists,1.1857019837364415,-0.08203204790516502
CUST00778,13,7,11983.36,1,Low Spenders,-0.488239231445083,-1.0713071440612738
CUST00779,108,9,12726.75,4,Lost Customers,-0.38683197715332235,0.036683467314935714
CUST00780,357,10,8041.28,3,Lost Customers,-1.7556538055033593,2.2522190851850863
CUST00781,107,14,10825.87,2,Potential Loyalists,0.43822392254478276,0.25497735419947964
CUST00782,25,11,17741.85,2,Potential Loyalists,0.9462888961193234,-0.33483505412683656
CUST00783,9,14,17022.55,0,Champions,1.5537626847576735,-0.3287602219789247
CUST00784,380,7,11383.0,3,Lost Customers,-2.0941177568885685,2.4718484203953945
CUST00785,91,8,6606.58,1,Low Spenders,-1.2192875176835998,-0.5649657829953375
CUST00786,46,17,21880.11,0,Champions,2.573634095114731,0.5290063899229103
CUST00787,133,10,10571.15,4,Lost Customers,-0.5293777577024639,0.21952036548927384
CUST00788,169,9,11904.39,4,Lost Customers,-0.7359518626091598,0.582220931206684
CUST00789,149,14,13622.03,4,Lost Customers,0.580363498953628,0.832452348915016
CUST00790,216,8,12240.38,4,Lost Customers,-1.1020625851469856,0.9923303481794995
CUST00791,118,11,16275.25,2,Potential Loyalists,0.38981084905934343,0.4841083390081677
CUST00792,162,9,8159.63,4,Lost Customers,-1.132643575484051,0.2891374665041391
CUST00793,6,15,22409.38,0,Champions,2.3865823222164164,0.033811552136989755
CUST00794,75,12,13666.89,2,Potential Loyalists,0.48064933934167864,-0.02341170020285103
CUST00795,107,8,5154.58,1,Low Spenders,-1.4515062545858757,-0.49609477703454796
CUST00796,90,7,7240.66,1,Low Spenders,-1.3503860588677867,-0.6050846203631011
CUST00797,240,10,17166.48,4,Lost Customers,-0.22735273396334843,1.658995126250286
CUST00798,63,13,17682.59,0,Champions,1.195190059650151,0.16907150690966494
CUST00799,10,14,21175.54,0,Champions,2.0220338051646958,-0.06968430727047513
CUST00800,3,12,19232.37,0,Champions,1.4154509565965874,-0.3914759933752154
CUST00801,8,9,13591.33,2,Potential Loyalists,0.13048499640263542,-0.8866700714429205
CUST00802,15,7,10112.47,1,Low Spenders,-0.7094583192469008,-1.164120218117954
CUST00803,210,8,11998.96,4,Lost Customers,-1.1043899531888077,0.9193212830298
CUST00804,23,15,25152.62,0,Champions,2.627441234264223,0.3642949370797978
CUST00805,31,4,4006.91,1,Low Spenders,-2.093355407113525,-1.5799231819134836
CUST00806,1,12,11397.66,2,Potential Loyalists,0.5325222709656986,-0.8813352898168483
CUST00807,2,4,5149.52,1,Low Spenders,-1.8418694533329119,-1.7941518898823354
CUST00808,170,13,23918.24,0,Champions,1.4562964517592514,1.5869530021105023
CUST00809,85,11,16711.66,2,Potential Loyalists,0.577715029829059,0.18847282389704156
CUST00810,74,12,17874.51,2,Potential Loyalists,0.9635145645536001,0.2194387417809084
CUST00811,63,8,14460.56,2,Potential Loyalists,-0.20847892884516858,-0.3665271095524476
CUST00812,26,7,9803.57,1,Low Spenders,-0.7906854949226232,-1.0753865104670126
CUST00813,6,10,17631.43,2,Potential Loyalists,0.8059056676685685,-0.5951961884087174
CUST00814,21,15,20417.69,0,Champions,2.0971558870288205,0.060529870837561055
CUST00815,65,7,11623.29,1,Low Spenders,-0.7470608609998604,-0.5857895056712116
CUST00816,174,8,8145.13,4,Lost Customers,-1.391991822266008,0.3368649304308016
CUST00817,7,15,20798.55,0,Champions,2.1991382864798816,-0.05314149195418056
CUST00818,153,14,15621.93,4,Lost Customers,0.7911217447729961,0.9915259922872675
CUST00819,225,10,16413.35,4,Lost Customers,-0.2501879715701772,1.4674924793277415
CUST00820,147,8,11330.45,4,Lost Customers,-0.9164982082132922,0.26477478345948546
CUST00821,71,10,19346.04,2,Potential Loyalists,0.7286432537036193,0.14165773228500644
CUST00822,64,13,20311.07,0,Champions,1.4900268409049418,0.3366239861222786
CUST00823,24,13,17297.9,2,Potential Loyalists,1.314820163127357,-0.23437396353110443
CUST00824,41,6,9559.88,1,Low Spenders,-1.0886760774994564,-1.0121606405766692
CUST00825,122,8,13481.58,4,Lost Customers,-0.5670373522114108,0.1501025602467645
CUST00826,2,14,16084.17,2,Potential Loyalists,1.476335955851427,-0.45336362495225596
CUST00827,5,10,19373.64,2,Potential Loyalists,1.0082960163042116,-0.5003557910332508
CUST00828,108,9,9147.13,1,Low Spenders,-0.7940638281192788,-0.1782177928733239
CUST00829,50,12,15785.75,2,Potential Loyalists,0.8264390314125644,-0.14002124180866254
CUST00830,91,14,24565.59,0,Champions,2.0683427046338103,0.9237954082060834
CUST00831,27,13,15496.3,2,Potential Loyalists,1.097294193098294,-0.31327465315092723
CUST00832,6,17,22787.41,0,Champions,2.844435724016767,0.19337251341982412
CUST00833,10,11,15521.03,2,Potential Loyalists,0.7564833892257483,-0.6144499673138746
CUST00834,207,3,1919.22,3,Lost Customers,-3.2756506208435296,-0.05723535265890305
CUST00835,18,12,23095.73,0,Champions,1.7921183662858846,-0.01325175408383555
CUST00836,78,10,11887.74,2,Potential Loyalists,-0.1491698300989765,-0.23783067152493967
CUST00837,110,12,13053.99,2,Potential Loyalists,0.2642877740449948,0.2811334642867604
CUST00838,40,11,11512.81,2,Potential Loyalists,0.17480462135920538,-0.5625045908016182
CUST00839,18,12,16407.49,2,Potential Loyalists,1.0312375032600478,-0.41477795084257657
CUST00840,39,12,22775.39,0,Champions,1.6676938401952373,0.17232098736891788
CUST00841,79,14,20585.24,0,Champions,1.66579727873618,0.5678054634344669
CUST00842,62,8,11832.73,1,Low Spenders,-0.5032417635069892,-0.5340405662377756
CUST00843,4,9,12661.36,2,Potential Loyalists,0.04144625553183886,-0.9815108338632206
CUST00844,94,14,16917.06,0,Champions,1.1856466533200365,0.4938762794132369
CUST00845,33,9,8792.7,1,Low Spenders,-0.5201660209661981,-0.9309396035976457
CUST00846,38,15,20593.3,0,Champions,2.045910967525871,0.23686646849647303
CUST00847,24,12,8785.44,2,Potential Loyalists,0.13898515526629393,-0.8138496128238502
CUST00848,180,12,14702.56,4,Lost Customers,0.1585644410449514,1.062785611349279
CUST00849,77,12,20504.01,0,Champions,1.2500882070016295,0.4065576224004399
CUST00850,94,11,14885.11,2,Potential Loyalists,0.33221311404264375,0.16658976774524648
CUST00851,66,10,9480.11,2,Potential Loyalists,-0.37279635492577295,-0.4994029099692702
CUST00852,86,5,7250.29,1,Low Spenders,-1.7473793564692692,-0.7803828784855714
CUST00853,263,6,6544.96,3,Lost Customers,-2.3617541701787443,0.9719131025090131
CUST00854,30,12,17387.14,2,Potential Loyalists,1.0924113268106286,-0.23893400241887142
CUST00855,242,7,14230.09,4,Lost Customers,-1.1920581536948376,1.2969160351336866
CUST00856,5,9,15167.09,2,Potential Loyalists,0.3223185071141864,-0.8213276088418643
CUST00857,16,15,18478.66,0,Champions,1.8975120442690008,-0.10464204596923375
CUST00858,2,11,20024.27,2,Potential Loyalists,1.3023066481855572,-0.4221201611180155
CUST00859,58,7,6916.11,1,Low Spenders,-1.2532413123460573,-0.9366515253126565
CUST00860,110,9,12214.83,4,Lost Customers,-0.4534492165725727,0.025455691574288796
CUST00861,52,9,10258.05,1,Low Spenders,-0.43306415113357916,-0.6576687408955044
CUST00862,239,10,12428.36,4,Lost Customers,-0.7621905773621153,1.3647911324792665
CUST00863,160,7,10038.32,1,Low Spenders,-1.325384329535384,0.2455527511281914
CUST00864,175,8,14044.45,4,Lost Customers,-0.7250512346257662,0.7007811683312555
CUST00865,9,4,3888.17,1,Low Spenders,-2.0146927843563067,-1.801608523749205
CUST00866,519,5,2911.02,3,Lost Customers,-4.055124075215059,3.1819789850730165
CUST00867,27,6,4106.65,1,Low Spenders,-1.650403029711973,-1.4760795975408993
CUST00868,141,7,6942.03,1,Low Spenders,-1.5980284398891804,-0.1256310356528857
CUST00869,26,13,13910.89,2,Potential Loyalists,0.921121216042569,-0.41820678230834835
CUST00870,103,12,16684.87,2,Potential Loyalists,0.7066782903616226,0.430844019813998
CUST00871,19,10,8980.82,2,Potential Loyalists,-0.23268689230623338,-0.9877490163694241
CUST00872,59,16,27235.57,0,Champions,2.921004330658111,0.9088701455285683
CUST00873,256,16,22405.61,0,Champions,1.5461797729953355,2.5401640084097625
CUST00874,18,12,16741.03,2,Potential Loyalists,1.0691823442127701,-0.39475399122585986
CUST00875,60,10,12586.99,2,Potential Loyalists,0.0057922420201161565,-0.37139793187182363
CUST00876,156,10,15261.79,4,Lost Customers,-0.09211238734322458,0.7254307403492057
CUST00877,113,7,10106.63,1,Low Spenders,-1.1207024266545105,-0.20871768375295877
CUST00878,396,10,12595.44,3,Lost Customers,-1.4009483689939115,2.9059772584594366
CUST00879,64,13,16082.85,2,Potential Loyalists,1.0090076665536767,0.08278424716864588
CUST00880,38,12,17092.11,2,Potential Loyalists,1.0253308247784956,-0.1786253631549229
CUST00881,131,8,9344.58,1,Low Spenders,-1.0753852768100167,-0.010487570008417067
CUST00882,473,2,1452.49,3,Lost Customers,-4.6506019720722716,2.4404987273324954
CUST00883,50,15,21809.53,0,Champions,2.1339990756378096,0.42691341615901884
CUST00884,12,10,16846.44,2,Potential Loyalists,0.6914645395711446,-0.5838072959225498
CUST00885,255,6,6036.45,3,Lost Customers,-2.3860875840162246,0.8633642146679326
CUST00886,32,7,13497.86,1,Low Spenders,-0.39554586154402743,-0.7950855779497613
CUST00887,51,12,13839.68,2,Potential Loyalists,0.600856755941693,-0.24710030443406594
CUST00888,13,10,12748.32,2,Potential Loyalists,0.22105647117496682,-0.820083942925106
CUST00889,39,7,10687.87,1,Low Spenders,-0.7445486567786846,-0.8955142835946259
CUST00890,33,12,20809.43,0,Champions,1.4691759222445337,-0.0042202457888553604
CUST00891,5,10,11018.76,2,Potential Loyalists,0.05781153834329737,-1.001938149138772
CUST00892,12,10,12345.09,2,Potential Loyalists,0.1793730068538154,-0.8540443008416255
CUST00893,55,7,10796.93,1,Low Spenders,-0.7991749807240224,-0.7329255754113981
CUST00894,14,9,12121.19,2,Potential Loyalists,-0.06190152888480415,-0.9164139244487285
CUST00895,126,11,11331.05,4,Lost Customers,-0.20617777857142724,0.26530565030170283
CUST00896,16,17,32734.02,0,Champions,3.934105866104269,0.888039666971134
CUST00897,25,13,7692.55,2,Potential Loyalists,0.21788764057256896,-0.8012752766006145
CUST00898,28,14,20113.73,0,Champions,1.825825461126735,0.04211678770302961
CUST00899,0,11,13269.12,2,Potential Loyalists,0.5421930147190903,-0.8471684428572953
CUST00900,68,9,9028.43,1,Low Spenders,-0.639984052120923,-0.575447227830423
CUST00901,21,10,9203.92,2,Potential Loyalists,-0.2156853243948181,-0.9548501182554232
CUST00902,22,10,14937.25,2,Potential Loyalists,0.4323715786806266,-0.6008990331305849
CUST00903,66,6,4801.03,1,Low Spenders,-1.7348015633785157,-1.0540419940615104
CUST00904,168,7,4741.75,1,Low Spenders,-1.9614599740352285,0.005595650206872056
CUST00905,209,6,9693.97,4,Lost Customers,-1.7772724225509768,0.6343233553673533
CUST00906,39,5,12809.41,1,Low Spenders,-0.9180410041322014,-0.9050144163736615
CUST00907,107,10,15641.08,2,Potential Loyalists,0.1563270189700909,0.27032471715826456
CUST00908,35,9,15746.65,2,Potential Loyalists,0.2625638935502215,-0.49395643197468375
CUST00909,70,10,9617.72,2,Potential Loyalists,-0.3738996485255026,-0.45213120865678885
CUST00910,69,13,17752.81,0,Champions,1.178041032743523,0.2318026387188898
CUST00911,72,9,8960.18,1,Low Spenders,-0.6645068005342506,-0.5405342610826035
CUST00912,165,8,12360.85,4,Lost Customers,-0.8746883964387688,0.502180988913566
CUST00913,86,8,9587.8,1,Low Spenders,-0.8591840926565469,-0.4347521769138693
CUST00914,28,6,12739.7,1,Low Spenders,-0.6724624119173674,-0.9480448157686234
CUST00915,12,14,19575.17,0,Champions,1.8315901517171695,-0.14625680581742892
CUST00916,133,11,12809.87,4,Lost Customers,-0.06726843935010772,0.42235418350007015
CUST00917,7,13,16298.14,2,Potential Loyalists,1.272306490943593,-0.4601881240553915
CUST00918,30,12,14352.94,2,Potential Loyalists,0.7472286308258861,-0.4210911597884293
CUST00919,3,9,10210.73,1,Low Spenders,-0.2331576002464223,-1.1383861492638985
CUST00920,13,10,18784.11,2,Potential Loyalists,0.9077120194571333,-0.4577273583625839
CUST00921,57,11,15821.29,2,Potential Loyalists,0.5937314798387434,-0.13805255876859612
CUST00922,103,6,8883.49,1,Low Spenders,-1.4253794224918428,-0.44810733472150005
CUST00923,48,9,12735.05,2,Potential Loyalists,-0.13451239377118798,-0.5479732267211953
CUST00924,89,7,14813.5,1,Low Spenders,-0.48467998197114576,-0.16020434872962044
CUST00925,303,6,17837.32,4,Lost Customers,-1.2446738107816486,2.039949387052143
CUST00926,40,10,25184.65,0,Champions,1.5227440787721276,0.18984660923444976
CUST00927,46,6,12590.24,1,Low Spenders,-0.7648781804225088,-0.7814711011503634
CUST00928,67,11,14029.49,2,Potential Loyalists,0.3479932736386373,-0.14809682754883743
CUST00929,89,13,16580.68,2,Potential Loyalists,0.960903067342957,0.35648587634856216
CUST00930,97,10,13706.88,2,Potential Loyalists,-0.02181939853264114,0.05667985260551087
CUST00931,210,11,12694.93,4,Lost Customers,-0.4029428281826221,1.1664026931545228
CUST00932,95,15,18450.43,0,Champions,1.5633229528629768,0.6641172348815372
CUST00933,83,10,15664.1,2,Potential Loyalists,0.2594960029098867,0.03764472229385511
CUST00934,213,11,21597.82,4,Lost Customers,0.5973166863778995,1.730142392925927
CUST00935,51,14,15968.1,0,Champions,1.257841506771354,0.01754472074966503
CUST00936,12,14,20677.64,0,Champions,1.957011536873817,-0.08007039711489876
CUST00937,87,9,11228.99,1,Low Spenders,-0.4692417597996932,-0.25803828468873496
CUST00938,6,11,13157.52,2,Potential Loyalists,0.5043594192988684,-0.7953528124497359
CUST00939,49,15,18978.07,0,Champions,1.8160704798582734,0.24717510219494757
CUST00940,360,10,14933.38,4,Lost Customers,-0.9841497827558892,2.6952416962783765
CUST00941,29,4,6683.82,1,Low Spenders,-1.7804402687489158,-1.4387209733294117
CUST00942,78,4,13167.49,1,Low Spenders,-1.2481219678460134,-0.5715994980453386
CUST00943,30,12,13241.48,2,Potential Loyalists,0.6207845074064666,-0.487817280060649
CUST00944,75,7,6600.23,1,Low Spenders,-1.3604000948934802,-0.7898213614008821
CUST00945,99,16,15032.29,0,Champions,1.3651269552035306,0.566353733157032
CUST00946,52,9,8645.54,1,Low Spenders,-0.6165097213340791,-0.7544752262392477
CUST00947,8,8,8256.07,1,Low Spenders,-0.6838990650202482,-1.2754036073632582
CUST00948,15,9,12075.14,2,Potential Loyalists,-0.07132994962463268,-0.9094259373920716
CUST00949,76,14,18834.96,0,Champions,1.4792472108592747,0.433470254261268
CUST00950,7,10,15653.07,2,Potential Loyalists,0.5766499529869176,-0.7042137701203588
CUST00951,289,7,9836.71,3,Lost Customers,-1.8887772732795314,1.4915323744956372
CUST00952,114,6,3998.9,1,Low Spenders,-2.027155345840898,-0.6340736084179692
CUST00953,156,12,11261.81,4,Lost Customers,-0.13231886783414143,0.6221593713520656
CUST00954,5,7,9063.8,1,Low Spenders,-0.7868633114067519,-1.3246025925364169
CUST00955,25,11,11978.38,2,Potential Loyalists,0.29061355737198175,-0.6808430007963793
CUST00956,158,7,10011.49,1,Low Spenders,-1.3200574392894842,0.22443685521474527
CUST00957,30,8,17199.29,2,Potential Loyalists,0.24134635950466463,-0.5239436323245452
CUST00958,66,6,8514.68,1,Low Spenders,-1.3123219249421108,-0.8310942887469436
CUST00959,339,7,8379.81,3,Lost Customers,-2.2639994810162234,1.8916970335942864
CUST00960,0,12,23218.08,0,Champions,1.8814499930442241,-0.1814530082631952
CUST00961,199,11,7953.24,4,Lost Customers,-0.8962909186441291,0.7744585453746792
CUST00962,56,13,19605.5,0,Champions,1.4432750953586906,0.2162446687013268
CUST00963,23,13,17608.3,0,Champions,1.3543220944082066,-0.22549178891396196
CUST00964,61,19,26389.15,0,Champions,3.43860383830971,1.0828598665402205
CUST00965,1,8,12006.49,1,Low Spenders,-0.2279092014364606,-1.1185165088948972
CUST00966,36,11,10438.99,2,Potential Loyalists,0.06940093064416472,-0.6659813386835263
CUST00967,279,6,5826.62,3,Lost Customers,-2.5105088187756466,1.0848291351904373
CUST00968,58,6,7567.32,1,Low Spenders,-1.3865806654333726,-0.9659893859715951
CUST00969,48,10,12349.47,2,Potential Loyalists,0.029046087763304994,-0.5026883600270331
CUST00970,139,8,17206.93,4,Lost Customers,-0.214449688745248,0.5395465825319418
CUST00971,40,5,2164.76,1,Low Spenders,-2.133208440646828,-1.534309748840107
CUST00972,4,9,11749.53,2,Potential Loyalists,-0.062287162726604166,-1.0362522354861472
CUST00973,200,9,6244.97,4,Lost Customers,-1.5096673184556304,0.5447896645100426
CUST00974,29,10,15476.1,2,Potential Loyalists,0.4643461809878406,-0.5002812768133273
CUST00975,82,11,14090.77,2,Potential Loyalists,0.29212089532791147,0.0018708416774019544
CUST00976,275,5,3651.22,3,Lost Customers,-2.9486562451813563,0.8467863795710239
CUST00977,167,6,6890.97,1,Low Spenders,-1.9201901446458467,0.05643772359545688
CUST00978,12,16,15116.4,0,Champions,1.7391898906281251,-0.2770714752659496
CUST00979,15,13,8868.67,2,Potential Loyalists,0.3935836339113323,-0.8281931456653701
CUST00980,97,9,12778.47,2,Potential Loyalists,-0.33486262421616575,-0.06748995351651547
CUST00981,85,13,19571.17,0,Champions,1.3178714955118886,0.49700858673198534
CUST00982,51,7,5110.65,1,Low Spenders,-1.4293105209947239,-1.1133097789919388
CUST00983,13,14,13973.09,2,Potential Loyalists,1.1900855941465098,-0.4728231761070196
CUST00984,262,7,7396.32,3,Lost Customers,-2.0532868708240493,1.0817046552530483
CUST00985,96,7,7916.04,1,Low Spenders,-1.298689670079297,-0.5060229153043337
CUST00986,131,8,12025.45,4,Lost Customers,-0.7703988111239654,0.15045754187521848
CUST00987,110,9,10377.07,1,Low Spenders,-0.6625201253369656,-0.084873600340377
CUST00988,117,11,20154.34,0,Champions,0.8353011909043586,0.7072355950085969
CUST00989,7,10,6285.2,1,Low Spenders,-0.48907630837838156,-1.266610635787606
CUST00990,237,9,12747.56,4,Lost Customers,-0.9249215344229702,1.296015999172968
CUST00991,61,7,12799.87,1,Low Spenders,-0.5964500704532621,-0.5541642606243564
CUST00992,50,13,18065.27,0,Champions,1.2931899205236632,0.0652619902225272
CUST00993,30,15,24575.96,0,Champions,2.532510968995819,0.397943432762517
CUST00994,4,7,12428.28,1,Low Spenders,-0.39991705603616423,-1.132369771561348
CUST00995,16,10,14310.98,2,Potential Loyalists,0.38626213940100596,-0.6970124361662756
CUST00996,211,10,17893.68,4,Lost Customers,-0.023125478930023414,1.419827421266442
CUST00997,94,8,13189.38,1,Low Spenders,-0.4829706967910109,-0.14051189142429535
CUST00998,44,14,15692.62,2,Potential Loyalists,1.25582892629576,-0.06726170785800814
CUST00999,27,8,8767.89,1,Low Spenders,-0.7052745717950814,-1.0593775914960635
CUST01000,2,11,12580.4,2,Potential Loyalists,0.45546230201195426,-0.8690103460196474
CUST01001,22,19,40891.35,0,Champions,5.251825934743315,1.5731437364439567
CUST01002,274,6,11078.46,3,Lost Customers,-1.8920906046256365,1.35135863497254
CUST01003,67,9,14528.55,2,Potential Loyalists,-0.010078870887552719,-0.25500199120552136
CUST01004,37,15,20847.43,0,Champions,2.0790113991352883,0.242370492943823
CUST01005,92,10,10498.29,2,Potential Loyalists,-0.3658934514020086,-0.18470966380252837
CUST01006,11,7,15032.7,2,Potential Loyalists,-0.13295497058835143,-0.9077462280356542
CUST01007,135,12,10536.4,4,Lost Customers,-0.1268630334335754,0.3738053869623881
CUST01008,92,10,17982.13,2,Potential Loyalists,0.48549804141931374,0.2645801063538861
CUST01009,82,15,23796.47,0,Champions,2.2259744470971223,0.8582813351615635
CUST01010,113,12,15138.63,2,Potential Loyalists,0.48887596934575406,0.4355418614957134
CUST01011,96,6,8801.23,1,Low Spenders,-1.4054105249771356,-0.5213138668335745
CUST01012,70,11,15622.99,2,Potential Loyalists,0.516707423291138,-0.02317385195694489
CUST01013,142,12,18984.67,0,Champions,0.8049187402122591,0.9492624629164291
CUST01014,118,6,9922.64,1,Low Spenders,-1.3700054086983566,-0.23943357510010896
CUST01015,33,13,15213.04,2,Potential Loyalists,1.039931871294597,-0.2717645720262291
CUST01016,11,10,14526.9,2,Potential Loyalists,0.43177400513512876,-0.732812668089566
CUST01017,132,7,13895.78,4,Lost Customers,-0.7692357987540827,0.20406171572835965
CUST01018,97,12,9824.25,2,Potential Loyalists,-0.04867567489271286,-0.039546449350129735
CUST01019,3,14,21431.59,0,Champions,2.0804901978605375,-0.1225805144502132
CUST01020,177,7,13717.22,4,Lost Customers,-0.9780810033668589,0.6322081635788764
CUST01021,2,10,14727.37,2,Potential Loyalists,0.49228657338780546,-0.8085507675819245
CUST01022,212,13,19774.33,4,Lost Customers,0.8089059797458328,1.7477832723036775
CUST01023,73,9,12552.52,2,Potential Loyalists,-0.2600174606637278,-0.3151167770244878
CUST01024,138,10,9155.01,4,Lost Customers,-0.7114314385360553,0.18326580095284162
CUST01025,109,15,18184.39,0,Champions,1.474402934650123,0.7846817770316508
CUST01026,8,11,8040.32,2,Potential Loyalists,-0.08617284423369533,-1.0830569950491522
CUST01027,1,8,7949.89,1,Low Spenders,-0.6894041999638176,-1.362053099951963
CUST01028,56,7,12003.55,1,Low Spenders,-0.6660946651316357,-0.6507339741163509
CUST01029,59,12,26199.87,0,Champions,1.9734845651217523,0.5729601313780259
CUST01030,99,7,12630.88,1,Low Spenders,-0.7748794304244842,-0.19371136230030755
CUST01031,11,10,12892.37,2,Potential Loyalists,0.24582335189277793,-0.8309411165884334
CUST01032,110,8,9063.29,1,Low Spenders,-1.0194045795326645,-0.23217896237022295
CUST01033,39,11,17860.8,2,Potential Loyalists,0.9011668761027543,-0.19115776923870098
CUST01034,154,9,12863.92,4,Lost Customers,-0.5639480664986233,0.49353724056274595
CUST01035,78,7,9028.12,1,Low Spenders,-1.096762410305013,-0.6148060680522214
CUST01036,6,7,8518.43,1,Low Spenders,-0.8530963672263712,-1.3475911105940463
CUST01037,142,7,6231.82,1,Low Spenders,-1.6830143516860343,-0.15851566663016378
CUST01038,1,6,7799.91,1,Low Spenders,-1.1213137240305577,-1.5079231576232597
CUST01039,28,11,24778.75,0,Champions,1.7342659445007638,0.11688057535255583
CUST01040,1,11,13720.07,2,Potential Loyalists,0.5893052966041439,-0.8103432310914332
CUST01041,94,11,22969.88,0,Champions,1.2519688008848322,0.6519561645505597
CUST01042,27,10,17578.5,2,Potential Loyalists,0.7119027699258481,-0.3935695792306349
CUST01043,240,11,13632.06,4,Lost Customers,-0.42201885213375195,1.5152404624548432
CUST01044,31,7,8202.34,1,Low Spenders,-0.9937957525144429,-1.122752889734686
CUST01045,28,16,16729.8,0,Champions,1.8557032861731595,-0.024170230625889508
CUST01046,63,9,4884.84,1,Low Spenders,-1.090427434878147,-0.8729691488724802
CUST01047,3,12,16983.76,2,Potential Loyalists,1.1596401128755893,-0.5264705242672997
CUST01048,56,4,6894.96,1,Low Spenders,-1.8695390440947766,-1.1627255140123673
CUST01049,98,13,14315.16,2,Potential Loyalists,0.6654621732240579,0.3082494066543127
CUST01050,112,9,14570.7,4,Lost Customers,-0.19381522544733512,0.18639470587149193
CUST01051,141,10,22337.91,4,Lost Customers,0.775739087375616,1.0039544345826865
CUST01052,38,5,3345.1,1,Low Spenders,-1.9905490755766246,-1.4829536074251604
CUST01053,10,9,6986.35,1,Low Spenders,-0.629303054959399,-1.2636926165732447
CUST01054,57,8,15176.36,2,Potential Loyalists,-0.10190913115944614,-0.3820697999815326
CUST01055,8,14,10708.64,2,Potential Loyalists,0.8396566848412749,-0.717566228475333
CUST01056,2,11,17946.57,2,Potential Loyalists,1.0659392078561458,-0.5468541687202602
CUST01057,180,11,9546.08,4,Lost Customers,-0.6354808943914605,0.6847850714722243
CUST01058,22,14,24122.01,0,Champions,2.306960917923869,0.22423700594711107
CUST01059,238,5,9722.45,3,Lost Customers,-2.1029541067214725,0.8504250203469279
CUST01060,53,10,15611.57,2,Potential Loyalists,0.37920765169395526,-0.2580863891035218
CUST01061,107,7,14226.42,1,Low Spenders,-0.6268811474233713,-0.019903000866375194
CUST01062,77,10,15584.98,2,Potential Loyalists,0.27563253031276946,-0.02562071796589674
CUST01063,29,7,12565.85,1,Low Spenders,-0.48900626999062624,-0.880296228042877
CUST01064,256,14,22333.95,0,Champions,1.1231802445615546,2.3989958651031036
CUST01065,82,12,11713.19,2,Potential Loyalists,0.22906151040613681,-0.07243332909470689
CUST01066,231,10,16828.62,4,Lost Customers,-0.2280827340085648,1.5509385696599267
CUST01067,125,12,10857.04,4,Lost Customers,-0.04848985756268744,0.29552906921708766
CUST01068,125,6,5610.33,1,Low Spenders,-1.8899181201652329,-0.4300535471939334
CUST01069,26,13,26598.92,0,Champions,2.364562123739917,0.34351475134786164
CUST01070,34,10,12465.41,2,Potential Loyalists,0.10089013119950926,-0.632264104247271
CUST01071,42,7,8910.37,1,Low Spenders,-0.9593329146683919,-0.9729681379720102
CUST01072,85,10,10981.04,2,Potential Loyalists,-0.281646762357956,-0.2239960141581681
CUST01073,252,7,9966.82,3,Lost Customers,-1.7189606462456826,1.138497911721535
CUST01074,69,12,13692.94,2,Potential Loyalists,0.5087504254871346,-0.08036329554777966
CUST01075,92,16,22696.51,0,Champions,2.266366319659075,0.9582044736110815
CUST01076,66,7,9352.38,1,Low Spenders,-1.0095982307175462,-0.7123702263942775
CUST01077,37,13,18383.46,0,Champions,1.383853141734643,-0.0424191615179238
CUST01078,380,10,16307.14,3,Lost Customers,-0.9116571457305774,2.9727665677408823
CUST01079,2,13,13239.81,2,Potential Loyalists,0.9453266150891443,-0.6925568328481286
CUST01080,70,9,6821.28,1,Low Spenders,-0.8994574189260462,-0.6884475557718465
CUST01081,180,2,2556.62,1,Low Spenders,-3.2974421505991325,-0.350722033697527
CUST01082,75,6,2923.0,1,Low Spenders,-1.9861600493281684,-1.0790156343743316
CUST01083,337,4,7974.6,3,Lost Customers,-2.9239894104512847,1.6425661343879008
CUST01084,9,12,20693.6,0,Champions,1.5565487762860097,-0.24523605282806
CUST01085,138,9,9221.6,4,Lost Customers,-0.911279494980631,0.11883047890658818
CUST01086,124,12,16184.2,2,Potential Loyalists,0.5617387041012671,0.6055907115045563
CUST01087,236,7,6772.84,3,Lost Customers,-2.0152871278165443,0.7907070883473193
CUST01088,3,10,13522.55,2,Potential Loyalists,0.35103185490022126,-0.8711291404373113
CUST01089,469,8,10901.38,3,Lost Customers,-2.314358593245376,3.3793474481066106
CUST01090,59,5,5387.12,1,Low Spenders,-1.8462221041764946,-1.1555573928053287
CUST01091,149,9,8647.77,4,Lost Customers,-1.0226461643111018,0.19165920478245968
CUST01092,59,13,21722.31,0,Champions,1.6715230781915273,0.37258438083763423
CUST01093,141,10,16288.28,4,Lost Customers,0.08750904548313096,0.6407669703622664
CUST01094,33,16,16342.6,0,Champions,1.7907059243714518,0.001347265184337386
CUST01095,83,14,9307.25,2,Potential Loyalists,0.36600979019761043,-0.07025446984138668
CUST01096,207,13,17510.88,4,Lost Customers,0.5723548236146563,1.5631349119553124
CUST01097,22,11,11229.63,2,Potential Loyalists,0.21800153758340293,-0.7550516995812275
CUST01098,353,7,7007.61,3,Lost Customers,-2.4787606735058167,1.9458536391562022
CUST01099,127,12,27181.74,0,Champions,1.800293958607884,1.2950820063205009
CUST01100,24,5,6062.6,1,Low Spenders,-1.6227411884366212,-1.4563455884371894
CUST01101,55,14,22353.92,0,Champions,1.9675595080364412,0.4399255685416289
CUST01102,116,8,11104.74,1,Low Spenders,-0.8122986180383952,-0.05110571292814811
CUST01103,44,7,8658.34,1,Low Spenders,-0.9963840309383856,-0.9685935066106947
CUST01104,45,10,11977.93,2,Potential Loyalists,-0.0006530176648477455,-0.5542513857081403
CUST01105,107,7,4945.48,1,Low Spenders,-1.6827179052088292,-0.5770810537690928
CUST01106,7,6,8812.69,1,Low Spenders,-1.0312333652910917,-1.388605759170356
CUST01107,38,12,13685.21,2,Potential Loyalists,0.6377482900245505,-0.3831574373235167
CUST01108,55,9,11332.13,2,Potential Loyalists,-0.32344129274348543,-0.5639289670308862
CUST01109,5,11,16479.59,2,Potential Loyalists,0.8864809438881255,-0.6056660612934144
CUST01110,42,12,23573.9,0,Champions,1.7459667560856558,0.24951701070412846
CUST01111,530,8,7133.77,3,Lost Customers,-2.998541867847961,3.7480678374012024
CUST01112,11,15,17537.32,0,Champions,1.8113693958790371,-0.20991798547195026
CUST01113,20,11,16634.54,2,Potential Loyalists,0.8412648384443466,-0.4500749457120214
CUST01114,16,11,11948.81,2,Potential Loyalists,0.32495585755257017,-0.770391472868427
CUST01115,462,7,6386.5,3,Lost Customers,-3.0060858299557176,2.971597063195963
CUST01116,255,12,19785.11,4,Lost Customers,0.42255642643665436,2.0993584862427905
CUST01117,432,7,12817.95,3,Lost Customers,-2.148730750576714,3.0651294694444458
CUST01118,35,14,14051.19,2,Potential Loyalists,1.1067996028688183,-0.2535776427465134
CUST01119,34,7,3668.54,1,Low Spenders,-1.5221476937944165,-1.3656802702005657
CUST01120,92,8,18714.61,2,Potential Loyalists,0.15398068724865682,0.1716882324187769
CUST01121,227,12,17348.9,4,Lost Customers,0.26271195140479425,1.680029128839773
CUST01122,208,8,11474.07,4,Lost Customers,-1.155724355396326,0.8683045256703443
CUST01123,75,7,8945.9,1,Low Spenders,-1.0935473183821984,-0.6489998666651853
CUST01124,15,9,6143.05,1,Low Spenders,-0.7461881722283278,-1.2655569279860934
CUST01125,178,8,11630.7,4,Lost Customers,-1.012217830634349,0.585130263206926
CUST01126,99,9,18732.64,2,Potential Loyalists,0.33412832919300134,0.3094717683684804
CUST01127,22,9,15854.97,2,Potential Loyalists,0.329351466350972,-0.6142370572558207
CUST01128,33,13,19139.24,0,Champions,1.4865920456322468,-0.03605650028924455
CUST01129,54,12,13446.57,2,Potential Loyalists,0.5435662270396323,-0.24144277950526008
CUST01130,34,5,3698.66,1,Low Spenders,-1.9335683234089607,-1.5007380860808606
CUST01131,6,7,9250.61,1,Low Spenders,-0.7698006496249906,-1.3036349351663084
CUST01132,180,7,6429.22,1,Low Spenders,-1.8197617236598103,0.22393332980496294
CUST01133,67,10,17277.59,2,Potential Loyalists,0.5100864864256279,-0.021531286849450333
CUST01134,110,11,9973.16,2,Potential Loyalists,-0.2936233372398348,0.027743860964356992
CUST01135,115,7,9229.33,1,Low Spenders,-1.2288867524421296,-0.24188092260074728
CUST01136,345,4,5004.16,3,Lost Customers,-3.2954352267885203,1.5422574509974134
CUST01137,58,8,14338.0,2,Potential Loyalists,-0.20147389817034161,-0.42264787229982614
CUST01138,71,14,19763.71,0,Champions,1.6058534610040507,0.4404645271457496
CUST01139,13,15,24793.63,0,Champions,2.628496990165395,0.24521726515116304
CUST01140,239,12,23813.04,4,Lost Customers,0.9478232359999211,2.1851325552220064
CUST01141,5,7,10714.76,1,Low Spenders,-0.5990435158220934,-1.225487774617082
CUST01142,67,15,19846.41,0,Champions,1.8394436995454961,0.47485209107684756
CUST01143,22,13,16093.24,2,Potential Loyalists,1.1861524139916375,-0.32620047992592527
CUST01144,157,13,25828.58,0,Champions,1.7280890083509273,1.5748560300898924
CUST01145,46,7,6583.02,1,Low Spenders,-1.2408598910492667,-1.0736794656720083
CUST01146,8,9,17814.45,2,Potential Loyalists,0.6109239744090575,-0.633136509241837
CUST01147,65,9,13729.43,2,Potential Loyalists,-0.09261077184923854,-0.322482052653519
CUST01148,84,10,14301.08,2,Potential Loyalists,0.10024382133325567,-0.03443113335629267
CUST01149,294,6,8190.66,3,Lost Customers,-2.304410033351014,1.3730422120049448
CUST01150,105,14,24496.07,0,Champions,2.0017795855755676,1.0561579612210925
CUST01151,11,7,12853.12,1,Low Spenders,-0.3809126861359176,-1.038596566529999
CUST01152,9,13,10326.62,2,Potential Loyalists,0.5845833761706083,-0.7991811151328121
CUST01153,91,14,21873.2,0,Champions,1.7620456777923492,0.762158697069631
CUST01154,146,13,20504.57,0,Champions,1.1684938717072846,1.1479525006346676
CUST01155,101,11,16683.44,2,Potential Loyalists,0.5074711854484216,0.34281997431753347
CUST01156,196,11,17005.12,4,Lost Customers,0.14605582689223676,1.2886273105773107
CUST01157,25,14,17755.66,0,Champions,1.570130778263156,-0.12870688586857518
CUST01158,97,16,18649.37,0,Champions,1.784999583280082,0.7639987255536859
CUST01159,30,13,26314.09,0,Champions,2.3154003705489297,0.3654254120040924
CUST01160,32,8,13580.55,2,Potential Loyalists,-0.17871511679393398,-0.7216882822524211
CUST01161,76,15,17487.49,0,Champions,1.5333772488367303,0.4210083843849327
CUST01162,197,11,18210.81,4,Lost Customers,0.27903034197468196,1.3707630796410109
CUST01163,9,15,27125.28,0,Champions,2.910513151699765,0.34618674187782034
CUST01164,79,13,24596.03,0,Champions,1.9146571484345813,0.7401588369577244
CUST01165,31,10,11382.85,2,Potential Loyalists,-0.009697445818872118,-0.7265129720063238
CUST01166,8,9,15510.04,2,Potential Loyalists,0.34876510009154377,-0.7714809740147534
CUST01167,148,10,16863.02,4,Lost Customers,0.12356663736219005,0.7435393705322669
CUST01168,14,16,22943.2,0,Champions,2.6212187031045615,0.2123129470359454
CUST01169,56,9,12222.38,2,Potential Loyalists,-0.22635249040951702,-0.5007305302856402
CUST01170,135,9,11358.25,4,Lost Customers,-0.6556369003751765,0.21784578047574515
CUST01171,7,9,9880.42,1,Low Spenders,-0.28749333966553775,-1.119205864824518
CUST01172,62,7,6640.86,1,Low Spenders,-1.3013132065206536,-0.9141657326388922
CUST01173,65,11,17332.5,2,Potential Loyalists,0.7321360456318957,0.030693080009949247
CUST01174,126,8,12517.33,4,Lost Customers,-0.6934926349343851,0.1312244739977071
CUST01175,13,15,19073.74,0,Champions,1.9777794860667304,-0.09817437115051807
CUST01176,17,13,20799.28,0,Champions,1.7424782428445436,-0.09243789613232169
CUST01177,175,13,16507.58,4,Lost Customers,0.592282262477153,1.1908194833209018
CUST01178,10,8,7734.59,1,Low Spenders,-0.7516038881761058,-1.2872053144282916
CUST01179,57,5,6150.51,1,Low Spenders,-1.750996634396924,-1.1292327017777122
CUST01180,36,10,13583.45,2,Potential Loyalists,0.21970364359203512,-0.5456377898731974
CUST01181,208,5,6816.61,3,Lost Customers,-2.307846385918495,0.3833964207503112
CUST01182,170,8,9397.17,4,Lost Customers,-1.2327964010955192,0.37302039072223764
CUST01183,1,12,18494.97,2,Potential Loyalists,1.339940569047392,-0.455250715770794
CUST01184,48,8,16654.25,2,Potential Loyalists,0.10392783215777122,-0.3811184274657767
CUST01185,113,8,7691.65,1,Low Spenders,-1.1880165847717992,-0.28526715071042824
CUST01186,6,13,16608.97,2,Potential Loyalists,1.3118573407397924,-0.45128013453558274
CUST01187,175,6,6297.8,1,Low Spenders,-2.0211882424135577,0.09884763011332377
CUST01188,181,6,6667.09,1,Low Spenders,-2.004313873074666,0.17953332689997728
CUST01189,104,9,11705.76,1,Low Spenders,-0.4862255163197261,-0.06362164961850685
CUST01190,33,14,13933.56,2,Potential Loyalists,1.1017967228967316,-0.28014468554848254
CUST01191,104,15,11297.86,2,Potential Loyalists,0.7119117553981427,0.3224883929234626
CUST01192,11,9,9063.99,1,Low Spenders,-0.39713202950720394,-1.129209628022238
CUST01193,7,11,8729.28,2,Potential Loyalists,-0.0036044172070198647,-1.0514481005408292
CUST01194,94,9,12954.81,2,Potential Loyalists,-0.3022327152497102,-0.08616119112180909
CUST01195,14,12,20338.47,0,Champions,1.495199825617461,-0.2177932455562149
CUST01196,9,10,15292.38,2,Potential Loyalists,0.5272372416520955,-0.7063625046280619
CUST01197,299,7,10491.36,3,Lost Customers,-1.8561975681383038,1.6283598932200944
CUST01198,14,13,19100.6,0,Champions,1.5617983968095779,-0.22367531698561113
CUST01199,68,8,8170.53,1,Low Spenders,-0.9450057789270223,-0.6953839902618135
CUST01200,3,14,19082.22,0,Champions,1.8132164945892717,-0.26362413741815144
CUST01201,467,5,4284.4,3,Lost Customers,-3.681024257779358,2.7572950653350357
CUST01202,38,10,7054.56,1,Low Spenders,-0.5314281058329225,-0.9180922979248025
CUST01203,164,9,9454.83,4,Lost Customers,-0.9936756347675331,0.3863995207765682
CUST01204,11,11,14006.39,2,Potential Loyalists,0.5799823116089067,-0.6956282777133376
CUST01205,109,9,15975.85,2,Potential Loyalists,-0.021390988930615428,0.24149465557991742
CUST01206,79,12,15201.6,2,Potential Loyalists,0.6384857150321357,0.10773442091089917
CUST01207,9,16,26476.11,0,Champions,3.0440845833250174,0.3756470732377785
CUST01208,22,16,24033.98,0,Champions,2.711793474924718,0.3558182148195388
CUST01209,4,14,24302.65,0,Champions,2.402923847611795,0.0595351719454166
CUST01210,7,3,4668.26,1,Low Spenders,-2.124991056441745,-1.8427142838236614
CUST01211,31,15,17982.16,0,Champions,1.7781843880707362,0.011839492073302652
CUST01212,30,10,10770.66,2,Potential Loyalists,-0.07515303332009471,-0.7730181719253294
CUST01213,72,7,12086.76,1,Low Spenders,-0.7236617881974022,-0.4896971618259458
CUST01214,125,8,8383.17,1,Low Spenders,-1.1596215794250557,-0.1267209881126048
CUST01215,26,13,18189.25,0,Champions,1.4078445168115639,-0.16135690563455557
CUST01216,124,11,19647.06,2,Potential Loyalists,0.7482638712056012,0.7450492952191324
CUST01217,130,11,16725.57,4,Lost Customers,0.3907659802146956,0.6281741422501355
CUST01218,47,14,17285.55,0,Champions,1.424478230474425,0.057627047979187676
CUST01219,74,10,14645.45,2,Potential Loyalists,0.18131661666750057,-0.111282828682379
CUST01220,17,9,21658.76,2,Potential Loyalists,1.0105617143315728,-0.3145714283424385
CUST01221,32,9,7049.37,1,Low Spenders,-0.7143046071939985,-1.0453524058457666
CUST01222,76,4,4649.05,1,Low Spenders,-2.208834505802275,-1.1025062907654921
CUST01223,9,11,16330.14,2,Potential Loyalists,0.8527205595529861,-0.5756279087234368
CUST01224,35,13,16175.4,2,Potential Loyalists,1.1410346058508216,-0.19448445311036305
CUST01225,28,13,17213.41,2,Potential Loyalists,1.2884498875296668,-0.2004359596188534
CUST01226,210,8,13075.44,4,Lost Customers,-0.9819252941110753,0.9839473909874765
CUST01227,1,11,14159.36,2,Potential Loyalists,0.6392806794131669,-0.7839706064586229
CUST01228,22,6,10716.4,1,Low Spenders,-0.8775035570079317,-1.1280284361795674
CUST01229,813,1,157.87,3,Lost Customers,-6.429766981109289,5.610221858927078
CUST01230,41,20,25866.26,0,Champions,3.670333167246528,0.9248497138678456
CUST01231,0,8,8109.54,1,Low Spenders,-0.6670521900525876,-1.36222114993223
CUST01232,9,15,27679.2,0,Champions,2.9735293005890506,0.37944113928410395
CUST01233,137,11,18043.38,4,Lost Customers,0.5113581795373585,0.7755564952665528
CUST01234,1,11,20573.7,2,Potential Loyalists,1.3690015858012674,-0.3988879023514939
CUST01235,41,11,24800.68,0,Champions,1.682296131291343,0.24498071475516942
CUST01236,24,5,6502.59,1,Low Spenders,-1.572686170835169,-1.4299309395442252
CUST01237,14,13,25048.77,0,Champions,2.238485944359366,0.13342103089880117
CUST01238,73,8,14901.78,2,Potential Loyalists,-0.20017987191566863,-0.2425127877488874
CUST01239,17,11,21727.04,0,Champions,1.433176720481909,-0.173606202177665
CUST01240,46,14,14102.13,2,Potential Loyalists,1.0665092610613807,-0.14324106399021938
CUST01241,127,11,14029.44,4,Lost Customers,0.09661224316727819,0.4370551524105349
CUST01242,89,9,11588.22,2,Potential Loyalists,-0.4367535000405412,-0.21696686866796533
CUST01243,4,9,11347.87,2,Potential Loyalists,-0.10798160662260035,-1.0603657559624033
CUST01244,109,11,15718.34,2,Potential Loyalists,0.36416084718318065,0.362901190722534
CUST01245,160,6,5897.23,1,Low Spenders,-2.0039148479933675,-0.0714891980094673
CUST01246,8,9,10704.84,2,Potential Loyalists,-0.19789362073960948,-1.0599595095734509
CUST01247,16,13,18419.03,0,Champions,1.475881096625114,-0.24508797234782081
CUST01248,111,8,7972.24,1,Low Spenders,-1.1477163689706857,-0.2879271922574683
CUST01249,15,8,11166.05,1,Low Spenders,-0.38217525503710553,-1.0324358739338528
CUST01250,31,9,5885.26,1,Low Spenders,-0.8425488156061364,-1.1249919338563303
CUST01251,57,9,9380.18,1,Low Spenders,-0.5538820895086288,-0.6616084504133776
CUST01252,32,9,13681.53,2,Potential Loyalists,0.040196371318351055,-0.6471929526719191
CUST01253,39,7,13484.54,1,Low Spenders,-0.4263883211450249,-0.727617158388403
CUST01254,122,10,12688.3,4,Lost Customers,-0.2424368485831944,0.23934432701422836
CUST01255,45,10,10535.77,2,Potential Loyalists,-0.16471889230770462,-0.6408309671701671
CUST01256,44,11,23420.7,0,Champions,1.5127353343824066,0.19139183737256024
CUST01257,28,10,13387.5,2,Potential Loyalists,0.23092830221417912,-0.6354222452090282
CUST01258,171,14,13361.11,4,Lost Customers,0.45850924006248095,1.0313449327364583
CUST01259,148,10,13088.19,4,Lost Customers,-0.30587308193254525,0.516918744880257
CUST01260,3,9,7313.53,1,Low Spenders,-0.5627546297128373,-1.312318558574782
CUST01261,19,12,13165.19,2,Potential Loyalists,0.6581909320880679,-0.5996757373810848
CUST01262,17,13,12500.11,2,Potential Loyalists,0.7983315567211187,-0.5906757234761733
CUST01263,89,10,14507.07,2,Potential Loyalists,0.10273012027612269,0.02669832085484642
CUST01264,76,4,7085.01,1,Low Spenders,-1.9317099787074914,-0.9562642668165277
CUST01265,88,12,7274.15,2,Potential Loyalists,-0.30107892237227335,-0.280414076344296
CUST01266,225,8,9760.86,4,Lost Customers,-1.4218489729514476,0.9312464618096569
CUST01267,18,16,24807.98,0,Champions,2.81660515870527,0.3632747075053642
CUST01268,47,16,22074.92,0,Champions,2.3841832683255744,0.48202129467189153
CUST01269,288,5,7128.11,3,Lost Customers,-2.607576026316607,1.1823038587750772
CUST01270,137,12,18135.6,4,Lost Customers,0.7292730951043837,0.8495259212485583
CUST01271,12,10,13310.05,2,Potential Loyalists,0.2891507058576506,-0.7961132578730247
CUST01272,47,7,10871.46,1,Low Spenders,-0.757179438307154,-0.8064718566237967
CUST01273,30,10,18056.97,2,Potential Loyalists,0.7537666587175396,-0.3355870476377464
CUST01274,4,7,10147.61,1,Low Spenders,-0.6593751732504293,-1.2692890135684767
CUST01275,13,9,14154.85,2,Potential Loyalists,0.1736453343987703,-0.8040764261849361
CUST01276,2,11,14459.23,2,Potential Loyalists,0.6692054978121698,-0.7562154307271003
CUST01277,88,13,13718.17,2,Potential Loyalists,0.6394420996992303,0.1748834862733825
CUST01278,37,4,5265.17,1,Low Spenders,-1.9753482643089562,-1.4458684757712124
CUST01279,133,11,10327.08,4,Lost Customers,-0.34972053405841946,0.2733007365468156
CUST01280,137,9,10998.14,4,Lost Customers,-0.7049836285962713,0.21573186606931233
CUST01281,52,13,15692.71,2,Potential Loyalists,1.01489885226747,-0.05766867039324157
CUST01282,89,15,15991.99,0,Champions,1.3087785455185068,0.45801013366583754
CUST01283,69,8,11538.08,1,Low Spenders,-0.5660894461853672,-0.48346169683223345
CUST01284,166,7,13902.83,4,Lost Customers,-0.9108797899177394,0.5360727830217019
CUST01285,40,8,10083.13,1,Low Spenders,-0.6101122801518136,-0.853634029379844
CUST01286,89,14,19312.75,0,Champions,1.4791378497596703,0.58893779256919
CUST01287,132,6,8115.34,1,Low Spenders,-1.6342653128822882,-0.21139804895665415
CUST01288,85,10,14796.12,2,Potential Loyalists,0.15237195750147045,0.005041006452685904
CUST01289,299,7,8952.4,3,Lost Customers,-2.0312757969342567,1.5359689569253692
CUST01290,77,7,13283.52,1,Low Spenders,-0.6084615416898382,-0.3690871701396775
CUST01291,3,7,14980.06,2,Potential Loyalists,-0.10542679467612329,-0.9889271166248528
CUST01292,135,11,13023.36,4,Lost Customers,-0.051360143374759165,0.4546761485568166
CUST01293,102,8,8652.14,1,Low Spenders,-1.0326619313831054,-0.3348828759704823
CUST01294,145,7,10417.98,1,Low Spenders,-1.2193488578334801,0.12205676371941056
CUST01295,45,11,11122.38,2,Potential Loyalists,0.10943980187243021,-0.5371810069346726
CUST01296,83,8,4923.03,1,Low Spenders,-1.3772981693728732,-0.744057794623751
CUST01297,39,11,12621.06,2,Potential Loyalists,0.3050731514112062,-0.5057237648077365
CUST01298,0,9,12494.43,2,Potential Loyalists,0.03921398896866791,-1.030542751329573
CUST01299,15,8,7713.96,1,Low Spenders,-0.7748987844623149,-1.2396809142686616
CUST01300,99,8,11130.96,1,Low Spenders,-0.7380927125982628,-0.21532551569156927
CUST01301,9,9,16658.84,2,Potential Loyalists,0.4752675818292612,-0.6927605766084108
CUST01302,4,12,18514.7,2,Potential Loyalists,1.3296163654404145,-0.4248084828964182
CUST01303,221,5,3390.94,3,Lost Customers,-2.752028928241685,0.3045210754296739
CUST01304,44,10,13688.63,2,Potential Loyalists,0.19815262767157993,-0.4613026803861687
CUST01305,166,12,13527.6,4,Lost Customers,0.08355055084240276,0.855711127939679
CUST01306,164,5,9938.36,1,Low Spenders,-1.7683617350145568,0.14169595913098731
CUST01307,43,9,10194.42,1,Low Spenders,-0.4025966524246276,-0.7492619933973218
CUST01308,117,9,8073.29,1,Low Spenders,-0.953934451606348,-0.15491216208172695
CUST01309,31,8,10344.64,1,Low Spenders,-0.5426555579992924,-0.9257076133867902
CUST01310,147,13,13201.29,4,Lost Customers,0.3334540157353182,0.7192551712398456
CUST01311,20,9,7774.8,1,Low Spenders,-0.5815017280652357,-1.118832460693674
CUST01312,23,11,14046.3,2,Potential Loyalists,0.534247563962895,-0.5762012981995488
CUST01313,58,12,16855.97,2,Potential Loyalists,0.9146748156150796,0.0022497134195562296
CUST01314,215,7,6237.41,3,Lost Customers,-1.9882184107506358,0.5537584881633857
CUST01315,35,8,11908.67,1,Low Spenders,-0.38148362214593484,-0.792801276119169
CUST01316,324,7,6643.14,3,Lost Customers,-2.3987261525459425,1.641147899769344
CUST01317,20,11,21142.12,0,Champions,1.3540651208142978,-0.17946392487757687
CUST01318,6,8,10083.89,1,Low Spenders,-0.467579792232623,-1.1851762259991847
CUST01319,308,5,4371.9,3,Lost Customers,-3.0049252517051466,1.2118873963698245
CUST01320,205,9,15117.86,4,Lost Customers,-0.5211999016463849,1.126233490616977
CUST01321,98,5,9281.03,1,Low Spenders,-1.5666293415263595,-0.5414371020546258
CUST01322,39,12,11494.1,2,Potential Loyalists,0.38428928664381784,-0.5049473923890482
CUST01323,111,8,8279.46,1,Low Spenders,-1.1127657962133088,-0.26948334482253467
CUST01324,216,9,17901.78,4,Lost Customers,-0.25057553629134754,1.4006435872520708
CUST01325,23,16,19952.04,0,Champions,2.243226107873551,0.12051292857310915
CUST01326,2,12,11545.31,2,Potential Loyalists,0.5451299349309802,-0.8627185896290585
CUST01327,48,12,21140.26,0,Champions,1.44396862721859,0.16192976532946896
CUST01328,12,14,24273.82,0,Champions,2.366127319500675,0.13582503699928522
CUST01329,31,7,13045.88,1,Low Spenders,-0.44277532033794165,-0.8319726254127069
CUST01330,31,10,13303.52,2,Potential Loyalists,0.2088056352888385,-0.611206206649726
CUST01331,15,10,14049.0,2,Potential Loyalists,0.3606478385522179,-0.7224928987303297
CUST01332,28,9,7602.58,1,Low Spenders,-0.6346108745855747,-1.0511509651590265
CUST01333,202,9,13125.58,4,Lost Customers,-0.7352808549060293,0.9773698943620325
CUST01334,60,12,19391.53,0,Champions,1.1947510579569467,0.17397635529824226
CUST01335,21,12,11949.0,2,Potential Loyalists,0.5114531280055866,-0.6531841212624802
CUST01336,5,7,5929.5,1,Low Spenders,-1.1434337827089003,-1.5127692191079698
CUST01337,33,8,7824.42,1,Low Spenders,-0.8377450168985238,-1.0575029915087184
CUST01338,34,11,21784.06,0,Champions,1.3684405295015256,-0.004389114535382219
CUST01339,34,11,10959.86,2,Potential Loyalists,0.1370363577666198,-0.654216252759484
CUST01340,162,7,7360.73,1,Low Spenders,-1.6383768274126391,0.10430971897711318
CUST01341,8,8,11124.85,1,Low Spenders,-0.3575352081264672,-1.1031773830146192
CUST01342,102,7,6805.39,1,Low Spenders,-1.4501791788946665,-0.5141849093348657
CUST01343,60,11,16309.35,2,Potential Loyalists,0.6366863652867176,-0.0794942948116005
CUST01344,38,9,12046.0,2,Potential Loyalists,-0.17100558014037484,-0.6868659376589251
CUST01345,54,10,14218.96,2,Potential Loyalists,0.21658919367734375,-0.33193867026502843
CUST01346,18,13,18563.68,0,Champions,1.483957879584976,-0.2168987931039146
CUST01347,42,12,14317.74,2,Potential Loyalists,0.6929490699521984,-0.30617338338914424
CUST01348,82,7,7704.19,1,Low Spenders,-1.2641363246580024,-0.6552774198614537
CUST01349,92,8,13727.37,2,Potential Loyalists,-0.41338763017371066,-0.1277190121662057
CUST01350,32,13,18443.76,0,Champions,1.4116610554718156,-0.08756198681997998
CUST01351,140,15,14968.18,0,Champions,0.9786367948200267,0.893927785549853
CUST01352,157,7,10903.5,4,Lost Customers,-1.2143892342588205,0.26823578690054134
CUST01353,6,9,16512.17,2,Potential Loyalists,0.4711505846491106,-0.7308236088883935
CUST01354,51,11,13435.33,2,Potential Loyalists,0.347432686430393,-0.33980834801865556
CUST01355,120,10,12852.78,4,Lost Customers,-0.21534576956633628,0.22971366140081856
CUST01356,98,5,9433.02,1,Low Spenders,-1.5493383528101505,-0.5323124344820863
CUST01357,17,11,15393.86,2,Potential Loyalists,0.712688899456053,-0.5538164934932465
CUST01358,120,6,2443.55,1,Low Spenders,-2.2292357006467807,-0.668933014577643
CUST01359,50,7,14285.81,1,Low Spenders,-0.38131812894737666,-0.5722347751732397
CUST01360,76,9,16096.48,2,Potential Loyalists,0.13058879933430073,-0.07309860363316614
CUST01361,137,5,7848.58,1,Low Spenders,-1.8929845403109664,-0.24708300889370555
CUST01362,19,7,13324.0,1,Low Spenders,-0.3608602112114645,-0.9323067828454726
CUST01363,157,10,8826.81,4,Lost Customers,-0.8283709715059658,0.34886150394231696
CUST01364,44,10,13484.34,2,Potential Loyalists,0.17491178232100227,-0.4735671605387713
CUST01365,286,10,10880.34,4,Lost Customers,-1.1352101926797378,1.7302276845144249
CUST01366,74,11,13242.88,2,Potential Loyalists,0.22917825884086906,-0.1270526081793931
CUST01367,331,7,10882.2,3,Lost Customers,-1.945800899816968,1.9639064956062153
CUST01368,93,10,13448.69,2,Potential Loyalists,-0.034433766748823424,0.0021691723082488856
CUST01369,125,14,25960.11,0,Champions,2.0845428355444895,1.3391027615502928
CUST01370,18,11,12886.78,2,Potential Loyalists,0.4232838884125759,-0.6945755992456343
CUST01371,18,13,11405.64,2,Potential Loyalists,0.6696306944400852,-0.6466292718915987
CUST01372,43,12,14848.97,2,Potential Loyalists,0.7491943248890136,-0.2645285893302137
CUST01373,59,13,22197.82,0,Champions,1.7256189926888263,0.40113146076011735
CUST01374,85,15,25528.07,0,Champions,2.4103994036560534,0.991495096935229
CUST01375,65,11,10457.33,2,Potential Loyalists,-0.05001071989226968,-0.3820553952495801
CUST01376,106,10,8294.92,1,Low Spenders,-0.6752118587823931,-0.18045206440067313
CUST01377,24,10,9500.01,2,Potential Loyalists,-0.19456971195066394,-0.9078167074723231
CUST01378,25,12,17175.4,2,Potential Loyalists,1.0892708849299486,-0.30040865590984517
CUST01379,15,11,17942.17,2,Potential Loyalists,1.0109739888114875,-0.42033474184600345
CUST01380,13,12,17600.06,2,Potential Loyalists,1.1878569690315772,-0.39194533465269765
CUST01381,4,10,24272.81,0,Champions,1.5698347282369327,-0.21598838175039495
CUST01382,421,3,4143.49,3,Lost Customers,-3.9191808467224014,2.1633507027086334
CUST01383,102,9,11184.92,1,Low Spenders,-0.5370991743710456,-0.11439526661564406
CUST01384,91,10,15835.15,2,Potential Loyalists,0.24543862095703925,0.12593431466135746
CUST01385,70,7,11466.36,1,Low Spenders,-0.7858617890119677,-0.5464478293101022
CUST01386,155,14,13604.66,4,Lost Customers,0.5532498842342967,0.8899250450858519
CUST01387,99,7,11841.08,1,Low Spenders,-0.864730229082697,-0.2411267346852778
CUST01388,166,10,17385.43,4,Lost Customers,0.10758548027068975,0.9504485703927276
CUST01389,232,7,10631.82,4,Lost Customers,-1.5595158126804418,0.9833692983035747
CUST01390,56,9,12570.12,2,Potential Loyalists,-0.18679220081036899,-0.4798540785343744
CUST01391,194,2,3379.7,3,Lost Customers,-3.2624595329109574,-0.16477254552067405
CUST01392,57,10,18223.04,2,Potential Loyalists,0.6595405403791165,-0.062297350328033574
CUST01393,21,9,14209.22,2,Potential Loyalists,0.14631397018783174,-0.7227916776385004
CUST01394,88,10,14256.28,2,Potential Loyalists,0.07838883846631342,0.0018896461066795721
CUST01395,128,8,11287.48,1,Low Spenders,-0.8417844551091315,0.07689601669673887
CUST01396,6,12,18827.33,2,Potential Loyalists,1.3568032233035516,-0.38653468190874485
CUST01397,36,10,12382.68,2,Potential Loyalists,0.08309925829851475,-0.6177256053944697
CUST01398,34,13,23284.55,0,Champions,1.9539894586023288,0.2225583482506601
CUST01399,0,15,20130.94,0,Champions,2.152515432925223,-0.16148931075344444
CUST01400,274,7,11040.27,3,Lost Customers,-1.68901165088821,1.4174989412878911
CUST01401,4,7,7890.2,1,Low Spenders,-0.9161871400762542,-1.4048118494453516
CUST01402,71,7,5807.16,1,Low Spenders,-1.4338645456448675,-0.876443379228244
CUST01403,75,6,13299.23,1,Low Spenders,-0.8057187318284105,-0.45608222160894746
CUST01404,66,12,16768.3,2,Potential Loyalists,0.8711844143803215,0.07500713923421028
CUST01405,80,10,14732.01,2,Potential Loyalists,0.16602649334415315,-0.047570730571849545
CUST01406,248,4,3239.75,3,Lost Customers,-3.0897714102732974,0.49033114746450474
CUST01407,36,9,11754.56,2,Potential Loyalists,-0.1957817790726844,-0.7238676042570853
CUST01408,67,10,16547.24,2,Potential Loyalists,0.4269989569244559,-0.06537759885421483
CUST01409,59,7,11767.57,1,Low Spenders,-0.705509458413077,-0.6356432034761619
CUST01410,440,5,7078.04,3,Lost Customers,-3.2500897230105736,2.6616905437679415
CUST01411,52,15,19898.23,0,Champions,1.9081827850330313,0.3316743415983166
CUST01412,40,13,21700.85,0,Champions,1.7486838947030547,0.18599695955475692
CUST01413,102,14,20899.43,0,Champions,1.60518023862728,0.8109771620799098
CUST01414,4,13,11614.28,2,Potential Loyalists,0.7520206596737272,-0.7706398033743248
CUST01415,212,9,9184.11,4,Lost Customers,-1.225574095737182,0.8382709236891613
CUST01416,152,8,6096.46,1,Low Spenders,-1.5328857351563523,-0.0006830976886952686
CUST01417,43,13,20544.58,0,Champions,1.6045732398146666,0.14583843537073193
CUST01418,235,13,18882.43,4,Lost Customers,0.6110793299209493,1.918547771050679
CUST01419,134,9,10848.41,4,Lost Customers,-0.7094487435833273,0.1774851277378004
CUST01420,392,10,10275.31,3,Lost Customers,-1.6481372570699517,2.7276787167599648
CUST01421,81,7,7110.24,1,Low Spenders,-1.327516856996493,-0.7006875876301656
CUST01422,15,9,9415.8,1,Low Spenders,-0.3738670766235337,-1.0690785031026906
CUST01423,5,9,11380.37,2,Potential Loyalists,-0.10847386601195697,-1.0486620465699155
CUST01424,13,16,28572.08,0,Champions,3.2657721355853764,0.5404882461428536
CUST01425,29,12,17027.91,2,Potential Loyalists,1.0557334780136116,-0.27025283541143696
CUST01426,14,10,12880.66,2,Potential Loyalists,0.23192240846582796,-0.8023863733415374
CUST01427,63,13,14869.09,2,Potential Loyalists,0.8751150760785098,0.00016399842002964876
CUST01428,207,7,9139.43,4,Lost Customers,-1.62455632655343,0.649959600297125
CUST01429,245,5,2753.18,3,Lost Customers,-2.9251331868929897,0.5002953650270073
CUST01430,14,8,12642.66,2,Potential Loyalists,-0.21000062192896474,-0.9535406815538888
CUST01431,267,10,10750.97,4,Lost Customers,-1.07032564824115,1.537161923355551
CUST01432,173,9,8352.07,4,Lost Customers,-1.1568363128218289,0.4079689492772391
CUST01433,51,11,14576.84,2,Potential Loyalists,0.47729541772481776,-0.2712781862926902
CUST01434,59,16,20261.33,0,Champions,2.1275869667254006,0.4901740367641277
CUST01435,117,9,8095.81,1,Low Spenders,-0.9513724865699046,-0.15356018159792148
CUST01436,10,11,14157.88,2,Potential Loyalists,0.6014060073683881,-0.6962862104976836
CUST01437,84,5,4889.66,1,Low Spenders,-2.0075548641830268,-0.9416076577518204
CUST01438,25,13,18160.13,0,Champions,1.4087212984843653,-0.17285769788515803
CUST01439,79,9,7672.55,1,Low Spenders,-0.8403198491934241,-0.5495686057449619
CUST01440,169,9,14042.5,4,Lost Customers,-0.49271193969309024,0.7105816324602025
CUST01441,208,7,6932.67,4,Lost Customers,-1.8797957363649058,0.5272301028438688
CUST01442,93,12,17935.92,2,Potential Loyalists,0.8908986194100081,0.4084245476254209
CUST01443,339,11,15421.35,4,Lost Customers,-0.6332313986737849,2.5881655943193413
CUST01444,6,8,7446.26,1,Low Spenders,-0.7676471030263204,-1.343525439298462
CUST01445,342,4,3293.14,3,Lost Customers,-3.4775189204500268,1.41027920247227
CUST01446,6,6,3852.24,1,Low Spenders,-1.5913643564053315,-1.6961572583127988
CUST01447,24,13,21724.98,0,Champions,1.8184624443679258,0.03140426738565197
CUST01448,49,11,20174.5,2,Potential Loyalists,1.1224867275011459,0.0452702477831541
CUST01449,8,12,9707.15,2,Potential Loyalists,0.3108759863437235,-0.9145563972374452
CUST01450,54,13,19205.0,0,Champions,1.4060917957658787,0.1726956223712032
CUST01451,8,11,13852.26,2,Potential Loyalists,0.5750166350694372,-0.7341391685372449
CUST01452,172,11,15117.83,4,Lost Customers,0.03190032465227736,0.94126250940658
CUST01453,149,9,11616.42,4,Lost Customers,-0.6849206978174278,0.36988109036190014
CUST01454,8,7,9712.28,1,Low Spenders,-0.7256584068137402,-1.256413568845315
CUST01455,61,11,13116.99,2,Potential Loyalists,0.2693211677346305,-0.2613939505614211
CUST01456,85,8,10016.19,1,Low Spenders,-0.8062591482917739,-0.4187865130745151
CUST01457,24,14,13910.69,2,Potential Loyalists,1.1369012418048587,-0.36929092541620084
CUST01458,87,11,7370.6,1,Low Spenders,-0.4933403970619237,-0.35280934654990653
CUST01459,6,17,17764.86,0,Champions,2.2730504001362815,-0.10815455491663141
CUST01460,200,10,16672.62,4,Lost Customers,-0.11595265614758991,1.2392430892370387
CUST01461,30,15,18198.99,0,Champions,1.8070414228835576,0.015104223801028082
CUST01462,46,9,19301.63,2,Potential Loyalists,0.6209071204061475,-0.17325601243359426
CUST01464,77,10,11371.11,2,Potential Loyalists,-0.2037541307936925,-0.2785989595863763
CUST01465,18,15,29442.34,0,Champions,3.136404839139683,0.5730638923202095
CUST01466,100,12,18165.81,2,Potential Loyalists,0.8877246996186641,0.490493996203934
CUST01467,104,10,9181.52,1,Low Spenders,-0.5659695278953544,-0.14673050323941253
CUST01468,59,17,15425.68,0,Champions,1.7848877329079642,0.26830047576876737
CUST01469,27,9,14823.81,2,Potential Loyalists,0.19109464607377302,-0.6273794794008047
CUST01470,142,8,10460.8,4,Lost Customers,-0.9944851162185925,0.16380272854309252
CUST01471,62,16,15042.39,0,Champions,1.5212907658953025,0.20611451115284576
CUST01472,57,10,25573.55,0,Champions,1.4957638805224194,0.3789879989622272
CUST01473,103,11,21061.15,0,Champions,0.9971177604672038,0.6251394602567073
CUST01474,52,12,17731.95,2,Potential Loyalists,1.0394673290884349,-0.003676625593189955
CUST01475,267,10,21917.72,4,Lost Customers,0.20004837798903413,2.2075539334592063
CUST01476,28,11,19198.2,2,Potential Loyalists,1.099400314655119,-0.21814583179222258
CUST01477,89,9,5816.45,1,Low Spenders,-1.0933730798981174,-0.5634731029936174
CUST01478,10,10,14213.48,2,Potential Loyalists,0.4003076846826708,-0.7613813134283517
CUST01479,105,15,18923.55,0,Champions,1.575251081047474,0.7900466622549638
CUST01480,171,10,16280.53,4,Lost Customers,-0.039060296569001764,0.9328791926138267
CUST01481,91,10,13762.17,2,Potential Loyalists,0.009608146656580606,0.001483670641864259
CUST01482,71,10,9796.11,2,Potential Loyalists,-0.35779487953267797,-0.43166904310167303
CUST01483,35,12,21563.82,0,Champions,1.5466191599699803,0.06057446543531379
CUST01484,21,9,14825.51,2,Potential Loyalists,0.2164255790825774,-0.6857929186525124
CUST01485,76,10,13588.18,2,Potential Loyalists,0.052658185746279534,-0.15525050481571215
CUST01486,34,16,24938.6,0,Champions,2.7644315863667575,0.5271577629013292
CUST01487,52,6,7298.9,1,Low Spenders,-1.3919796611831863,-1.0406193868700844
CUST01488,48,9,11440.9,2,Potential Loyalists,-0.28174006037479177,-0.6256670785469858
CUST01489,249,6,9025.75,3,Lost Customers,-2.0208753569186926,0.9843103177526863
CUST01490,37,7,7108.83,1,Low Spenders,-1.1433353465551837,-1.1298858897380233
CUST01491,113,5,7357.3,1,Low Spenders,-1.848324376008951,-0.510638828039693
CUST01492,59,11,11533.74,2,Potential Loyalists,0.09758350993340978,-0.37594898788714315
CUST01493,163,6,5153.21,1,Low Spenders,-2.101126298340292,-0.08689843469576639
CUST01494,19,9,12948.39,2,Potential Loyalists,0.011256097779597941,-0.8179903407373775
CUST01495,63,15,23735.03,0,Champions,2.2985869793210383,0.66929372827733
CUST01496,166,9,10608.99,4,Lost Customers,-0.8707529670856496,0.4751942869745783
CUST01497,65,16,23531.43,0,Champions,2.4744690535316645,0.7450088679747436
CUST01498,43,11,8673.56,2,Potential Loyalists,-0.1607685520475412,-0.7037002426337281
CUST01499,42,6,8409.9,1,Low Spenders,-1.223691978820142,-1.0714467128222918
CUST01500,21,15,19340.58,0,Champions,1.9746195566379023,-0.0041340589542535645
CUST01501,5,14,13658.85,2,Potential Loyalists,1.1878531104879753,-0.5697091310622707
CUST01502,60,8,13251.85,2,Potential Loyalists,-0.3334178330992217,-0.46834934933779077
CUST01503,141,6,5916.91,1,Low Spenders,-1.9220737809667743,-0.2556067934884477
CUST01504,83,7,6538.28,1,Low Spenders,-1.400964486326403,-0.7155198441988622
CUST01505,127,9,8365.72,1,Low Spenders,-0.9625623386276655,-0.039830396947145984
CUST01506,63,9,17222.91,2,Potential Loyalists,0.31320062716406266,-0.13225734390688063
CUST01507,70,7,11381.72,1,Low Spenders,-0.7954907730565755,-0.5515291627092715
CUST01508,151,13,22127.47,0,Champions,1.3321735045660907,1.2941456612094282
CUST01509,235,5,5157.44,3,Lost Customers,-2.6097190878767162,0.5471084600555376
CUST01510,155,11,14269.98,4,Lost Customers,0.006668540065587474,0.7245682136822434
CUST01511,145,8,11693.99,4,Lost Customers,-0.8667612695092936,0.2670946167406718
CUST01512,36,10,13712.46,2,Potential Loyalists,0.23438033583677545,-0.5378927187268503
CUST01513,264,10,21084.67,4,Lost Customers,0.1178460539121702,2.128284313058692
CUST01514,100,2,3465.26,1,Low Spenders,-2.8589045164369895,-1.0763787848879076
CUST01515,10,11,9473.47,2,Potential Loyalists,0.06848883879087583,-0.9775131597935544
CUST01516,2,10,14070.38,2,Potential Loyalists,0.4175447701332354,-0.8479929371225698
CUST01517,189,7,10151.87,4,Lost Customers,-1.4339645106615266,0.5351945942896292
CUST01518,46,9,9749.02,1,Low Spenders,-0.4658359003211651,-0.7467436807020056
CUST01519,68,12,15813.24,2,Potential Loyalists,0.7541538007936864,0.03717560542990707
CUST01520,37,12,17343.84,2,Potential Loyalists,1.0581582228138686,-0.17326542188524321
CUST01521,194,5,3494.49,1,Low Spenders,-2.6271297631392363,0.04741792243806131
CUST01522,24,15,20868.19,0,Champions,2.135837797043011,0.1168332330640181
CUST01523,262,5,9645.05,3,Lost Customers,-2.212309576393142,1.0798403305439597
CUST01524,19,12,12614.84,2,Potential Loyalists,0.5955809206401728,-0.6327158110605839
CUST01525,208,9,11880.89,4,Lost Customers,-0.9020192888317394,0.9611608548586195
CUST01526,95,13,12338.56,2,Potential Loyalists,0.4531650393148323,0.16032715382681345
CUST01527,243,7,4455.62,3,Lost Customers,-2.3082304421005713,0.7198616608110161
CUST01528,231,12,13920.58,4,Lost Customers,-0.1440657641489508,1.5132214444232888
CUST01529,96,12,19781.19,0,Champions,1.0882551286195845,0.5484624489014918
CUST01530,79,13,18909.31,0,Champions,1.2677131958571788,0.3987585502407604
CUST01531,5,11,16542.0,2,Potential Loyalists,0.8935809544531533,-0.6019192983274153
CUST01532,114,12,16945.02,2,Potential Loyalists,0.6901885127315525,0.5537404492371188
CUST01533,31,10,13943.49,2,Potential Loyalists,0.2816111754474818,-0.572785826977392
CUST01534,35,11,15910.1,2,Potential Loyalists,0.696005818551282,-0.347277707468713
CUST01535,122,8,12253.51,4,Lost Customers,-0.7067474944096782,0.0763757985794937
CUST01536,16,10,14679.42,2,Potential Loyalists,0.42817734357628073,-0.6748932670076044
CUST01537,31,18,24533.49,0,Champions,3.1457606247904617,0.6104454335326163
CUST01538,42,10,12840.54,2,Potential Loyalists,0.11004970415951094,-0.5317226390052121
CUST01539,2,11,13886.25,2,Potential Loyalists,0.6040210072890211,-0.7906140887027148
CUST01540,54,7,4817.86,1,Low Spenders,-1.4751882465017578,-1.1016295772365183
CUST01541,94,8,11258.56,1,Low Spenders,-0.702628482388948,-0.2564280085531233
CUST01542,59,12,20862.17,0,Champions,1.3662465200496539,0.2525131407737515
CUST01543,249,9,12812.9,4,Lost Customers,-0.9677632638240106,1.4169696600234873
CUST01544,3,7,10552.34,1,Low Spenders,-0.6091418848697705,-1.2547437697223214
CUST01545,53,9,13983.76,2,Potential Loyalists,-0.013402108025469733,-0.4242444345849406
CUST01546,24,15,30751.42,0,Champions,3.2601934678746267,0.7101695597496475
CUST01547,120,2,1392.96,1,Low Spenders,-3.1784494119821023,-1.005736944776314
CUST01548,322,4,4796.87,3,Lost Customers,-3.2226568162357574,1.305503457224031
CUST01549,2,12,14371.03,2,Potential Loyalists,0.8665951144504604,-0.6930774576264523
CUST01550,44,9,14641.59,2,Potential Loyalists,0.09914155832080047,-0.47252508318594677
CUST01551,77,10,11116.26,2,Potential Loyalists,-0.2327468834374575,-0.29389879201523134
CUST01552,14,13,15645.36,2,Potential Loyalists,1.1687165108184365,-0.43110946649111215
CUST01553,51,21,37120.86,0,Champions,5.11622907003235,1.7664746287828728
CUST01554,102,10,13837.65,2,Potential Loyalists,-0.027890426856260208,0.11329349988983628
CUST01555,398,3,6104.26,3,Lost Customers,-3.5997552817774827,2.0567554481767787
CUST01556,14,10,13122.51,2,Potential Loyalists,0.2594362292501896,-0.7878669914583959
CUST01557,30,14,22426.09,0,Champions,2.0805095810825387,0.2004436940583866
CUST01558,10,12,16204.06,2,Potential Loyalists,1.0416112072430888,-0.5050114654154796
CUST01559,40,9,13581.98,2,Potential Loyalists,-0.004645546107923208,-0.5751487385867324
CUST01560,176,9,8626.24,4,Lost Customers,-1.1382144070206073,0.4536864003709513
CUST01561,232,4,3073.63,3,Lost Customers,-3.041636459550849,0.3243168617321679
CUST01562,148,9,11965.94,4,Lost Customers,-0.6409683192796658,0.38111182077506706
CUST01563,128,10,13001.76,4,Lost Customers,-0.23191392276049388,0.3166782888803286
CUST01564,757,2,1657.38,3,Lost Customers,-5.817136155081843,5.222532808289453
CUST01565,150,11,17349.51,4,Lost Customers,0.3779561028694053,0.8606838269290272
CUST01566,86,10,14201.05,2,Potential Loyalists,0.08048483141936272,-0.020931234075864138
CUST01567,117,8,7626.89,1,Low Spenders,-1.2121422968628717,-0.2501446630084132
CUST01568,241,7,4201.22,3,Lost Customers,-2.328792822873473,0.685083677921566
CUST01569,124,9,12950.17,4,Lost Customers,-0.4284482512954779,0.20613773891414874
CUST01570,24,15,29738.46,0,Champions,3.1449550973899174,0.6493568532276425
CUST01571,476,6,6959.03,3,Lost Customers,-3.207030380242209,3.0740718380905925
CUST01572,22,7,7151.94,1,Low Spenders,-1.0755871454134487,-1.2735865410821823
CUST01573,131,3,7236.76,1,Low Spenders,-2.3522972909156583,-0.47919497089056284
CUST01574,15,15,11957.17,2,Potential Loyalists,1.1597909154776065,-0.5059100466409677
CUST01575,79,17,22423.48,0,Champions,2.4971935956685707,0.8834626616247507
CUST01576,16,8,9816.73,1,Low Spenders,-0.5398688699619039,-1.1036892547781332
CUST01577,75,13,18044.32,0,Champions,1.186066839003615,0.3078188398558812
CUST01578,2,13,23732.85,0,Champions,2.1390567041655872,-0.06261077175622091
CUST01579,170,15,24604.95,0,Champions,1.9492665217411884,1.7650454614280195
CUST01580,151,13,13104.0,4,Lost Customers,0.30562756107606176,0.7524247315378556
CUST01581,24,7,8423.64,1,Low Spenders,-0.9392926584427754,-1.1777353012577738
CUST01582,50,10,15846.77,2,Potential Loyalists,0.4185337090638326,-0.27322398677645354
CUST01583,116,6,13047.61,1,Low Spenders,-1.006117177339573,-0.07133223793815695
CUST01584,174,9,9075.63,4,Lost Customers,-1.0787108298450871,0.46116020898671567
CUST01585,53,11,13860.32,2,Potential Loyalists,0.3874020661183423,-0.2947890529297222
CUST01586,98,7,7321.74,1,Low Spenders,-1.3746787869275972,-0.5221963461185106
CUST01587,38,20,31052.32,0,Champions,4.272888808112228,1.2069352999450458
CUST01588,65,12,13954.05,2,Potential Loyalists,0.5552136968546568,-0.10369797827665096
CUST01589,107,11,15117.18,2,Potential Loyalists,0.30414966552053224,0.3073055900460339
CUST01590,5,12,12012.09,2,Potential Loyalists,0.5856639226891004,-0.8054378631807386
CUST01591,34,13,15856.36,2,Potential Loyalists,1.1089289317791449,-0.22339049322352642
CUST01592,16,9,12195.57,2,Potential Loyalists,-0.06181894144496336,-0.8924433805776915
CUST01593,14,13,24773.32,0,Champions,2.2071496535383925,0.11688448452827692
CUST01594,6,13,17374.56,2,Potential Loyalists,1.3989539132198394,-0.40531820120536066
CUST01595,265,7,7772.07,3,Lost Customers,-2.023108819001428,1.133520426841652
CUST01596,41,17,27895.6,0,Champions,3.2789281796057694,0.8413813557999517
CUST01597,57,10,9072.54,1,Low Spenders,-0.3814568426570667,-0.6116444825243754
CUST01598,272,5,4680.21,3,Lost Customers,-2.819025470836418,0.8793036925659394
CUST01599,24,11,11010.84,2,Potential Loyalists,0.18473193631391455,-0.7486815162091796
CUST01600,27,5,9768.62,1,Low Spenders,-1.213698336351292,-1.2045981984736869
CUST01601,20,6,7165.01,1,Low Spenders,-1.2731446724834687,-1.360740084046889
CUST01602,24,8,14785.46,2,Potential Loyalists,-0.008123036282268271,-0.7273725874752999
CUST01603,8,15,19781.88,0,Champions,2.079288262557432,-0.10442434402679647
CUST01604,61,10,12235.82,2,Potential Loyalists,-0.0383478470998008,-0.3827277194696389
CUST01605,65,15,21195.81,0,Champions,2.0013360046272943,0.5363576916655128
CUST01606,290,4,4435.66,3,Lost Customers,-3.1296826575575456,0.9717356817355629
CUST01607,86,5,8862.82,1,Low Spenders,-1.5639315109889855,-0.6835751924486809
CUST01608,82,15,26546.93,0,Champions,2.538877748790549,1.0234042588510615
CUST01609,160,12,20382.86,0,Champions,0.8885698095690874,1.2087488150018952
CUST01610,170,6,6931.51,1,Low Spenders,-1.9281469196378866,0.08812927768954816
CUST01611,170,9,12167.69,4,Lost Customers,-0.7101873932946476,0.607780639518457
CUST01612,0,11,10560.87,2,Potential Loyalists,0.2340916910091572,-1.0097573036595184
CUST01613,38,12,9320.44,2,Potential Loyalists,0.14119464295009115,-0.6451949087400105
CUST01614,31,8,7432.74,1,Low Spenders,-0.873924918106725,-1.100522532160904
CUST01615,85,11,11148.29,2,Potential Loyalists,-0.05519613468238953,-0.1455221878342476
CUST01616,11,8,9909.4,1,Low Spenders,-0.5083784158948166,-1.1468887582213623
CUST01617,19,15,18779.26,0,Champions,1.9191407323043785,-0.057337878881428446
CUST01618,148,10,7244.66,4,Lost Customers,-0.9706563656540281,0.16610442354226573
CUST01619,172,6,12839.87,4,Lost Customers,-1.2643674945732786,0.46234081192076387
CUST01620,209,3,8499.59,3,Lost Customers,-2.5354206574067946,0.35732007166654406
CUST01621,132,7,9787.6,1,Low Spenders,-1.2365987438435955,-0.042571462955468306
CUST01622,13,13,22486.64,0,Champions,1.9511974037869915,-0.030148148797804922
CUST01623,57,9,11833.5,2,Potential Loyalists,-0.27478261956159544,-0.5143242248125984
CUST01624,203,8,18739.58,4,Lost Customers,-0.30822300914441175,1.2557240139437655
CUST01625,159,8,12222.82,4,Lost Customers,-0.865253705638767,0.43537890698858417
CUST01626,26,17,16845.49,0,Champions,2.0846674206420843,0.03170304270800827
CUST01627,21,12,18430.08,2,Potential Loyalists,1.2487666430318856,-0.2640947041229721
CUST01628,49,6,10255.25,1,Low Spenders,-1.043084724642891,-0.8923936766608158
CUST01629,88,12,10412.84,2,Potential Loyalists,0.05599097284239675,-0.09198389762692138
CUST01630,87,6,8181.22,1,Low Spenders,-1.4382390345708638,-0.6463092019987874
CUST01631,195,7,10165.77,4,Lost Customers,-1.457520725439047,0.5945445741961933
CUST01632,33,13,24660.45,0,Champions,2.114706920359661,0.295407450287638
CUST01633,54,10,11693.57,2,Potential Loyalists,-0.07070924697024336,-0.48354959362192906
CUST01634,95,4,5875.9,1,Low Spenders,-2.148865347390249,-0.8435536938443278
CUST01635,31,6,5575.86,1,Low Spenders,-1.5000181953131253,-1.3488657464843983
CUST01636,52,10,18087.49,2,Potential Loyalists,0.665067776834432,-0.11919796327455214
CUST01637,100,2,709.83,1,Low Spenders,-3.172373225156665,-1.2418000808244978
CUST01638,175,7,7192.21,1,Low Spenders,-1.7120129923623189,0.22097625788502215
CUST01639,127,7,9148.66,1,Low Spenders,-1.2883391619040534,-0.12969292207173905
CUST01640,87,16,28630.82,0,Champions,2.9624250435080857,1.2657058260034284
CUST01641,151,11,12934.49,4,Lost Customers,-0.12850377369945892,0.6053821970082676
CUST01642,99,8,12323.29,1,Low Spenders,-0.6024484953734627,-0.1437443926784372
CUST01643,375,7,10113.06,3,Lost Customers,-2.217643252124682,2.3468450924833326
CUST01644,98,9,11645.46,1,Low Spenders,-0.46794795064038414,-0.12575723762669488
CUST01645,60,7,8972.04,1,Low Spenders,-1.0277296921369306,-0.7937193061447874
CUST01646,3,11,11217.24,2,Potential Loyalists,0.29619419347683745,-0.9410946065218261
CUST01647,95,9,9401.24,1,Low Spenders,-0.7106906033352655,-0.28974596545756925
CUST01648,21,13,18986.95,0,Champions,1.5195419961736623,-0.16223017459744096
CUST01649,4,11,8758.78,2,Potential Loyalists,0.012320387587528868,-1.0789348272332449
CUST01650,34,14,16458.11,0,Champions,1.3848100127555387,-0.11883160827556234
CUST01651,208,7,8678.39,4,Lost Customers,-1.681195665165089,0.6320338048948821
CUST01652,16,12,13497.78,2,Potential Loyalists,0.7085964643646598,-0.6089665597734745
CUST01653,158,15,18445.51,0,Champions,1.2988191246506922,1.2782345951441656
CUST01654,0,9,9063.73,1,Low Spenders,-0.3510761287278771,-1.2365036503433964
CUST01655,14,10,9140.43,2,Potential Loyalists,-0.19358107680311074,-1.0269297998488018
CUST01656,26,14,18006.23,0,Champions,1.5944470319953445,-0.10391141874502802
CUST01657,75,10,15487.37,2,Potential Loyalists,0.27290720540416413,-0.05098586692746671
CUST01658,25,14,19445.12,0,Champions,1.7623304874314318,-0.02728073364078096
CUST01659,252,6,6520.25,3,Lost Customers,-2.318479798934988,0.8631512328153393
CUST01660,176,12,15271.74,4,Lost Customers,0.24007498456065762,1.0579458055140996
CUST01661,273,11,15785.96,4,Lost Customers,-0.31523903407799836,1.966384350878849
CUST01662,82,7,13755.84,1,Low Spenders,-0.5756764795073639,-0.29196868563316103
CUST01663,15,16,16794.26,0,Champions,1.9175011704082614,-0.14708397597894934
CUST01664,86,11,10970.42,2,Potential Loyalists,-0.079620924476568,-0.14644796931112677
CUST01665,40,7,8449.97,1,Low Spenders,-1.0033306772133777,-1.0201132602781526
CUST01666,245,4,3749.81,3,Lost Customers,-3.019176182836066,0.49169467571425324
CUST01667,69,7,9461.04,1,Low Spenders,-1.0098054027663126,-0.6765891114406468
CUST01668,7,19,22113.88,0,Champions,3.1784698763120067,0.2995560134346617
CUST01669,45,12,18407.42,2,Potential Loyalists,1.145638614128196,-0.03139309678191219
CUST01670,10,13,19428.26,0,Champions,1.6158326616573535,-0.24301469326700229
CUST01671,90,8,4568.19,1,Low Spenders,-1.4469933065602885,-0.6970924112448628
CUST01672,41,11,13873.41,2,Potential Loyalists,0.43916630519115235,-0.411034195603294
CUST01673,54,11,19690.16,2,Potential Loyalists,1.0464383317900192,0.0649559769771793
CUST01674,84,13,13178.11,2,Potential Loyalists,0.5947610758515077,0.1034508371053284
CUST01675,87,8,11407.78,1,Low Spenders,-0.6563254966577261,-0.3157377181789062
CUST01676,35,8,4899.92,1,Low Spenders,-1.1788269813454155,-1.2135691809091926
CUST01677,46,10,10125.69,2,Potential Loyalists,-0.21556081803050245,-0.6556973964332122
CUST01678,150,4,6424.3,1,Low Spenders,-2.316904572803839,-0.27423862119546527
CUST01679,53,9,16845.89,2,Potential Loyalists,0.3122052183402316,-0.25241744070776284
CUST01680,52,8,11103.04,1,Low Spenders,-0.5443583183966493,-0.675373085650721
CUST01681,289,10,16460.6,4,Lost Customers,-0.512946321504552,2.09449443069318
CUST01682,30,17,23365.7,0,Champions,2.8096741644137273,0.46215194810293003
CUST01683,91,8,13782.49,2,Potential Loyalists,-0.4029273700519756,-0.13416248488058405
CUST01684,292,7,10220.75,3,Lost Customers,-1.8576561179865678,1.5438458333937772
CUST01685,12,11,18875.57,2,Potential Loyalists,1.1297300634302434,-0.3935561417483779
CUST01686,160,13,15192.82,4,Lost Customers,0.5055537556244237,0.9655995717838082
CUST01687,12,10,12621.84,2,Potential Loyalists,0.21085719086072907,-0.8374297094165298
CUST01688,227,14,15495.95,4,Lost Customers,0.46676016861347597,1.7056539702398255
CUST01689,137,12,17845.77,4,Lost Customers,0.696300878118932,0.8321260765051601
CUST01690,22,16,19107.09,0,Champions,2.1512908142496574,0.0600340618063882
CUST01691,12,9,10504.1,2,Potential Loyalists,-0.23748896008004097,-1.0330005345796005
CUST01692,25,7,9498.34,1,Low Spenders,-0.821220088303657,-1.1034634719619987
CUST01693,16,10,14860.88,2,Potential Loyalists,0.44882095705376773,-0.6639993780825897
CUST01694,110,5,6983.34,1,Low Spenders,-1.8782987902909312,-0.5623471375916176
CUST01695,300,14,15852.04,4,Lost Customers,0.2014303877581725,2.438970272438961
CUST01696,52,9,15460.79,2,Potential Loyalists,0.15882030595812877,-0.3453240276488844
CUST01697,58,15,21530.69,0,Champions,2.0687604125905796,0.48819401652566746
CUST01698,5,10,13586.43,2,Potential Loyalists,0.349919920453621,-0.8477889604685812
CUST01699,47,10,17343.27,2,Potential Loyalists,0.6013502859925904,-0.21263987111795585
CUST01700,55,6,10030.05,1,Low Spenders,-1.0938419092345146,-0.8473979833296461
CUST01701,52,6,10832.76,1,Low Spenders,-0.9899536503623299,-0.8284653126027368
CUST01702,34,9,11698.54,2,Potential Loyalists,-0.1937756596710908,-0.7467359118189452
CUST01703,44,13,19227.09,0,Champions,1.4505007326656227,0.07649595767030261
CUST01704,83,13,19397.7,0,Champions,1.306516034383719,0.4670892086628897
CUST01705,48,9,11589.2,2,Potential Loyalists,-0.2648688607786749,-0.6167639388601142
CUST01706,36,8,13025.73,2,Potential Loyalists,-0.25859200942494537,-0.7159863787375149
CUST01707,40,15,25027.14,0,Champions,2.5419431152575998,0.5225556997534087
CUST01708,21,13,12740.42,2,Potential Loyalists,0.8089118248106755,-0.5372384628525544
CUST01709,13,8,12537.69,2,Potential Loyalists,-0.21775283883583577,-0.9695951025654435
CUST01710,93,11,16165.55,2,Potential Loyalists,0.48207066539238774,0.23370796139039182
CUST01711,30,8,19467.55,2,Potential Loyalists,0.4993926656131452,-0.3877694204152862
CUST01712,78,16,23918.42,0,Champions,2.4640299222140736,0.8950252593941427
CUST01713,9,14,21001.64,0,Champions,2.006439836483311,-0.08987691721403296
CUST01714,169,10,17004.64,4,Lost Customers,0.05169652371538675,0.9568457223002406
CUST01715,89,10,12051.14,2,Potential Loyalists,-0.17666627368268326,-0.12074259520164907
CUST01716,20,5,4918.08,1,Low Spenders,-1.7361879931870325,-1.5640667865946323
CUST01717,133,12,16259.08,4,Lost Customers,0.5325510502706454,0.6978593539017027
CUST01718,60,8,7001.42,1,Low Spenders,-1.0444916840200293,-0.8435917727566182
CUST01719,47,9,13603.47,2,Potential Loyalists,-0.03152788124539529,-0.5055905126025825
CUST01720,31,8,18455.66,2,Potential Loyalists,0.3800864335589988,-0.438765306825709
CUST01721,31,16,16669.62,0,Champions,1.8362882021904188,0.00147463277864216
CUST01722,285,8,10341.76,3,Lost Customers,-1.6071388139058547,1.5512755759638233
CUST01723,80,9,15909.81,2,Potential Loyalists,0.09259411932170042,-0.04529494101022401
CUST01724,90,9,10736.08,1,Low Spenders,-0.5378859348224042,-0.25837221856471515
CUST01725,25,12,18251.77,2,Potential Loyalists,1.2117230299688708,-0.23578915176447873
CUST01726,47,11,21637.2,0,Champions,1.29726849255759,0.11357777505100043
CUST01727,215,9,11103.03,4,Lost Customers,-1.0198388687241395,0.9827303774799866
CUST01728,76,12,13078.28,2,Potential Loyalists,0.40949712862970555,-0.048996116844838615
CUST01729,47,8,12358.09,1,Low Spenders,-0.3806308785808491,-0.6487895040688276
CUST01730,101,9,15777.13,2,Potential Loyalists,-0.010481456558513591,0.15154390424319225
CUST01731,117,17,32502.97,0,Champions,3.4846722035787394,1.8591795452361137
CUST01732,15,6,5921.06,1,Low Spenders,-1.393713441640667,-1.484183111214098
CUST01733,86,8,13308.69,1,Low Spenders,-0.43588080293844345,-0.2113698206799972
CUST01734,10,14,13741.29,2,Potential Loyalists,1.1762838685670514,-0.515996958768279
CUST01735,11,12,20646.55,0,Champions,1.5428170025191315,-0.22855551740056163
CUST01736,62,18,24763.02,0,Champions,3.0419956130542505,0.9265552623113747
CUST01737,19,7,5533.9,1,Low Spenders,-1.2470930633605462,-1.3999827671657528
CUST01738,68,4,5205.68,1,Low Spenders,-2.1119933441993792,-1.1471098636633883
CUST01739,43,9,9494.58,1,Low Spenders,-0.48221324261576937,-0.7912766480059539
CUST01740,163,8,13851.33,4,Lost Customers,-0.6967462677627689,0.5721562789629449
CUST01741,55,12,17858.55,2,Potential Loyalists,1.0413010830056448,0.033181511113525394
CUST01742,84,11,15991.87,2,Potential Loyalists,0.5000184370915441,0.13550789484582196
CUST01743,57,6,5978.45,1,Low Spenders,-1.5631472658916772,-1.071129235043491
CUST01744,24,9,9686.27,1,Low Spenders,-0.3808036318094859,-0.9650676820719959
CUST01745,58,10,24176.3,0,Champions,1.3326175575959902,0.30485715699055815
CUST01746,28,9,10115.88,1,Low Spenders,-0.3486878405672327,-0.9002658608096394
CUST01747,333,9,15935.48,4,Lost Customers,-0.9644515856557688,2.423649654779888
CUST01748,130,7,7906.58,1,Low Spenders,-1.442211904704396,-0.17500302020404762
CUST01749,96,10,6675.73,1,Low Spenders,-0.8175214820519981,-0.37518541153763857
CUST01750,100,10,17782.48,2,Potential Loyalists,0.42926834867563357,0.33061485123707784
CUST01751,5,7,9969.12,1,Low Spenders,-0.6838704967179022,-1.2702520165329205
CUST01752,4,10,10375.69,2,Potential Loyalists,-0.011157081143954067,-1.050297219277134
CUST01753,3,7,16734.35,2,Potential Loyalists,0.09414823391100802,-0.8836089175602421
CUST01754,24,11,10559.45,2,Potential Loyalists,0.1333800092357547,-0.7757805601960771
CUST01755,24,12,14111.97,2,Potential Loyalists,0.744952456579197,-0.4940732093423157
CUST01756,27,12,20796.5,0,Champions,1.4928424880915634,-0.0635119920777777
CUST01757,137,10,12540.36,4,Lost Customers,-0.3221109287111794,0.3767515452270676
CUST01758,221,9,10108.91,4,Lost Customers,-1.1580714598797959,0.9815642220719166
CUST01759,14,14,23330.35,0,Champions,2.250415230548692,0.09868930487381432
CUST01760,63,9,12113.74,2,Potential Loyalists,-0.26803893345961655,-0.43898461426408336
CUST01761,165,7,5457.82,1,Low Spenders,-1.8674282271860212,0.019326918219886885
CUST01762,9,10,15962.63,2,Potential Loyalists,0.6034875554032568,-0.6661242755307887
CUST01763,380,2,2427.19,3,Lost Customers,-4.150084431292331,1.592024286240835
CUST01764,123,7,7443.79,1,Low Spenders,-1.4655336179942082,-0.27105454048230665
CUST01765,91,10,8300.15,1,Low Spenders,-0.6117730375509812,-0.3264268285657269
CUST01766,22,16,17697.02,0,Champions,1.990875626019743,-0.024619007500873227
CUST01767,28,17,14093.78,0,Champions,1.7632427358864464,-0.11398975824678494
CUST01768,158,6,4187.69,1,Low Spenders,-2.1900197599887457,-0.19362601221351017
CUST01769,29,9,8848.43,1,Low Spenders,-0.49706759769746517,-0.9666042042556447
CUST01770,133,9,10157.62,4,Lost Customers,-0.7838461806344809,0.12626120375009575
CUST01771,7,13,23676.17,0,Champions,2.1116606160692637,-0.017250620994512304
CUST01772,185,5,6179.31,1,Low Spenders,-2.2839876283551197,0.12082692396444324
CUST01773,13,12,17722.55,2,Potential Loyalists,1.201791920066832,-0.3845916894723546
CUST01774,359,9,15175.44,3,Lost Customers,-1.1598460829803297,2.631588072531332
CUST01775,57,11,15133.6,2,Potential Loyalists,0.5154971221161979,-0.1793377922902728
CUST01776,4,15,20513.65,0,Champions,2.1792956930747063,-0.09950311492139309
CUST01777,17,6,7017.99,1,Low Spenders,-1.277301487059834,-1.3988241284569485
CUST01778,116,13,13075.54,2,Potential Loyalists,0.44902545426913537,0.40937573920217624
CUST01779,1,11,17354.52,2,Potential Loyalists,1.0027748270971069,-0.5921502706399832
CUST01780,33,15,15270.24,0,Champions,1.4612863724447647,-0.13146452986503324
CUST01781,26,9,19674.52,2,Potential Loyalists,0.7471203550905948,-0.3459213496137397
CUST01782,46,17,15252.19,0,Champions,1.8196154759165255,0.13110148369628027
CUST01783,51,12,12905.76,2,Potential Loyalists,0.4946102911621561,-0.3031678716381321
CUST01784,31,18,25233.43,0,Champions,3.2253885913805216,0.6524660916069845
CUST01785,82,13,18032.91,0,Champions,1.1554416686219606,0.3754019256128021
CUST01786,85,12,16641.97,2,Potential Loyalists,0.7772104179071616,0.25272203850547104
CUST01787,80,6,5231.68,1,Low Spenders,-1.7444633479661598,-0.8916519064734568
CUST01788,91,11,6626.5,1,Low Spenders,-0.5947505375658478,-0.35847080298059064
CUST01789,103,11,12056.5,2,Potential Loyalists,-0.027287144746365816,0.08454838283669855
CUST01790,59,18,22199.01,0,Champions,2.762872374257938,0.7433680514025188
CUST01791,264,6,9844.43,3,Lost Customers,-1.9905828898207953,1.1797482364653482
CUST01792,296,8,12253.95,3,Lost Customers,-1.4356859308429466,1.7733516607362305
CUST01793,61,14,27770.65,0,Champions,2.5586507869466306,0.8236325962864928
CUST01794,2,15,18117.49,0,Champions,1.9150781508252104,-0.2628609255637347
CUST01795,73,11,15710.14,2,Potential Loyalists,0.5140531878350045,0.011315917516816485
CUST01796,0,17,18831.36,0,Champions,2.4195172288291387,-0.10264309100865766
CUST01797,72,10,20395.4,2,Potential Loyalists,0.843833044356793,0.21440828336321355
CUST01798,66,7,5940.83,1,Low Spenders,-1.3977097680212005,-0.9171814617196072
CUST01799,26,11,10733.87,2,Potential Loyalists,0.14484354615365025,-0.7458041492024868
CUST01800,360,6,16366.25,3,Lost Customers,-1.650835177510145,2.5075314362533923
CUST01801,93,10,13938.25,2,Potential Loyalists,0.02126053179652309,0.03155973916667638
CUST01802,13,7,8585.88,1,Low Spenders,-0.8747501094209066,-1.275273691757512
CUST01803,33,5,3643.87,1,Low Spenders,-1.9356118633385349,-1.5137799679859605
CUST01804,7,9,10463.83,2,Potential Loyalists,-0.2211222907351908,-1.084181045372612
CUST01805,42,13,16261.96,2,Potential Loyalists,1.1215548934896094,-0.12101977197162969
CUST01806,28,18,22080.74,0,Champions,2.8792947674308587,0.4339376786019218
CUST01807,208,8,10312.81,4,Lost Customers,-1.2878339254771518,0.7985886794614678
CUST01808,48,12,19777.14,0,Champions,1.2888946582809058,0.08009532318538104
CUST01809,98,7,9855.15,1,Low Spenders,-1.0864679590867474,-0.3701039448095619
CUST01810,91,5,6136.45,1,Low Spenders,-1.8950421833722737,-0.798488966101294
CUST01811,4,10,7978.13,1,Low Spenders,-0.2839130710540389,-1.1942339123833754
CUST01812,53,14,16008.51,0,Champions,1.2540595314985847,0.03947588731009513
CUST01813,4,14,14292.52,2,Potential Loyalists,1.2641315265526187,-0.5414195527595249
CUST01814,307,7,9335.43,3,Lost Customers,-2.0212174884596945,1.6369846959605927
CUST01815,5,6,9387.49,1,Low Spenders,-0.9574626462318967,-1.3736030041747496
CUST01816,93,8,14109.72,2,Potential Loyalists,-0.3740795579467396,-0.09501217789541709
CUST01817,74,13,26021.69,0,Champions,2.097793862445213,0.7769849314322486
CUST01818,146,8,9185.59,1,Low Spenders,-1.1563164490184947,0.1262562652405656
CUST01819,20,14,18585.89,0,Champions,1.6855290001934382,-0.1276272274274556
CUST01820,187,12,17804.97,4,Lost Customers,0.4821798554669395,1.3173058138949671
CUST01821,12,11,9522.5,2,Potential Loyalists,0.0656875091048803,-0.9550644944866588
CUST01822,16,15,23241.9,0,Champions,2.439397228113957,0.18131743536652975
CUST01823,78,14,22781.97,0,Champions,1.9198956357361316,0.6899328132743762
CUST01824,105,6,8116.14,1,Low Spenders,-1.5210553976685852,-0.47466976299227226
CUST01825,100,8,8276.99,1,Low Spenders,-1.0669613138500806,-0.3769100437364643
CUST01826,20,9,13053.23,2,Potential Loyalists,0.018993525367875037,-0.8019437242312799
CUST01827,58,14,14224.34,2,Potential Loyalists,1.030137289725284,-0.018873232175489616
CUST01828,214,7,8702.54,4,Lost Customers,-1.7035857990534642,0.691999140039413
CUST01829,72,13,13938.94,2,Potential Loyalists,0.7315912001974149,0.032096009128056505
CUST01830,168,14,17991.67,0,Champions,0.9978689849359826,1.2800812666487413
CUST01831,19,13,23860.79,0,Champions,2.082388655298195,0.11086397378621661
CUST01832,115,6,5731.62,1,Low Spenders,-1.8342237955383494,-0.5202977738844655
CUST01833,595,7,10606.54,3,Lost Customers,-3.08321258707203,4.522039261403503
CUST01834,182,14,23162.23,0,Champions,1.5274382703256115,1.7270302270162896
CUST01835,0,13,21453.46,0,Champions,1.888123382933209,-0.2189583354583335
CUST01836,67,5,10058.24,1,Low Spenders,-1.3483335713181692,-0.7971076398801746
CUST01837,112,9,13691.31,4,Lost Customers,-0.293858139896621,0.1336008285334075
CUST01838,500,7,11593.29,3,Lost Customers,-2.5729450121466817,3.6547830718766536
CUST01839,84,14,16223.22,0,Champions,1.1486085374426536,0.35469600246674016
CUST01840,72,11,13485.18,2,Potential Loyalists,0.26512245149609404,-0.1320113767568465
CUST01841,190,12,13896.3,4,Lost Customers,0.024945196746105392,1.1119078987861606
CUST01842,17,13,15792.77,2,Potential Loyalists,1.1729176933505836,-0.39300200856468126
CUST01843,17,14,18430.45,0,Champions,1.6804142928281367,-0.16621676365250784
CUST01844,57,12,12651.03,2,Potential Loyalists,0.44049365596990336,-0.2599450017388795
CUST01845,97,13,14059.5,2,Potential Loyalists,0.6405668607869182,0.28314836312479
CUST01846,219,4,6249.88,3,Lost Customers,-2.6258289314101497,0.3882183628134291
CUST01847,204,8,11624.69,4,Lost Customers,-1.1218308671938402,0.8383366136494811
CUST01848,44,8,10638.67,1,Low Spenders,-0.5636701897515091,-0.781272043715817
CUST01849,197,7,14714.64,4,Lost Customers,-0.9484023060313824,0.887139592089547
CUST01850,263,2,2192.19,3,Lost Customers,-3.686637051320571,0.4368639274607586
CUST01851,103,10,8545.8,1,Low Spenders,-0.6341019820620971,-0.19464831864615964
CUST01852,218,10,12403.48,4,Lost Customers,-0.6770396556178702,1.1584932266118015
CUST01853,78,7,13555.53,1,Low Spenders,-0.5817061880295259,-0.3430045599622766
CUST01854,210,15,26860.18,0,Champions,2.03824692155599,2.290540742880004
CUST01855,21,11,5460.0,1,Low Spenders,-0.4341849982994526,-1.1111820427683277
CUST01856,25,10,15058.15,2,Potential Loyalists,0.43355687785948266,-0.5643830939708362
CUST01857,187,8,10496.91,4,Lost Customers,-1.1789086052730515,0.6048368162896358
CUST01858,66,15,23191.93,0,Champions,2.2242329896811386,0.6659466549483216
CUST01859,96,7,10334.73,1,Low Spenders,-1.0235298470777359,-0.360817689888021
CUST01860,51,10,12968.62,2,Potential Loyalists,0.08691429455352447,-0.436260152836376
CUST01861,29,13,13602.18,2,Potential Loyalists,0.8734323678277119,-0.40748233229814024
CUST01862,22,10,10303.42,2,Potential Loyalists,-0.09479140732391489,-0.879089429457056
CUST01863,123,13,14946.19,2,Potential Loyalists,0.6325109373727635,0.5899476521949254
CUST01864,76,10,17001.59,2,Potential Loyalists,0.44098132406981794,0.049672394972311996
CUST01865,51,7,10027.85,1,Low Spenders,-0.8699102333748647,-0.8181073618086318
CUST01866,18,13,15510.45,2,Potential Loyalists,1.1366102548860453,-0.40019841000308254
CUST01867,35,12,24346.7,0,Champions,1.8632106901927807,0.22764371271650682
CUST01868,125,7,4412.26,1,Low Spenders,-1.8187917422035573,-0.4335462392602985
CUST01869,42,7,3986.45,1,Low Spenders,-1.5194976962955735,-1.268573988052794
CUST01870,2,9,14979.46,2,Potential Loyalists,0.31354173693702353,-0.8618496606874183
CUST01871,32,7,6343.85,1,Low Spenders,-1.209414577812503,-1.224574117068274
CUST01872,245,8,6016.79,3,Lost Customers,-1.931581092696156,0.9015241627822002
CUST01873,133,7,15574.32,4,Lost Customers,-0.5824679813855705,0.31458487252595846
CUST01874,269,4,2085.19,3,Lost Customers,-3.30910013142175,0.6258217770522417
CUST01875,50,13,15040.47,2,Potential Loyalists,0.9490766060372582,-0.11633084136782257
CUST01876,267,9,13886.38,4,Lost Customers,-0.9210524993954029,1.6569621585167482
CUST01877,146,10,12379.97,4,Lost Customers,-0.37806383627732637,0.4548958337865186
CUST01878,79,13,16897.37,2,Potential Loyalists,1.0388268754565646,0.2779724217066793
CUST01879,45,14,18881.42,0,Champions,1.6144099459706187,0.13392939056800948
CUST01880,27,7,5773.06,1,Low Spenders,-1.2534019800100118,-1.3076042142852846
CUST01881,329,10,8434.84,3,Lost Customers,-1.5935723568595406,2.0027740001469936
CUST01882,6,5,9506.45,1,Low Spenders,-1.1555424716007252,-1.4251417281867202
CUST01883,34,14,25054.21,0,Champions,2.362736640187628,0.3972323098789618
CUST01884,53,9,15321.26,2,Potential Loyalists,0.1387572275092983,-0.34394808036248203
CUST01885,167,13,25782.04,0,Champions,1.680898541915613,1.6695878474182777
CUST01886,347,7,10071.06,3,Lost Customers,-2.1051128466102265,2.0712513120843914
CUST01887,161,7,6728.11,1,Low Spenders,-1.7061566132129087,0.05657801100819007
CUST01888,115,9,14076.32,4,Lost Customers,-0.2626266335341479,0.18597252104918874
CUST01889,162,8,11501.87,4,Lost Customers,-0.9598406207551963,0.4213546698476401
CUST01890,116,11,18105.18,2,Potential Loyalists,0.6063701638641487,0.5744623934992764
CUST01891,19,14,25439.36,0,Champions,2.4693966761901573,0.2740659127391017
CUST01892,109,7,12704.42,1,Low Spenders,-0.8084091170384784,-0.09177058331582286
CUST01893,0,10,15474.17,2,Potential Loyalists,0.5856246985867987,-0.7832220515199534
CUST01894,21,8,12292.29,1,Low Spenders,-0.2791872340847237,-0.90630694325659
CUST01895,41,8,11215.22,1,Low Spenders,-0.4855107946733753,-0.7759168110980302
CUST01896,127,7,12022.06,1,Low Spenders,-0.9614497153802387,0.04281066239391511
CUST01897,33,12,14304.88,2,Potential Loyalists,0.7291923663920659,-0.39471867633666313
CUST01898,143,8,12575.41,4,Lost Customers,-0.7581082360862326,0.3005051983767943
CUST01899,101,9,7619.8,1,Low Spenders,-0.9384918584559561,-0.33817860730035004
CUST01900,35,12,16380.56,2,Potential Loyalists,0.9569508253875938,-0.2506007726858829
CUST01901,128,11,17266.08,4,Lost Customers,0.4606357320847417,0.6411183088447788
CUST01902,60,16,17611.54,0,Champions,1.82194669678535,0.3408473850595253
CUST01903,83,5,6544.24,1,Low Spenders,-1.815133653919654,-0.8520280974010372
CUST01904,73,11,11371.38,2,Potential Loyalists,0.020458542119243667,-0.2491600524616765
CUST01905,110,11,10364.91,2,Potential Loyalists,-0.24905629447666072,0.05126243798614998
CUST01906,159,11,18657.69,4,Lost Customers,0.48907357690048786,1.026993212251451
CUST01907,74,12,12614.65,2,Potential Loyalists,0.3651319083996526,-0.09633515109426236
CUST01908,371,7,7182.11,3,Lost Customers,-2.534321460074626,2.1318761813736455
CUST01909,40,12,21062.94,0,Champions,1.4686891078777358,0.07926722139656178
CUST01910,195,11,20723.21,4,Lost Customers,0.5732301664784873,1.5020889867423637
CUST01911,100,9,16618.2,2,Potential Loyalists,0.08939161086307301,0.19228467048293843
CUST01912,96,13,16892.67,2,Potential Loyalists,0.9670691710636904,0.44348417029654325
CUST01913,191,7,12775.35,4,Lost Customers,-1.1438861383905252,0.7121994832436339
CUST01914,20,16,17141.12,0,Champions,1.9360134025076017,-0.07749743958514274
CUST01915,120,15,23934.02,0,Champions,2.0824183003706316,1.2371372573535395
CUST01916,53,12,12867.4,2,Potential Loyalists,0.4818671264612943,-0.2859656350381529
CUST01917,44,11,13160.47,2,Potential Loyalists,0.34549063962809373,-0.424577555138764
CUST01918,65,11,13265.99,2,Potential Loyalists,0.26951364597171656,-0.21343845450157975
CUST01919,188,5,2755.99,1,Low Spenders,-2.686006934925075,-0.055433170193432316
CUST01920,72,11,19090.13,2,Potential Loyalists,0.9027639226778497,0.2044798760275791
CUST01921,83,7,9339.4,1,Low Spenders,-1.0822979009408706,-0.5473555647673757
CUST01922,33,10,17552.49,2,Potential Loyalists,0.6838062343399597,-0.3366155824994116
CUST01923,189,10,10494.78,4,Lost Customers,-0.7726828996769526,0.7610801682859176
CUST01924,37,6,12583.57,1,Low Spenders,-0.7279306848895869,-0.8696447795688079
CUST01925,96,6,6567.65,1,Low Spenders,-1.659511495940685,-0.655406076825499
CUST01926,38,7,9064.67,1,Low Spenders,-0.9250207749857061,-1.0027151224537794
CUST01927,170,12,21094.78,0,Champions,0.9276647783709321,1.3490145185535074
CUST01928,56,12,19045.26,0,Champions,1.1721163575733606,0.1141778223804836
CUST01929,9,13,13267.16,2,Potential Loyalists,0.9191109369282956,-0.6226468037718339
CUST01930,55,10,11583.28,2,Potential Loyalists,-0.08744586637530792,-0.48041823295424463
CUST01931,31,17,33516.14,0,Champions,3.9602391217575676,1.08128271861062
CUST01932,14,9,9337.46,1,Low Spenders,-0.37858975849841164,-1.0835342011886797
CUST01933,185,8,16276.58,4,Lost Customers,-0.5130111118251849,0.9323121583520444
CUST01934,153,4,6718.61,1,Low Spenders,-2.295991460260434,-0.22731207210247054
CUST01935,275,10,15037.15,4,Lost Customers,-0.6162294253796498,1.872501935275551
CUST01936,149,8,11371.93,4,Lost Customers,-0.9201584560176338,0.28677018710329355
CUST01937,135,10,15227.31,4,Lost Customers,-0.008053599895154202,0.5185565017710595
CUST01938,124,7,10647.25,1,Low Spenders,-1.1052848182378991,-0.06898333397935347
CUST01939,77,6,16676.44,1,Low Spenders,-0.4298930279890945,-0.23382741036104093
CUST01940,58,8,9332.09,1,Low Spenders,-0.7709661892707909,-0.7231759639377683
CUST01941,132,8,7077.12,1,Low Spenders,-1.3375301607650145,-0.13686117116358193
CUST01942,45,12,20525.01,0,Champions,1.386544099986192,0.09573569330252597
CUST01943,60,10,11314.76,2,Potential Loyalists,-0.13894171794055515,-0.4477758240082262
CUST01944,485,3,6826.28,3,Lost Customers,-3.882109652600475,2.9485763949394608
CUST01945,0,8,8832.26,1,Low Spenders,-0.584832679788896,-1.318832902363142
CUST01946,110,9,12566.89,4,Lost Customers,-0.41339746654014625,0.04659149304536074
CUST01947,12,13,15170.71,2,Potential Loyalists,1.1230976114275661,-0.47911008266467164
CUST01948,74,11,18326.5,2,Potential Loyalists,0.8075111495408748,0.17814077668219563
CUST01949,59,7,11516.49,1,Low Spenders,-0.734073320817615,-0.65071670524676
CUST01950,70,6,5947.16,1,Low Spenders,-1.6211715986055169,-0.9462241401057141
CUST01951,89,10,12929.59,2,Potential Loyalists,-0.0767302973832312,-0.06800515044148547
CUST01952,20,9,13471.44,2,Potential Loyalists,0.06657076328488101,-0.7768366301756728
CUST01953,94,9,16498.33,2,Potential Loyalists,0.10089225570667232,0.12657281793566125
CUST01954,127,6,7500.01,1,Low Spenders,-1.6833197631580912,-0.2971020898125942
CUST01955,45,11,16311.66,2,Potential Loyalists,0.6997929956697095,-0.22564436017615305
CUST01956,58,14,22515.04,0,Champions,1.9733203948603133,0.47885610162050096
CUST01957,170,8,14190.07,4,Lost Customers,-0.6875369773313401,0.6607604999953752
CUST01958,227,11,15191.62,4,Lost Customers,-0.19013242766834573,1.4820845333245856
CUST01959,81,12,15550.88,2,Potential Loyalists,0.6698420230988981,0.1482084920909111
CUST01960,2,10,12786.81,2,Potential Loyalists,0.27152072653520753,-0.9250516222734642
CUST01961,164,11,16266.77,4,Lost Customers,0.19612503468926576,0.9322180644111173
CUST01962,33,6,8334.36,1,Low Spenders,-1.194579409222382,-1.1637549780932972
CUST01963,12,12,14169.62,2,Potential Loyalists,0.8017860190100852,-0.6076432076838107
CUST01964,21,12,16276.22,2,Potential Loyalists,1.0037349372861541,-0.3934009512299514
CUST01965,9,9,10818.76,2,Potential Loyalists,-0.18912321612953373,-1.0433677783785011
CUST01966,25,13,17539.42,0,Champions,1.3381068527574222,-0.21012181005668887
CUST01967,246,9,18018.08,4,Lost Customers,-0.36303245548509644,1.7002031087494602
CUST01968,18,6,9716.89,1,Low Spenders,-0.9744534456866445,-1.2270440086728618
CUST01969,206,11,18816.21,4,Lost Customers,0.3101967596864191,1.4948813084621562
CUST01970,40,10,11754.34,2,Potential Loyalists,-0.005141562817368591,-0.6164374498888607
CUST01971,35,6,7496.75,1,Low Spenders,-1.298248442279254,-1.1945354413903648
CUST01972,42,9,6925.63,1,Low Spenders,-0.7702776535943846,-0.9552552640657729
CUST01973,51,7,16142.7,2,Potential Loyalists,-0.1742605041077421,-0.4510044372350236
CUST01974,54,10,10572.26,2,Potential Loyalists,-0.19827394568313358,-0.5508670552691702
CUST01975,99,7,11218.88,1,Low Spenders,-0.9355141831535253,-0.27848029849627876
CUST01976,21,6,9554.04,1,Low Spenders,-1.0055486784389958,-1.2075629035397468
CUST01977,140,7,12470.45,4,Lost Customers,-0.9649037377618782,0.19651318177537727
CUST01978,3,9,10776.03,2,Potential Loyalists,-0.16884681716021327,-1.1044485574568286
CUST01979,7,11,18514.26,2,Potential Loyalists,1.1095739416871815,-0.4640101789410739
CUST01980,112,7,9369.04,1,Low Spenders,-1.2004240183995158,-0.26275122970523235
CUST01981,133,8,11322.88,4,Lost Customers,-0.858705155081312,0.12778415870839446
CUST01982,10,8,12680.42,2,Potential Loyalists,-0.18894653754588384,-0.9902841050046937
CUST01983,129,13,15420.6,2,Potential Loyalists,0.6613441772547692,0.6769441921635339
CUST01984,25,10,12715.29,2,Potential Loyalists,0.16702377815781053,-0.705035891319344
CUST01985,164,7,10664.56,4,Lost Customers,-1.270899125099709,0.3221591870677531
CUST01986,81,14,15416.91,2,Potential Loyalists,1.0694482624365935,0.27703170880410155
CUST01987,23,14,17582.74,0,Champions,1.5588378873290378,-0.1585932448761215
CUST01988,81,6,7632.21,1,Low Spenders,-1.475559068046061,-0.7377843274066447
CUST01989,23,13,12137.45,2,Potential Loyalists,0.7319363741761424,-0.5539323941460647
CUST01990,8,5,6505.4,1,Low Spenders,-1.5053330694197196,-1.5858035706083005
CUST01991,156,10,10732.9,4,Lost Customers,-0.6073369803227057,0.45354038096636434
CUST01992,119,13,11832.96,2,Potential Loyalists,0.29509582947420027,0.3640356237411862
CUST01993,72,7,9478.35,1,Low Spenders,-1.0204049152271175,-0.6462921624370884
CUST01994,91,12,21314.52,0,Champions,1.2836408113457516,0.5917524749342455
CUST01995,4,11,14005.2,2,Potential Loyalists,0.6091740557268319,-0.7639678001530271
CUST01996,149,7,8152.23,1,Low Spenders,-1.4938679724805668,0.0250435709129478
CUST01997,2,9,17481.91,2,Potential Loyalists,0.5982304316727097,-0.7116159323704153
CUST01998,39,17,14021.56,0,Champions,1.708941221171,-0.011047047891266919
CUST01999,53,11,12911.11,2,Potential Loyalists,0.2794161499441688,-0.35177455004486224
CUST02000,132,10,14175.77,4,Lost Customers,-0.11511221796902077,0.42616990908339414
CUST02001,8,10,11831.82,2,Potential Loyalists,0.13773972027635542,-0.9238686215389359
CUST02002,67,13,24807.03,0,Champions,1.9889364186069696,0.6357951533227819
CUST02003,27,12,14697.93,2,Potential Loyalists,0.7990448365683704,-0.4296375524295228
CUST02004,125,15,20790.2,0,Champions,1.703816850702118,1.097162015984915
CUST02005,0,11,12820.2,2,Potential Loyalists,0.491122084694217,-0.8741192012405073
CUST02006,18,10,13574.62,2,Potential Loyalists,0.29411171024910276,-0.7217143904053812
CUST02007,10,5,10312.28,1,Low Spenders,-1.080626392347339,-1.3377536681314117
CUST02008,125,13,18597.01,0,Champions,1.0394636062929525,0.828628546043809
CUST02009,149,8,19737.02,4,Lost Customers,0.03148755227285813,0.7889654990604867
CUST02010,23,19,18184.63,0,Champions,2.6644292972015036,0.2197061644439854
CUST02011,12,12,16109.13,2,Potential Loyalists,1.0224324136740386,-0.4912053893825019
CUST02012,14,6,9546.77,1,Low Spenders,-0.9770486193753151,-1.2762674366962008
CUST02013,69,10,14858.11,2,Potential Loyalists,0.2264576117968807,-0.14727877358867156
CUST02014,11,9,11492.76,2,Potential Loyalists,-0.12082546549465911,-0.9833992532597103
CUST02015,119,10,11608.91,4,Lost Customers,-0.3526637937558597,0.14528576911901483
CUST02016,78,8,18884.12,2,Potential Loyalists,0.23191906758549455,0.04532854479345268
CUST02017,32,19,27973.23,0,Champions,3.740313180395769,0.8951346587572292
CUST02018,4,7,8618.44,1,Low Spenders,-0.8333396525922621,-1.3610922105676222
CUST02019,18,11,15837.06,2,Potential Loyalists,0.7589195104249238,-0.5174565503219446
CUST02020,249,8,8587.01,4,Lost Customers,-1.6559409685648712,1.0948367719414815
CUST02021,13,14,18531.12,0,Champions,1.7086252697708377,-0.19918340680863256
CUST02022,245,15,16060.68,4,Lost Customers,0.6630171040286759,1.9835368666798987
CUST02023,54,10,12706.8,2,Potential Loyalists,0.044559839791545756,-0.42272067774243627
CUST02024,56,12,19223.97,0,Champions,1.1924471200805897,0.1249066159977515
CUST02025,74,6,5560.46,1,Low Spenders,-1.6819224893747673,-0.9304292099950099
CUST02026,27,11,18228.04,2,Potential Loyalists,0.9932206319453872,-0.28614163800731285
CUST02027,8,12,16618.45,2,Potential Loyalists,1.0971330447971386,-0.4996388698074055
CUST02028,53,12,19648.9,0,Champions,1.253357619118513,0.12115939386622311
CUST02029,24,12,14745.22,2,Potential Loyalists,0.816993502730518,-0.45605626256745824
CUST02030,1,11,12575.06,2,Potential Loyalists,0.4590443913475721,-0.8790835141181678
CUST02031,89,9,14862.65,2,Potential Loyalists,-0.06424128093391647,-0.020387585560193325
CUST02032,72,5,2389.08,1,Low Spenders,-2.241755751804557,-1.2087601175980034
CUST02033,137,12,13964.11,4,Lost Customers,0.25470775185957684,0.5990919484071051
CUST02034,81,9,11992.25,2,Potential Loyalists,-0.3572727231872568,-0.2707317302793918
CUST02035,5,12,23876.42,0,Champions,1.9353974324948682,-0.09316687679409055
CUST02036,68,13,15267.94,2,Potential Loyalists,0.8995418979755715,0.07287173665011705
CUST02037,54,17,24757.91,0,Champions,2.8675073908880395,0.7797947911065918
CUST02038,53,7,8391.17,1,Low Spenders,-1.064484657269693,-0.8968597187644207
CUST02039,103,6,7705.48,1,Low Spenders,-1.5593945393915154,-0.5188287614411998
CUST02040,60,9,12066.85,2,Potential Loyalists,-0.2608045597989002,-0.471057388432427
CUST02041,29,10,6570.6,1,Low Spenders,-0.5487790246980487,-1.0349199179558357
CUST02042,57,8,8361.35,1,Low Spenders,-0.8772118550942497,-0.7912065902541289
CUST02043,29,12,18328.64,2,Potential Loyalists,1.203709711666052,-0.19216395554020074
CUST02044,10,9,12888.1,2,Potential Loyalists,0.04210356821242705,-0.9093830774836038
CUST02045,1,10,12897.27,2,Potential Loyalists,0.28827668581843374,-0.9281727770493968
CUST02046,2,13,17831.02,0,Champions,1.4676409798746266,-0.4169251136184508
CUST02047,78,13,16992.1,2,Potential Loyalists,1.0537933271899127,0.2739069217704331
CUST02048,26,11,10631.44,2,Potential Loyalists,0.13319070074144365,-0.7519534991561365
CUST02049,87,14,17104.81,0,Champions,1.2363329655545512,0.43687970513563434
CUST02050,4,11,16265.41,2,Potential Loyalists,0.8663045617223742,-0.628276867235537
CUST02051,138,7,12530.34,4,Lost Customers,-0.9497112343738662,0.1806034913484144
CUST02052,93,9,10047.02,1,Low Spenders,-0.6288449163237279,-0.2704819504823665
CUST02053,57,14,17917.88,0,Champions,1.4545187233770462,0.1931145931513118
CUST02054,94,7,17078.75,2,Potential Loyalists,-0.24792405065943648,0.0245520740019972
CUST02055,137,4,8333.86,1,Low Spenders,-2.045200752123727,-0.2863824202488179
CUST02056,248,6,6019.53,3,Lost Customers,-2.3586853474481777,0.7940803470679295
CUST02057,132,12,15086.2,4,Lost Customers,0.4033091316733563,0.6176933219460692
CUST02058,110,7,16023.39,4,Lost Customers,-0.43501943889142447,0.1172352264590827
CUST02059,6,13,18649.08,0,Champions,1.5439483927157442,-0.3288028297035977
CUST02060,34,12,16047.73,2,Potential Loyalists,0.9232763459050574,-0.28033469072407635
CUST02061,13,7,12784.94,1,Low Spenders,-0.39704829299427224,-1.0231845634125722
CUST02062,46,7,10729.96,1,Low Spenders,-0.7690874537389485,-0.8247193436688067
CUST02063,20,16,18239.61,0,Champions,2.0609820069872935,-0.01154996881891569
CUST02064,67,16,25715.71,0,Champions,2.7145822817526697,0.8956465354151006
CUST02065,86,11,19591.7,2,Potential Loyalists,0.9011702802031966,0.3711276215157874
CUST02066,45,4,7270.24,1,Low Spenders,-1.7807602148169623,-1.2474741211075802
CUST02067,33,7,5012.76,1,Low Spenders,-1.3650342752144609,-1.2947330661088345
CUST02068,123,11,18678.28,2,Potential Loyalists,0.6422411828009443,0.6771363368312023
CUST02069,40,10,11659.86,2,Potential Loyalists,-0.01588998451555536,-0.6221095243164778
CUST02070,126,7,7306.23,1,Low Spenders,-1.4937517594600747,-0.25005515886449203
CUST02071,101,9,11001.27,1,Low Spenders,-0.5538023419469825,-0.13517321446848693
CUST02072,20,6,3643.01,1,Low Spenders,-1.6738214423925926,-1.5721821472779165
CUST02073,263,7,8138.29,3,Lost Customers,-1.973066992806414,1.1360011530045702
CUST02074,53,14,26196.91,0,Champions,2.413132558909748,0.6511329903830647
CUST02075,55,8,12853.4,1,Low Spenders,-0.3577991494006096,-0.5410330737049333
CUST02076,95,8,12499.95,1,Low Spenders,-0.565592592892603,-0.1721490022215788
CUST02077,87,11,11685.1,2,Potential Loyalists,-0.0025056657237877257,-0.09378981735902991
CUST02078,196,4,3012.88,3,Lost Customers,-2.89772241653069,-0.03042323271795353
CUST02079,165,10,15887.58,4,Lost Customers,-0.05862632189200783,0.8507730758339744
CUST02080,157,8,15467.41,4,Lost Customers,-0.48775702589368886,0.6106615898642485
CUST02081,221,6,12475.92,4,Lost Customers,-1.5110617612924981,0.918367766755647
CUST02082,2,7,9879.64,1,Low Spenders,-0.68148133135657,-1.304881666758337
CUST02083,11,13,15798.41,2,Potential Loyalists,1.1986968564767764,-0.4511789112663804
CUST02084,47,12,17116.01,2,Potential Loyalists,0.9903434827792287,-0.08941728759012116
CUST02085,87,7,9041.46,1,Low Spenders,-1.132951100030072,-0.5262319584691685
CUST02086,153,8,10559.33,4,Lost Customers,-1.0293614297807216,0.2769963566432723
CUST02087,195,7,9140.03,4,Lost Customers,-1.574212999705539,0.5329646247530946
CUST02088,81,10,26469.86,0,Champions,1.4971815447599535,0.6668596553797828
CUST02089,11,16,24899.77,0,Champions,2.856374678537604,0.300517207507248
CUST02090,98,7,7110.51,1,Low Spenders,-1.398709154363118,-0.5348774667932096
CUST02091,53,12,12593.18,2,Potential Loyalists,0.45067076534701844,-0.3024283387801212
CUST02092,35,17,27900.44,0,Champions,3.3046163315406143,0.7831564253723625
CUST02093,130,11,20539.07,0,Champions,0.8246049529712098,0.8571163081023565
CUST02094,33,10,11685.4,2,Potential Loyalists,0.016342671033281225,-0.6888443203648655
CUST02095,192,10,12183.65,4,Lost Customers,-0.5931190783758907,0.89172864915048
CUST02096,33,17,16847.09,0,Champions,2.055522319759725,0.10006717935721635
CUST02097,299,4,3788.31,3,Lost Customers,-3.2410340772971584,1.0206454935457292
CUST02098,99,10,14893.99,2,Potential Loyalists,0.1048517925928839,0.1474527607636182
CUST02099,85,12,11808.93,2,Potential Loyalists,0.22738450761710155,-0.03742786191420092
CUST02100,12,10,18151.18,2,Potential Loyalists,0.8398969668202164,-0.5054776770752895
CUST02101,16,12,17522.95,2,Potential Loyalists,1.1665158607119366,-0.36731685799731467
CUST02102,41,6,7531.08,1,Low Spenders,-1.3194804587577273,-1.1339589534338832
CUST02103,242,8,11354.85,4,Lost Customers,-1.3117333254743562,1.1927350167785133
CUST02104,6,8,15672.06,2,Potential Loyalists,0.16815271921061045,-0.8496923547653034
CUST02105,132,13,24367.1,0,Champions,1.666564939383643,1.24330200334252
CUST02106,119,12,14308.37,2,Potential Loyalists,0.36928474545793133,0.44421298504307694
CUST02107,66,16,29954.58,0,Champions,3.201002631626619,1.140373060441441
CUST02108,59,10,19138.39,2,Potential Loyalists,0.7552952298037601,0.012160539345217249
CUST02109,147,11,25570.81,0,Champions,1.3258127542685996,1.3249890064194425
CUST02110,92,2,2351.15,1,Low Spenders,-2.952133402124829,-1.2212846612277704
CUST02111,44,12,22110.43,0,Champions,1.571097392757539,0.1811632567501129
CUST02112,221,8,14233.95,4,Lost Customers,-0.8962140544170226,1.1607765551988498
CUST02113,28,14,20908.98,0,Champions,1.9162962735260054,0.089859348970626
CUST02114,190,8,15633.05,4,Lost Customers,-0.6071695969746516,0.9424409704405196
CUST02115,74,11,13358.66,2,Potential Loyalists,0.24234985350869379,-0.12010179554995287
CUST02116,1,17,26005.62,0,Champions,3.2315000768407427,0.33781373294965134
CUST02117,45,7,9454.89,1,Low Spenders,-0.9099549143910398,-0.911020317260323
CUST02118,75,6,8328.29,1,Low Spenders,-1.3712326962270642,-0.75451090127892
CUST02119,66,8,12629.68,1,Low Spenders,-0.42933590847756437,-0.44718561393984674
CUST02120,158,8,10830.54,4,Lost Customers,-1.0194554434632173,0.3420412712075993
CUST02121,131,9,12366.47,4,Lost Customers,-0.5241794150477437,0.23936359060903542
CUST02122,105,4,4527.53,1,Low Spenders,-2.3441571878661063,-0.8269767945102775
CUST02123,40,8,10159.82,1,Low Spenders,-0.6013877198212256,-0.8490299715067072
CUST02124,17,9,14262.52,2,Potential Loyalists,0.1691359469628456,-0.7586021625138905
CUST02125,99,6,8727.28,1,Low Spenders,-1.4263921390909517,-0.4964956806609256
CUST02126,17,10,13241.89,2,Potential Loyalists,0.2604486071654847,-0.7514423049778384
CUST02127,52,15,26333.39,0,Champions,2.6402722576759605,0.7180069672717345
CUST02128,4,12,15789.46,2,Potential Loyalists,1.0195821915542302,-0.5884173325272318
CUST02129,85,12,19629.71,0,Champions,1.1171076389543748,0.4320899856939632
CUST02130,95,9,18232.96,2,Potential Loyalists,0.29404109522856386,0.24046331866472742
CUST02131,1,9,10225.21,2,Potential Loyalists,-0.22313111960729545,-1.1570220134816962
CUST02132,43,7,9383.1,1,Low Spenders,-0.9097428530988918,-0.9348353713687909
CUST02133,163,11,16198.3,4,Lost Customers,0.19252520338764237,0.9183549083932969
CUST02134,119,11,14381.4,2,Potential Loyalists,0.1701693291037061,0.3801642861902385
CUST02135,7,10,19640.58,2,Potential Loyalists,1.030284997501492,-0.464824973540474
CUST02136,8,15,20746.23,0,Champions,2.188996565527864,-0.04652992219918691
CUST02137,8,18,23714.68,0,Champions,3.1489700806768908,0.3369790460888652
CUST02138,240,8,8229.41,4,Lost Customers,-1.658916669756597,0.9855951312147848
CUST02139,156,10,10266.86,4,Lost Customers,-0.6603555498424238,0.4255618292491049
CUST02140,54,10,13854.29,2,Potential Loyalists,0.1751028797412962,-0.3538315087654425
CUST02141,173,11,18978.39,4,Lost Customers,0.4669034417019668,1.1827824892624883
CUST02142,93,4,7089.54,1,Low Spenders,-2.0024176414801893,-0.7901983983392071
CUST02143,40,9,11247.37,2,Potential Loyalists,-0.2702400928988201,-0.715306250011999
CUST02144,18,12,14111.06,2,Potential Loyalists,0.7699864655762287,-0.5526433390497398
CUST02145,62,14,23602.12,0,Champions,2.080232596071945,0.5831289090590366
CUST02146,339,7,9004.57,3,Lost Customers,-2.1929242911330817,1.9292042861281355
CUST02147,76,7,7939.97,1,Low Spenders,-1.2121755170608028,-0.6996379465177273
CUST02148,53,15,26278.78,0,Champions,2.6298700171887095,0.7244810576613676
CUST02149,12,11,13033.28,2,Potential Loyalists,0.4650878470553499,-0.7442960201112395
CUST02150,6,17,24013.8,0,Champions,2.9839547427132036,0.2669984168627258
CUST02151,36,16,21252.35,0,Champions,2.3366899031582884,0.3253601732549052
CUST02152,163,11,14101.63,4,Lost Customers,-0.04600033981660596,0.792482043340884
CUST02153,2,7,4508.77,1,Low Spenders,-1.2924929279499302,-1.6273200069473281
CUST02154,21,18,33506.57,0,Champions,4.208469891244115,1.0516153865376479
CUST02155,30,13,19325.28,0,Champions,1.5203254652937952,-0.05414540171812133
CUST02156,24,14,18310.87,0,Champions,1.6374832717363543,-0.10512762678249798
CUST02157,25,8,14119.27,2,Potential Loyalists,-0.08810105727520391,-0.7576144928354768
CUST02158,59,11,16710.88,2,Potential Loyalists,0.6865556089019849,-0.0651411618690054
CUST02159,61,12,12949.85,2,Potential Loyalists,0.45773025506666726,-0.20299511331297568
CUST02160,0,11,14636.6,2,Potential Loyalists,0.6977629946496208,-0.7650722496071065
CUST02161,131,9,13549.04,4,Lost Customers,-0.3896455343573878,0.3103587753663087
CUST02162,92,12,15640.09,2,Potential Loyalists,0.6339054291575658,0.26084259718447156
CUST02163,127,10,13091.65,4,Lost Customers,-0.21749808873480067,0.3123222212024474
CUST02164,29,5,6424.27,1,Low Spenders,-1.6025441116574533,-1.385869938767843
CUST02165,1,14,19138.51,0,Champions,1.8279994476162178,-0.2797499526116196
CUST02166,194,4,8977.27,1,Low Spenders,-2.210810439000593,0.3081417112524717
CUST02167,8,8,12813.06,2,Potential Loyalists,-0.16547770394467234,-1.0018262741085282
CUST02168,24,8,12586.74,2,Potential Loyalists,-0.25825819458283283,-0.8593719893115646
CUST02169,48,12,14648.64,2,Potential Loyalists,0.7054560397462829,-0.22779241709864054
CUST02170,170,10,12404.39,4,Lost Customers,-0.4758358565701918,0.690423872796209
CUST02171,0,12,7553.77,2,Potential Loyalists,0.09941559961572101,-1.1218544919345224
CUST02172,36,11,19269.38,2,Potential Loyalists,1.0739813231023783,-0.1358519006555217
CUST02173,425,8,8362.79,3,Lost Customers,-2.418816800884143,2.797830414031548
CUST02174,29,17,30671.28,0,Champions,3.644975677560819,0.890987357209686
CUST02175,102,7,10710.5,1,Low Spenders,-1.005918287088926,-0.27974296852165803
CUST02176,15,15,21225.98,0,Champions,2.214247716074252,0.05053978586794163
CUST02177,189,10,15906.37,4,Lost Customers,-0.15703883344398398,1.0859631197227135
CUST02178,220,8,11116.97,4,Lost Customers,-1.2466245443886241,0.9638971458646131
CUST02179,73,12,20660.09,0,Champions,1.284602846585065,0.3769174996087764
CUST02180,106,6,7164.09,1,Low Spenders,-1.633553992609909,-0.5220731755061182
CUST02181,192,8,11752.0,4,Lost Customers,-1.057072505276334,0.7289486295398637
CUST02182,110,10,14664.31,2,Potential Loyalists,0.032637000140387146,0.24094241397082358
CUST02183,59,8,15010.3,2,Potential Loyalists,-0.12917995727921636,-0.3725339891267557
CUST02184,76,7,11801.69,1,Low Spenders,-0.772850844745794,-0.46780090948748215
CUST02185,104,10,9486.38,1,Low Spenders,-0.531287438152454,-0.12842833759585467
CUST02186,123,6,10323.38,1,Low Spenders,-1.3453635728617355,-0.1666123713676062
CUST02187,122,12,16655.89,2,Potential Loyalists,0.6237792182356099,0.6144032929795064
CUST02188,12,11,14264.76,2,Potential Loyalists,0.6051859244567376,-0.6703645402623624
CUST02189,596,4,7618.36,3,Lost Customers,-4.049620254765539,4.147098392353891
CUST02190,67,7,10771.53,1,Low Spenders,-0.8523396545036982,-0.6174194593699597
CUST02191,92,8,10398.57,1,Low Spenders,-0.7920851973723172,-0.3275623795947815
CUST02192,20,9,13780.84,2,Potential Loyalists,0.10176934153868078,-0.7582619071876888
CUST02193,49,14,19135.17,0,Champions,1.6265192020748205,0.1881735169865817
CUST02194,8,17,17954.92,0,Champions,2.2862932058450283,-0.07723920188189042
CUST02195,8,9,12792.15,2,Potential Loyalists,0.03956709152586835,-0.9346485689139519
CUST02196,327,6,8550.12,3,Lost Customers,-2.401772868048164,1.7164575098712325
CUST02197,53,10,9566.76,2,Potential Loyalists,-0.30847404777065873,-0.6209844862754543
CUST02198,8,9,14367.2,2,Potential Loyalists,0.21875106269150316,-0.840090981835011
CUST02199,9,12,17648.4,2,Potential Loyalists,1.210114676420234,-0.4280535914286063
CUST02200,43,13,25870.26,0,Champions,2.2104438417367622,0.465563809393508
CUST02201,12,11,16440.38,2,Potential Loyalists,0.8526931346071317,-0.5397519390111732
CUST02202,38,12,21890.61,0,Champions,1.5712273268821102,0.10945094019944533
CUST02203,42,17,20430.43,0,Champions,2.425471071424664,0.4029650157247008
CUST02204,113,12,17501.56,2,Potential Loyalists,0.7576923123103669,0.5773995544174884
CUST02205,277,9,10500.21,4,Lost Customers,-1.3481725970321952,1.551200433077321
CUST02206,137,7,4228.02,1,Low Spenders,-1.8900266880253584,-0.3275760281943333
CUST02207,49,8,6932.93,1,Low Spenders,-1.0061979002227863,-0.954981959749626
CUST02208,278,11,15653.41,4,Lost Customers,-0.35126639603377824,2.0071896721864584
CUST02209,109,12,10760.16,2,Potential Loyalists,0.0075221117709218955,0.13367158316053607
CUST02210,12,8,11801.79,1,Low Spenders,-0.297282169439119,-1.0235271899467744
CUST02211,34,17,15152.03,0,Champions,1.8584959432141488,0.008057416076395646
CUST02212,139,9,8625.05,1,Low Spenders,-0.9833349917667323,0.09276938708514147
CUST02213,35,7,15797.76,2,Potential Loyalists,-0.14646882993133234,-0.6277541203969381
CUST02214,141,7,8666.99,1,Low Spenders,-1.4017901091048415,-0.022073653088719572
CUST02215,78,13,11863.57,2,Potential Loyalists,0.47035129573561435,-0.03398261955330933
CUST02216,22,11,15103.77,2,Potential Loyalists,0.658739158644088,-0.522469032106539
CUST02217,48,6,8257.42,1,Low Spenders,-1.2661762461182413,-1.0220852992077145
CUST02218,108,7,11120.23,1,Low Spenders,-0.9844433020273979,-0.19662947019126176
CUST02219,55,11,14302.92,2,Potential Loyalists,0.4293748296558373,-0.2487125475246337
CUST02220,2,10,10463.41,2,Potential Loyalists,0.0072014740630729195,-1.064536145189696
CUST02221,6,16,25304.95,0,Champions,2.9234175168648564,0.27607913483640056
CUST02222,141,8,9962.56,1,Low Spenders,-1.0469772971521987,0.1241384778305538
CUST02223,50,11,9217.95,2,Potential Loyalists,-0.12816369724024287,-0.6027498943146818
CUST02224,18,9,15356.72,2,Potential Loyalists,0.28942691489106886,-0.6831596573995451
CUST02225,73,12,17742.38,2,Potential Loyalists,0.9526725177004681,0.20175377947538606
CUST02226,90,15,23362.28,0,Champions,2.143062548330022,0.9102355515069342
CUST02227,249,15,13852.69,4,Lost Customers,0.3950689973969075,1.8899912756826986
CUST02228,246,9,19253.43,4,Lost Customers,-0.2224941114455634,1.7743669227223304
CUST02229,149,11,13533.0,4,Lost Customers,-0.0520357104566904,0.6218083737299409
CUST02230,21,7,7401.22,1,Low Spenders,-1.0430384691515784,-1.268373684723041
CUST02231,29,9,12843.55,2,Potential Loyalists,-0.042566809225194235,-0.7267585439332309
CUST02232,40,16,15529.29,0,Champions,1.6688534110624476,0.020788559202200817
CUST02233,389,7,13697.31,3,Lost Customers,-1.8685389204189098,2.698560475530037
CUST02234,23,16,18164.58,0,Champions,2.0398775277651575,0.013203379923781518
CUST02235,13,10,16385.51,2,Potential Loyalists,0.634837714998296,-0.6017264875124825
CUST02236,84,11,25723.87,0,Champions,1.6071695798387309,0.7197651802985072
CUST02237,1,11,7665.45,2,Potential Loyalists,-0.09949242759437368,-1.1738302682520927
CUST02238,61,7,8025.92,1,Low Spenders,-1.139553666622388,-0.8407667131404731
CUST02239,93,11,16970.8,2,Potential Loyalists,0.573679117683507,0.2820508692316141
CUST02240,107,15,26518.52,0,Champions,2.4309059879111814,1.2655132499404904
CUST02241,22,9,15176.18,2,Potential Loyalists,0.25212960813217195,-0.6549879823269703
CUST02242,0,10,16572.63,2,Potential Loyalists,0.7105898901468147,-0.7172763817934473
CUST02243,147,8,13243.7,4,Lost Customers,-0.6988392559053334,0.37963609165845286
CUST02244,43,10,14072.28,2,Potential Loyalists,0.24598777116022172,-0.4480229671172165
CUST02245,35,3,3913.56,1,Low Spenders,-2.3281572321397896,-1.6149501149454928
CUST02246,295,10,11303.73,4,Lost Customers,-1.1247499586395393,1.8434190053490063
CUST02247,0,16,24723.34,0,Champions,2.882388777342232,0.18264687959852283
CUST02248,2,12,14063.09,2,Potential Loyalists,0.8315626316208705,-0.711564530014687
CUST02249,4,14,18211.43,0,Champions,1.7099623614091106,-0.3061491336747136
CUST02250,14,5,4045.6,1,Low Spenders,-1.810307264243861,-1.6749613226195652
CUST02251,129,6,10927.02,1,Low Spenders,-1.3018286126573686,-0.07185755262803079
CUST02252,15,10,14569.57,2,Potential Loyalists,0.4198699584021873,-0.6912406571470885
CUST02253,69,14,18955.51,0,Champions,1.522288583020566,0.37243935100889963
CUST02254,78,16,23184.31,0,Champions,2.3805146401135664,0.850953217077695
CUST02255,120,12,14908.9,2,Potential Loyalists,0.4334138448452582,0.4900181808572346
CUST02256,52,5,7507.11,1,Low Spenders,-1.5757164614794,-1.0965526007406483
CUST02257,20,12,16411.44,2,Potential Loyalists,1.0233076929415976,-0.3950356478895865
CUST02258,694,3,1094.93,3,Lost Customers,-5.409755000928984,4.642786614359042
CUST02259,172,6,7879.73,1,Low Spenders,-1.828652807888736,0.1645605065503072
CUST02260,10,12,12798.64,2,Potential Loyalists,0.6541970431931374,-0.7094546882911767
CUST02261,35,8,10650.3,1,Low Spenders,-0.524640813216504,-0.8683470879045262
CUST02262,34,8,6790.2,1,Low Spenders,-0.9595915988311684,-1.1098394518180479
CUST02263,5,4,6698.71,1,Low Spenders,-1.6781961860411931,-1.671889049958179
CUST02264,14,13,16281.91,2,Potential Loyalists,1.2411329781340674,-0.39289440534695813
CUST02265,111,8,8960.75,1,Low Spenders,-1.0352595280215464,-0.22858233310797854
CUST02266,136,6,9803.86,1,Low Spenders,-1.4589308980153057,-0.0710179971939647
CUST02267,169,15,17138.53,0,Champions,1.1040463866493315,1.3070489119746571
CUST02268,68,9,13665.87,2,Potential Loyalists,-0.11241037811542402,-0.29704010639087286
CUST02269,66,4,3196.94,1,Low Spenders,-2.332136441758872,-1.2872090473503168
CUST02270,37,9,13935.17,2,Potential Loyalists,0.04810352434587726,-0.5832028470374528
CUST02271,32,10,17394.81,2,Potential Loyalists,0.6700575175631539,-0.3558344303005482
CUST02272,98,12,13480.86,2,Potential Loyalists,0.3631252765627218,0.18972946213667935
CUST02273,241,8,5390.09,3,Lost Customers,-1.9861186285668564,0.8248901109002515
CUST02274,32,7,19636.93,2,Potential Loyalists,0.30285923154115263,-0.42652861397483144
CUST02275,30,8,4119.37,1,Low Spenders,-1.2466775179143434,-1.3091921478545792
CUST02276,56,8,13832.95,2,Potential Loyalists,-0.2505512228324318,-0.4724735420572081
CUST02277,91,8,7097.13,1,Low Spenders,-1.1634805927889602,-0.535515781826121
CUST02278,20,10,18231.25,2,Potential Loyalists,0.8154893371313292,-0.422650037834635
CUST02279,78,15,20482.01,0,Champions,1.8656666116548866,0.620288532606751
CUST02280,3,14,15645.45,2,Potential Loyalists,1.4222358294783746,-0.4699494468021656
CUST02281,9,10,19140.86,2,Potential Loyalists,0.9650556787502969,-0.47532032646129735
CUST02282,231,8,8162.8,4,Lost Customers,-1.6287881877354162,0.8938229754340271
CUST02283,21,9,8607.41,1,Low Spenders,-0.49097028206788335,-1.0590944215988074
CUST02284,14,14,15830.01,2,Potential Loyalists,1.3971466319058197,-0.3515910371290827
CUST02285,37,11,17825.05,2,Potential Loyalists,0.905478991565125,-0.21280917429582139
CUST02286,832,2,2145.8,3,Lost Customers,-6.075790725324042,5.983298662753788
CUST02287,297,12,12531.86,4,Lost Customers,-0.578564967708858,2.073520594912183
CUST02288,246,7,10147.26,4,Lost Customers,-1.6732955378099739,1.0908150671268162
CUST02289,27,11,14134.05,2,Potential Loyalists,0.5274719978624076,-0.5319229249031658
CUST02290,105,9,14091.5,2,Potential Loyalists,-0.21900380579967152,0.08935801686591274
CUST02291,86,6,5482.49,1,Low Spenders,-1.741067736065892,-0.8180791158911227
CUST02292,82,9,8166.01,1,Low Spenders,-0.7967506382038515,-0.49068615463820825
CUST02293,32,4,6261.55,1,Low Spenders,-1.841048155575607,-1.434814059009299
CUST02294,29,10,11096.67,2,Potential Loyalists,-0.033875246168069195,-0.7631988563067568
CUST02295,119,6,6010.31,1,Low Spenders,-1.819277265543877,-0.4645563831112703
CUST02296,101,11,11515.31,2,Potential Loyalists,-0.08047589997759749,0.032553060562232665
CUST02297,72,11,15785.69,2,Potential Loyalists,0.5268376462557869,0.006098952852355893
CUST02298,21,6,13834.76,1,Low Spenders,-0.5185568946555251,-0.9505713450745783
CUST02299,97,14,19195.03,0,Champions,1.4322288406499069,0.6598911769300984
CUST02300,134,4,9889.67,1,Low Spenders,-1.8556368329964146,-0.22223764906214521
CUST02301,8,15,14046.26,2,Potential Loyalists,1.4267812509088884,-0.44876032548879113
CUST02302,82,8,6651.73,1,Low Spenders,-1.1764447722311178,-0.6500284654692529
CUST02303,182,9,11842.4,4,Lost Customers,-0.7974687497909752,0.7052829621634293
CUST02304,32,13,15377.93,2,Potential Loyalists,1.0628800045091558,-0.2716180404019164
CUST02305,3,13,15087.26,2,Potential Loyalists,1.1513103078708737,-0.5718932220754155
CUST02306,21,16,21632.17,0,Champions,2.442743577098462,0.20187379139130235
CUST02307,10,16,25807.32,0,Champions,2.963810775960201,0.3452490777684588
CUST02308,58,15,17222.39,0,Champions,1.57863101798539,0.22954670221043888
CUST02309,119,11,16030.51,2,Potential Loyalists,0.3577786613083726,0.4791680399934525
CUST02310,118,8,17805.02,4,Lost Customers,-0.058427214658502036,0.3706484671616467
CUST02311,119,7,8653.49,1,Low Spenders,-1.3111549641258073,-0.2374409475836027
CUST02312,44,11,16955.34,2,Potential Loyalists,0.7772101892660939,-0.1967538349532078
CUST02313,63,16,36447.42,0,Champions,3.952222778279326,1.5009107360669207
CUST02314,33,18,31237.66,0,Champions,3.9000745700882833,1.0324331484395513
CUST02315,39,10,10386.09,2,Potential Loyalists,-0.15660955198170642,-0.708332452853423
CUST02316,99,9,10358.85,1,Low Spenders,-0.6185074258033988,-0.19324584510776735
CUST02317,47,8,6617.75,1,Low Spenders,-1.0336748562583447,-0.9934088491135736
CUST02318,99,14,22116.72,0,Champions,1.7562327721357296,0.8547990010562
CUST02319,44,12,13249.63,2,Potential Loyalists,0.5630574373882133,-0.3507918352082878
CUST02320,195,9,14130.21,4,Lost Customers,-0.5916630151861753,0.9694144309907792
CUST02321,60,14,20994.92,0,Champions,1.7920063015448735,0.4071013843268948
CUST02322,35,9,16915.09,2,Potential Loyalists,0.39549028907339495,-0.4238095369259439
CUST02323,126,7,10861.45,1,Low Spenders,-1.0892957498302291,-0.03661874431587955
CUST02324,137,13,19749.76,0,Champions,1.1203299763714354,1.014864493656978
CUST02325,16,16,22430.14,0,Champions,2.5544717727376405,0.20101673178590498
CUST02326,61,11,14297.61,2,Potential Loyalists,0.4036332086460757,-0.19051583338600497
CUST02327,54,10,12774.5,2,Potential Loyalists,0.052261661859361756,-0.41865633143898917
CUST02328,87,9,12218.62,2,Potential Loyalists,-0.3566575031826669,-0.19862618672299912
CUST02329,7,11,13996.99,2,Potential Loyalists,0.5956712862620289,-0.735202935605362
CUST02330,259,9,9992.39,4,Lost Customers,-1.3305316233384876,1.3451671388677806
CUST02331,13,12,16313.87,2,Potential Loyalists,1.0415348637818849,-0.46916131060588195
CUST02332,258,9,19581.14,4,Lost Customers,-0.23548758300416853,1.9110718766250716
CUST02333,249,7,6846.5,3,Lost Customers,-2.061371929865431,0.9219128205752992
CUST02334,34,7,10298.6,1,Low Spenders,-0.7678856196593553,-0.9676468898071797
CUST02335,228,7,2870.74,3,Lost Customers,-2.4256888777119183,0.4784251876271408
CUST02336,57,17,15987.9,0,Champions,1.8572273009832136,0.2825479947747524
CUST02337,34,14,18395.17,0,Champions,1.6051776856459892,-0.0025408748847919388
CUST02338,43,13,22979.76,0,Champions,1.8816090309978861,0.2920336322869536
CUST02339,200,10,11638.74,4,Lost Customers,-0.68862692602554,0.9370358282326652
CUST02340,117,3,4885.6,1,Low Spenders,-2.561120385197455,-0.7568822182900362
CUST02341,121,13,16281.94,2,Potential Loyalists,0.792850364002188,0.6506337797105914
CUST02342,4,6,10443.58,1,Low Spenders,-0.8331280458557788,-1.3199535859089002
CUST02343,139,9,11790.64,4,Lost Customers,-0.6232048452429891,0.2828144980855697
CUST02344,144,7,9297.39,1,Low Spenders,-1.3426420574362923,0.045029943997266564
CUST02345,188,8,7363.33,4,Lost Customers,-1.5395867555408518,0.42646599769958804
CUST02346,178,6,4117.05,1,Low Spenders,-2.281847828942065,-0.002815199845523194
CUST02347,51,12,10009.36,2,Potential Loyalists,0.16510427288708904,-0.4770522532231257
CUST02348,26,9,6611.38,1,Low Spenders,-0.738994562589891,-1.1301624835932296
CUST02349,162,8,9966.93,4,Lost Customers,-1.1344615183146256,0.32920507287551254
CUST02350,163,11,9510.99,4,Lost Customers,-0.5682498591282528,0.516884543865903
CUST02351,9,7,8785.12,1,Low Spenders,-0.8353254160642523,-1.3023227187374062
CUST02352,304,9,18965.95,4,Lost Customers,-0.49819514725260083,2.322757975059567
CUST02353,16,11,18078.02,2,Potential Loyalists,1.0222392377043876,-0.40242645061509213
CUST02354,285,10,10018.7,4,Lost Customers,-1.2290442072831271,1.6687468393163223
CUST02355,92,9,13770.86,2,Potential Loyalists,-0.2010164337996642,-0.05667507503747885
CUST02356,103,8,13528.66,4,Lost Customers,-0.482079151881152,-0.03237008562048111
CUST02357,7,10,11913.62,2,Potential Loyalists,0.15123520362954324,-0.9287103695948804
CUST02358,173,11,9765.96,4,Lost Customers,-0.5811393451844358,0.6297174107356815
CUST02359,55,9,10043.62,1,Low Spenders,-0.4700273304480864,-0.6412842233891517
CUST02360,142,4,8019.01,1,Low Spenders,-2.1019672893079098,-0.25652141697840797
CUST02361,224,6,12459.05,4,Lost Customers,-1.5255497269036424,0.9466127311705522
CUST02362,14,9,13534.17,2,Potential Loyalists,0.09884471255363807,-0.831586154288542
CUST02363,62,8,16714.54,2,Potential Loyalists,0.052132416535617294,-0.24096277557853035
CUST02364,237,9,6232.33,4,Lost Customers,-1.6661200896799322,0.9048763984845279
CUST02365,202,3,4855.64,3,Lost Customers,-2.9206438225319586,0.07028870077272131
CUST02366,138,9,8557.21,1,Low Spenders,-0.9868631517551691,0.07894405290145969
CUST02367,28,10,14858.97,2,Potential Loyalists,0.39832859938004456,-0.5470830479397041
CUST02368,10,10,10797.0,2,Potential Loyalists,0.011635290912334865,-0.966488519614479
CUST02369,149,10,8703.54,4,Lost Customers,-0.8088779461498651,0.26344036750359917
CUST02370,146,10,13452.88,4,Lost Customers,-0.25600531464098397,0.5193076180174105
CUST02371,36,16,18536.0,0,Champions,2.027667091135958,0.16228503172804515
CUST02372,237,11,8672.64,4,Lost Customers,-0.9736534882634014,1.1882456329530757
CUST02373,76,10,17733.2,2,Potential Loyalists,0.524212196197363,0.09359435064535346
CUST02374,168,6,9927.49,1,Low Spenders,-1.57893310524406,0.24848674439829999
CUST02375,34,14,15221.56,2,Potential Loyalists,1.2441351519289836,-0.19306746383726794
CUST02376,135,11,14519.08,4,Lost Customers,0.11879893052883947,0.5444711862671834
CUST02377,18,8,10279.36,1,Low Spenders,-0.49561741372103574,-1.056410255186072
CUST02378,59,14,13151.37,2,Potential Loyalists,0.9038823532117256,-0.07353603545761934
CUST02379,75,7,10326.63,1,Low Spenders,-0.9364699655949684,-0.5661082142049422
CUST02380,98,11,16495.21,2,Potential Loyalists,0.4986261568777481,0.3022619016775619
CUST02381,95,13,10055.62,2,Potential Loyalists,0.1934486778451178,0.0232716331474718
CUST02382,63,11,22311.87,0,Champions,1.3069882185351083,0.3101226857850803
CUST02383,84,14,16211.38,0,Champions,1.1472615718107047,0.3539851921235671
CUST02384,98,13,25745.38,0,Champions,1.965809597684781,0.9944587479332888
CUST02385,62,14,13176.11,2,Potential Loyalists,0.8941281071905643,-0.04279302894985695
CUST02386,56,9,8427.88,1,Low Spenders,-0.6580299473715189,-0.7285320376479721
CUST02387,140,9,15864.45,4,Lost Customers,-0.16394155749962527,0.5371368686240496
CUST02388,35,8,10654.72,1,Low Spenders,-0.5241379763843068,-0.8680817347189835
CUST02389,304,5,6627.08,3,Lost Customers,-2.731608622423744,1.3082660228479652
CUST02390,66,12,23636.48,0,Champions,1.6525359696200848,0.4873359722387752
CUST02391,35,11,11626.22,2,Potential Loyalists,0.20865454056198682,-0.6044589754511474
CUST02392,5,7,10640.92,1,Low Spenders,-0.6074438487835044,-1.2299207337167355
CUST02393,58,7,12939.62,1,Low Spenders,-0.5679827858510811,-0.575032166342547
CUST02394,11,8,10001.69,1,Low Spenders,-0.49787913733294453,-1.1413481596933692
CUST02395,188,9,7291.57,4,Lost Customers,-1.3403268589203619,0.49059094056727687
CUST02396,100,8,9699.26,1,Low Spenders,-0.9051582049521109,-0.29152455160937935
CUST02397,38,9,8541.47,1,Low Spenders,-0.569694893158439,-0.8972591954258281
CUST02398,30,7,9706.62,1,Low Spenders,-0.8184732698255566,-1.0421965383854994
CUST02399,260,4,2374.05,3,Lost Customers,-3.238531964165022,0.5553901409241623
CUST02400,155,8,9888.03,4,Lost Customers,-1.1141103737962572,0.25620025721217654
CUST02401,56,11,9197.24,2,Potential Loyalists,-0.15565728368345166,-0.545477713899437
CUST02402,9,7,10371.45,1,Low Spenders,-0.6548581871006122,-1.2070879407234156
CUST02403,63,8,19002.95,2,Potential Loyalists,0.30828147798830824,-0.09382628229521124
CUST02404,77,10,10085.97,2,Potential Loyalists,-0.3499567838547407,-0.3557518991493299
CUST02405,5,13,8613.35,2,Potential Loyalists,0.40643330257130045,-0.9410470246652256
CUST02406,310,10,8718.56,3,Lost Customers,-1.4816930461285733,1.8345079555980301
CUST02407,97,14,35294.76,0,Champions,3.2637983502492878,1.6264329511102429
CUST02408,117,9,13287.8,4,Lost Customers,-0.36071099236193427,0.15813915908205056
CUST02409,105,5,8429.29,1,Low Spenders,-1.6928538049397384,-0.5243029399192065
CUST02410,24,12,12978.88,2,Potential Loyalists,0.6160476180737089,-0.5620978792532881
CUST02411,188,14,21568.06,0,Champions,1.3209415974595722,1.6898402754578001
CUST02412,17,13,18475.93,0,Champions,1.4781646785718683,-0.23191941731568544
CUST02413,17,13,17479.7,2,Potential Loyalists,1.364829579626222,-0.2917277440200143
CUST02414,139,10,13889.26,4,Lost Customers,-0.17703386177543382,0.47723746059986766
CUST02415,134,13,17760.94,0,Champions,0.9066426465143704,0.866208617316508
CUST02416,61,9,15675.21,2,Potential Loyalists,0.14550727917836412,-0.24467814916336286
CUST02417,4,12,9811.07,2,Potential Loyalists,0.33945669625127545,-0.9473279277571414
CUST02418,3,14,19297.4,0,Champions,1.8376962297820727,-0.2507058798468702
CUST02419,431,8,6864.67,3,Lost Customers,-2.614386442588976,2.7664067913127344
CUST02420,66,9,13566.92,2,Potential Loyalists,-0.11528814676953733,-0.32248570179330877
CUST02421,152,7,7783.87,1,Low Spenders,-1.5483428426503019,0.032186953611477685
CUST02422,30,12,16074.26,2,Potential Loyalists,0.9430528606895922,-0.31775230337706306
CUST02423,19,15,26603.6,0,Champions,2.80926886344315,0.41239369210694654
CUST02424,86,7,11904.12,1,Low Spenders,-0.8030938897122375,-0.36412572925179243
CUST02425,71,6,10088.36,1,Low Spenders,-1.1542417556309843,-0.6878560340075695
CUST02426,46,9,9793.11,1,Low Spenders,-0.46082004603800397,-0.7440967526588891
CUST02427,119,12,21489.2,0,Champions,1.1862046119163452,0.8753116536720542
CUST02428,21,9,11684.11,2,Potential Loyalists,-0.14095261654278357,-0.8743857912913395
CUST02429,168,8,13835.4,4,Lost Customers,-0.719506473299809,0.6199628420121789
CUST02430,12,8,8646.83,1,Low Spenders,-0.656203004757827,-1.2129341325394383
CUST02431,241,11,14696.45,4,Lost Customers,-0.30511918872312943,1.58889333443321
CUST02432,135,14,24917.36,0,Champions,1.9240195454433133,1.3740274528674967
CUST02433,28,13,13443.33,2,Potential Loyalists,0.8595505471835597,-0.426771420648391
CUST02434,102,8,11585.72,1,Low Spenders,-0.6989261679901448,-0.15876640582474771
CUST02435,22,13,16161.46,2,Potential Loyalists,1.1939133933338295,-0.3221049156006497
CUST02436,73,7,13129.04,1,Low Spenders,-0.6092774465876575,-0.41737165612186583
CUST02437,114,8,9596.72,1,Low Spenders,-0.9754778109332379,-0.16114434298048286
CUST02438,230,8,10007.28,4,Lost Customers,-1.4147631959258362,0.9948031172179653
CUST02439,202,12,23788.83,0,Champions,1.1000838042227605,1.8228335441237102
CUST02440,51,11,17935.5,2,Potential Loyalists,0.8593899776404843,-0.0696421839952676
CUST02441,113,6,3972.89,1,Low Spenders,-2.025924758161732,-0.6453876928841741
CUST02442,121,11,11574.45,4,Lost Customers,-0.1575396784145039,0.23115517076273623
CUST02443,77,14,28297.65,0,Champions,2.5515709846412187,1.0113121891678396
CUST02444,184,9,11413.97,4,Lost Customers,-0.8545878337531804,0.6990674799659847
CUST02445,49,17,25531.89,0,Champions,2.9765063884266727,0.777497500071066
CUST02446,43,12,19951.83,0,Champions,1.3297160347409365,0.041819862339031184
CUST02447,62,5,6760.56,1,Low Spenders,-1.7025428579840174,-1.043845643912647
CUST02448,18,12,19179.83,0,Champions,1.3466299610368393,-0.24834146884998537
CUST02449,18,10,17024.99,2,Potential Loyalists,0.6866395656129141,-0.5145726096812359
CUST02450,77,13,14023.14,2,Potential Loyalists,0.720222182897456,0.08591384241900621
CUST02451,55,15,16091.21,0,Champions,1.46251223581284,0.13237894941041697
CUST02452,95,16,21811.7,0,Champions,2.1531380372748123,0.9343429575147041
CUST02453,9,9,12941.18,2,Potential Loyalists,0.052331749796225104,-0.9159490208990018
CUST02454,171,5,10672.24,1,Low Spenders,-1.714199741896617,0.2540222746736699
CUST02455,276,13,9520.82,4,Lost Customers,-0.6257079194245176,1.756382626494886
CUST02456,113,9,12271.83,4,Lost Customers,-0.4595334363026299,0.05813541612856819
CUST02457,62,9,17293.42,2,Potential Loyalists,0.32541171507935285,-0.1377768832444488
CUST02458,219,7,9776.33,4,Lost Customers,-1.602375110295964,0.8052266699098041
CUST02459,40,11,12986.51,2,Potential Loyalists,0.34245861222095325,-0.47403151624637535
CUST02460,203,10,18622.42,4,Lost Customers,0.09329560285148093,1.3855564132472207
CUST02461,114,11,12945.09,2,Potential Loyalists,0.02771691898690576,0.2451729923327628
CUST02462,105,12,19125.7,0,Champions,0.975977670008007,0.5968835786007265
CUST02463,110,9,15485.41,4,Lost Customers,-0.08137498882430974,0.22180384125121483
CUST02464,90,9,14576.5,2,Potential Loyalists,-0.10098443547703294,-0.02781391973629323
CUST02465,15,10,7846.7,1,Low Spenders,-0.3449505515691218,-1.094845854090296
CUST02466,228,10,11702.25,4,Lost Customers,-0.7987102681326287,1.2139209541114753
CUST02467,49,11,17541.47,2,Potential Loyalists,0.8229427310576988,-0.11280280609225524
CUST02468,85,14,20951.2,0,Champions,1.6822928139910862,0.6482912448121028
CUST02469,2,8,5469.69,1,Low Spenders,-0.9757512349780054,-1.5011984741144442
CUST02470,14,9,10846.14,2,Potential Loyalists,-0.20695630329497702,-0.9929611143188937
CUST02471,1,9,14390.54,2,Potential Loyalists,0.2507334374641331,-0.9069578541295963
CUST02472,128,6,7961.47,1,Low Spenders,-1.6350118217467047,-0.25964591379785124
CUST02473,76,4,3499.16,1,Low Spenders,-2.3396505793260696,-1.171539542920156
CUST02474,45,18,24212.37,0,Champions,3.050574486053305,0.7277032667551986
CUST02475,46,9,11332.95,2,Potential Loyalists,-0.2856417049315687,-0.6516529858656849
CUST02476,100,8,9863.53,1,Low Spenders,-0.8864701944487117,-0.28166265844442734
CUST02477,6,14,10928.27,2,Potential Loyalists,0.8730218478616788,-0.7238859827351963
CUST02478,37,11,24433.79,0,Champions,1.6573156174507648,0.18394426720259432
CUST02479,71,10,21396.42,2,Potential Loyalists,0.9619026618484995,0.2647515930481051
CUST02480,94,17,28838.33,0,Champions,3.1641286861231808,1.4148647288301948
CUST02481,118,7,5106.07,1,Low Spenders,-1.7105340256021455,-0.46016167483299103
CUST02482,71,9,11631.89,2,Potential Loyalists,-0.3563728239512678,-0.3898916496886133
CUST02483,43,9,11887.46,2,Potential Loyalists,-0.20998966817506978,-0.6476209170961695
CUST02484,98,5,12586.69,1,Low Spenders,-1.1905642730374912,-0.3429829365974202
CUST02485,37,10,12701.13,2,Potential Loyalists,0.11513781161657254,-0.5888549857291503
CUST02486,110,8,10794.36,1,Low Spenders,-0.822471150774406,-0.1282547680495715
CUST02487,180,9,17810.47,4,Lost Customers,-0.11013812078067797,1.0440688336729493
CUST02488,169,9,14001.91,4,Lost Customers,-0.49732962001410425,0.7081448257178551
CUST02489,27,11,20956.12,0,Champions,1.3035778955608563,-0.12236228994958984
CUST02490,204,9,10449.68,4,Lost Customers,-1.0480810916415617,0.8362283207818971
CUST02491,256,5,6306.72,3,Lost Customers,-2.56695378018149,0.8209093346614946
CUST02492,106,9,16325.87,2,Potential Loyalists,0.03099744967746897,0.23325023726535773
CUST02493,79,7,11780.65,1,Low Spenders,-0.7878132061918388,-0.43980628959377904
CUST02494,65,11,14375.41,2,Potential Loyalists,0.39572569085319875,-0.14683480493037976
CUST02495,140,8,8644.85,1,Low Spenders,-1.192695654303133,0.03527762644909686
CUST02496,55,6,2915.09,1,Low Spenders,-1.9032681417253206,-1.2745421690781498
CUST02497,41,9,11695.39,2,Potential Loyalists,-0.22346113950207835,-0.6786569397922094
CUST02498,9,7,6917.2,1,Low Spenders,-1.0478274467424609,-1.4144626559181277
CUST02499,65,11,7413.96,2,Potential Loyalists,-0.3962366316578376,-0.564763070427153
CUST02500,3,11,15767.03,2,Potential Loyalists,0.8137964538302822,-0.6679495228001066
CUST02501,16,11,14335.98,2,Potential Loyalists,0.5965298396150241,-0.627078539852183
CUST02502,159,4,8149.8,1,Low Spenders,-2.158311110806125,-0.08287557266248731
CUST02503,4,6,10959.44,1,Low Spenders,-0.7744417543948701,-1.2889841075618367
CUST02504,126,8,8636.16,1,Low Spenders,-1.1350300168390397,-0.10178023711824022
CUST02505,139,17,28623.04,0,Champions,2.951104930187644,1.840806103715784
CUST02506,15,12,16463.64,2,Potential Loyalists,1.0501941183663732,-0.4406647539162795
CUST02507,86,10,13567.35,2,Potential Loyalists,0.008392591472908618,-0.058975196446534726
CUST02508,9,18,19565.63,0,Champions,2.672768012311527,0.09764483398683227
CUST02509,48,13,16646.38,2,Potential Loyalists,1.1401505119848683,-0.039425750819080174
CUST02510,127,13,20125.94,0,Champions,1.2050216042016508,0.9399225007815953
CUST02511,125,13,17184.08,0,Champions,0.8787230530539698,0.7438037776164909
CUST02512,14,17,24938.45,0,Champions,3.0556299030100766,0.40053012701867285
CUST02513,91,8,17073.99,2,Potential Loyalists,-0.028473199649964878,0.0634415898283674
CUST02514,4,14,10209.46,2,Potential Loyalists,0.7996263328714297,-0.7865446608504048
CUST02515,112,9,15217.71,4,Lost Customers,-0.12020878680483044,0.2252377295316585
CUST02516,17,7,15916.59,2,Potential Loyalists,-0.057537652414923854,-0.7961666965702141
CUST02517,35,6,2614.34,1,Low Spenders,-1.8536908807153711,-1.4876492528440275
CUST02518,68,11,16415.91,2,Potential Loyalists,0.6152923436713377,0.00492366250258868
CUST02519,43,19,35210.08,0,Champions,4.517520626111804,1.4368748822019028
CUST02520,9,10,15864.34,2,Potential Loyalists,0.5923056929062758,-0.6720250820029572
CUST02521,79,6,7844.46,1,Low Spenders,-1.4430334832658416,-0.7445471374378438
CUST02522,3,7,5930.95,1,Low Spenders,-1.134889646848852,-1.532187334911202
CUST02523,133,10,11898.54,4,Lost Customers,-0.3783685760983547,0.2992097693257968
CUST02524,10,11,20911.13,0,Champions,1.3696826673311342,-0.2908571606638005
CUST02525,41,20,39101.19,0,Champions,5.175991600629084,1.7194042016356543
CUST02526,34,10,14568.24,2,Potential Loyalists,0.3401164605771364,-0.5060214257055046
CUST02527,58,7,4732.99,1,Low Spenders,-1.501601752415338,-1.067714386494065
CUST02528,196,9,15376.32,4,Lost Customers,-0.45409015966087757,1.053976800905075
CUST02529,34,11,11974.99,2,Potential Loyalists,0.2525215961078601,-0.5932732710310024
CUST02530,179,8,16480.99,4,Lost Customers,-0.46461908056871476,0.8860683444943066
CUST02531,105,11,18012.82,2,Potential Loyalists,0.6419484012395487,0.46163917923502396
CUST02532,26,9,13035.77,2,Potential Loyalists,-0.00813032811048276,-0.7444764311796066
CUST02533,7,11,12520.82,2,Potential Loyalists,0.42773629834699456,-0.8238242957642904
CUST02534,20,13,23050.95,0,Champions,1.9860684372588524,0.07199808989590402
CUST02535,176,6,4963.3,1,Low Spenders,-2.177195875018636,0.028483962891157174
CUST02536,41,12,14351.05,2,Potential Loyalists,0.7009281374698115,-0.31392621198060056
CUST02537,34,12,14854.33,2,Potential Loyalists,0.7875104012118296,-0.3519800508205863
CUST02538,1,8,6248.84,1,Low Spenders,-0.8829224337667465,-1.4641750538585896
CUST02539,15,6,4655.81,1,Low Spenders,-1.537653328956828,-1.5601419614421097
CUST02540,29,10,11372.87,2,Potential Loyalists,-0.002453632355207079,-0.7466172839432105
CUST02541,252,8,9349.66,4,Lost Customers,-1.5817476293266224,1.1698799524636696
CUST02542,150,6,5344.23,1,Low Spenders,-2.0249304436339526,-0.20221419381301736
CUST02543,7,8,11710.56,1,Low Spenders,-0.2867129129831301,-1.0777670668789832
CUST02544,32,14,15137.39,2,Potential Loyalists,1.2429388150350227,-0.21762574700388487
CUST02545,93,15,20390.95,0,Champions,1.7924634272317372,0.7611105221303742
CUST02546,88,10,8655.2,1,Low Spenders,-0.5588123660772969,-0.33436927255375276
CUST02547,61,19,21377.26,0,Champions,2.868431238553935,0.7819727676512499
CUST02548,179,4,3033.73,1,Low Spenders,-2.82412742371248,-0.19496542159141173
CUST02549,74,8,16431.62,2,Potential Loyalists,-0.030328759738947293,-0.14091678450110515
CUST02550,42,10,22371.6,0,Champions,1.1943411109198894,0.04047128239703522
CUST02551,203,8,12898.43,4,Lost Customers,-0.9727355345716346,0.905052575090297
CUST02552,48,11,17589.44,2,Potential Loyalists,0.8325895786567619,-0.11967552660677615
CUST02553,115,9,17003.62,4,Lost Customers,0.07039469200673161,0.36171197354668627
CUST02554,261,10,17286.82,4,Lost Customers,-0.3016437453000058,1.8710239405095836
CUST02555,280,7,8346.2,3,Lost Customers,-2.020637335458692,1.3142768700962937
CUST02556,49,11,17726.71,2,Potential Loyalists,0.8440163724143045,-0.10168198616240999
CUST02557,40,13,12365.14,2,Potential Loyalists,0.6866162832299412,-0.3744691915317093
CUST02558,18,8,9191.57,1,Low Spenders,-0.6193687435164492,-1.1217153551185193
CUST02559,186,8,6660.07,1,Low Spenders,-1.6112132404992758,0.36474085850636795
CUST02560,206,7,5811.98,1,Low Spenders,-1.9989107233287715,0.4404446966277845
CUST02561,11,9,12489.12,2,Potential Loyalists,-0.007475577230418703,-0.9235831220499242
CUST02562,68,8,11316.74,1,Low Spenders,-0.587080378513682,-0.5065023509210723
CUST02563,12,16,19152.41,0,Champions,2.1983424886181657,-0.03477099780397954
CUST02564,22,9,14265.06,2,Potential Loyalists,0.1484769623060501,-0.7096867593431696
CUST02565,123,8,8415.08,1,Low Spenders,-1.1476121924544365,-0.1443104482525727
CUST02566,98,11,10613.82,2,Potential Loyalists,-0.17046423147427392,-0.050825331788176886
CUST02567,218,8,14684.94,4,Lost Customers,-0.8323388658209417,1.1585938362381907
CUST02568,18,9,7966.04,1,Low Spenders,-0.5513663246977906,-1.126856598876061
CUST02569,32,7,12237.61,1,Low Spenders,-0.5389169289142641,-0.8707442548909602
CUST02570,80,9,15074.8,2,Potential Loyalists,-0.0023999492875606703,-0.09542448025455683
CUST02571,137,11,10909.3,4,Lost Customers,-0.30024322042666257,0.34726444686927627
CUST02572,22,9,14501.77,2,Potential Loyalists,0.17540603618600156,-0.6954759555988719
CUST02573,94,6,4429.62,1,Low Spenders,-1.8943631396618894,-0.8032671413628364
CUST02574,121,4,7713.52,1,Low Spenders,-2.048739680568832,-0.4796656480483885
CUST02575,40,11,10426.56,2,Potential Loyalists,0.051228488107136705,-0.6277172373617271
CUST02576,52,11,17990.57,2,Potential Loyalists,0.8614653714870303,-0.05658349238610604
CUST02577,9,9,13583.06,2,Potential Loyalists,0.1253545791742115,-0.8774139750311052
CUST02578,3,11,11902.45,2,Potential Loyalists,0.3741464165062046,-0.8999582589504086
CUST02579,40,6,6822.45,1,Low Spenders,-1.395907445375939,-1.1862538957089364
CUST02580,568,4,9279.87,3,Lost Customers,-3.7432917560347603,3.973774251118689
CUST02581,8,14,18784.02,0,Champions,1.7583441278250174,-0.23276355710265448
CUST02582,107,4,1864.9,1,Low Spenders,-2.6554477764651554,-0.9673217081872115
CUST02583,157,8,18236.72,4,Lost Customers,-0.17270927300412725,0.7769161668450312
CUST02584,62,5,4987.55,1,Low Spenders,-1.9042475484486894,-1.150287691763085
CUST02585,33,16,20696.61,0,Champions,2.286035470922282,0.26273876368760984
CUST02586,368,3,7253.51,3,Lost Customers,-3.343324346070817,1.8331727873046102
CUST02587,682,2,592.94,3,Lost Customers,-5.624011917889915,4.427185790491122
CUST02588,44,14,19032.09,0,Champions,1.6357403552589687,0.13322222936462638
CUST02589,14,12,16468.76,2,Potential Loyalists,1.0549661790288647,-0.4501099594987871
CUST02590,116,10,14221.49,4,Lost Customers,-0.04287750377764843,0.2728733651667474
CUST02591,199,12,23391.36,0,Champions,1.0674347985550439,1.769713819777191
CUST02592,31,8,5270.06,1,Low Spenders,-1.1199600222370667,-1.2303582849458212
CUST02593,122,9,9569.24,1,Low Spenders,-0.8046971571745617,-0.016340401259146643
CUST02594,8,13,15663.3,2,Potential Loyalists,1.195894971011603,-0.4885479429072514
CUST02595,17,13,16656.78,2,Potential Loyalists,1.2712109176462059,-0.34113146425683355
CUST02596,30,10,7023.96,1,Low Spenders,-0.5013925715990596,-0.9979500226657297
CUST02597,153,19,24771.04,0,Champions,2.8690789982861946,1.8829548257100155
CUST02598,30,8,11813.84,1,Low Spenders,-0.3713239160510114,-0.8472572778178832
CUST02599,347,5,7511.96,3,Lost Customers,-2.811093472302028,1.780750560667742
CUST02600,77,11,17850.95,2,Potential Loyalists,0.7408419173704134,0.17884904445803002
CUST02601,53,5,9777.13,1,Low Spenders,-1.3216595197878191,-0.9505201448062273
CUST02602,65,8,13771.88,2,Potential Loyalists,-0.2952050909927372,-0.38836661132850525
CUST02603,7,6,10667.07,1,Low Spenders,-0.8202716990264465,-1.277278691250324
CUST02604,49,11,15017.65,2,Potential Loyalists,0.5358228998731317,-0.26431947503709674
CUST02605,146,10,13575.0,4,Lost Customers,-0.24211245628172715,0.5266390503745295
CUST02606,65,16,28190.41,0,Champions,3.0044932038642056,1.0247091359338838
CUST02607,72,10,11108.22,2,Potential Loyalists,-0.212713600721179,-0.3431443858014466
CUST02608,136,9,18597.8,4,Lost Customers,0.16377359849030806,0.6622222672132575
CUST02609,150,11,11097.45,4,Lost Customers,-0.33330318335377346,0.485343547018699
CUST02610,21,13,16769.82,2,Potential Loyalists,1.267312442832204,-0.29533481447575094
CUST02611,109,5,7646.66,1,Low Spenders,-1.7986472719469562,-0.5322775316980711
CUST02612,24,12,13876.65,2,Potential Loyalists,0.7181815146442126,-0.5082005649128795
CUST02613,26,17,25109.73,0,Champions,3.0248403306232814,0.5278438594701845
CUST02614,5,9,18444.33,2,Potential Loyalists,0.6951504030304207,-0.6245796283469034
CUST02615,177,11,15678.57,4,Lost Customers,0.07474439875847819,1.0236892583170962
CUST02616,31,6,5388.3,1,Low Spenders,-1.52135576912464,-1.360125846819325
CUST02617,37,7,10528.91,1,Low Spenders,-0.7542534024237822,-0.9245625587853906
CUST02618,123,13,24855.46,0,Champions,1.7598290224827529,1.1848472813582764
CUST02619,7,11,12197.7,2,Potential Loyalists,0.3909768781615784,-0.843222694251289
CUST02620,115,14,22330.31,0,Champions,1.713498197979887,1.023663131973539
CUST02621,5,11,21602.75,0,Champions,1.4693120627205012,-0.29809890607970896
CUST02622,19,10,17735.41,2,Potential Loyalists,0.7632701897717666,-0.4621702053695036
CUST02623,387,5,5207.15,3,Lost Customers,-3.2408814137298165,2.032485403160041
CUST02624,23,10,12888.43,2,Potential Loyalists,0.19510005332100944,-0.714146656799994
CUST02625,3,7,9631.24,1,Low Spenders,-0.7139298953079574,-1.3100416926189993
CUST02626,124,13,16172.86,2,Potential Loyalists,0.7678722209483071,0.6733429483700927
CUST02627,129,8,9425.74,1,Low Spenders,-1.0577730133720424,-0.02512032327327766
CUST02628,23,12,13415.19,2,Potential Loyalists,0.6698735732328261,-0.5456567409276223
CUST02629,93,10,13322.0,2,Potential Loyalists,-0.04884652653865508,-0.0054366184330171445
CUST02630,110,10,8122.32,1,Low Spenders,-0.7116058794671623,-0.15180371414863944
CUST02631,29,13,17038.0,2,Potential Loyalists,1.2643049571488834,-0.20121405583862056
CUST02632,51,7,5891.13,1,Low Spenders,-1.3405200027157138,-1.0664539296135878
CUST02633,46,6,6319.94,1,Low Spenders,-1.4782125218084197,-1.1579064132109855
CUST02634,11,7,7825.15,1,Low Spenders,-0.9529146108377853,-1.34044902270936
CUST02635,37,23,31271.9,0,Champions,4.924329495348497,1.4156642166206026
CUST02636,11,10,15644.75,2,Potential Loyalists,0.5589450804454393,-0.6657029263567994
CUST02637,83,9,20256.98,2,Potential Loyalists,0.574576753072911,0.2449436695213003
CUST02638,57,9,13580.52,2,Potential Loyalists,-0.076034655175838,-0.40944247770701364
CUST02639,136,8,15169.95,4,Lost Customers,-0.4336158923214562,0.3879994370928897
CUST02640,304,3,3850.04,3,Lost Customers,-3.4623829719184975,1.004681318205714
CUST02641,31,7,8539.01,1,Low Spenders,-0.9554948302755716,-1.1025410216404241
CUST02642,28,6,9266.12,1,Low Spenders,-1.0676307294701597,-1.1565800008901543
CUST02643,17,11,12288.68,2,Potential Loyalists,0.3594312355189681,-0.7402349108424008
CUST02644,11,11,16474.1,2,Potential Loyalists,0.8607188453603103,-0.547480153393111
CUST02645,88,10,8919.87,1,Low Spenders,-0.5287024510597363,-0.3184798997895971
CUST02646,8,9,9771.24,1,Low Spenders,-0.30410368104260727,-1.116007865687161
CUST02647,0,11,14259.93,2,Potential Loyalists,0.6549115128433545,-0.7876855039958717
CUST02648,93,11,13156.71,2,Potential Loyalists,0.13977302417337353,0.05307328293154901
CUST02649,5,10,10960.99,2,Potential Loyalists,0.05123939268808721,-1.0054063512946085
CUST02650,32,14,21218.1,0,Champions,1.9347046417113736,0.1474275943673645
CUST02651,80,10,21413.85,2,Potential Loyalists,0.9261792668392068,0.353571244379771
CUST02652,194,13,17581.98,4,Lost Customers,0.6349081007379457,1.44061979672714
CUST02653,221,9,10342.9,4,Lost Customers,-1.1314518240504274,0.995611731548188
CUST02654,161,10,8414.76,4,Lost Customers,-0.8920057794010529,0.3631345554888797
CUST02655,21,11,15405.28,2,Potential Loyalists,0.6972297280610843,-0.5141205655933498
CUST02656,76,7,13353.17,1,Low Spenders,-0.5963482908052468,-0.37465833928257747
CUST02657,11,10,14351.58,2,Potential Loyalists,0.41182890255123683,-0.7433379442183745
CUST02658,104,11,11624.1,2,Potential Loyalists,-0.08066828270777,0.06834198002132046
CUST02659,40,16,21236.2,0,Champions,2.318094258581493,0.36340094565131564
CUST02660,18,5,5874.47,1,Low Spenders,-1.6190060734947815,-1.5261554066960368
CUST02661,144,9,13176.27,4,Lost Customers,-0.48651799409807805,0.41476323550790967
CUST02662,72,8,15388.81,2,Potential Loyalists,-0.14058380722509495,-0.22302669160179128
CUST02663,692,2,387.74,3,Lost Customers,-5.689252178849301,4.51239250908236
CUST02664,2,8,15958.41,2,Potential Loyalists,0.21748739366515898,-0.8715117627423429
CUST02665,89,10,15107.7,2,Potential Loyalists,0.17106018510023327,0.06275693710653642
CUST02666,5,14,15550.3,2,Potential Loyalists,1.4030320078317036,-0.4561565783938077
CUST02667,191,9,16353.69,4,Lost Customers,-0.3219527043619329,1.0638899588305253
CUST02668,106,17,22496.66,0,Champions,2.392399940374765,1.151175739612053
CUST02669,91,11,9710.5,2,Potential Loyalists,-0.24390239491969862,-0.17332391967437594
CUST02670,51,13,17293.75,2,Potential Loyalists,1.2012291385498848,0.028696634402348955
CUST02671,8,15,24862.6,0,Champions,2.657291237688801,0.20059494032844058
CUST02672,73,8,7904.8,1,Low Spenders,-0.9961842289624436,-0.6625740846217534
CUST02673,11,7,12640.85,1,Low Spenders,-0.4050613681201907,-1.0513401232483552
CUST02674,19,9,8346.09,1,Low Spenders,-0.5123199096459444,-1.0942878443172064
CUST02675,17,3,8011.53,1,Low Spenders,-1.786543214698284,-1.544476384621009
CUST02676,35,13,21794.21,0,Champions,1.7802528459226794,0.1428388800251079
CUST02677,290,6,4690.68,3,Lost Customers,-2.6858233640668265,1.1239117798162255
CUST02678,285,7,11968.7,3,Lost Customers,-1.6294752298258133,1.5805153315332807
CUST02679,211,5,6952.07,3,Lost Customers,-2.305004683057107,0.4207864645212591
CUST02680,103,10,10287.1,2,Potential Loyalists,-0.436004747694477,-0.09010996978068883
CUST02681,124,13,12693.26,2,Potential Loyalists,0.37201904418062187,0.46444635461123895
CUST02682,29,17,26900.75,0,Champions,3.2160251434195786,0.6646248805843352
CUST02683,12,9,19308.64,2,Potential Loyalists,0.7641506332577434,-0.5044229924444189
CUST02684,83,9,5353.28,1,Low Spenders,-1.120927612541685,-0.6497948534134703
CUST02685,58,10,11296.12,2,Potential Loyalists,-0.13268310062323113,-0.46840003607787273
CUST02686,2,14,18162.38,0,Champions,1.7127614158153228,-0.32859899967475636
CUST02687,26,7,10763.66,1,Low Spenders,-0.6814618265461182,-1.0177478362797676
CUST02688,21,13,18920.27,0,Champions,1.5119562133748148,-0.1662332855503782
CUST02689,52,6,7411.92,1,Low Spenders,-1.379122055125512,-1.033834269894965
CUST02690,91,10,16433.52,2,Potential Loyalists,0.31351157916559197,0.161857252587408
CUST02691,14,8,10739.41,1,Low Spenders,-0.42652193434507485,-1.0678016431792303
CUST02692,30,9,11535.7,2,Potential Loyalists,-0.19554263151849563,-0.7955222875366847
CUST02693,1,12,16309.49,2,Potential Loyalists,1.091311645963635,-0.5864552587435783
CUST02694,43,15,15627.94,0,Champions,1.4600838609975437,-0.012464302644396113
CUST02695,71,6,7120.74,1,Low Spenders,-1.4918500452157981,-0.8660160838899266
CUST02696,199,10,11236.74,4,Lost Customers,-0.730170460639994,0.9031493129447018
CUST02697,220,4,4550.52,3,Lost Customers,-2.823344493109221,0.2959504505059492
CUST02698,50,13,13352.58,2,Potential Loyalists,0.7570555063320025,-0.21766273918355755
CUST02699,86,12,14223.45,2,Potential Loyalists,0.4978803457458969,0.1172796020091139
CUST02700,209,10,19722.33,4,Lost Customers,0.19328821796862525,1.5101046313961268
CUST02701,130,7,4759.75,1,Low Spenders,-1.8002078387910307,-0.3639218810323536
CUST02702,74,10,13738.23,2,Potential Loyalists,0.07810765039919969,-0.1657474705348642
CUST02703,313,3,3375.12,3,Lost Customers,-3.554118067002962,1.0639429059849101
CUST02704,128,8,14835.19,4,Lost Customers,-0.4381828130380644,0.2898815709685584
CUST02705,13,8,12696.23,2,Potential Loyalists,-0.19971669599046607,-0.9600772079871792
CUST02706,5,11,19962.72,2,Potential Loyalists,1.2827357075376333,-0.3965575451940706
CUST02707,71,9,12548.35,2,Potential Loyalists,-0.2521126784228987,-0.3348722876020978
CUST02708,126,13,18263.94,0,Champions,0.9973826453772817,0.8183853857442565
CUST02709,35,9,10825.01,2,Potential Loyalists,-0.29734150618161825,-0.7894254030366807
CUST02710,237,8,14361.59,4,Lost Customers,-0.9487266434433055,1.3244807073158746
CUST02711,149,8,12381.91,4,Lost Customers,-0.8052591022206955,0.347403990346358
CUST02712,46,11,12574.95,2,Potential Loyalists,0.27050037060483684,-0.44022388166129717
CUST02713,148,10,12022.13,4,Lost Customers,-0.42715232024297145,0.4529181980522987
CUST02714,22,7,9136.3,1,Low Spenders,-0.8498384358345537,-1.1544561683981616
CUST02715,100,9,5720.05,1,Low Spenders,-1.150425407872054,-0.46198203065312654
CUST02716,99,9,18280.67,2,Potential Loyalists,0.282710419001114,0.28233790428031236
CUST02717,64,8,9637.09,1,Low Spenders,-0.7614057067965945,-0.6463498952729556
CUST02718,55,8,11723.02,1,Low Spenders,-0.48639568749540657,-0.608895049694453
CUST02719,23,9,18287.87,2,Potential Loyalists,0.6019382866009851,-0.4584261563301816
CUST02720,303,9,12387.96,4,Lost Customers,-1.2423439414329405,1.9180980162468462
CUST02721,79,11,16287.86,2,Potential Loyalists,0.5546393854396997,0.10451463793755367
CUST02722,9,13,16801.36,2,Potential Loyalists,1.3211756275054751,-0.4104723177209829
CUST02723,30,8,12508.57,1,Low Spenders,-0.2922886598446044,-0.805549400308374
CUST02724,19,11,10049.64,2,Potential Loyalists,0.09632993509873927,-0.8551497440071172
CUST02725,19,11,16030.11,2,Potential Loyalists,0.7766920594991986,-0.4961142766898932
CUST02726,20,8,8385.42,1,Low Spenders,-0.7194587614735648,-1.1506071280949597
CUST02727,72,11,21786.07,0,Champions,1.209464811680917,0.36632971019766875
CUST02728,5,15,24696.56,0,Champions,2.6509706320381397,0.1613690367353449
CUST02729,64,12,13446.58,2,Potential Loyalists,0.5016714743008742,-0.14391634887664634
CUST02730,57,10,9679.63,2,Potential Loyalists,-0.3123918624628222,-0.5751980423861233
CUST02731,17,8,6891.21,1,Low Spenders,-0.8768772846398993,-1.2695692625573212
CUST02732,121,10,7092.53,1,Low Spenders,-0.874844377306368,-0.10634839064381268
CUST02733,115,11,13231.82,2,Potential Loyalists,0.05614687856801944,0.27213931266654107
CUST02734,34,11,17178.42,2,Potential Loyalists,0.8444845503521052,-0.2808871338708023
CUST02735,2,14,19522.45,0,Champions,1.8674884045859932,-0.24694766323562428
CUST02736,215,9,17276.77,4,Lost Customers,-0.31748957813392,1.3533687430256773
CUST02737,73,17,22483.46,0,Champions,2.5291546939670693,0.8285480422041346
CUST02738,39,11,18610.43,2,Potential Loyalists,0.986447775315411,-0.14615398903998567
CUST02739,204,15,13893.55,4,Lost Customers,0.5882489006989262,1.4535780555133535
CUST02740,69,12,20507.34,0,Champions,1.2839837533885354,0.32873687358382536
CUST02741,234,10,12339.03,4,Lost Customers,-0.751405169326675,1.3106653213960466
CUST02742,37,11,16584.74,2,Potential Loyalists,0.764376378139235,-0.28727076016921005
CUST02743,173,7,8603.54,1,Low Spenders,-1.5430752834303016,0.2861998048041526
CUST02744,119,13,19312.69,0,Champions,1.1460197522999727,0.8130786514558404
CUST02745,20,15,16063.76,0,Champions,1.6060250306349904,-0.21060940792132618
CUST02746,0,14,21718.85,0,Champions,2.125738808507379,-0.13459270786084887
CUST02747,175,10,24233.54,4,Lost Customers,0.8489474909067275,1.4493457550778615
CUST02748,122,8,10666.99,1,Low Spenders,-0.8872363385312635,-0.01887038601939603
CUST02749,58,7,6812.09,1,Low Spenders,-1.2650750425010677,-0.9428963303715127
CUST02750,65,9,8126.29,1,Low Spenders,-0.7300463302105696,-0.6588646427081183
CUST02751,17,8,12215.02,1,Low Spenders,-0.2712194213775789,-0.9499561533438129
CUST02752,7,7,11383.61,1,Low Spenders,-0.5313316497315208,-1.1658284279837088
CUST02753,159,11,10361.18,4,Lost Customers,-0.4547704970117052,0.5289150770961839
CUST02754,128,7,3953.81,1,Low Spenders,-1.8835156101589576,-0.4318113788435641
CUST02755,26,16,29657.27,0,Champions,3.3347630215166637,0.7324208353328102
CUST02756,91,12,17597.97,2,Potential Loyalists,0.8608312573407105,0.36863066911332715
CUST02757,70,10,5421.22,1,Low Spenders,-0.8513102291398235,-0.7040666482788804
CUST02758,198,12,14532.37,4,Lost Customers,0.06379034504400798,1.2281148075204127
CUST02759,43,12,15280.28,2,Potential Loyalists,0.7982618710643414,-0.23863504126315677
CUST02760,10,14,15859.67,2,Potential Loyalists,1.4172792279765032,-0.38882074130452443
CUST02761,144,8,6545.09,1,Low Spenders,-1.4483310843854227,-0.05177041358175043
CUST02762,172,8,16190.98,4,Lost Customers,-0.4682846518071651,0.8003896123151548
CUST02763,91,6,11051.27,1,Low Spenders,-1.128489053562278,-0.43499640152248176
CUST02764,81,9,13965.99,2,Potential Loyalists,-0.13273218717350496,-0.1522389256565616
CUST02765,16,12,16143.86,2,Potential Loyalists,1.0096250808669696,-0.4501100536194832
CUST02766,253,9,12477.58,4,Lost Customers,-1.022668960828942,1.435849170829481
CUST02767,171,9,10006.92,4,Lost Customers,-0.9601947972435113,0.4878121359573064
CUST02768,250,11,11015.55,4,Lost Customers,-0.7615793578545148,1.4556850114011037
CUST02769,52,14,15126.2,2,Potential Loyalists,1.1578740152387441,-0.023245874255691988
CUST02770,39,10,13756.38,2,Potential Loyalists,0.22680808312818013,-0.5059982474908736
CUST02771,31,10,13433.07,2,Potential Loyalists,0.22354376008773877,-0.6034287167884032
CUST02772,186,15,20611.62,0,Champions,1.4279359462037182,1.6813485915935487
CUST02773,140,10,7815.16,4,Lost Customers,-0.8722372975211379,0.12233353134198897
CUST02774,1,17,22741.66,0,Champions,2.8601789667008837,0.14186301270446577
CUST02775,25,6,9931.48,1,Low Spenders,-0.9793679545125176,-1.1458930903519964
CUST02776,72,6,9230.11,1,Low Spenders,-1.256069288386767,-0.7296281956608047
CUST02777,31,5,10368.31,1,Low Spenders,-1.1622335658284755,-1.1295856826871018
CUST02778,509,4,2720.85,3,Lost Customers,-4.242286283144093,3.0046033341203047
CUST02779,397,5,9052.55,3,Lost Customers,-2.8453092600969545,2.3608685048641687
CUST02780,33,9,13524.29,2,Potential Loyalists,0.018118532621056612,-0.6468802191674081
CUST02781,49,10,12473.78,2,Potential Loyalists,0.03899850022101176,-0.48547286874208595
CUST02782,26,9,15236.79,2,Potential Loyalists,0.24226648736520717,-0.6123389496314078
CUST02783,14,12,12147.76,2,Potential Loyalists,0.5633919817610271,-0.7095197139625206
CUST02784,166,15,19829.73,0,Champions,1.4227768014572577,1.4393564327842363
CUST02785,199,7,7688.0,4,Lost Customers,-1.7561600810731106,0.4848028333357149
CUST02786,4,13,18146.83,0,Champions,1.4951896072233717,-0.3784604024203645
CUST02787,46,9,11204.59,2,Potential Loyalists,-0.30024445058333904,-0.6593590344847464
CUST02788,56,9,12925.76,2,Potential Loyalists,-0.14633317569666068,-0.45850335298994443
CUST02789,79,8,12169.31,1,Low Spenders,-0.5361740936708496,-0.3480401897832084
CUST02790,24,10,20502.36,2,Potential Loyalists,1.057101514457527,-0.24729439503907663
CUST02791,64,13,14993.42,2,Potential Loyalists,0.885069763816,0.01738069039812397
CUST02792,162,10,16738.97,4,Lost Customers,0.05079996797369658,0.8726282336812944
CUST02793,26,5,3399.97,1,Low Spenders,-1.9340317770356708,-1.5966905021141233
CUST02794,8,15,24303.9,0,Champions,2.5937312969312125,0.167053577259964
CUST02795,111,15,17065.0,0,Champions,1.3386774847207379,0.7369847479829539
CUST02796,200,7,11705.88,4,Lost Customers,-1.3032596132448568,0.7357674654879052
CUST02797,163,7,11167.52,4,Lost Customers,-1.2094908000614202,0.3426016353066354
CUST02798,56,8,9585.21,1,Low Spenders,-0.7337910702525857,-0.7274851575225586
CUST02799,71,12,15234.18,2,Potential Loyalists,0.6757088581026988,0.03166968582214018
CUST02800,106,7,13659.86,1,Low Spenders,-0.687145684098088,-0.06366881936992581
CUST02801,88,6,4103.17,1,Low Spenders,-1.9063638597041013,-0.8813809534280765
CUST02802,49,9,14867.31,2,Potential Loyalists,0.10387242077028502,-0.410211145185044
CUST02803,20,12,11899.94,2,Potential Loyalists,0.5100614557340418,-0.6658820045808925
CUST02804,37,6,5010.1,1,Low Spenders,-1.5895188440615493,-1.324315456064631
CUST02805,14,13,21769.27,0,Champions,1.865396941827574,-0.06346262792179903
CUST02806,32,10,12094.01,2,Potential Loyalists,0.06701736369197735,-0.6740661420481434
CUST02807,97,8,10898.78,1,Low Spenders,-0.7561272575314766,-0.24876952849442238
CUST02808,52,9,16885.18,2,Potential Loyalists,0.3208645945131704,-0.2598112620481908
CUST02809,5,17,20820.07,0,Champions,2.6248128665716632,0.06551134757591044
CUST02810,33,7,6298.09,1,Low Spenders,-1.2188100069954677,-1.2175687199609821
CUST02811,63,9,15444.38,2,Potential Loyalists,0.11086795947908983,-0.23903078306596048
CUST02812,27,11,17079.92,2,Potential Loyalists,0.8626059206824502,-0.3550686288184451
CUST02813,23,6,8919.14,1,Low Spenders,-1.0861566132482021,-1.2261737414428446
CUST02814,227,8,9149.05,4,Lost Customers,-1.499830097250375,0.9140218241450612
CUST02815,45,14,17914.21,0,Champions,1.5043762779911176,0.0758632696203429
CUST02816,156,14,16460.72,0,Champions,0.8739770741477811,1.071140211621043
CUST02817,15,5,3297.97,1,Low Spenders,-1.8995502245160127,-1.7100924504753514
CUST02818,9,9,14491.35,2,Potential Loyalists,0.22868527291094015,-0.8228850960952421
CUST02819,37,8,8292.56,1,Low Spenders,-0.8012458991529772,-0.9903880348981814
CUST02820,89,11,19697.09,2,Potential Loyalists,0.9005910999097952,0.4067124231398423
CUST02821,94,10,9640.84,1,Low Spenders,-0.47181956200430836,-0.21668121470166968
CUST02822,166,6,13018.22,4,Lost Customers,-1.2189401528749666,0.4145324948921569
CUST02823,2,7,11126.62,1,Low Spenders,-0.5396199121228165,-1.2300196497203395
CUST02824,53,10,13379.4,2,Potential Loyalists,0.1252670879551566,-0.392093950228565
CUST02825,40,9,15562.04,2,Potential Loyalists,0.22061397831747717,-0.4562765149293706
CUST02826,123,15,24665.69,0,Champions,2.153087231223932,1.3103205641906346
CUST02827,111,7,3782.86,1,Low Spenders,-1.8317405504664066,-0.6078682149991662
CUST02828,96,6,8881.63,1,Low Spenders,-1.3962639002466717,-0.5164870803816226
CUST02829,123,8,7873.85,1,Low Spenders,-1.2091846763209653,-0.17680300585692502
CUST02830,155,7,6494.54,1,Low Spenders,-1.7075909339396294,-0.015959782081212993
CUST02831,213,9,16058.1,4,Lost Customers,-0.44775116075811955,1.260701141081207
CUST02832,45,12,21096.94,0,Champions,1.4516091383206966,0.13007131488790974
CUST02833,190,8,17200.91,4,Lost Customers,-0.428803588891256,1.0365669083330233
CUST02834,31,10,11155.31,2,Potential Loyalists,-0.0355833039179983,-0.7401732579426067
CUST02835,29,10,14950.96,2,Potential Loyalists,0.4046041597072961,-0.5318078767807157
CUST02836,263,8,12762.02,4,Lost Customers,-1.2396294226082432,1.4820182291717072
CUST02837,18,14,24121.04,0,Champions,2.32360892300582,0.18516844021665352
CUST02838,177,10,17092.74,4,Lost Customers,0.028202418859654268,1.0401554398395165
CUST02839,119,14,14056.79,2,Potential Loyalists,0.7555112020275936,0.5659755257038536
CUST02840,77,10,7417.27,1,Low Spenders,-0.6535587417924121,-0.5159663892528628
CUST02841,151,6,11166.95,1,Low Spenders,-1.3667041775652717,0.1571033893334626
CUST02842,38,10,15049.1,2,Potential Loyalists,0.37806265626511465,-0.4381428282533154
CUST02843,22,11,16792.03,2,Potential Loyalists,0.8508023510253422,-0.42111492146757995
CUST02844,96,11,13137.64,2,Potential Loyalists,0.12503477778602304,0.08118617110025654
CUST02845,74,8,15040.97,2,Potential Loyalists,-0.1885346512988913,-0.22440398076238513
CUST02846,89,9,13425.84,2,Potential Loyalists,-0.22769851823463425,-0.10664598160533027
CUST02847,60,12,9025.27,2,Potential Loyalists,0.01544396742936207,-0.4483585119332368
CUST02848,102,9,10976.22,1,Low Spenders,-0.5608417189139288,-0.12692449960721577
CUST02849,221,5,7604.69,3,Lost Customers,-2.2726559188139253,0.5574921128912699
CUST02850,139,14,18561.55,0,Champions,1.1841988891907436,1.0314689093686158
CUST02851,154,7,11206.56,4,Lost Customers,-1.1673431525828577,0.2571721410762346
CUST02852,4,8,9753.86,1,Low Spenders,-0.4967461435075767,-1.2244946300249668
CUST02853,28,12,19302.78,0,Champions,1.3187213531284692,-0.14343437744521545
CUST02854,160,10,14925.66,4,Lost Customers,-0.14711023317939614,0.7442616230827358
CUST02855,1,3,1555.83,1,Low Spenders,-2.4539359750732306,-2.0880834506079187
CUST02856,3,7,7972.22,1,Low Spenders,-0.9026666286454459,-1.4096403898766765
CUST02857,100,6,8511.89,1,Low Spenders,-1.4550853537593467,-0.49967396248204904
CUST02858,164,10,13493.48,4,Lost Customers,-0.3267990993616481,0.6972915196140036
CUST02859,26,11,10252.1,2,Potential Loyalists,0.0900354690840538,-0.7747270460800598
CUST02860,119,9,15618.83,4,Lost Customers,-0.10390289872804893,0.3175869124903671
CUST02861,103,10,13748.52,2,Potential Loyalists,-0.04221980025017288,0.11769519390731306
CUST02862,285,10,21301.34,4,Lost Customers,0.05451392765369181,2.346096265861728
CUST02863,62,12,14272.78,2,Potential Loyalists,0.6040424602411466,-0.11382088102008595
CUST02864,203,8,6514.13,4,Lost Customers,-1.6990389707246214,0.5217733120903402
CUST02865,104,7,10743.51,1,Low Spenders,-1.0105421158816632,-0.2582560584257111
CUST02866,28,7,8025.06,1,Low Spenders,-1.001395065403542,-1.1626535828765372
CUST02867,114,13,15409.87,2,Potential Loyalists,0.7229673252187906,0.5300112748669732
CUST02868,11,12,13202.41,2,Potential Loyalists,0.6959419400684488,-0.6754619116596814
CUST02869,39,13,17377.17,2,Potential Loyalists,1.2609943989820669,-0.0833262708189124
CUST02870,154,10,12708.13,4,Lost Customers,-0.37424775788933834,0.5526174711722567
CUST02871,20,11,14676.88,2,Potential Loyalists,0.6185536273766873,-0.5676023930444614
CUST02872,51,7,7757.31,1,Low Spenders,-1.1282159213786869,-0.9544184527366774
CUST02873,59,5,3090.52,1,Low Spenders,-2.1074924817384746,-1.2934329869042434
CUST02874,130,7,6609.96,1,Low Spenders,-1.5897205683612863,-0.25284515763352367
CUST02875,229,9,10428.36,4,Lost Customers,-1.1552462658376081,1.0787629575920268
CUST02876,60,10,8267.23,1,Low Spenders,-0.4856408879011322,-0.6307332433604276
CUST02877,3,18,25486.56,0,Champions,3.371494163023109,0.3945903396354637
CUST02878,5,8,11593.0,1,Low Spenders,-0.2917078294759738,-1.1043299072549368
CUST02879,27,14,14099.92,2,Potential Loyalists,1.1458600343647172,-0.3286728181188668
CUST02880,21,13,21648.63,0,Champions,1.822345330907256,-0.002437127788593418
CUST02881,10,11,10040.31,2,Potential Loyalists,0.13297481842042944,-0.9434831146141461
CUST02882,349,6,14227.67,3,Lost Customers,-1.8480430900846163,2.2718641054006694
CUST02883,53,8,15057.45,2,Potential Loyalists,-0.09867845096195942,-0.4282188532013338
CUST02884,49,8,12933.27,2,Potential Loyalists,-0.32357528535722363,-0.5947536037906075
CUST02885,212,9,10471.71,4,Lost Customers,-1.079091583262739,0.9155715485092268
CUST02886,65,12,14889.61,2,Potential Loyalists,0.661646734576457,-0.047531954234510065
CUST02887,29,16,32530.91,0,Champions,3.649111004284288,0.9341965772008433
CUST02888,74,11,12093.75,2,Potential Loyalists,0.09844864594885569,-0.19604023399446133
CUST02889,10,18,22396.67,0,Champions,2.9906488272156055,0.27735793339481124
CUST02890,106,7,7903.25,1,Low Spenders,-1.3420406018796216,-0.40926492828996114
CUST02891,92,8,9079.01,1,Low Spenders,-0.9422036069411085,-0.4067817120641553
CUST02892,78,12,13264.67,2,Potential Loyalists,0.42232242049814395,-0.018301091002618265
CUST02893,54,6,2427.84,1,Low Spenders,-1.954510056417785,-1.3135466389062738
CUST02894,116,14,18718.63,0,Champions,1.2984294844827986,0.8165897436984388
CUST02895,79,6,9713.89,1,Low Spenders,-1.230359668963964,-0.6323165479245051
CUST02896,55,12,19417.48,0,Champions,1.2186511786656193,0.12677133951578134
CUST02897,62,10,9099.32,1,Low Spenders,-0.3993581882160209,-0.5612738392591854
CUST02898,31,10,10957.27,2,Potential Loyalists,-0.0581131243361705,-0.7520625214866931
CUST02899,144,9,11002.08,4,Lost Customers,-0.7338625217439378,0.2842364838167491
CUST02900,4,16,21947.02,0,Champions,2.5497851827370246,0.05498179178244453
CUST02901,59,14,19424.74,0,Champions,1.6175659500444346,0.30308358300110594
CUST02902,48,12,16059.3,2,Potential Loyalists,0.8659383487298162,-0.1431039273435352
CUST02903,79,10,12328.38,2,Potential Loyalists,-0.10323045494241899,-0.20162441707648587
CUST02904,13,9,8737.59,1,Low Spenders,-0.4426437736528765,-1.129299774128978
CUST02905,291,5,5999.04,3,Lost Customers,-2.748592300699167,1.1437782772713143
CUST02906,27,11,15722.99,2,Potential Loyalists,0.7082361508378202,-0.43653145643345864
CUST02907,22,12,7107.36,2,Potential Loyalists,-0.043540741629328215,-0.9340977367072663
CUST02908,68,9,13019.46,2,Potential Loyalists,-0.18594855836441818,-0.3358471092566221
CUST02909,14,9,15416.32,2,Potential Loyalists,0.3129656047979473,-0.718591923933551
CUST02910,45,7,10972.67,1,Low Spenders,-0.7372862068860228,-0.8199009150085373
CUST02911,6,10,15077.53,2,Potential Loyalists,0.5153638156893207,-0.7485186998470253
CUST02912,65,7,6084.01,1,Low Spenders,-1.3772314510118455,-0.9183382825066362
CUST02913,37,15,18970.04,0,Champions,1.865432023479499,0.129662027557878
CUST02914,67,8,9970.95,1,Low Spenders,-0.7359932284809276,-0.5970489754812707
CUST02915,195,13,15792.7,4,Lost Customers,0.4271628811313707,1.3429535680296167
CUST02916,210,7,6966.13,4,Lost Customers,-1.88436837136251,0.548744028535629
CUST02917,11,9,8439.68,1,Low Spenders,-0.4681560255952121,-1.166689864960274
CUST02918,96,10,15164.55,2,Potential Loyalists,0.14820054462033816,0.1344379885750274
CUST02919,62,9,11264.4,2,Potential Loyalists,-0.3604736509960319,-0.49972703317662603
CUST02920,40,10,18086.93,2,Potential Loyalists,0.7152791374548683,-0.23626257902112321
CUST02921,223,9,14047.77,4,Lost Customers,-0.7183502115147959,1.2375374986275196
CUST02922,299,9,13294.7,4,Lost Customers,-1.1224312257279885,1.9335235093509817
CUST02923,71,14,23582.08,0,Champions,2.040246464387896,0.6696990617793267
CUST02924,68,11,17739.8,2,Potential Loyalists,0.7659033513132996,0.08440294503834243
CUST02925,29,7,9158.33,1,Low Spenders,-0.8766593384178658,-1.0848655236990354
CUST02926,20,13,15325.49,2,Potential Loyalists,1.107189289370681,-0.3917972541724585
CUST02927,26,12,12745.27,2,Potential Loyalists,0.5810920344845008,-0.5566174095033537
CUST02928,8,17,21312.77,0,Champions,2.668295616929455,0.12434817234306864
CUST02929,49,5,8700.16,1,Low Spenders,-1.427421567068792,-1.0541860018588274
CUST02930,27,19,29790.71,0,Champions,3.9680249006488175,0.9554835326795617
CUST02931,14,10,8413.1,1,Low Spenders,-0.2763250390569446,-1.0705948071883313
CUST02932,34,7,5507.53,1,Low Spenders,-1.3129368553233263,-1.2552771356573438
CUST02933,63,14,17099.74,0,Champions,1.3363063190381441,0.20251333674590985
CUST02934,90,11,12263.64,2,Potential Loyalists,0.05074258546563376,-0.029799617603867536
CUST02935,39,9,13160.62,2,Potential Loyalists,-0.04839155155299624,-0.6101975248412357
CUST02936,211,3,5019.37,3,Lost Customers,-2.9397235459235045,0.1678914224765334
CUST02937,100,11,13349.7,2,Potential Loyalists,0.13240121318110742,0.1329274526533826
CUST02938,26,12,18117.16,2,Potential Loyalists,1.19221967034683,-0.23411783396385244
CUST02939,34,8,10460.91,1,Low Spenders,-0.5419969860903622,-0.8894696346906303
CUST02940,36,8,9810.9,1,Low Spenders,-0.6243238947761517,-0.9089875962664768
CUST02941,10,15,20128.69,0,Champions,2.110363573570907,-0.0640985584504703
CUST02942,121,10,18321.44,4,Lost Customers,0.40260121849154773,0.5677753737615011
CUST02943,78,10,12591.87,2,Potential Loyalists,-0.06906519239423153,-0.19555846823622203
CUST02944,139,8,8392.74,1,Low Spenders,-1.2171871045786664,0.01038970595321122
CUST02945,16,12,14939.54,2,Potential Loyalists,0.8726168334118428,-0.5224109921743927
CUST02946,104,11,11820.26,2,Potential Loyalists,-0.05835233858926527,0.08011837840956529
CUST02947,412,2,1808.16,3,Lost Customers,-4.354574602729123,1.8669436891962017
CUST02948,238,6,3080.5,3,Lost Customers,-2.6511452342035455,0.5201108577575287
CUST02949,4,11,14253.56,2,Potential Loyalists,0.6374284800807869,-0.7490575926504554
CUST02950,84,14,18855.85,0,Champions,1.4481070282904265,0.5127450424792045
CUST02951,119,12,18947.5,0,Champions,0.8970506806051525,0.7227215650535698
CUST02952,135,12,15980.8,4,Lost Customers,0.49251362928454884,0.7006580755072503
CUST02953,103,8,8348.6,1,Low Spenders,-1.0713834416981467,-0.3433532128381175
CUST02954,71,9,14447.82,2,Potential Loyalists,-0.036021393885907485,-0.2208382569815869
CUST02955,105,14,24953.19,0,Champions,2.053783380311757,1.0836010037946777
CUST02956,17,15,23195.48,0,Champions,2.42992671469813,0.18828320959996253
CUST02957,53,11,11693.29,2,Potential Loyalists,0.14087208863504647,-0.42488595647416655
CUST02958,42,10,13456.67,2,Potential Loyalists,0.18014311081598683,-0.4947334855644021
CUST02959,55,8,7254.18,1,Low Spenders,-0.994788752924336,-0.8771803279026712
CUST02960,68,12,20379.04,0,Champions,1.2735774226139813,0.3112818440160017
CUST02961,24,12,24945.65,0,Champions,1.9774351109315758,0.1563230574335835
CUST02962,10,9,9165.28,1,Low Spenders,-0.38141928600480296,-1.1328813006061855
CUST02963,68,15,26971.46,0,Champions,2.645828221649313,0.9123546095463438
CUST02964,11,9,8481.45,1,Low Spenders,-0.46340410376695995,-1.1641822173222387
CUST02965,156,8,14479.22,4,Lost Customers,-0.5959878733284238,0.5415833587769109
CUST02966,47,7,6693.98,1,Low Spenders,-1.2324262278471783,-1.0572654370628518
CUST02967,6,13,20917.29,0,Champions,1.8019890106247656,-0.19263161952720695
CUST02968,44,13,17191.54,2,Potential Loyalists,1.2189284444803539,-0.04570758912410898
CUST02969,94,8,17442.3,2,Potential Loyalists,0.0008584480931205446,0.11481070356619327
CUST02970,63,9,12190.21,2,Potential Loyalists,-0.2593394012066494,-0.43439376401556645
CUST02971,15,10,17092.19,2,Potential Loyalists,0.7068532727997322,-0.5397960297910822
CUST02972,22,13,22274.9,0,Champions,1.8894027153762016,0.04491336010607729
CUST02973,34,8,7084.06,1,Low Spenders,-0.9261609129693015,-1.0921976674054783
CUST02974,175,9,9474.66,4,Lost Customers,-1.037505174278512,0.4948684213423123
CUST02975,598,2,893.87,3,Lost Customers,-5.23785144144385,3.626035045562108
CUST02976,56,6,10738.44,1,Low Spenders,-1.0174422259737068,-0.7951174493723597
CUST02977,223,10,14258.17,4,Lost Customers,-0.4869906677059022,1.3186018204166357
CUST02978,11,15,23538.87,0,Champions,2.4941296651715135,0.15038301242247681
CUST02979,23,12,12391.37,2,Potential Loyalists,0.5533997258255692,-0.6071214238285849
CUST02980,226,4,5086.89,3,Lost Customers,-2.7874624364573206,0.38666673784474337
CUST02981,10,8,10168.5,1,Low Spenders,-0.4747125772591508,-1.1410863615269202
CUST02982,14,13,25953.59,0,Champions,2.341421877053623,0.1877415895736161
CUST02983,19,10,19473.82,2,Potential Loyalists,0.9610386462106423,-0.35780535666381075
CUST02984,0,15,23630.38,0,Champions,2.5506256872383366,0.0485983706074831
CUST02985,156,8,7069.94,1,Low Spenders,-1.4388971231161218,0.09676977267345083
CUST02986,22,13,22482.07,0,Champions,1.9129712010156317,0.05735074007188408
CUST02987,98,7,8752.97,1,Low Spenders,-1.2118563526865311,-0.43627294346145684
CUST02988,87,7,10683.89,1,Low Spenders,-0.9461017112731606,-0.4276292361771366
CUST02989,17,13,18113.75,0,Champions,1.436961636968891,-0.2536627695192668
CUST02990,16,12,13336.47,2,Potential Loyalists,0.6902451952692478,-0.6186507503526333
CUST02991,9,13,21531.73,0,Champions,1.8593213890259241,-0.12648617557272782
CUST02992,5,10,16517.38,2,Potential Loyalists,0.6833564845550255,-0.6718303814717101
CUST02993,7,14,23759.93,0,Champions,2.3286130882877853,0.056210911786205964
CUST02994,52,9,12498.05,2,Potential Loyalists,-0.17823281535946295,-0.5231911084033122
CUST02995,22,12,18501.37,2,Potential Loyalists,1.25268728878301,-0.25006225037138946
CUST02996,62,11,20943.78,0,Champions,1.15553843160904,0.21823728836569614
CUST02997,0,13,20219.78,0,Champions,1.7477750247556143,-0.2930218915534084
CUST02998,135,8,10661.73,1,Low Spenders,-0.942299394606621,0.10759741104952884
CUST02999,79,6,4264.25,1,Low Spenders,-1.8503324549854168,-0.9594838180739473
CUST03000,38,10,19342.91,2,Potential Loyalists,0.8665436106670155,-0.1803654161232707
CUST03001,33,6,4387.24,1,Low Spenders,-1.6436195262137794,-1.4007189748623072
CUST03002,224,5,10436.57,3,Lost Customers,-1.9630587202346612,0.7567608074678418
CUST03003,250,4,4927.04,3,Lost Customers,-2.9061977470372824,0.6111321905422301
CUST03004,27,9,11735.43,2,Potential Loyalists,-0.1602517828450059,-0.8127893145062676
CUST03005,18,9,13296.99,2,Potential Loyalists,0.0551038134473098,-0.806814842208984
CUST03006,5,7,6226.43,1,Low Spenders,-1.1096538414002357,-1.4949431282972971
CUST03007,17,14,18982.79,0,Champions,1.7432506946145097,-0.13305722100485717
CUST03008,266,7,7176.9,3,Lost Customers,-2.0950073214824543,1.1075421828473657
CUST03009,140,10,17296.46,4,Lost Customers,0.2063932131374014,0.6915401281938741
CUST03010,64,4,6415.28,1,Low Spenders,-1.9576260667298966,-1.1135022742304204
CUST03011,124,12,16280.18,2,Potential Loyalists,0.5726577717832313,0.6113528379182174
CUST03012,365,11,15918.96,4,Lost Customers,-0.6855506149999904,2.871606598902842
CUST03013,17,13,12491.72,2,Potential Loyalists,0.7973770768518574,-0.5911794142514454
CUST03014,113,6,10165.92,1,Low Spenders,-1.3213809602201356,-0.273591258797959
CUST03015,60,10,12574.97,2,Potential Loyalists,0.004424798870113943,-0.3721195484533219
CUST03016,107,11,9674.23,2,Potential Loyalists,-0.315062039413274,-0.019460048245652815
CUST03017,14,8,17057.85,2,Potential Loyalists,0.2922890054801959,-0.6884762627131735
CUST03018,27,18,21201.66,0,Champions,2.783476708856085,0.37140982897941566
CUST03019,13,6,11035.03,1,Low Spenders,-0.8035486357931705,-1.196672840557963
CUST03020,6,10,14961.6,2,Potential Loyalists,0.5021751564231183,-0.7554785176750699
CUST03021,172,12,13293.33,4,Lost Customers,0.03176152686887244,0.90016230692857
CUST03022,31,8,5112.08,1,Low Spenders,-1.137932457248493,-1.2398425601159624
CUST03023,42,11,9358.63,2,Potential Loyalists,-0.07864266693879504,-0.6723248829425456
CUST03024,95,12,18903.46,0,Champions,0.9925906514302105,0.4860156460664253
CUST03025,9,9,7819.24,1,Low Spenders,-0.530360576969345,-1.2234429338307247
CUST03026,13,9,10576.19,2,Potential Loyalists,-0.23347730313756834,-1.0189200531021276
CUST03027,259,7,10129.03,3,Lost Customers,-1.7298341128250592,1.2165042146897485
CUST03028,78,14,15201.05,2,Potential Loyalists,1.0574599348447415,0.23481487858120167
CUST03029,13,17,26386.13,0,Champions,3.224513343911099,0.47768851676113716
CUST03030,26,11,17377.83,2,Potential Loyalists,0.9006869397383812,-0.34693628707176083
CUST03031,162,9,8110.07,4,Lost Customers,-1.1382817187880532,0.2861621488852493
CUST03032,75,10,11405.76,2,Potential Loyalists,-0.19143303049270669,-0.29602392476517075
CUST03033,165,5,10391.7,1,Low Spenders,-1.7209775571953512,0.178664653727946
CUST03034,108,5,8582.6,1,Low Spenders,-1.6879814148714005,-0.4858412775143365
CUST03035,107,7,12300.74,1,Low Spenders,-0.8459541861168981,-0.13551053985635952
CUST03036,112,12,11079.99,2,Potential Loyalists,0.03133848131832489,0.18213021670942392
CUST03037,207,8,7274.18,4,Lost Customers,-1.6293310068961182,0.6064129855315897
CUST03038,135,8,13692.16,4,Lost Customers,-0.5975455888611053,0.2895282377608299
CUST03039,87,16,13819.79,0,Champions,1.2774631867712516,0.3765307147664486
CUST03040,41,19,18938.79,0,Champions,2.6748129446035978,0.44052839614822525
CUST03041,120,5,5089.84,1,Low Spenders,-2.1356067941911387,-0.5784969310256338
CUST03042,40,9,13162.34,2,Potential Loyalists,-0.052385466529463375,-0.6003416822023679
CUST03043,159,4,8700.8,1,Low Spenders,-2.09562715276526,-0.049796476455702586
CUST03044,54,15,20198.42,0,Champions,1.9339544188707085,0.36920131144839924
CUST03045,45,11,12684.6,2,Potential Loyalists,0.2871641810568231,-0.44339366450969364
CUST03046,75,13,21613.88,0,Champions,1.5921542242383717,0.5221161513910731
CUST03047,36,11,18334.5,2,Potential Loyalists,0.9676256448932238,-0.191977101130656
CUST03048,50,11,10916.01,2,Potential Loyalists,0.06501438223502307,-0.5008074440335694
CUST03049,161,4,3804.87,1,Low Spenders,-2.6609868584108867,-0.3242167904204993
CUST03050,84,9,14628.73,2,Potential Loyalists,-0.06990500809471706,-0.08319380775146946
CUST03051,238,9,10626.3,4,Lost Customers,-1.1704341231591395,1.1784194649242132
CUST03052,102,8,11576.79,1,Low Spenders,-0.6999420804135655,-0.1593025153149955
CUST03053,42,8,15006.43,2,Potential Loyalists,-0.05839721027365668,-0.5385602347302172
CUST03054,58,9,6541.73,1,Low Spenders,-0.8809850736482975,-0.8222612405760055
CUST03055,34,15,24532.04,0,Champions,2.510756098439359,0.43431704272396854
CUST03056,189,6,9223.48,1,Low Spenders,-1.7470054610652679,0.41102598886075015
CUST03057,39,15,26071.38,0,Champions,2.6649296123618775,0.5754937073295113
CUST03058,9,14,14508.2,2,Potential Loyalists,1.2677201985506874,-0.47970836271854234
CUST03059,35,7,7602.94,1,Low Spenders,-1.078744243783316,-1.1197273312450038
CUST03060,97,17,21402.77,0,Champions,2.305660951586109,0.9977311810158579
CUST03061,88,8,14709.14,2,Potential Loyalists,-0.2849392023602178,-0.10778911872015591
CUST03062,27,6,10145.31,1,Low Spenders,-0.9634209787808461,-1.1135507135117466
CUST03063,65,12,9529.42,2,Potential Loyalists,0.05185013738759091,-0.3693291242828691
CUST03064,87,10,13336.4,2,Potential Loyalists,-0.02207079086720295,-0.06308761753621997
CUST03065,26,8,11049.27,1,Low Spenders,-0.4415460931106299,-0.9321683079104113
CUST03066,118,9,6526.48,1,Low Spenders,-1.1340953167552668,-0.23802178740854443
CUST03067,302,9,11761.92,4,Lost Customers,-1.3093751601843735,1.8707613363233693
CUST03068,133,5,5220.83,1,Low Spenders,-2.1751695067400574,-0.44384941189105653
CUST03069,540,6,13326.97,3,Lost Customers,-2.750721821375647,4.080534247901154
CUST03070,95,9,11817.85,2,Potential Loyalists,-0.4357674094312086,-0.14466561212857063
CUST03071,168,11,19306.27,4,Lost Customers,0.5251523236652281,1.153703737577513
CUST03072,109,9,16155.24,2,Potential Loyalists,-0.0009828669107410848,0.25226427276419167
CUST03073,144,7,14891.3,4,Lost Customers,-0.7062565406951378,0.3808584141644092
CUST03074,129,14,22035.82,0,Champions,1.6213415942747234,1.142519688121687
CUST03075,128,9,8089.27,1,Low Spenders,-0.9982019824756886,-0.04667439494682877
CUST03076,288,10,17598.97,4,Lost Customers,-0.37925122009830237,2.1530835005668227
CUST03077,99,13,13243.28,2,Potential Loyalists,0.539331239458711,0.25365204114870826
CUST03078,25,9,11255.38,2,Potential Loyalists,-0.20648500777747453,-0.8611141178295849
CUST03079,172,15,26867.64,0,Champions,2.198299984354179,1.9203904463521766
CUST03080,62,13,12107.72,2,Potential Loyalists,0.565160198300941,-0.17536648640949812
CUST03081,17,7,7888.17,1,Low Spenders,-0.9708827384665445,-1.2781501404331457
CUST03082,56,10,13461.93,2,Potential Loyalists,0.12208726286898926,-0.3578815408718187
CUST03083,62,10,10811.28,2,Potential Loyalists,-0.20459878929108516,-0.4584969072407329
CUST03084,68,7,11459.24,1,Low Spenders,-0.778292610539234,-0.5663804421269318
CUST03085,206,6,6214.61,3,Lost Customers,-2.1605295288476625,0.3961834208416544
CUST03086,146,8,14545.73,4,Lost Customers,-0.546525540029088,0.4480504335560565
CUST03087,109,14,23504.63,0,Champions,1.8722310599866572,1.0356475326383465
CUST03088,60,7,8724.08,1,Low Spenders,-1.055938610895212,-0.8086054997844142
CUST03089,0,11,13133.15,2,Potential Loyalists,0.5267245251096229,-0.8553313552188861
CUST03090,30,14,23265.64,0,Champions,2.1760201382026993,0.2508457906471455
CUST03091,87,11,15732.7,2,Potential Loyalists,0.4579654569009055,0.14920646178177258
CUST03092,23,8,7676.92,1,Low Spenders,-0.8126293149246425,-1.1638839337517397
CUST03093,59,11,17011.02,2,Potential Loyalists,0.7207007326159327,-0.04712235980819891
CUST03094,132,10,12869.24,4,Lost Customers,-0.26374828275873335,0.3477328281994548
CUST03095,16,13,14147.78,2,Potential Loyalists,0.9899666578192239,-0.5015110026077655
CUST03096,156,10,16381.34,4,Lost Customers,0.03525208674870025,0.7926425409994887
CUST03097,11,8,6293.76,1,Low Spenders,-0.9197080457512119,-1.3639524667678222
CUST03098,23,9,10391.97,1,Low Spenders,-0.29633079560385595,-0.9324538073994232
CUST03099,54,5,10173.27,1,Low Spenders,-1.2807826421499882,-0.9169854326104084
CUST03100,113,8,9567.49,1,Low Spenders,-0.9746135432992467,-0.17265173904339523
CUST03101,32,13,16693.65,2,Potential Loyalists,1.2125615603594775,-0.19262924101681492
CUST03102,16,7,9748.3,1,Low Spenders,-0.7550773402262212,-1.176230456261483
CUST03103,356,10,14267.46,3,Lost Customers,-1.04314914228242,2.6162530851346673
CUST03104,3,7,5317.93,1,Low Spenders,-1.204629247498963,-1.5689897805676143
CUST03105,6,10,10025.03,2,Potential Loyalists,-0.059428739667251713,-1.0518438061714903
CUST03106,127,12,14868.59,2,Potential Loyalists,0.399500895176161,0.5558662650163767
CUST03107,235,9,13663.1,4,Lost Customers,-0.8123868736889212,1.3314749633183016
CUST03108,28,15,16886.57,0,Champions,1.6661144662732759,-0.08319162727118493
CUST03109,111,7,3731.76,1,Low Spenders,-1.8375538903137538,-0.6109359859903943
CUST03110,132,9,4678.97,1,Low Spenders,-1.4029296709443222,-0.2124002548376393
CUST03111,74,5,10546.29,1,Low Spenders,-1.3221381796615466,-0.6995396441569365
CUST03112,33,17,23984.84,0,Champions,2.8675412335640544,0.5285795549470135
CUST03113,122,10,11373.98,4,Lost Customers,-0.391959134848657,0.16043957614943455
CUST03114,2,14,20030.06,0,Champions,1.925236143136127,-0.21647347081180202
CUST03115,68,10,13148.87,2,Potential Loyalists,0.036197239960392896,-0.25964499436730176
CUST03116,81,17,24498.89,0,Champions,2.7249213383870186,1.027564355918043
CUST03117,54,11,19696.3,2,Potential Loyalists,1.0471368426836143,0.06532458977338554
CUST03118,100,15,21396.87,0,Champions,1.87757377596753,0.8897686658619746
CUST03119,160,4,6353.41,1,Low Spenders,-2.366865192375805,-0.18096864777385888
CUST03120,28,9,9102.56,1,Low Spenders,-0.46396716608804844,-0.961100179808295
CUST03121,179,9,15174.21,4,Lost Customers,-0.4058599858713274,0.8760492848260545
CUST03122,1,14,18272.09,0,Champions,1.72943205210666,-0.3317651804437111
CUST03123,18,12,15283.62,2,Potential Loyalists,0.903381568734844,-0.482249101212666
CUST03124,5,7,6821.55,1,Low Spenders,-1.041950616156534,-1.4592153030076749
CUST03125,109,13,13123.81,2,Potential Loyalists,0.48384396529214396,0.3440055309156401
CUST03126,144,10,13694.44,4,Lost Customers,-0.2201453073377558,0.5143044237935088
CUST03127,78,7,5625.86,1,Low Spenders,-1.4838170801491402,-0.8190595814106528
CUST03128,72,7,12685.22,1,Low Spenders,-0.6555785912298231,-0.4537688207807328
CUST03129,164,13,15016.88,4,Lost Customers,0.4687797632157771,0.9940474062802509
CUST03130,154,12,15527.33,4,Lost Customers,0.36132288138944946,0.8587332369689147
CUST03131,182,7,9169.11,4,Lost Customers,-1.5164400854077977,0.4079268532225463
CUST03132,55,10,12103.54,2,Potential Loyalists,-0.028259013361985726,-0.4491846021147857
CUST03133,202,12,26105.2,0,Champions,1.3636032958509252,1.961896023398683
CUST03134,116,16,20083.17,0,Champions,1.868512199253918,1.0353754948160376
CUST03135,142,6,10540.9,1,Low Spenders,-1.4002198216536768,0.031745444837779586
CUST03136,49,14,23224.83,0,Champions,2.09177523808463,0.43369485381605477
CUST03137,31,12,17585.39,2,Potential Loyalists,1.1107754486286647,-0.21727954856853463
CUST03138,71,11,12349.8,2,Potential Loyalists,0.14014668249323745,-0.20992610906138326
CUST03139,95,11,12075.57,2,Potential Loyalists,0.008399046830309686,0.007672579526971007
CUST03140,50,8,21691.59,2,Potential Loyalists,0.6686165473625708,-0.0591982804905206
CUST03141,72,14,14227.06,2,Potential Loyalists,0.9717924812457568,0.11782622448739268
CUST03142,31,9,10095.75,1,Low Spenders,-0.3635466767831191,-0.8722166093777362
CUST03143,50,9,10498.83,1,Low Spenders,-0.3972928797419153,-0.6627187621521491
CUST03144,66,10,8625.64,1,Low Spenders,-0.4700042707645718,-0.5507007236458791
CUST03145,242,8,9850.78,4,Lost Customers,-1.4828423286876486,1.1024386896791687
CUST03146,128,9,14699.32,4,Lost Customers,-0.24621632576421684,0.35015769195273183
CUST03147,44,11,20640.17,0,Champions,1.1964111495341905,0.02446367153616928
CUST03148,31,13,12355.94,2,Potential Loyalists,0.7232759558702253,-0.46279475763328115
CUST03149,16,12,20438.67,0,Champions,1.498219799258055,-0.19227260683207606
CUST03150,21,14,15986.0,2,Potential Loyalists,1.385565553313713,-0.2739581497296649
CUST03151,22,4,10668.77,1,Low Spenders,-1.2977693367816,-1.2677539466698033
CUST03152,514,6,7347.36,3,Lost Customers,-3.322056793760918,3.4679832516559577
CUST03153,11,23,33106.41,0,Champions,5.241959986132529,1.272231237165536
CUST03154,178,8,6425.68,1,Low Spenders,-1.6043616696213985,0.2726486709415194
CUST03155,37,17,31159.25,0,Champions,3.6669723790604416,0.998303133188539
CUST03156,91,10,13951.45,2,Potential Loyalists,0.0311413945294935,0.01284703058745455
CUST03157,251,7,8521.23,3,Lost Customers,-1.8792271423335787,1.0419598283565508
CUST03158,46,13,17226.14,2,Potential Loyalists,1.2144855004304205,-0.024125223922955557
CUST03159,23,10,9034.85,2,Potential Loyalists,-0.24329858012203465,-0.9454950117193076
CUST03160,141,9,9588.14,4,Lost Customers,-0.8821492094984027,0.17009333130088236
CUST03161,7,7,13276.81,1,Low Spenders,-0.31595366540671876,-1.0521708146648612
CUST03162,156,4,5660.8,1,Low Spenders,-2.42890091277368,-0.26155958392257544
CUST03163,27,9,15374.67,2,Potential Loyalists,0.2537626771561524,-0.5943087880460506
CUST03164,80,9,9030.07,1,Low Spenders,-0.6900725476330398,-0.45831777465390033
CUST03165,56,16,13554.78,0,Champions,1.3771918521711832,0.05829085634446547
CUST03166,375,10,13098.14,3,Lost Customers,-1.255777841835511,2.7313524371233244
CUST03167,39,12,14442.67,2,Potential Loyalists,0.7197303722346596,-0.3279310027294484
CUST03168,103,11,14061.76,2,Potential Loyalists,0.20083923220649325,0.20493347985959745
CUST03169,47,7,10785.36,1,Low Spenders,-0.7669745177759714,-0.8116408406227154
CUST03170,98,8,13962.07,2,Potential Loyalists,-0.41182475613921105,-0.05511337991398283
CUST03171,13,13,14546.66,2,Potential Loyalists,1.047913604938881,-0.5068221275635894
CUST03172,8,9,13502.04,2,Potential Loyalists,0.12032700980831819,-0.8920305659988258
CUST03173,24,14,14657.18,2,Potential Loyalists,1.2218249220914748,-0.32447565404160417
CUST03174,101,7,6463.63,1,Low Spenders,-1.4848695708006239,-0.544454936863307
CUST03175,116,11,30828.34,0,Champions,2.0538076005015613,1.338292944668634
CUST03176,16,6,9681.7,1,Low Spenders,-0.97007762239033,-1.2486617943218592
CUST03177,313,7,7947.01,3,Lost Customers,-2.2043072205509464,1.612146875154455
CUST03178,50,10,14678.7,2,Potential Loyalists,0.28564940621665763,-0.3433486690019692
CUST03179,132,12,16474.89,4,Lost Customers,0.5612920458144979,0.7010628502789185
CUST03180,87,13,16906.93,2,Potential Loyalists,1.006397746890252,0.35656701725669776
CUST03181,39,12,18609.62,2,Potential Loyalists,1.1937792269685674,-0.07776958723242142
CUST03182,61,13,17748.17,0,Champions,1.2110298801366246,0.1535034136830951
CUST03183,412,8,7842.69,3,Lost Customers,-2.4235207941669508,2.639822809370615
CUST03184,193,9,17133.17,4,Lost Customers,-0.24165512814783804,1.1301909396079217
CUST03185,121,6,7259.27,1,Low Spenders,-1.6855697716872677,-0.3700703313952871
CUST03186,18,13,17237.3,2,Potential Loyalists,1.3330635996099436,-0.29652756193650126
CUST03187,43,7,12759.68,1,Low Spenders,-0.5256096424970323,-0.7321235480114309
CUST03188,73,12,15092.19,2,Potential Loyalists,0.6511763312026086,0.04265053087963463
CUST03189,17,13,13110.28,2,Potential Loyalists,0.8677469300020528,-0.5540443765932442
CUST03190,16,12,14421.87,2,Potential Loyalists,0.8137246291305095,-0.5534891332512825
CUST03191,137,9,8361.27,1,Low Spenders,-1.004964478758188,0.05742827910963066
CUST03192,71,8,10036.93,1,Low Spenders,-0.7452454366259696,-0.5540775566756713
CUST03193,214,8,9882.17,4,Lost Customers,-1.3619627840069157,0.8312508527840681
CUST03194,22,11,18659.1,2,Potential Loyalists,1.0632076823127437,-0.3090260137456168
CUST03195,19,9,17416.71,2,Potential Loyalists,0.519590005934151,-0.5497362805509879
CUST03196,37,5,6620.37,1,Low Spenders,-1.6137517056812196,-1.2960764782334078
CUST03197,90,9,14341.18,2,Potential Loyalists,-0.12775537741201728,-0.04194127530685692
CUST03198,31,13,19846.23,0,Champions,1.57540122642179,-0.013117763936878066
CUST03199,1,18,29594.1,0,Champions,3.847163477235273,0.6216799300821714
CUST03200,75,8,12850.66,1,Low Spenders,-0.44190264348827607,-0.3461459081020265
CUST03201,68,16,25598.25,0,Champions,2.6970299745451496,0.8983474475894954
CUST03202,45,10,15378.94,2,Potential Loyalists,0.38625944719279826,-0.3500729156714121
CUST03203,111,13,24198.71,0,Champions,1.7353895910399675,1.0283885237969501
CUST03204,40,11,19975.27,2,Potential Loyalists,1.1375278292766287,-0.05446370425702984
CUST03205,75,14,20831.8,0,Champions,1.7106052840610622,0.5435972764409699
CUST03206,105,13,15614.6,2,Potential Loyalists,0.7839645280653946,0.4545289230149794
CUST03207,18,11,13124.68,2,Potential Loyalists,0.45034834143965724,-0.6802933542590751
CUST03208,304,5,7849.05,3,Lost Customers,-2.5925924405595047,1.3816265731053243
CUST03209,86,7,13497.66,1,Low Spenders,-0.6218064223865746,-0.2684581013582174
CUST03210,103,8,5113.02,1,Low Spenders,-1.439475929824939,-0.5376001495073531
CUST03211,225,9,14097.31,4,Lost Customers,-0.7210935215663075,1.2600167816096701
CUST03212,84,9,14161.67,2,Potential Loyalists,-0.12303961688340392,-0.11123359481923878
CUST03213,211,5,6176.42,3,Lost Customers,-2.3932457212683538,0.3742205825379694
CUST03214,115,11,18328.25,2,Potential Loyalists,0.6359370859694833,0.5781017414889444
CUST03215,14,12,18695.61,2,Potential Loyalists,1.3083015183452,-0.3164217827509127
CUST03216,32,11,11849.09,2,Potential Loyalists,0.2465778879452146,-0.6203368004493599
CUST03217,334,7,7806.08,3,Lost Customers,-2.3083213493419357,1.8084904344846298
CUST03218,203,9,19850.32,4,Lost Customers,0.025562804687190587,1.390839939142712
CUST03219,286,12,17912.49,4,Lost Customers,0.07964244483546198,2.289266460046789
CUST03220,106,12,11104.76,2,Potential Loyalists,0.05929394955762427,0.12510177700307118
CUST03221,143,6,18754.57,4,Lost Customers,-0.46998954564342366,0.5346028920053341
CUST03222,34,8,11333.3,1,Low Spenders,-0.44275041956537053,-0.8370959999540841
CUST03223,27,13,18118.9,0,Champions,1.395651631134543,-0.15582776075180949
CUST03224,14,8,11873.47,1,Low Spenders,-0.2975067447700775,-0.9997187396506163
CUST03225,13,9,10794.29,2,Potential Loyalists,-0.20866537709634747,-1.0058264943313477
CUST03226,121,14,18499.25,0,Champions,1.2525239953460958,0.8521822557072546
CUST03227,23,14,16169.23,0,Champions,1.3980313509763274,-0.24345283340471033
CUST03228,3,8,7195.38,1,Low Spenders,-0.7836194455194264,-1.3878446832221996
CUST03229,190,14,19471.24,0,Champions,1.074019811581216,1.583463571263191
CUST03230,109,6,13799.79,1,Low Spenders,-0.8912190566894401,-0.09444345056059517
CUST03231,6,9,11088.11,2,Potential Loyalists,-0.14591211852899302,-1.0564551925025008
CUST03232,103,10,12507.3,2,Potential Loyalists,-0.18342593890622147,0.04317897649572419
CUST03233,53,10,11458.2,2,Potential Loyalists,-0.09329628806682189,-0.5074325339535649
CUST03234,27,13,21183.96,0,Champions,1.7443450838255306,0.028182066143957775
CUST03235,24,8,10427.84,1,Low Spenders,-0.5038632708340559,-0.9889808110916511
CUST03236,47,9,12522.59,2,Potential Loyalists,-0.15449310187554105,-0.5704807730526543
CUST03237,6,21,28949.51,0,Champions,4.3751552037104595,0.8370441950739262
CUST03238,275,9,13360.55,4,Lost Customers,-1.0143897301314047,1.7034147988614117
CUST03239,77,8,11200.82,1,Low Spenders,-0.6379742014807775,-0.4256883211487071
CUST03240,33,6,6505.28,1,Low Spenders,-1.4026628465606503,-1.273563169182056
CUST03241,53,9,13891.21,2,Potential Loyalists,-0.023930965224529883,-0.429800642123848
CUST03242,2,7,8841.27,1,Low Spenders,-0.7996104448064667,-1.367219853923925
CUST03243,202,8,9697.27,4,Lost Customers,-1.3327226771528187,0.7031194482992779
CUST03244,33,7,10719.01,1,Low Spenders,-0.7158685119282777,-0.9521603025335791
CUST03245,197,8,11829.18,4,Lost Customers,-1.0692401457803704,0.7823450195361282
CUST03246,78,11,9532.4,2,Potential Loyalists,-0.20969910390127955,-0.31079967151730453
CUST03247,101,18,19612.27,0,Champions,2.2926317732835293,0.997682489000992
CUST03248,244,6,7531.61,3,Lost Customers,-2.1699067385300546,0.8458472196599321
CUST03249,114,12,16307.3,2,Potential Loyalists,0.6176389415485749,0.5154551475438505
CUST03250,82,9,21491.41,2,Potential Loyalists,0.7192000232802593,0.30929966858119323
CUST03251,7,9,15779.13,2,Potential Loyalists,0.3835674409791662,-0.7650788310932594
CUST03252,76,12,15250.49,2,Potential Loyalists,0.656616403576979,0.08141176622474393
CUST03253,103,3,2595.61,1,Low Spenders,-2.762984536260813,-1.0308971456986404
CUST03254,118,10,17829.16,2,Potential Loyalists,0.3591662490092135,0.5089637635504354
CUST03255,4,12,17012.07,2,Potential Loyalists,1.158671182371548,-0.5150183600891607
CUST03256,43,9,16647.48,2,Potential Loyalists,0.3315291956247109,-0.36185474735711354
CUST03257,152,14,16431.76,0,Champions,0.8874408251724468,1.0303912758310063
CUST03258,84,6,2629.16,1,Low Spenders,-2.0572947612510366,-1.0088829708399178
CUST03259,118,12,13088.68,2,Potential Loyalists,0.23471753452689817,0.3612367307763006
CUST03260,212,12,18703.91,4,Lost Customers,0.47970712995816417,1.6150879444895903
CUST03261,32,16,13387.82,0,Champions,1.4587479534456367,-0.1857945227256881
CUST03262,177,10,18839.51,4,Lost Customers,0.2269219422481151,1.1450221782807604
CUST03263,113,12,13424.3,2,Potential Loyalists,0.2938469497664502,0.3326226473393116
CUST03264,80,7,8856.55,1,Low Spenders,-1.124660076005192,-0.6056010481595123
CUST03265,89,7,5268.79,1,Low Spenders,-1.570524267183898,-0.7332177432048673
CUST03266,255,6,6560.72,3,Lost Customers,-2.326444537406271,0.8948385844834155
CUST03267,105,9,10586.9,1,Low Spenders,-0.6177010822969786,-0.12103944332700567
CUST03268,299,8,12443.26,3,Lost Customers,-1.4267180371639534,1.8139745708061537
CUST03269,105,8,11080.72,1,Low Spenders,-0.7689457496421008,-0.15982615870824152
CUST03270,106,14,19683.39,0,Champions,1.4500803210674467,0.776982949453527
CUST03271,14,8,10613.43,1,Low Spenders,-0.4408539217025851,-1.0753648093137689
CUST03272,185,3,6515.06,1,Low Spenders,-2.660638569955091,0.004117500413875367
CUST03273,106,10,18772.32,2,Potential Loyalists,0.5167389615031985,0.4485550546500839
CUST03274,22,9,8976.17,1,Low Spenders,-0.4532082624539344,-1.0272034583215761
CUST03275,177,8,12047.02,4,Lost Customers,-0.9606660176190377,0.6003713087319137
CUST03276,39,9,11119.52,2,Potential Loyalists,-0.2805952298782412,-0.7327342639840098
CUST03277,3,10,13123.81,2,Potential Loyalists,0.30566960185264486,-0.8950673597140687
CUST03278,625,3,5776.49,3,Lost Customers,-4.588080416107963,4.250914235935353
CUST03279,61,11,10809.06,2,Potential Loyalists,0.006761844175185832,-0.39994973732825384
CUST03280,1,5,2191.86,1,Low Spenders,-1.9667314640631828,-1.9130335477255371
CUST03281,20,7,11157.66,1,Low Spenders,-0.6115012805800881,-1.0526096794481328
CUST03282,28,5,5213.86,1,Low Spenders,-1.7360555927688508,-1.4682890714142947
CUST03283,32,13,14264.22,2,Potential Loyalists,0.9361799121140704,-0.33847923865320195
CUST03284,27,13,21971.52,0,Champions,1.8339410511479697,0.07546296089643598
CUST03285,123,8,7113.52,1,Low Spenders,-1.2956828502179,-0.2224491568894199
CUST03286,61,16,20545.83,0,Champions,2.151573643572767,0.5267590628401913
CUST03287,12,8,7819.27,1,Low Spenders,-0.7503495316476608,-1.26261641358642
CUST03288,27,6,3822.18,1,Low Spenders,-1.6827654717153937,-1.493157656520834
CUST03289,68,11,20145.86,2,Potential Loyalists,1.039626335131456,0.22884993273216583
CUST03290,131,11,16788.31,4,Lost Customers,0.3937139438582897,0.6416932996812682
CUST03291,119,10,13944.44,4,Lost Customers,-0.08696458409491249,0.285498512429055
CUST03292,126,9,13920.34,4,Lost Customers,-0.3264570199837194,0.2838867285040167
CUST03293,59,10,13118.22,2,Potential Loyalists,0.07041667503266137,-0.3492583038693012
CUST03294,51,13,22481.24,0,Champions,1.7913786948065233,0.34012581912418954
CUST03295,81,10,13312.84,2,Potential Loyalists,0.0003864637747914922,-0.12301753223290651
CUST03296,11,5,4508.49,1,Low Spenders,-1.74507828417648,-1.6764296291576097
CUST03297,99,14,13894.45,2,Potential Loyalists,0.8208345367806212,0.3611778388635313
CUST03298,2,7,17028.85,2,Potential Loyalists,0.13184131776381813,-0.8756812939951645
CUST03299,22,12,18114.46,2,Potential Loyalists,1.2086708637274908,-0.2732902596515475
CUST03300,2,14,12274.36,2,Potential Loyalists,1.042916772215005,-0.6820842629188092
CUST03301,7,6,11923.52,1,Low Spenders,-0.6773329348151124,-1.2018481460071029
CUST03302,159,6,6514.77,1,Low Spenders,-1.9294714450742758,-0.04416797872997999
CUST03303,47,9,11984.45,2,Potential Loyalists,-0.2157140550154887,-0.6027878235657562
CUST03304,266,10,13753.26,4,Lost Customers,-0.7245835721134317,1.7076507917804649
CUST03305,7,11,17130.62,2,Potential Loyalists,0.9521655356914234,-0.5470765322542422
CUST03306,41,6,13014.85,1,Low Spenders,-0.6956249077853945,-0.8047427004286558
CUST03307,37,7,9454.81,1,Low Spenders,-0.8764473032072546,-0.9890457842585441
CUST03308,17,13,23152.24,0,Champions,2.010160358836983,0.04882125125554845
CUST03309,30,11,14586.79,2,Potential Loyalists,0.5664087392123723,-0.4754850850442166
CUST03310,280,10,13519.84,4,Lost Customers,-0.8097926089990749,1.8301736644537463
CUST03311,3,6,11803.3,1,Low Spenders,-0.6742512854434579,-1.2480758446280493
CUST03312,96,17,26867.95,0,Champions,2.9315912190373594,1.3160788067125109
CUST03313,75,13,15711.51,2,Potential Loyalists,0.9206770673932507,0.16776939081386727
CUST03314,231,7,9503.16,4,Lost Customers,-1.6837270876759758,0.9058579988965146
CUST03315,493,10,12562.52,3,Lost Customers,-1.8110836161907826,3.850001471274849
CUST03316,133,12,14868.02,4,Lost Customers,0.37429851547513565,0.6143475434309041
CUST03317,0,7,16183.93,2,Potential Loyalists,0.044099026097465154,-0.9459109427503685
CUST03318,160,13,18081.71,4,Lost Customers,0.8342054063407123,1.1390330930920087
CUST03319,170,3,4838.27,1,Low Spenders,-2.78855305381242,-0.24283675812819513
CUST03320,22,12,15834.56,2,Potential Loyalists,0.949300344784898,-0.410163274972507
CUST03321,28,10,21017.79,2,Potential Loyalists,1.0989805312516263,-0.17734039948186298
CUST03322,76,10,17310.45,2,Potential Loyalists,0.47611846976945793,0.06821469924532028
CUST03323,91,7,8297.47,1,Low Spenders,-1.2343487264951858,-0.5318868110875428
CUST03324,6,9,7683.77,1,Low Spenders,-0.5332034174706246,-1.2608335779482462
CUST03325,158,6,6723.18,1,Low Spenders,-1.9015723030503915,-0.04140873881724746
CUST03326,210,8,7317.73,4,Lost Customers,-1.6369453522807123,0.6382852439443423
CUST03327,59,10,11430.91,2,Potential Loyalists,-0.12153844155886713,-0.45055538158376585
CUST03328,36,11,12847.86,2,Potential Loyalists,0.3434435912719306,-0.521365653602514
CUST03329,36,12,17278.53,2,Potential Loyalists,1.0549178857180694,-0.18693886838579782
CUST03330,51,15,23703.91,0,Champions,2.345321712431985,0.5503944534017582
CUST03331,110,6,9856.76,1,Low Spenders,-1.343983468002936,-0.32140932255278803
CUST03332,55,11,13716.32,2,Potential Loyalists,0.36264087359999053,-0.2839288775335265
CUST03333,399,6,9503.37,3,Lost Customers,-2.5949777560839635,2.475871525032806
CUST03334,40,7,9612.1,1,Low Spenders,-0.8711221324619609,-0.9503451839173708
CUST03335,1,13,10543.91,2,Potential Loyalists,0.6428198656835094,-0.8641568486601279
CUST03336,372,7,11622.0,3,Lost Customers,-2.033411451170464,2.4081760392794203
CUST03337,65,14,16027.16,0,Champions,1.2059061614425024,0.15762653000835541
CUST03338,139,6,5227.55,1,Low Spenders,-1.9921189464755282,-0.31649745094432785
CUST03339,36,12,15343.17,2,Potential Loyalists,0.834743611609233,-0.30312754285905186
CUST03340,44,14,15975.06,0,Champions,1.2879604274011354,-0.05030551923251946
CUST03341,35,14,17817.78,0,Champions,1.53530190689267,-0.027451702671171332
CUST03342,83,8,12867.78,1,Low Spenders,-0.47347171629635093,-0.26709745054234696
CUST03343,33,11,15069.1,2,Potential Loyalists,0.6087094817225335,-0.41727202036705574
CUST03344,101,7,12251.96,1,Low Spenders,-0.8263660592821463,-0.19695452861173054
CUST03345,50,9,13380.31,2,Potential Loyalists,-0.06948422018548661,-0.48973009765500514
CUST03346,48,8,7293.58,1,Low Spenders,-0.9609793284853969,-0.9430830436000133
CUST03347,84,10,12960.21,2,Potential Loyalists,-0.052298898845065486,-0.1149298043740632
CUST03348,224,8,10797.57,4,Lost Customers,-1.2997191186857326,0.9837324084158192
CUST03349,78,9,13895.5,2,Potential Loyalists,-0.12818264365755166,-0.1857285177386623
CUST03350,39,12,14813.46,2,Potential Loyalists,0.7619129217845187,-0.3056707521259753
CUST03351,86,11,16886.96,2,Potential Loyalists,0.5934682680953022,0.20874948236090682
CUST03352,128,13,19630.83,0,Champions,1.1445063264784636,0.9199513246030098
CUST03353,142,12,23799.04,0,Champions,1.352620676824238,1.2382915162831416
CUST03354,52,13,25729.11,0,Champions,2.156679753322533,0.544863164760615
CUST03355,57,8,12682.04,1,Low Spenders,-0.3856729246630593,-0.5318154465341778
CUST03356,19,4,6731.31,1,Low Spenders,-1.733141726523876,-1.5333957577333026
CUST03357,417,6,6523.53,3,Lost Customers,-3.0093888442981864,2.47252434614515
CUST03358,68,10,11348.99,2,Potential Loyalists,-0.168564288893677,-0.3677001734610728
CUST03359,170,7,9392.18,1,Low Spenders,-1.4407876838859481,0.30428778790197025
CUST03360,10,14,19584.11,0,Champions,1.8409863798562127,-0.16522526203701515
CUST03361,84,5,4980.46,1,Low Spenders,-1.9972250939650402,-0.9361565108632975
CUST03362,175,7,10477.69,4,Lost Customers,-1.3382436811752012,0.4182189239566508
CUST03363,259,8,15455.55,4,Lost Customers,-0.9164443486676516,1.604713047704737
CUST03364,70,9,8250.14,1,Low Spenders,-0.7369046053393482,-0.6026664352527421
CUST03365,17,13,15613.19,2,Potential Loyalists,1.1524879561727641,-0.40378303233385443
CUST03366,88,11,17559.73,2,Potential Loyalists,0.6616260890234794,0.2686441648511418
CUST03367,45,15,28894.76,0,Champions,2.9609910499194747,0.8035098564031129
CUST03368,19,5,6754.03,1,Low Spenders,-1.5231334082051995,-1.4635987404379966
CUST03369,38,14,13355.64,2,Potential Loyalists,1.0151022930776845,-0.2660769995904481
CUST03370,109,6,9496.9,1,Low Spenders,-1.3807329881131396,-0.3527659773794922
CUST03371,263,7,9877.21,3,Lost Customers,-1.7752405167330543,1.240396619385518
CUST03372,36,10,11103.69,2,Potential Loyalists,-0.06240374622904634,-0.6945093318146434
CUST03373,113,10,15436.1,2,Potential Loyalists,0.10787014223978561,0.3165343112613058
CUST03374,63,17,17797.71,0,Champions,2.0379809720226993,0.44971481618535786
CUST03375,1,13,15845.62,2,Potential Loyalists,1.2459635447848443,-0.5458705053743328
CUST03376,33,12,17276.71,2,Potential Loyalists,1.067279602371348,-0.21630588054680966
CUST03377,1,12,10114.48,2,Potential Loyalists,0.3865425953234528,-0.9583705614513712
CUST03378,48,8,9708.14,1,Low Spenders,-0.6862893507591693,-0.798125761318608
CUST03379,22,12,17922.69,2,Potential Loyalists,1.1868543435215075,-0.2848031058939707
CUST03380,8,8,12098.24,1,Low Spenders,-0.24679847869380345,-1.0447402478844519
CUST03381,46,9,13436.48,2,Potential Loyalists,-0.04633574076151225,-0.5253682830637647
CUST03382,180,10,13654.5,4,Lost Customers,-0.37551424642893966,0.8629996285937913
CUST03383,19,9,14615.46,2,Potential Loyalists,0.20090863123002467,-0.7179083644879315
CUST03384,49,10,10143.58,2,Potential Loyalists,-0.2260943473775801,-0.6253656273283836
CUST03385,37,9,19001.15,2,Potential Loyalists,0.6244296182766619,-0.2790684735317401
CUST03386,23,10,16500.74,2,Potential Loyalists,0.6060508490934192,-0.49728286366255137
CUST03387,13,7,8118.06,1,Low Spenders,-0.9279711788413738,-1.3033591051648767
CUST03388,41,8,11123.99,1,Low Spenders,-0.4958894834067113,-0.781393772889219
CUST03389,53,13,17545.82,0,Champions,1.2215264492279858,0.06333473654014396
CUST03390,50,11,10513.37,2,Potential Loyalists,0.01920844962962572,-0.524979798474041
CUST03391,189,12,14735.09,4,Lost Customers,0.12455888227235036,1.1525117860071201
CUST03392,147,9,9838.48,4,Lost Customers,-0.8788070666730515,0.24363790559425613
CUST03393,455,11,16967.93,3,Lost Customers,-0.9432786166725834,3.8123136259748343
CUST03394,7,12,12484.01,2,Potential Loyalists,0.6309722463894958,-0.7576011416217792
CUST03395,14,10,15942.87,2,Potential Loyalists,0.5802916337876389,-0.6185476452192533
CUST03396,97,10,12528.58,2,Potential Loyalists,-0.15586750698917728,-0.014058984164823988
CUST03397,1,16,20310.94,0,Champions,2.3762269624250316,-0.07249745951994702
CUST03398,37,8,9929.67,1,Low Spenders,-0.6150017348185292,-0.8921046969833184
CUST03399,91,7,14438.72,1,Low Spenders,-0.5356956279135827,-0.1631989715595624
CUST03400,83,11,13359.61,2,Potential Loyalists,0.20475162795763452,-0.0322715153716223
CUST03401,23,12,22466.77,0,Champions,1.6996174224588418,-0.002248237037587461
CUST03402,34,11,16287.9,2,Potential Loyalists,0.743175442703192,-0.33434919694533216
CUST03403,498,6,11311.01,3,Lost Customers,-2.804102733422454,3.5498982928599068
CUST03404,39,9,13367.81,2,Potential Loyalists,-0.024820790633782498,-0.5977589441822816
CUST03405,79,10,17014.62,2,Potential Loyalists,0.4298949017353017,0.07971239564235845
CUST03406,26,16,18855.55,0,Champions,2.105916264258634,0.08394327620621944
CUST03407,52,9,13342.29,2,Potential Loyalists,-0.08218870513002532,-0.47250744927152255
CUST03408,59,11,15007.11,2,Potential Loyalists,0.4927279370484733,-0.16742641004365832
CUST03409,105,9,14354.33,2,Potential Loyalists,-0.18910321652221126,0.10513692586052117
CUST03410,13,10,9163.67,2,Potential Loyalists,-0.1867476126565892,-1.0352871774398993
CUST03411,37,9,8745.87,1,Low Spenders,-0.5422519447311858,-0.8947406944891195
CUST03412,331,7,10641.3,3,Lost Customers,-1.9732066448116041,1.9494441466475683
CUST03413,35,9,12417.12,2,Potential Loyalists,-0.11621672136048956,-0.6938436247031342
CUST03414,58,11,11755.34,2,Potential Loyalists,0.12698319897464275,-0.3723978908437981
CUST03415,206,6,3798.87,3,Lost Customers,-2.4353537480811283,0.2511552976645614
CUST03416,150,6,8061.32,1,Low Spenders,-1.7158234462596251,-0.03909462663970899
CUST03417,167,10,19288.83,4,Lost Customers,0.3199342682473127,1.0744711202448778
CUST03418,1,16,21854.39,0,Champions,2.5518159915324246,0.02016303238633614
CUST03419,56,10,9947.34,2,Potential Loyalists,-0.27774651588027466,-0.5688787472917894
CUST03420,131,9,8601.17,1,Low Spenders,-0.952534963525547,0.013315095241690954
CUST03421,12,9,12117.24,2,Potential Loyalists,-0.05397171856635447,-0.9361562274017188
CUST03422,19,10,12654.48,2,Potential Loyalists,0.1852433242026683,-0.767202097002787
CUST03423,101,14,19785.49,0,Champions,1.4826435695525475,0.7343495728292271
CUST03424,85,10,10885.9,2,Potential Loyalists,-0.292470268289005,-0.2297077114596446
CUST03425,68,7,9113.26,1,Low Spenders,-1.0451806538871629,-0.707220547606411
CUST03426,6,10,22089.31,2,Potential Loyalists,1.3130518797760318,-0.3275688900451931
CUST03427,162,13,17298.75,4,Lost Customers,0.7367535752927941,1.1115335238198067
CUST03428,71,6,8599.11,1,Low Spenders,-1.323664776524557,-0.7772626474848005
CUST03429,7,8,13037.57,2,Potential Loyalists,-0.13574696169491138,-0.9981004762122582
CUST03430,91,9,13383.62,2,Potential Loyalists,-0.24088081193374952,-0.08967547878277059
CUST03431,50,14,21998.6,0,Champions,1.948084832588597,0.36983113894653485
CUST03432,169,8,12069.42,4,Lost Customers,-0.9246009919583765,0.5236954208312036
CUST03433,13,9,18911.06,2,Potential Loyalists,0.7147307573997567,-0.5185389884904317
CUST03434,57,6,10824.61,1,Low Spenders,-1.0118287720635113,-0.7801916799192217
CUST03435,137,10,15310.99,4,Lost Customers,-0.006913007355893949,0.5430853679555687
CUST03436,269,13,23984.95,4,Lost Customers,1.049116332729139,2.556463633895357
CUST03437,289,9,9406.16,3,Lost Customers,-1.5229111578542858,1.6025505125282318
CUST03438,119,17,21428.34,0,Champions,2.216398937956536,1.2138230938251073
CUST03439,27,14,19578.21,0,Champions,1.7690921586763169,0.0002144449640135844
CUST03440,145,9,13219.58,4,Lost Customers,-0.4857804647643462,0.42711591954648714
CUST03441,121,12,19641.22,0,Champions,0.967591857106753,0.7838739736155509
CUST03442,1,9,12439.03,2,Potential Loyalists,0.028721874929960967,-1.0241160883192562
CUST03443,110,10,11349.76,2,Potential Loyalists,-0.3444394302123346,0.04195454040966469
CUST03444,201,3,5941.35,3,Lost Customers,-2.792939532796185,0.1257163455896504
CUST03445,29,15,21219.2,0,Champions,2.154822149697469,0.18666891328587953
CUST03446,87,12,9758.31,2,Potential Loyalists,-0.014281381960913461,-0.14103096493865874
CUST03447,17,12,13851.1,2,Potential Loyalists,0.7446019679855943,-0.5780025316059215
CUST03448,518,3,1974.79,3,Lost Customers,-4.572290946740541,2.9791540950221824
CUST03449,178,8,11819.74,4,Lost Customers,-0.9907118861188408,0.5964792148347492
CUST03450,44,8,12568.3,1,Low Spenders,-0.34414778330070195,-0.6654273678292506
CUST03451,195,8,12843.01,4,Lost Customers,-0.9455236225493404,0.8237047901536307
CUST03452,114,10,13976.18,2,Potential Loyalists,-0.06240576988885964,0.23864109731272343
CUST03453,7,10,12038.97,2,Potential Loyalists,0.16549551967386691,-0.9211850252944803
CUST03454,40,10,6556.86,1,Low Spenders,-0.596427621325964,-0.9284663808377535
CUST03455,5,11,13078.92,2,Potential Loyalists,0.49960715878680234,-0.8098241195466391
CUST03456,272,8,9560.8,3,Lost Customers,-1.6415192814074284,1.3776073305832863
CUST03457,32,12,16367.64,2,Potential Loyalists,0.9680497617609202,-0.2806341695436196
CUST03458,136,8,9077.6,1,Low Spenders,-1.126705931831919,0.022247292309939756
CUST03459,231,7,11108.75,4,Lost Customers,-1.501068764280635,1.0022490444113088
CUST03460,70,12,22462.43,0,Champions,1.5022130019661244,0.4558626148750473
CUST03461,20,16,21926.31,0,Champions,2.480395705915166,0.20977980247972958
CUST03462,6,13,18359.68,0,Champions,1.5110250942456418,-0.34617685954433014
CUST03463,84,10,13521.96,2,Potential Loyalists,0.011608022079537081,-0.0812053356006306
CUST03464,154,6,6764.99,1,Low Spenders,-1.8800574745111118,-0.0779090219057339
CUST03465,42,5,10577.91,1,Low Spenders,-1.184474113111841,-1.00972400519366
CUST03466,278,9,10689.65,4,Lost Customers,-1.3308107359588777,1.5723259815962933
CUST03467,61,12,21192.46,0,Champions,1.3954424499617957,0.291847153810448
CUST03468,63,7,13163.12,1,Low Spenders,-0.563504479457587,-0.512851505280989
CUST03469,34,5,10521.27,1,Low Spenders,-1.1574009931563523,-1.0911450324123086
CUST03470,8,9,13559.43,2,Potential Loyalists,0.126855925147638,-0.8885851770127869
CUST03471,10,17,27772.71,0,Champions,3.394824983148655,0.5316736228823392
CUST03472,2,8,9713.76,1,Low Spenders,-0.4929289013981601,-1.2464071858416146
CUST03473,165,11,16175.07,4,Lost Customers,0.1815032878431478,0.9364654693591722
CUST03474,57,7,6421.02,1,Low Spenders,-1.3053751367137312,-0.9761266668545031
CUST03475,124,7,10121.4,1,Low Spenders,-1.1651076119507648,-0.10055255855346926
CUST03476,7,19,21777.45,0,Champions,3.1401962574305395,0.2793585536581669
CUST03477,28,15,28795.56,0,Champions,3.0209286758360405,0.6317605069132763
CUST03478,80,15,20423.05,0,Champions,1.8505799087768164,0.6362540552650611
CUST03479,142,11,18061.67,4,Lost Customers,0.4924909777102246,0.8254174442907344
CUST03480,30,11,15296.81,2,Potential Loyalists,0.6471834468134159,-0.43285927762363346
CUST03481,158,10,13261.38,4,Lost Customers,-0.3280661870242672,0.6248419774709234
CUST03482,7,15,17818.19,0,Champions,1.8600806436728525,-0.23206638337133695
CUST03483,18,9,10251.74,1,Low Spenders,-0.29133597461792565,-0.9896353825423987
CUST03484,36,10,9287.87,2,Potential Loyalists,-0.26897867307072293,-0.803521463346774
CUST03485,191,6,7349.02,1,Low Spenders,-1.9686306863084753,0.3179985910772855
CUST03486,14,12,22463.77,0,Champions,1.7369824318320721,-0.0902015882635113
CUST03487,8,10,11816.73,2,Potential Loyalists,0.13602302167955566,-0.9247745445185374
CUST03488,76,10,14333.51,2,Potential Loyalists,0.13744989980544114,-0.11050487364365605
CUST03489,28,18,24451.14,0,Champions,3.148960927394682,0.576243830414195
CUST03490,9,15,30607.52,0,Champions,3.306666665398898,0.5552418271321111
CUST03491,166,9,5665.71,1,Low Spenders,-1.43312021954345,0.17842616592725488
CUST03492,134,15,15085.55,0,Champions,1.0171268084578453,0.8424585551152756
CUST03493,58,12,23208.84,0,Champions,1.6374026495879856,0.383642087138607
CUST03494,9,12,13756.56,2,Potential Loyalists,0.7673634327509762,-0.6616988723386126
CUST03495,105,8,9111.85,1,Low Spenders,-0.9929322550285222,-0.27802659454971584
CUST03496,22,7,12876.24,1,Low Spenders,-0.4243679421224784,-0.9299301519415321
CUST03497,61,7,8945.99,1,Low Spenders,-1.0348828330930617,-0.7855306259408787
CUST03498,4,11,10379.87,2,Potential Loyalists,0.19674205281523519,-0.9816132445293305
CUST03499,114,11,13143.06,2,Potential Loyalists,0.050238775925835054,0.2570580534508339
CUST03500,119,7,8862.72,1,Low Spenders,-1.2873521246686561,-0.22487989622362886
CUST03501,22,12,12032.43,2,Potential Loyalists,0.5167548685854157,-0.6384228467705155
CUST03502,4,13,23468.4,0,Champions,2.1005926391499177,-0.05898177083934862
CUST03503,223,10,8899.25,4,Lost Customers,-1.0966427846285034,0.9968808943831271
CUST03504,44,8,7874.01,1,Low Spenders,-0.8781889400913608,-0.9472474595398637
CUST03505,88,10,20005.89,2,Potential Loyalists,0.7324874083235526,0.34706551242517675
CUST03506,45,13,18129.49,0,Champions,1.321443789098441,0.020354500777332522
CUST03507,10,15,25245.12,0,Champions,2.6924290607560684,0.24306456351918487
CUST03508,17,11,13796.61,2,Potential Loyalists,0.5309793677305141,-0.6497068499656368
CUST03509,31,3,4499.57,1,Low Spenders,-2.244732040686102,-1.6187795374972598
CUST03510,121,11,20754.14,0,Champions,0.8867784754659855,0.7822547146074919
CUST03511,40,12,18101.47,2,Potential Loyalists,1.1317804668264093,-0.09852361534301515
CUST03512,211,11,15073.15,4,Lost Customers,-0.13657662286123773,1.3189308990155757
CUST03513,18,11,16678.55,2,Potential Loyalists,0.8546507696841028,-0.4669379864979022
CUST03514,290,8,6337.05,3,Lost Customers,-2.0836785442237336,1.3596170984183222
CUST03515,96,14,17541.23,0,Champions,1.2482755443738285,0.55085327755565
CUST03516,7,10,14252.43,2,Potential Loyalists,0.4173075591750167,-0.7883007126086911
CUST03517,481,6,7264.37,3,Lost Customers,-3.193241628973825,3.1411657355107043
CUST03518,75,7,11034.43,1,Low Spenders,-0.855947814049915,-0.5236156837237038
CUST03519,118,7,6386.54,1,Low Spenders,-1.5648626503705907,-0.3832890971199207
CUST03520,51,14,17944.5,0,Champions,1.4826846549963375,0.1361972175610797
CUST03521,209,7,7770.16,4,Lost Customers,-1.7887091221003313,0.587261111066665
CUST03522,39,9,12684.75,2,Potential Loyalists,-0.102528421086402,-0.6387662172403695
CUST03523,28,9,7508.31,1,Low Spenders,-0.6453354058460328,-1.0568104323085974
CUST03524,341,8,6669.59,3,Lost Customers,-2.259516508191311,1.8769627578160806
CUST03525,315,7,7099.03,3,Lost Customers,-2.3091559861756656,1.5807438524605375
CUST03526,13,9,14406.5,2,Potential Loyalists,0.20227404227714363,-0.7889687046596414
CUST03527,375,4,7055.08,3,Lost Customers,-3.1878020572254298,1.9579612213216084
CUST03528,79,10,13019.74,2,Potential Loyalists,-0.024578583379564912,-0.16011885636228848
CUST03529,38,5,11484.34,1,Low Spenders,-1.0645966642435365,-0.9943171228333071
CUST03530,19,13,18923.36,0,Champions,1.5206869221771262,-0.1855529445155357
CUST03531,158,9,13466.61,4,Lost Customers,-0.512142004008252,0.5687298603214189
CUST03532,22,10,14529.17,2,Potential Loyalists,0.3859467699740635,-0.6253979761071089
CUST03533,139,9,11577.71,4,Lost Customers,-0.6474286114601243,0.2700313184933542
CUST03534,18,8,9679.02,1,Low Spenders,-0.5639144869882826,-1.0924514613871268
CUST03535,23,10,13021.27,2,Potential Loyalists,0.21021246164432805,-0.7061716529159481
CUST03536,57,7,9395.55,1,Low Spenders,-0.9669807379636502,-0.7975517774897707
CUST03537,111,5,5729.82,1,Low Spenders,-2.0250938150518185,-0.6278491982605622
CUST03538,33,9,15866.45,2,Potential Loyalists,0.2845719975302995,-0.506269446079054
CUST03539,5,9,9061.37,1,Low Spenders,-0.3722925569316782,-1.1878824169937519
CUST03540,67,12,16004.45,2,Potential Loyalists,0.7800962022035912,0.03890224923600319
CUST03541,103,7,5679.86,1,Low Spenders,-1.5824135506797818,-0.572003134207973
CUST03542,155,14,19537.81,0,Champions,1.228228696666528,1.2461196724166783
CUST03543,19,11,17809.89,2,Potential Loyalists,0.9791669321706523,-0.3892657942091103
CUST03544,168,11,13102.9,4,Lost Customers,-0.18056779392453945,0.7812865451341687
CUST03545,71,12,22287.88,0,Champions,1.4781659086160397,0.455136148460612
CUST03546,11,7,6340.35,1,Low Spenders,-1.121831381979485,-1.4295884819613274
CUST03547,30,13,25180.09,0,Champions,2.1863920068132834,0.29734611055492005
CUST03548,77,7,6551.82,1,Low Spenders,-1.3742865876856498,-0.7732224731073968
CUST03549,221,16,25403.86,0,Champions,2.033908269894157,2.3788225138599954
CUST03550,236,14,15081.82,4,Lost Customers,0.3819407864315592,1.768565064840094
CUST03551,37,22,35527.03,0,Champions,5.20098645816433,1.6026864583238343
CUST03552,53,10,16274.54,2,Potential Loyalists,0.4546297636038509,-0.21828521231184816
CUST03553,130,9,15683.88,4,Lost Customers,-0.14258803064808798,0.42877058026204734
CUST03554,127,3,1352.86,1,Low Spenders,-3.004914870729074,-0.8714432234590977
CUST03555,148,14,19680.5,0,Champions,1.2737888035483724,1.1864179364783174
CUST03556,59,13,16837.62,2,Potential Loyalists,1.1158212578600684,0.07933369036518463
CUST03557,35,11,15317.59,2,Potential Loyalists,0.6285995173193527,-0.3828488423026188
CUST03558,29,12,17888.71,2,Potential Loyalists,1.1536615199039506,-0.21857500235372315
CUST03559,7,11,19166.72,2,Potential Loyalists,1.1838003940707442,-0.4248399663982809
CUST03560,147,10,9693.14,4,Lost Customers,-0.6879179243767846,0.303345498373206
CUST03561,16,8,5160.14,1,Low Spenders,-1.0696211243602927,-1.3832460399061766
CUST03562,20,10,13828.13,2,Potential Loyalists,0.3145728410716298,-0.6869898383609842
CUST03563,78,10,10454.44,2,Potential Loyalists,-0.3122277557976553,-0.32387834592273385
CUST03564,144,6,9953.68,1,Low Spenders,-1.4754034894585482,0.015997059397730037
CUST03565,11,11,14512.9,2,Potential Loyalists,0.6376049097709369,-0.6652201234126143
CUST03566,41,4,5050.74,1,Low Spenders,-2.0165010326613286,-1.4197313752366556
CUST03567,24,13,17916.53,0,Champions,1.385197979756795,-0.1972347234468881
CUST03568,120,8,11178.93,1,Low Spenders,-0.8206168238322293,-0.007641409585601799
CUST03569,124,9,10659.9,4,Lost Customers,-0.6889985028059178,0.06864216419633923
CUST03570,88,8,14832.13,2,Potential Loyalists,-0.2709473693303702,-0.10040545621113148
CUST03571,16,8,10854.06,1,Low Spenders,-0.4218580710607591,-1.041413503656202
CUST03572,129,8,9183.83,1,Low Spenders,-1.085293659995755,-0.0396433072358608
CUST03573,25,11,16208.58,2,Potential Loyalists,0.7718579844218328,-0.4268843932211685
CUST03574,178,11,8528.03,4,Lost Customers,-0.7429191455053907,0.6041616224878358
CUST03575,48,13,16505.7,2,Potential Loyalists,1.1241461939863404,-0.047871426416848765
CUST03576,12,7,8496.73,1,Low Spenders,-0.880702580018873,-1.2903783644895905
CUST03577,49,12,12321.34,2,Potential Loyalists,0.4365035186784625,-0.3577584921503825
CUST03578,160,12,20156.96,0,Champions,0.8628705244122243,1.195186985903687
CUST03579,2,13,28417.24,0,Champions,2.6719715974633163,0.21861497684650277
CUST03580,39,10,11463.04,2,Potential Loyalists,-0.03409142382905705,-0.6436781286067861
CUST03581,196,10,11642.62,4,Lost Customers,-0.6714271655960427,0.8982584305904162
CUST03582,61,7,12063.59,1,Low Spenders,-0.6802122204103008,-0.5983665781472811
CUST03583,61,7,9967.68,1,Low Spenders,-0.9186513029827685,-0.7241938168600984
CUST03584,69,7,7844.33,1,Low Spenders,-1.1937287817213893,-0.7736477423453131
CUST03585,27,12,14866.36,2,Potential Loyalists,0.8182061052667787,-0.41952591508994247
CUST03586,6,16,24964.78,0,Champions,2.884718420663838,0.2556571454413696
CUST03587,135,12,13764.11,4,Lost Customers,0.24033413209833215,0.5675798508781801
CUST03588,0,11,14244.68,2,Potential Loyalists,0.6531766120082853,-0.7886010325206511
CUST03589,15,4,7854.43,1,Low Spenders,-1.5886127588391012,-1.5049799654690514
CUST03590,183,7,9927.05,4,Lost Customers,-1.43440339648288,0.4631821044521486
CUST03591,133,7,10145.61,1,Low Spenders,-1.200059687113384,-0.011325872244884965
CUST03592,97,7,5623.79,1,Low Spenders,-1.563654763326188,-0.6338847756155173
CUST03593,36,14,14063.07,2,Potential Loyalists,1.1039615300224697,-0.24311184798884206
CUST03594,3,11,15099.66,2,Potential Loyalists,0.7378737803679732,-0.7080148520841755
CUST03595,353,4,3197.99,3,Lost Customers,-3.5344290434374828,1.511845318134464
CUST03596,216,12,11325.99,4,Lost Customers,-0.3763928372801562,1.2111673773538367
CUST03597,225,12,22899.36,4,Lost Customers,0.902533600891596,1.9937439270881032
CUST03598,99,13,13923.05,2,Potential Loyalists,0.6166645863869121,0.29446180018407314
CUST03599,94,8,11838.47,1,Low Spenders,-0.6366556074207481,-0.2216133104019862
CUST03600,32,11,10959.07,2,Potential Loyalists,0.1453256622908936,-0.6737688461952086
CUST03601,234,7,16297.99,4,Lost Customers,-0.9232888881565182,1.3430410388681455
CUST03602,114,11,10717.11,2,Potential Loyalists,-0.22574697363720822,0.1114169764220688
CUST03603,250,6,9122.65,3,Lost Customers,-2.0140412154045437,0.999880259079325
CUST03604,168,10,20629.13,4,Lost Customers,0.4682225539139334,1.1646881545361554
CUST03605,20,12,17337.43,2,Potential Loyalists,1.1286520092868988,-0.3394441555184055
CUST03606,63,18,42239.44,0,Champions,5.0259932798866895,1.9854987319642214
CUST03607,442,5,2932.28,3,Lost Customers,-3.730107096889384,2.4323064287168354
CUST03608,6,3,10388.26,1,Low Spenders,-1.470071449266405,-1.5090686267378743
CUST03609,194,8,13875.61,4,Lost Customers,-0.8238613382791752,0.8759439943180326
CUST03610,101,8,11918.11,1,Low Spenders,-0.6569225665871197,-0.1485640690922017
CUST03611,38,9,7604.53,1,Low Spenders,-0.6762849251853142,-0.9535080672951294
CUST03612,175,8,8438.28,4,Lost Customers,-1.3628314978743272,0.3642166732648477
CUST03613,8,12,20763.4,0,Champions,1.5686790917689792,-0.25079821677235525
CUST03614,93,11,12047.07,2,Potential Loyalists,0.013535951214270783,-0.013543574264270714
CUST03615,120,9,14106.62,4,Lost Customers,-0.2801275298511711,0.23655448630829518
CUST03616,45,13,18242.2,0,Champions,1.334266128319468,0.027121007008669526
CUST03617,63,8,10024.89,1,Low Spenders,-0.7130984427528356,-0.6328210381759488
CUST03618,15,10,13119.03,2,Potential Loyalists,0.2548507415299613,-0.7783233290378136
CUST03619,24,12,12610.37,2,Potential Loyalists,0.5741244504191914,-0.5842212508379746
CUST03620,54,6,7578.36,1,Low Spenders,-1.3685663548413114,-1.004336935467128
CUST03621,52,13,16656.66,2,Potential Loyalists,1.1245616496422288,0.00020173757142310137
CUST03622,27,12,15467.56,2,Potential Loyalists,0.8866010155647244,-0.3834330790835559
CUST03623,56,14,16968.14,0,Champions,1.3506621013264695,0.12634469463956535
CUST03624,219,10,12745.91,4,Lost Customers,-0.6422730418391589,1.1888034773606757
CUST03625,63,11,15785.36,2,Potential Loyalists,0.5645064054801409,-0.08169410583840982
CUST03626,62,18,29964.33,0,Champions,3.633717387641424,1.2388141259979661
CUST03627,13,12,15510.76,2,Potential Loyalists,0.9501698664276211,-0.5173757442803484
CUST03628,52,6,7835.94,1,Low Spenders,-1.3308838484313419,-1.0083783744800814
CUST03629,16,9,11890.62,2,Potential Loyalists,-0.09651126994689033,-0.9107509493404119
CUST03630,106,15,26136.49,0,Champions,2.3916343201607493,1.232825626760058
CUST03631,93,9,12955.21,2,Potential Loyalists,-0.2979976206161713,-0.0958897602870681
CUST03632,50,6,6972.27,1,Low Spenders,-1.4207592148949113,-1.0797336730608338
CUST03633,181,11,8526.47,4,Lost Customers,-0.7556653844421143,0.6333257175069622
CUST03634,101,13,15984.75,2,Potential Loyalists,0.8428326248136355,0.43774041932492447
CUST03635,42,12,16183.0,2,Potential Loyalists,0.9051484884191753,-0.1941931383970074
CUST03636,15,9,6778.57,1,Low Spenders,-0.673888881821557,-1.227403702539023
CUST03637,44,12,22011.5,0,Champions,1.5598427213074795,0.17522402809723228
CUST03638,45,8,5324.13,1,Low Spenders,-1.1724630498719506,-1.0905760486273701
CUST03639,592,8,14295.03,3,Lost Customers,-2.4436028830055254,4.782651775534243
CUST03640,75,17,17391.43,0,Champions,1.941485870042289,0.5423549319305346
CUST03641,102,10,14131.3,2,Potential Loyalists,0.005516368567877799,0.13092267702435958
CUST03642,17,13,15619.67,2,Potential Loyalists,1.153225146822682,-0.4033940077541449
CUST03643,62,13,12178.34,2,Potential Loyalists,0.5731942112171768,-0.17112683890655225
CUST03644,124,6,11782.1,1,Low Spenders,-1.183603355595842,-0.06928603295145093
CUST03645,137,12,9571.91,4,Lost Customers,-0.24496644143822383,0.3354077263391556
CUST03646,164,8,16078.98,4,Lost Customers,-0.44750950629295094,0.7156450664649132
CUST03647,157,9,13348.28,4,Lost Customers,-0.521414107810633,0.5518733762875
CUST03648,106,4,4907.96,1,Low Spenders,-2.3050675424983695,-0.7943852267816249
CUST03649,87,10,8687.01,1,Low Spenders,-0.551003944543461,-0.3422121531312529
CUST03650,50,13,20965.48,0,Champions,1.6231293795975246,0.23937510385207225
CUST03651,3,13,21382.47,0,Champions,1.86747851022738,-0.19396244669989132
CUST03652,16,8,9118.3,1,Low Spenders,-0.6193250529282949,-1.145619260519884
CUST03653,59,9,17856.67,2,Potential Loyalists,0.40205804910132775,-0.13322011156958438
CUST03654,8,9,19095.7,2,Potential Loyalists,0.7566840855521766,-0.5562171044960238
CUST03655,111,17,19595.9,0,Champions,2.041449965917527,1.0257925220619786
CUST03656,2,5,8697.58,1,Low Spenders,-1.2308043933812338,-1.5127122936004112
CUST03657,11,9,12324.02,2,Potential Loyalists,-0.02625801184484132,-0.9334948439804872
CUST03658,51,14,21581.89,0,Champions,1.8964886516175037,0.3545666799051758
CUST03659,49,8,14627.96,2,Potential Loyalists,-0.1307805905255108,-0.4930134703048069
CUST03660,332,9,18420.99,4,Lost Customers,-0.6775004638590092,2.5631138129729645
CUST03661,41,8,11203.88,1,Low Spenders,-0.4868008783107318,-0.776597604112522
CUST03662,53,7,7208.9,1,Low Spenders,-1.1989844087632933,-0.9678368931244851
CUST03663,198,9,9976.18,4,Lost Customers,-1.0768108062934092,0.7492864123514885
CUST03664,86,4,6982.38,1,Low Spenders,-1.985281467296185,-0.8648997934196099
CUST03665,143,13,14231.97,4,Lost Customers,0.4674666402598432,0.7421213597774995
CUST03666,25,16,16361.58,0,Champions,1.8263818771891005,-0.0755339412445528
CUST03667,124,7,6462.36,1,Low Spenders,-1.5813745989377836,-0.3202217712294653
CUST03668,172,11,14904.37,4,Lost Customers,0.007616263520874399,0.9284475114459624
CUST03669,9,13,23591.59,0,Champions,2.093659279788277,-0.002823186257831666
CUST03670,27,5,4852.39,1,Low Spenders,-1.7729882729016417,-1.4997423820393525
CUST03671,113,13,14981.28,2,Potential Loyalists,0.6783988061319107,0.49452843803973856
CUST03672,95,11,12027.57,2,Potential Loyalists,0.0029383753494357507,0.004790915973566878
CUST03673,14,8,7408.19,1,Low Spenders,-0.8054948103975087,-1.2677902944786237
CUST03674,300,6,8265.8,3,Lost Customers,-2.320999341430852,1.4360687143283932
CUST03675,88,7,8368.26,1,Low Spenders,-1.2137266065871934,-0.5568947067774572
CUST03676,643,5,8760.14,3,Lost Customers,-3.9092138914892933,4.74244919564296
CUST03677,130,9,15025.05,4,Lost Customers,-0.21753915964275808,0.38921794695185485
CUST03678,185,9,8242.72,4,Lost Customers,-1.2195514734935748,0.5184351558330884
CUST03679,52,6,9371.69,1,Low Spenders,-1.1561708020406727,-0.9161801494354901
CUST03680,59,6,7610.22,1,Low Spenders,-1.3858897793352063,-0.9536613161425361
CUST03681,13,8,12444.6,2,Potential Loyalists,-0.22834312858905564,-0.9751837288193266
CUST03682,37,10,20928.49,2,Potential Loyalists,1.0511151056766321,-0.09492824713050575
CUST03683,116,16,24135.13,0,Champions,2.3294793328714576,1.278633525062941
CUST03684,50,11,10196.12,2,Potential Loyalists,-0.01688317593927535,-0.5440257935223213
CUST03685,44,10,15755.17,2,Potential Loyalists,0.4332504618816881,-0.33723865956009047
CUST03686,322,12,24689.44,4,Lost Customers,0.6997901059787488,3.0472113202755096
CUST03687,45,8,11529.57,1,Low Spenders,-0.4665074408245704,-0.7180345844432854
CUST03688,25,6,10693.56,1,Low Spenders,-0.8926706936345093,-1.1001418786691168
CUST03689,27,8,9501.33,1,Low Spenders,-0.6218355115673279,-1.0153457724000485
CUST03690,36,9,11939.65,2,Potential Loyalists,-0.17472520231445618,-0.7127557895258442
CUST03691,34,12,23918.65,0,Champions,1.8187036036600606,0.19219329460424792
CUST03692,15,13,12509.12,2,Potential Loyalists,0.8077357483394043,-0.6096399772697444
CUST03693,4,12,19364.32,0,Champions,1.4262725259316664,-0.37380183730801814
CUST03694,257,12,18336.34,4,Lost Customers,0.24935939374955537,2.031887241752005
CUST03695,70,10,11285.02,2,Potential Loyalists,-0.18422094935756325,-0.3520354244361494
CUST03696,81,9,16249.47,2,Potential Loyalists,0.12704560685036947,-0.015150986262244103
CUST03697,19,7,12327.79,1,Low Spenders,-0.47419303487732706,-0.9921139088566542
CUST03698,97,9,13091.75,2,Potential Loyalists,-0.29922264168432855,-0.048682296057964536
CUST03699,8,19,17715.17,0,Champions,2.6738654904067474,0.045233548775485646
CUST03700,90,9,11394.05,1,Low Spenders,-0.4630326428584331,-0.2188712150598546
CUST03701,98,11,21202.0,0,Champions,1.034089363533218,0.5848324266052073
CUST03702,63,10,12789.37,2,Potential Loyalists,0.016247031037755936,-0.32999036883017135
CUST03703,139,8,6205.89,1,Low Spenders,-1.4659718843276066,-0.12089708450015961
CUST03704,21,15,13664.47,2,Potential Loyalists,1.3288826399857507,-0.34489737795660086
CUST03705,17,10,13903.66,2,Potential Loyalists,0.3357342022883583,-0.711713169775
CUST03706,18,14,19558.42,0,Champions,1.804547070671133,-0.08874688815902815
CUST03707,62,18,26561.16,0,Champions,3.2465591925671387,1.0345059811013348
CUST03708,7,14,17990.3,0,Champions,1.6722369633670646,-0.2901668483726903
CUST03709,32,7,5693.24,1,Low Spenders,-1.2834305668160735,-1.2636332654949463
CUST03710,174,12,19126.24,4,Lost Customers,0.6869574589494819,1.2698442262617788
CUST03711,356,10,13900.13,3,Lost Customers,-1.0849380684296994,2.5942005544456688
CUST03712,249,8,9514.03,4,Lost Customers,-1.5504794753107098,1.1504901000097458
CUST03713,67,12,10490.17,2,Potential Loyalists,0.152769711921228,-0.29214566116535673
CUST03714,32,5,7956.32,1,Low Spenders,-1.4408207591403632,-1.2646360928708813
CUST03715,406,12,14687.14,3,Lost Customers,-0.7900369222257694,3.2659436413068534
CUST03716,7,15,16592.05,0,Champions,1.720590065973712,-0.3056772781498979
CUST03717,22,8,13907.1,2,Potential Loyalists,-0.09966959574696344,-0.7996097951727087
CUST03718,9,17,29494.6,0,Champions,3.594903647524062,0.6252941160201981
CUST03719,76,11,13158.67,2,Potential Loyalists,0.21121901523588102,-0.1126029606194884
CUST03720,33,19,29560.99,0,Champions,3.9167535028260785,1.0002078693594525
CUST03721,161,8,10119.38,4,Lost Customers,-1.112928609125527,0.32860477336223465
CUST03722,50,17,25724.1,0,Champions,2.994183375750032,0.7987893445909325
CUST03723,544,5,2633.83,3,Lost Customers,-4.19139804132384,3.4091525541037813
CUST03724,13,17,21718.45,0,Champions,2.6934994468726496,0.19746594728294234
CUST03725,16,11,9463.27,2,Potential Loyalists,0.04219091187400023,-0.9196100151294286
CUST03726,286,11,11006.14,4,Lost Customers,-0.9134750823558845,1.8062130742906661
CUST03727,60,15,19445.72,0,Champions,1.8231867299840647,0.382528723020805
CUST03728,72,14,22220.28,0,Champions,1.88113307487807,0.5976964484111611
CUST03729,127,5,8857.76,1,Low Spenders,-1.736280307326726,-0.2840230636585712
CUST03730,122,5,7645.59,1,Low Spenders,-1.8532336569076289,-0.40555818941479693
CUST03731,16,10,15084.19,2,Potential Loyalists,0.47422559347864196,-0.6505930387469505
CUST03732,87,11,8924.19,2,Potential Loyalists,-0.3165978011041963,-0.2595401032179668
CUST03733,66,8,12021.99,1,Low Spenders,-0.49846914706532003,-0.48366807487251656
CUST03734,3,11,6877.91,2,Potential Loyalists,-0.19746529771275886,-1.2016047962550158
CUST03735,24,9,7262.52,1,Low Spenders,-0.6565391005963226,-1.1105766828545633
CUST03736,5,14,11841.9,2,Potential Loyalists,0.9811496303385194,-0.6787891017572211
CUST03737,198,9,16587.52,4,Lost Customers,-0.3246783940358889,1.1461959439590468
CUST03738,27,17,23920.48,0,Champions,2.885356917447306,0.46620022622993335
CUST03739,25,6,7816.22,1,Low Spenders,-1.2200083702757125,-1.2728819996847796
CUST03740,255,5,4540.04,3,Lost Customers,-2.7637487555567573,0.7050947231639575
CUST03741,81,13,22638.15,0,Champions,1.6835417312135719,0.6421233480570729
CUST03742,36,15,19735.97,0,Champions,1.9567568647537341,0.16589178964339937
CUST03743,234,6,6273.68,3,Lost Customers,-2.271117983066732,0.6728019928417744
CUST03744,32,10,6797.12,1,Low Spenders,-0.5355779729814863,-0.9920631182854508
CUST03745,19,10,14687.86,2,Potential Loyalists,0.4165687445314061,-0.6451288254148522
CUST03746,38,10,13086.27,2,Potential Loyalists,0.15476328537336978,-0.5559806547643198
CUST03747,11,3,4248.38,1,Low Spenders,-2.18951663637215,-1.828911303644248
CUST03748,83,11,15420.38,2,Potential Loyalists,0.43919304395014575,0.09144610548147365
CUST03749,81,7,10955.79,1,Low Spenders,-0.8900317483866034,-0.4698213110094735
CUST03750,84,11,18814.15,2,Potential Loyalists,0.8210922684882284,0.3049425076271008
CUST03751,293,11,13144.67,4,Lost Customers,-0.6995145018294123,2.0028670712977052
CUST03752,76,9,7555.97,1,Low Spenders,-0.8410136879390016,-0.5858251951849042
CUST03753,175,15,18063.83,0,Champions,1.184174671614905,1.421114478601482
CUST03754,68,7,9132.29,1,Low Spenders,-1.0430157251729748,-0.706078088076801
CUST03755,92,9,11534.74,1,Low Spenders,-0.4554063652957432,-0.19091977305910438
CUST03756,97,9,12779.21,2,Potential Loyalists,-0.33477843886416897,-0.06744552787006716
CUST03757,84,10,17418.46,2,Potential Loyalists,0.45488940593839594,0.15271970681268518
CUST03758,18,8,14850.78,2,Potential Loyalists,0.02444556171847782,-0.7819666218255997
CUST03759,87,9,11035.23,1,Low Spenders,-0.4912846703441543,-0.26967059989930964
CUST03760,15,7,9557.03,1,Low Spenders,-0.7726473893997468,-1.1974658682034287
CUST03761,304,4,1027.83,3,Lost Customers,-3.576025239351542,0.9036839377304785
CUST03762,74,10,12379.53,2,Potential Loyalists,-0.07646348170628756,-0.24731655949340953
CUST03763,65,8,11422.32,1,Low Spenders,-0.5625004094219481,-0.5294216408813425
CUST03764,210,8,13120.1,4,Lost Customers,-0.9768445943540789,0.9866285387852896
CUST03765,53,8,10677.64,1,Low Spenders,-0.5969431084337596,-0.6911592458645611
CUST03766,119,9,15100.71,4,Lost Customers,-0.1628462968045156,0.28648175581766405
CUST03767,36,9,13462.2,2,Potential Loyalists,-0.0015138405810271852,-0.621350021958439
CUST03768,15,10,13701.89,2,Potential Loyalists,0.32115922026625643,-0.743331528647457
CUST03769,60,6,5703.82,1,Low Spenders,-1.606959037355114,-1.0583588039103657
CUST03770,17,7,4877.47,1,Low Spenders,-1.3133919807054426,-1.458896483354683
CUST03771,237,15,21351.64,0,Champions,1.298454532549193,2.223157173173414
CUST03772,60,8,13774.76,2,Potential Loyalists,-0.27392950551455963,-0.436956626656321
CUST03773,0,7,9676.41,1,Low Spenders,-0.6962224088028817,-1.336587676230543
CUST03774,26,8,14966.55,2,Potential Loyalists,0.00409930644349043,-0.6969957453171011
CUST03775,154,5,4000.06,1,Low Spenders,-2.40203054161244,-0.3123336769672964
CUST03776,40,10,17965.51,2,Potential Loyalists,0.7014659138880407,-0.2435519871180885
CUST03777,23,15,28065.13,0,Champions,2.9587799904050587,0.5391464769949028
CUST03778,90,8,17030.98,2,Potential Loyalists,-0.02917659978694155,0.05110691618699844
CUST03779,33,13,21757.88,0,Champions,1.7844989782713234,0.12115265486671724
CUST03780,31,13,21809.62,0,Champions,1.7987643051474784,0.10475368198224931
CUST03781,45,8,10683.57,1,Low Spenders,-0.5627517756749733,-0.768823904572033
CUST03782,112,7,8209.52,1,Low Spenders,-1.3323356391391603,-0.33236261561029795
CUST03783,128,8,6819.62,1,Low Spenders,-1.3500660318286593,-0.1913304275472639
CUST03784,165,9,9868.02,4,Lost Customers,-0.9508590811141002,0.42095782388041914
CUST03785,25,13,17350.71,2,Potential Loyalists,1.316638450358345,-0.22145095024758238
CUST03786,16,15,21493.11,0,Champions,2.240447901467342,0.07632942691741322
CUST03787,334,11,16253.43,4,Lost Customers,-0.5176227133635105,2.589356316876582
CUST03788,56,4,2727.06,1,Low Spenders,-2.3436959746184103,-1.4129439624338889
CUST03789,15,13,14692.95,2,Potential Loyalists,1.0561769608410063,-0.4785344914816085
CUST03790,25,10,17649.82,2,Potential Loyalists,0.7283955957102433,-0.40879307352394323
CUST03791,66,10,12402.13,2,Potential Loyalists,-0.040375703247789586,-0.3239804404626472
CUST03792,157,8,13143.17,4,Lost Customers,-0.7521718401167389,0.47112663783583203
CUST03793,46,8,6349.39,1,Low Spenders,-1.0600149713581322,-1.0192723327916011
CUST03794,80,15,8300.89,2,Potential Loyalists,0.4715146296395127,-0.0914956668293826
CUST03795,4,12,20036.84,0,Champions,1.5027810839382776,-0.33342732953853177
CUST03796,349,13,16786.11,4,Lost Customers,-0.1050195462036943,2.9044903833435995
CUST03797,79,11,16885.21,2,Potential Loyalists,0.6225963043792836,0.14037634051309422
CUST03798,51,12,18171.33,2,Potential Loyalists,1.0936425396943497,0.012948819130579138
CUST03799,83,8,7781.05,1,Low Spenders,-1.0521584130027215,-0.5724775431883333
CUST03800,260,9,13568.81,4,Lost Customers,-0.927853406175788,1.5696288711806838
CUST03801,49,10,9096.49,2,Potential Loyalists,-0.34521548281316916,-0.6882273167061737
CUST03802,105,6,9916.31,1,Low Spenders,-1.316260877257652,-0.36659717384786616
CUST03803,538,4,3712.66,3,Lost Customers,-4.250952103128729,3.3469712154570077
CUST03804,85,14,11822.78,2,Potential Loyalists,0.6438073398361048,0.10026967785032694
CUST03805,62,7,4074.2,1,Low Spenders,-1.5933066870019008,-1.068254286305147
CUST03806,174,8,7647.91,1,Low Spenders,-1.4485575529685106,0.30701449809697673
CUST03807,139,13,17570.49,0,Champions,0.8640283495847866,0.9035379319628236
CUST03808,66,12,20547.75,0,Champions,1.301149723305091,0.30190512500323546
CUST03809,64,10,8230.59,1,Low Spenders,-0.506567556616326,-0.5939225810933766
CUST03810,11,12,15600.83,2,Potential Loyalists,0.9687957670092326,-0.5314735887481082
CUST03811,18,7,8542.46,1,Low Spenders,-0.9006376870206388,-1.2291174814391754
CUST03812,28,9,19742.16,2,Potential Loyalists,0.7464361732433297,-0.32235543933332644
CUST03813,1,16,10407.27,2,Potential Loyalists,1.2495459556544777,-0.6670608946020675
CUST03814,43,5,5417.71,1,Low Spenders,-1.7757086391414894,-1.3097622610878712
CUST03815,38,14,27006.93,0,Champions,2.568127500997254,0.5534735181168465
CUST03816,68,11,11119.03,2,Potential Loyalists,0.012698144637766067,-0.31307271338814496
CUST03817,11,7,11339.53,1,Low Spenders,-0.5531047225262501,-1.1294644235674354
CUST03818,131,11,11547.95,4,Lost Customers,-0.20245031450655307,0.3270900826246678
CUST03819,345,7,8850.61,3,Lost Customers,-2.235576929135175,1.9784768484498159
CUST03820,198,10,15488.03,4,Lost Customers,-0.24233716202036884,1.1486214684154854
CUST03821,82,11,16277.72,2,Potential Loyalists,0.54091705147577,0.133163635596509
CUST03822,157,12,19037.06,4,Lost Customers,0.7480350000376799,1.0986964240387151
CUST03823,26,11,19708.08,2,Potential Loyalists,1.1657854755364323,-0.2070405267525952
CUST03824,181,7,7775.26,1,Low Spenders,-1.6708204326952685,0.31449496302950203
CUST03825,210,11,15320.08,4,Lost Customers,-0.104295291973952,1.324002673929915
CUST03826,17,11,11679.08,2,Potential Loyalists,0.2900807077118693,-0.7768320379706332
CUST03827,27,9,13374.08,2,Potential Loyalists,0.02616757803278669,-0.7144135232190663
CUST03828,8,11,7837.57,2,Potential Loyalists,-0.10923849304092838,-1.0952290218294165
CUST03829,40,14,19492.23,0,Champions,1.7048460733939566,0.12183624449063069
CUST03830,46,10,12356.76,2,Potential Loyalists,0.03825460532019284,-0.5217558734312678
CUST03831,48,9,15266.84,2,Potential Loyalists,0.1535141364071825,-0.39597808155717396
CUST03832,68,16,15889.66,0,Champions,1.5925420467847802,0.315495573465668
CUST03833,206,8,5680.1,4,Lost Customers,-1.8064903177380762,0.5009603558948348
CUST03834,12,13,18436.68,0,Champions,1.4946473871856871,-0.28303869275818705
CUST03835,16,13,17804.35,0,Champions,1.4059526477529558,-0.2819900755354551
CUST03836,129,13,18391.15,0,Champions,0.9992857953278947,0.8552801435919634
CUST03837,135,7,14820.45,4,Lost Customers,-0.6766104179881008,0.28883171143643394
CUST03838,42,6,6444.64,1,Low Spenders,-1.447267796205606,-1.1894304235506872
CUST03839,21,6,8349.38,1,Low Spenders,-1.1425956056504454,-1.2798842538781594
CUST03840,111,8,10798.48,1,Low Spenders,-0.8261920321768295,-0.11825484223303367
CUST03841,88,9,10646.68,1,Low Spenders,-0.5396772573798018,-0.28324448298933835
CUST03842,33,10,13644.74,2,Potential Loyalists,0.2392450056027709,-0.5712160148080566
CUST03843,101,11,15796.59,2,Potential Loyalists,0.406579591639817,0.28957823843552427
CUST03844,52,9,8505.69,1,Low Spenders,-0.6324196152215837,-0.7628710730714053
CUST03845,130,9,7510.04,1,Low Spenders,-1.0724766760069726,-0.06194310347455136
CUST03846,47,15,17757.88,0,Champions,1.685635975970513,0.15441624757128602
CUST03847,8,14,20915.37,0,Champions,2.000815006174197,-0.10480869013290717
CUST03848,111,10,13471.27,2,Potential Loyalists,-0.107277578554599,0.1790712493791682
CUST03849,23,10,19034.24,2,Potential Loyalists,0.8942719156932958,-0.3451850592344401
CUST03850,157,10,10978.68,4,Lost Customers,-0.5835656560987124,0.47804828208114464
CUST03851,14,8,8934.52,1,Low Spenders,-0.6318534207849609,-1.176157595906388
CUST03852,124,13,20581.19,0,Champions,1.2693814273916595,0.9379955294613006
CUST03853,48,13,25888.2,0,Champions,2.191536822513414,0.5154037462876129
CUST03854,63,8,17854.56,2,Potential Loyalists,0.17763605044829162,-0.16276948246383116
CUST03855,108,15,25951.49,0,Champions,2.362208804085818,1.2412243812043875
CUST03856,162,5,7685.81,1,Low Spenders,-2.016241630777213,-0.013040274367513406
CUST03857,186,14,16676.68,4,Lost Customers,0.7728578741161963,1.3766827870711869
CUST03858,12,13,26926.0,0,Champions,2.4604262958526157,0.2266147246831601
CUST03859,31,7,14247.43,1,Low Spenders,-0.306082199132857,-0.7598379828586918
CUST03860,15,16,20653.66,0,Champions,2.3565619102683617,0.0846137806462146
CUST03861,7,12,13650.31,2,Potential Loyalists,0.7636551869758135,-0.6875827207397953
CUST03862,10,10,15654.69,2,Potential Loyalists,0.5642654835358021,-0.6748587648908193
CUST03863,39,5,7523.81,1,Low Spenders,-1.5193519453677675,-1.2223336013293453
CUST03864,122,9,8323.03,1,Low Spenders,-0.9464709781366426,-0.09115619161097471
CUST03865,612,10,16360.59,3,Lost Customers,-1.877561117293326,5.238574682720242
CUST03866,141,8,14036.07,4,Lost Customers,-0.5835585495677256,0.3686902549436209
CUST03867,344,7,10720.16,3,Lost Customers,-2.0186998741167304,2.080962059093834
CUST03868,3,13,24139.04,0,Champions,2.1810769098947262,-0.028472711253908052
CUST03869,106,13,20487.2,0,Champions,1.3341013527297434,0.7568063775081192
CUST03870,27,14,13192.58,2,Potential Loyalists,1.0426374164177143,-0.38314466413023546
CUST03871,2,8,7455.89,1,Low Spenders,-0.7497931996590101,-1.3819576376608762
CUST03872,69,5,4186.3,1,Low Spenders,-2.024728068048124,-1.130122379777429
CUST03873,25,6,6323.57,1,Low Spenders,-1.3898181887325136,-1.3624927309970434
CUST03874,38,7,9690.04,1,Low Spenders,-0.8538761890691617,-0.9651712487789389
CUST03875,49,11,18530.9,2,Potential Loyalists,0.935504234876888,-0.05340271505799192
CUST03876,80,15,23055.54,0,Champions,2.1500624726661037,0.7942946904254948
CUST03877,78,7,10942.53,1,Low Spenders,-0.8789714917695999,-0.4998751196507134
CUST03878,15,11,9944.64,2,Potential Loyalists,0.10114307238578765,-0.9004637151430047
CUST03879,30,11,18304.37,2,Potential Loyalists,0.9893354701262734,-0.2523014435262148
CUST03880,22,6,12276.82,1,Low Spenders,-0.6999839530040718,-1.0343491561378413
CUST03881,33,15,15271.01,0,Champions,1.461373970716437,-0.131418303178864
CUST03882,187,11,13358.63,4,Lost Customers,-0.2310771206897268,0.9819382855973788
CUST03883,121,14,24029.65,0,Champions,1.8816843611341194,1.1841979247852994
CUST03884,92,8,7679.6,1,Low Spenders,-1.101406071046312,-0.49079481192393154
CUST03885,338,5,9511.87,3,Lost Customers,-2.545869431350523,1.8130412250199153
CUST03886,35,13,15829.52,2,Potential Loyalists,1.1016859172715576,-0.2152492403989342
CUST03887,63,7,5181.85,1,Low Spenders,-1.4714855934191406,-0.9920043150492746
CUST03888,23,7,11763.15,1,Low Spenders,-0.5551870898821342,-0.9870015456770488
CUST03889,60,11,12909.17,2,Potential Loyalists,0.24986832454009514,-0.28362293608271766
CUST03890,110,8,14963.34,4,Lost Customers,-0.3481913551424529,0.12202851780190163
CUST03891,27,9,16393.04,2,Potential Loyalists,0.3696165108223519,-0.533171294027714
CUST03892,16,5,8208.47,1,Low Spenders,-1.3451017446615574,-1.4055396824681696
CUST03893,293,5,8895.27,3,Lost Customers,-2.427484800377991,1.3371576190209646
CUST03894,9,14,25451.48,0,Champions,2.5126713861177277,0.17726770250429613
CUST03895,403,7,8505.85,3,Lost Customers,-2.517794366242722,2.523429115613323
CUST03896,425,4,4240.08,3,Lost Customers,-3.717527138674098,2.27659281225613
CUST03897,11,10,14525.08,2,Potential Loyalists,0.4315669546748123,-0.7329219311659659
CUST03898,128,13,19486.77,0,Champions,1.1281174861964907,0.9113027318633555
CUST03899,21,10,12198.37,2,Potential Loyalists,0.12497525301982586,-0.775079338516028
CUST03900,58,10,15015.03,2,Potential Loyalists,0.29039493639628605,-0.24513654846557864
CUST03901,301,7,13384.98,3,Lost Customers,-1.535386991828901,1.821582544514028
CUST03902,160,9,9609.42,4,Lost Customers,-0.9593305035279835,0.35666994634543436
CUST03903,23,9,14919.07,2,Potential Loyalists,0.21869015983498408,-0.6606709100532607
CUST03904,159,8,10663.98,4,Lost Customers,-1.0425935625397147,0.34179448170549087
CUST03905,81,11,16048.29,2,Potential Loyalists,0.5190057684749496,0.10963730112960701
CUST03906,291,11,19680.73,4,Lost Customers,0.05243293539800076,2.3757520278425996
CUST03907,27,11,9304.98,2,Potential Loyalists,-0.021902269390588477,-0.8218344877331083
CUST03908,49,7,6398.08,1,Low Spenders,-1.2744681703227123,-1.055524526120033
CUST03909,19,9,13693.6,2,Potential Loyalists,0.09603416016005749,-0.7732519137242048
CUST03910,265,8,13530.46,4,Lost Customers,-1.1605878008347492,1.5476564273318207
CUST03911,82,11,11694.92,2,Potential Loyalists,0.01955944183933267,-0.14196319216474937
CUST03912,115,12,13917.15,2,Potential Loyalists,0.341536353760485,0.38171589427687
CUST03913,219,8,15402.74,4,Lost Customers,-0.7548686634219047,1.2114392963212586
CUST03914,12,11,16936.42,2,Potential Loyalists,0.909124623802396,-0.5099723475730363
CUST03915,160,11,24944.13,0,Champions,1.200054480033978,1.4141500667101092
CUST03916,456,3,3299.75,3,Lost Customers,-4.161803691282521,2.4540374668926654
CUST03917,14,8,6184.08,1,Low Spenders,-0.9447544471986038,-1.3412793189027385
CUST03918,79,12,19477.13,0,Champions,1.1248870637117372,0.36441439950435595
CUST03919,57,10,9738.56,2,Potential Loyalists,-0.3056877505801575,-0.5716602000277461
CUST03920,41,10,11908.94,2,Potential Loyalists,0.008256760872747897,-0.5974035088324011
CUST03921,10,8,11262.8,1,Low Spenders,-0.35022064389414403,-1.0753904359750426
CUST03922,162,9,8737.64,4,Lost Customers,-1.0668868520953023,0.3238380988062873
CUST03923,36,7,13398.31,1,Low Spenders,-0.4236294228188417,-0.7620516959773909
CUST03924,5,12,14252.72,2,Potential Loyalists,0.840566929776403,-0.6709224088544079
CUST03925,176,9,15016.86,4,Lost Customers,-0.41119198245597205,0.8373450824054397
CUST03926,72,11,20177.22,2,Potential Loyalists,1.0264356176808338,0.2697429516998726
CUST03927,4,16,24481.68,0,Champions,2.8381382155643555,0.20714923641309632
CUST03928,136,7,7414.29,1,Low Spenders,-1.5233543131674072,-0.14604198350785103
CUST03929,9,10,17608.54,2,Potential Loyalists,0.7907328428425319,-0.567312632631135
CUST03930,24,15,21960.88,0,Champions,2.2601465703854307,0.1824325028175421
CUST03931,17,9,15177.39,2,Potential Loyalists,0.2732152077484105,-0.7036782555325816
CUST03932,8,12,13908.83,2,Potential Loyalists,0.788875864422022,-0.6623099780902155
CUST03933,17,12,18742.37,2,Potential Loyalists,1.3010523553658895,-0.2843568130880262
CUST03934,32,13,13638.98,2,Potential Loyalists,0.8650501155161202,-0.37601530782258513
CUST03935,14,12,11842.12,2,Potential Loyalists,0.5286211561065626,-0.7278687066388213
CUST03936,29,13,21965.11,0,Champions,1.8248326459015645,0.09458330479914982
CUST03937,34,8,11588.02,1,Low Spenders,-0.4137724562401995,-0.8218039720306861
CUST03938,268,5,10688.86,3,Lost Customers,-2.118699121069269,1.2010206044148248
CUST03939,87,15,23358.72,0,Champions,2.155226315642119,0.8807640790421116
CUST03940,60,8,10843.43,1,Low Spenders,-0.6074092999318543,-0.6129380188229898
CUST03941,7,14,19749.63,0,Champions,1.872385362459688,-0.18454607463497208
CUST03942,73,15,22035.57,0,Champions,2.0633537398822637,0.6647930597579499
CUST03943,42,12,10633.54,2,Potential Loyalists,0.2738197809972883,-0.5273530680443831
CUST03944,111,14,22639.88,0,Champions,1.765474472263308,1.0032377287404586
CUST03945,6,13,18087.75,0,Champions,1.4800892526665992,-0.36250208392093813
CUST03946,59,9,8329.94,1,Low Spenders,-0.6817407595858802,-0.7051540829054518
CUST03947,13,11,13335.4,2,Potential Loyalists,0.4952686344300187,-0.7164057664006511
CUST03948,70,9,15767.03,2,Potential Loyalists,0.11824678732453434,-0.15139251967049402
CUST03949,21,12,14460.77,2,Potential Loyalists,0.7972021031204759,-0.5023908699388578
CUST03950,73,13,12447.88,2,Potential Loyalists,0.5577726774455525,-0.047666684050796826
CUST03951,143,10,15526.4,4,Lost Customers,-0.00754464067277043,0.6145329316672675
CUST03952,6,9,12014.83,2,Potential Loyalists,-0.04048475447158734,-1.0008198748314452
CUST03953,54,15,25908.99,0,Champions,2.583611642590171,0.7120334247434613
CUST03954,40,10,16174.75,2,Potential Loyalists,0.49774191261533723,-0.3510596501367126
CUST03955,96,10,8276.93,1,Low Spenders,-0.6353625825691789,-0.27905791816866604
CUST03956,44,10,22926.53,0,Champions,1.249092983362521,0.09329148086366307
CUST03957,28,8,9222.12,1,Low Spenders,-0.6577891440255013,-1.0223554660540521
CUST03958,61,11,12748.64,2,Potential Loyalists,0.22741620231838236,-0.2835077166009296
CUST03959,107,4,8605.87,1,Low Spenders,-1.8885681382895998,-0.5626298839457411
CUST03960,50,15,29293.48,0,Champions,2.9854030824979425,0.8762097901277431
CUST03961,23,15,12862.75,2,Potential Loyalists,1.229296596500724,-0.3735231974009251
CUST03962,189,6,9312.09,1,Low Spenders,-1.736924833983596,0.41634565984964894
CUST03963,237,8,6054.26,3,Lost Customers,-1.893801643718479,0.8257529971679443
CUST03964,103,8,8878.98,1,Low Spenders,-1.0110452971142738,-0.3115120312661493
CUST03965,63,6,7661.22,1,Low Spenders,-1.3968461720382377,-0.9115892165042282
CUST03966,33,6,10601.53,1,Low Spenders,-0.936657105862113,-1.0276462039605636
CUST03967,20,12,15569.73,2,Potential Loyalists,0.927551405604798,-0.44556741933824856
CUST03968,90,12,20047.88,0,Champions,1.1437323811224887,0.5059575935042958
CUST03969,203,13,23845.66,0,Champions,1.3097830231746679,1.9044309266098578
CUST03970,44,11,22953.18,0,Champions,1.4595483941586944,0.1633244343624041
CUST03971,49,5,8038.19,1,Low Spenders,-1.5027299149895026,-1.0939271439931384
CUST03972,148,10,14011.16,4,Lost Customers,-0.2008723328345828,0.5723289325862029
CUST03973,23,9,12630.02,2,Potential Loyalists,-0.0417212996086501,-0.7980932424890879
CUST03974,31,9,10580.05,1,Low Spenders,-0.308450776820885,-0.8431418248170359
CUST03975,235,10,10524.99,4,Lost Customers,-0.9619671853054677,1.2115126345822254
CUST03976,208,13,21027.1,0,Champions,0.9681844486284261,1.7839825578949877
CUST03977,8,12,18681.44,2,Potential Loyalists,1.33182701684564,-0.37578797201496467
CUST03978,60,12,14924.55,2,Potential Loyalists,0.6865695935479013,-0.09419725844728145
CUST03979,274,7,6172.69,3,Lost Customers,-2.2427669693647156,1.1252754438029156
CUST03980,64,6,8029.42,1,Low Spenders,-1.3591478602582325,-0.8797318726351201
CUST03981,13,9,8809.68,1,Low Spenders,-0.43444252767253894,-1.1249718756797091
CUST03982,19,10,7357.69,1,Low Spenders,-0.4173406360718768,-1.0851930697743581
CUST03983,35,14,21210.55,0,Champions,1.9212769564794328,0.17623208178888913
CUST03984,27,7,8110.28,1,Low Spenders,-0.9875105092073423,-1.1672900124043017
CUST03985,9,10,10584.83,2,Potential Loyalists,-0.008312425635154717,-0.9889786558953029
CUST03986,54,10,13491.15,2,Potential Loyalists,0.13379062470870118,-0.375632494240092
CUST03987,589,9,16654.75,3,Lost Customers,-1.955159354848205,4.9634920380013
CUST03988,65,10,16015.24,2,Potential Loyalists,0.37485569275383307,-0.11682120262751865
CUST03989,595,6,12627.8,3,Lost Customers,-3.06068958677661,4.574951883064175
CUST03990,178,8,8647.47,4,Lost Customers,-1.3516019760903388,0.406033072323139
CUST03991,14,13,16513.0,2,Potential Loyalists,1.2674226983948,-0.3790209963770382
CUST03992,238,3,1773.34,3,Lost Customers,-3.4221237717596336,0.23633686539936713
CUST03993,118,8,6541.22,1,Low Spenders,-1.3398420360390781,-0.3055699064390479
CUST03994,41,10,13135.78,2,Potential Loyalists,0.14782697336431788,-0.5237505897936863
CUST03995,59,10,14594.21,2,Potential Loyalists,0.2383311854296425,-0.2606477499486981
CUST03996,58,6,12486.18,1,Low Spenders,-0.8269915295914666,-0.670687311257066
CUST03997,25,11,14622.59,2,Potential Loyalists,0.5914294352145156,-0.5220987594516561
CUST03998,28,12,13362.44,2,Potential Loyalists,0.642924577613999,-0.5000606539624786
CUST03999,61,15,17835.51,0,Champions,1.6358132279208246,0.29561290041719945
CUST04000,33,11,9513.56,2,Potential Loyalists,-0.023310910753597643,-0.7507969607311961
CUST04001,160,13,17479.8,4,Lost Customers,0.7657297236104453,1.1028976324788948
CUST04002,35,8,13001.96,2,Potential Loyalists,-0.25710659041000483,-0.7271659855712276
CUST04003,78,15,17262.78,0,Champions,1.499434164751267,0.42702316258539386
CUST04004,226,2,5867.13,3,Lost Customers,-3.113546422504508,0.2966421191452712
CUST04005,62,11,14392.08,2,Potential Loyalists,0.41019090366650557,-0.17509177627675748
CUST04006,24,9,18283.09,2,Potential Loyalists,0.5972049056948165,-0.4489605389641706
CUST04007,51,9,8365.34,1,Low Spenders,-0.6441968020658158,-0.7810495202604483
CUST04008,117,12,14682.42,2,Potential Loyalists,0.42021734368826313,0.4471637825731442
CUST04009,28,14,19492.09,0,Champions,1.7551052148898505,0.004796843300151753
CUST04010,0,15,12194.16,2,Potential Loyalists,1.2495956788425044,-0.6379711786156685
CUST04011,40,11,10529.47,2,Potential Loyalists,0.06293594023415203,-0.6215390707725433
CUST04012,218,5,4482.85,3,Lost Customers,-2.615240123697235,0.34081576906584327
CUST04013,263,7,6161.17,3,Lost Customers,-2.197992051103611,1.0173054312398546
CUST04014,12,8,12136.56,1,Low Spenders,-0.2591973987796991,-1.0034293877015017
CUST04015,4,11,13221.44,2,Potential Loyalists,0.5200103915632955,-0.8110205632075275
CUST04016,58,14,17796.03,0,Champions,1.4364669922570041,0.19555195317988452
CUST04017,62,16,19283.1,0,Champions,2.0037308524714867,0.46070408297693716
CUST04018,6,10,11849.03,2,Potential Loyalists,0.14807677660595722,-0.9423405911421338
CUST04019,18,13,21023.43,0,Champions,1.763788851982468,-0.06922854465629408
CUST04020,169,16,26616.15,0,Champions,2.389681846312067,1.9444676111674761
CUST04021,92,19,19314.37,0,Champions,2.5038713827305368,0.9604579471988695
CUST04022,157,10,14088.72,4,Lost Customers,-0.22975509917418907,0.6647584678650811
CUST04023,69,9,13526.52,2,Potential Loyalists,-0.13245297904620118,-0.29565335286614525
CUST04024,148,15,22820.03,0,Champions,1.8383778609983543,1.4433315741879045
CUST04025,27,7,3427.93,1,Low Spenders,-1.5201933239671337,-1.4483932903060055
CUST04026,137,14,13935.14,2,Potential Loyalists,0.6662592100616835,0.734218804143367
CUST04027,16,11,13913.75,2,Potential Loyalists,0.5484952704614952,-0.6524269732303876
CUST04028,96,15,19153.74,0,Champions,1.6391447150587253,0.7160927927794215
CUST04029,61,12,8692.44,2,Potential Loyalists,-0.02660969012890426,-0.4585872639150223
CUST04030,31,2,1892.51,1,Low Spenders,-2.748745186814814,-1.843726521200991
CUST04031,368,10,8952.12,3,Lost Customers,-1.6981184930107243,2.4141794658074684
CUST04032,4,14,16910.79,0,Champions,1.561996366515697,-0.3842326104267872
CUST04033,145,13,14871.58,4,Lost Customers,0.53185204730665,0.800025293029591
CUST04034,39,11,20160.96,2,Potential Loyalists,1.1628422534662326,-0.053068451759575495
CUST04035,3,12,13871.38,2,Potential Loyalists,0.8055633482163733,-0.7133211911494645
CUST04036,276,11,12948.24,4,Lost Customers,-0.650638148581292,1.825280552072504
CUST04037,127,9,18935.74,4,Lost Customers,0.23992530233622944,0.5947371320685338
CUST04038,3,10,7758.42,1,Low Spenders,-0.3047185680799824,-1.2171767099807131
CUST04039,83,16,26003.92,0,Champions,2.6803367764698014,1.0689904524648355
CUST04040,110,10,17192.79,2,Potential Loyalists,0.32028697151455576,0.3927388444189748
CUST04041,59,9,9873.83,1,Low Spenders,-0.5061016743232462,-0.6124671757499291
CUST04042,40,11,9248.76,2,Potential Loyalists,-0.08276273835480696,-0.6984260568033807
CUST04043,4,13,20416.32,0,Champions,1.7533758430385495,-0.2422123478825497
CUST04044,370,11,15598.09,4,Lost Customers,-0.7430020113990654,2.901106193535929
CUST04045,94,11,18882.91,2,Potential Loyalists,0.7870187900059301,0.4065963209493922
CUST04046,59,5,5152.57,1,Low Spenders,-1.8729054478398066,-1.1696385216897232
CUST04047,164,14,21653.7,0,Champions,1.4312344824021246,1.460919650837436
CUST04048,347,9,10666.0,3,Lost Customers,-1.6225828979157848,2.2438343908957448
CUST04049,252,6,7850.15,3,Lost Customers,-2.1671850697180246,0.9429913236418423
CUST04050,153,7,7857.37,1,Low Spenders,-1.5441707784830785,0.04635208395583181
CUST04051,109,6,9047.32,1,Low Spenders,-1.431879002370875,-0.3797563586365636
CUST04052,164,5,6783.27,1,Low Spenders,-2.1272973596518585,-0.04771878796713366
CUST04053,78,9,12096.79,2,Potential Loyalists,-0.332811068644275,-0.293713456283319
CUST04054,53,14,21810.76,0,Champions,1.9141466377465155,0.3878119779921588
CUST04055,24,18,23936.9,0,Champions,3.1072172897477133,0.5063612760992431
CUST04056,90,10,15706.89,2,Potential Loyalists,0.23503684074205236,0.10848168647982816
CUST04057,26,7,15213.95,2,Potential Loyalists,-0.17517908311656818,-0.7505762009656254
CUST04058,14,17,22312.92,0,Champions,2.756939136485516,0.24290733307348267
CUST04059,72,18,32041.22,0,Champions,3.8280967887609454,1.461025335809787
CUST04060,92,14,22180.85,0,Champions,1.7928555800272103,0.7903809424354344
CUST04061,127,9,6999.08,1,Low Spenders,-1.1180367568072807,-0.12187616108515029
CUST04062,211,9,13527.26,4,Lost Customers,-0.7272904370710344,1.089257862785272
CUST04063,62,12,13107.84,2,Potential Loyalists,0.4715142386801203,-0.18375765476805672
CUST04064,277,8,10696.97,3,Lost Customers,-1.533211995004576,1.4945798223799556
CUST04065,49,8,11609.57,1,Low Spenders,-0.4741646778412405,-0.6742214797414624
CUST04066,49,12,21938.86,0,Champions,1.5306309599437653,0.2196260257274341
CUST04067,10,7,7142.11,1,Low Spenders,-1.0264303769727559,-1.3912076781025045
CUST04068,44,8,10205.77,1,Low Spenders,-0.6129186206696406,-0.8072610468880804
CUST04069,35,13,15392.26,2,Potential Loyalists,1.05194147536058,-0.2414999946772985
CUST04070,48,10,14851.38,2,Potential Loyalists,0.31367334994483137,-0.35248705042500594
CUST04071,161,8,9246.91,4,Lost Customers,-1.2121842767696533,0.2762263358530994
CUST04072,37,11,18515.21,2,Potential Loyalists,0.9839943463409572,-0.17137565517045913
CUST04073,92,11,10790.6,2,Potential Loyalists,-0.12521549923898193,-0.09872790322884294
CUST04074,15,7,11709.13,1,Low Spenders,-0.527815908274981,-1.0682652820934078
CUST04075,0,7,9460.2,1,Low Spenders,-0.720819320904543,-1.3495677694989079
CUST04076,184,11,14151.67,4,Lost Customers,-0.12828895959295983,1.000290421187592
CUST04077,7,11,14560.39,2,Potential Loyalists,0.6597659177687866,-0.7013794096472812
CUST04078,29,14,22064.73,0,Champions,2.043589414988558,0.16899698724563864
CUST04079,10,5,8916.13,1,Low Spenders,-1.2394579858477999,-1.4215710550081861
CUST04080,155,13,11664.66,4,Lost Customers,0.12512414473124617,0.7050247799224074
CUST04081,196,13,16041.04,4,Lost Customers,0.4512254411676771,1.3676151578672453
CUST04082,9,8,14634.56,2,Potential Loyalists,0.037553813317709406,-0.8827205626943742
CUST04083,78,11,13055.13,2,Potential Loyalists,0.19106071371994912,-0.09931378298640257
CUST04084,250,9,5865.47,3,Lost Customers,-1.7623202042445396,1.0096356634511419
CUST04085,67,8,12031.27,1,Low Spenders,-0.5016030062835495,-0.4733583702239877
CUST04086,27,12,11880.74,2,Potential Loyalists,0.47855006387663723,-0.5987665888048261
CUST04087,43,11,12137.25,2,Potential Loyalists,0.2332746396522127,-0.495758800273513
CUST04088,424,4,7935.91,3,Lost Customers,-3.292885185487103,2.488718116948291
CUST04089,35,11,11177.27,2,Potential Loyalists,0.15758019761743808,-0.6314115348740802
CUST04090,247,6,8112.73,3,Lost Customers,-2.1163649762485357,0.9099923088310901
CUST04091,14,9,19915.08,2,Potential Loyalists,0.8247624887832882,-0.4485104087770441
CUST04092,55,14,15836.23,0,Champions,1.2260810933660846,0.048638282596076804
CUST04093,5,17,26058.71,0,Champions,3.2207814508751076,0.3800113050218472
CUST04094,102,9,12040.01,2,Potential Loyalists,-0.43982072485895224,-0.06306023145147052
CUST04095,7,11,18040.38,2,Potential Loyalists,1.055663462492254,-0.49245940237205593
CUST04096,85,5,2576.65,1,Low Spenders,-2.2748816978453954,-1.0707158375498511
CUST04097,241,6,10606.43,3,Lost Customers,-1.8075341821910271,1.0011852357269464
CUST04098,2,12,19523.72,0,Champions,1.4527856838834654,-0.38373747898082977
CUST04099,63,7,7181.65,1,Low Spenders,-1.243980367847231,-0.8719470072555754
CUST04100,72,7,13433.97,1,Low Spenders,-0.5703978043276492,-0.4088178710804966
CUST04101,54,13,16252.03,2,Potential Loyalists,1.0701501486226235,-0.0045849197807919
CUST04102,68,11,13422.27,2,Potential Loyalists,0.27472391508793365,-0.1747984891643428
CUST04103,140,9,12276.39,4,Lost Customers,-0.5721335765343021,0.3217289159276498
CUST04104,71,12,18633.75,2,Potential Loyalists,1.0624575028159187,0.23576170595226614
CUST04105,91,10,13567.33,2,Potential Loyalists,-0.012557628996200127,-0.010213481998661976
CUST04106,55,10,16939.35,2,Potential Loyalists,0.5218820231781162,-0.15886840569421962
CUST04107,188,13,21063.47,0,Champions,1.0561138256723805,1.591114357819185
CUST04108,14,11,13253.14,2,Potential Loyalists,0.4817208196418059,-0.7115916342870934
CUST04109,112,9,10139.42,1,Low Spenders,-0.6979353154424807,-0.07963567060618751
CUST04110,92,10,8845.67,1,Low Spenders,-0.5539020952087141,-0.2839241392530851
CUST04111,131,9,11242.93,4,Lost Customers,-0.651997807456516,0.17191225167587576
CUST04112,14,9,10973.27,2,Potential Loyalists,-0.19249348734990393,-0.985328908328388
CUST04113,290,10,14129.8,4,Lost Customers,-0.7822970165345196,1.9643182343406689
CUST04114,49,16,22325.23,0,Champions,2.4042803543827103,0.5165537358127283
CUST04115,107,11,17641.17,2,Potential Loyalists,0.5912888365832604,0.45883246488262686
CUST04116,109,17,22760.51,0,Champions,2.4098478018075986,1.1962736330417831
CUST04117,139,5,10066.12,1,Low Spenders,-1.6490875218096723,-0.09444858874946888
CUST04118,142,11,17684.01,4,Lost Customers,0.44952686955466536,0.8027447555911802
CUST04119,249,11,12477.52,4,Lost Customers,-0.5910702295480406,1.5337012963972794
CUST04120,228,8,10881.08,4,Lost Customers,-1.3069770441003639,1.0277562347649847
CUST04121,267,5,7240.16,3,Lost Customers,-2.506847401533277,0.9842264985402708
CUST04122,13,11,13125.9,2,Potential Loyalists,0.4714350786957877,-0.7289830271181129
CUST04123,85,10,12608.54,2,Potential Loyalists,-0.09649586995957471,-0.12628960930055966
CUST04124,56,11,18922.73,2,Potential Loyalists,0.9507532554941418,0.03838874593381805
CUST04125,87,14,14425.61,2,Potential Loyalists,0.9315364857304386,0.2760348511297943
CUST04126,131,8,15876.96,4,Lost Customers,-0.3322356691385341,0.38168162505379144
CUST04127,24,11,12563.28,2,Potential Loyalists,0.36134370368407936,-0.6554813127332068
CUST04128,35,7,6664.5,1,Low Spenders,-1.1855049217939684,-1.176066255100349
CUST04129,5,12,15391.0,2,Potential Loyalists,0.9700622033857607,-0.6025861590717236
CUST04130,92,8,10328.95,1,Low Spenders,-0.800005446299368,-0.33174199244036473
CUST04131,14,12,15111.16,2,Potential Loyalists,0.9005201873114806,-0.5316130103342337
CUST04132,7,15,21839.29,0,Champions,2.3175370205841466,0.009338977349357125
CUST04133,10,10,11784.84,2,Potential Loyalists,0.12401590998872013,-0.9071838836854221
CUST04134,144,10,11739.6,4,Lost Customers,-0.4425357039559136,0.3969462741948315
CUST04135,35,9,16826.55,2,Potential Loyalists,0.38541762547096614,-0.4291250054888273
CUST04136,140,12,11147.24,4,Lost Customers,-0.07831938346921238,0.45923987220677004
CUST04137,8,17,27506.44,0,Champions,3.3729122238241294,0.4961830286099956
CUST04138,12,17,22094.87,0,Champions,2.7405120767194844,0.2103116099791628
CUST04139,45,3,6328.6,1,Low Spenders,-2.095308538077403,-1.3724381857465133
CUST04140,53,8,9327.51,1,Low Spenders,-0.7505392831519325,-0.772213837809509
CUST04141,17,10,12668.09,2,Potential Loyalists,0.19517083017120446,-0.7858901913724902
CUST04142,26,12,18500.73,2,Potential Loyalists,1.2358561236784718,-0.2110903404392854
CUST04143,21,14,22191.26,0,Champions,2.09150068484304,0.0985725082160944
CUST04144,386,10,20298.24,4,Lost Customers,-0.4827512227220194,3.2708863869099236
CUST04145,16,10,16273.32,2,Potential Loyalists,0.6095057659380502,-0.5792040266373789
CUST04146,19,10,11462.51,2,Potential Loyalists,0.04964006201397494,-0.8387616075392684
CUST04147,257,8,14036.1,4,Lost Customers,-1.0695474650403898,1.4999916872550065
CUST04148,71,9,9875.31,1,Low Spenders,-0.5562083720736326,-0.49534732811858434
CUST04149,65,7,9932.04,1,Low Spenders,-0.9394642077087774,-0.6873231199356848
CUST04150,95,5,6970.6,1,Low Spenders,-1.8169043079451714,-0.709400724549477
CUST04151,236,6,11732.95,4,Lost Customers,-1.6584288279051584,1.0200525627980268
CUST04152,69,11,17200.72,2,Potential Loyalists,0.7003858709856533,0.061792044975523756
CUST04153,31,10,21059.31,2,Potential Loyalists,1.091135244968987,-0.14559001142355632
CUST04154,186,7,5496.7,1,Low Spenders,-1.9509864530816783,0.22646530929042838
CUST04155,156,11,13043.19,4,Lost Customers,-0.1370855732643881,0.6606708794046008
CUST04156,63,13,14339.63,2,Potential Loyalists,0.8148815943646867,-0.03162195126716512
CUST04157,1,12,20529.7,0,Champions,1.5714195707615293,-0.3330963973954197
CUST04158,94,6,6133.72,1,Low Spenders,-1.7004979256919468,-0.7009620817512539
CUST04159,47,11,17740.85,2,Potential Loyalists,0.8540041732971085,-0.12033826216371105
CUST04160,71,12,15180.0,2,Potential Loyalists,0.6695451251686623,0.028417008086235256
CUST04161,208,13,15955.54,4,Lost Customers,0.39122355163799044,1.479513191001192
CUST04162,139,10,14842.85,4,Lost Customers,-0.06854965932863047,0.5344859095142558
CUST04163,11,10,8849.54,2,Potential Loyalists,-0.2141051165035034,-1.0736510304136164
CUST04164,76,14,18605.02,0,Champions,1.453088319186105,0.4196658851473151
CUST04165,40,10,12535.97,2,Potential Loyalists,0.08377978404920387,-0.5695125606545428
CUST04166,16,11,18468.5,2,Potential Loyalists,1.0666618002012969,-0.37898411760814965
CUST04167,1,6,8871.1,1,Low Spenders,-0.9994508764556134,-1.4436146330030313
CUST04168,34,20,27740.76,0,Champions,3.9129108882386276,0.9691165978965849
CUST04169,119,9,10331.39,1,Low Spenders,-0.7054231657037157,0.00015726376513608854
CUST04170,45,7,10573.46,1,Low Spenders,-0.7827019290085161,-0.8438673505742553
CUST04171,191,7,8614.0,4,Lost Customers,-1.6172979147849977,0.46237426182783725
CUST04172,135,13,19130.65,0,Champions,1.0582767311029186,0.9581912708808195
CUST04173,276,7,4884.53,3,Lost Customers,-2.397692367748832,1.067446365631135
CUST04174,0,10,12961.59,2,Potential Loyalists,0.29978357464066974,-0.9340639309160393
CUST04175,44,11,18091.49,2,Potential Loyalists,0.906463145578488,-0.1285454589907058
CUST04176,39,10,11564.37,2,Potential Loyalists,-0.02256371880495385,-0.6375948167762353
CUST04177,516,4,7700.24,3,Lost Customers,-3.705138136301882,3.371807387842419
CUST04178,104,12,16092.17,2,Potential Loyalists,0.6350607849338832,0.4050140614233974
CUST04179,61,11,15831.05,2,Potential Loyalists,0.5780834602217276,-0.0984562883999214
CUST04180,30,15,11553.22,2,Potential Loyalists,1.050992116478402,-0.3838723010595242
CUST04181,309,5,8243.39,3,Lost Customers,-2.5686786942536664,1.4540635550307062
CUST04182,49,9,10613.87,1,Low Spenders,-0.3800158813882224,-0.6655649581973611
CUST04183,22,13,17971.65,0,Champions,1.3998478289163956,-0.21343077918947032
CUST04184,165,13,18381.64,4,Lost Customers,0.8473786944276064,1.2058022030157893
CUST04185,111,5,5355.62,1,Low Spenders,-2.067664299804798,-0.6503141670456417
CUST04186,67,9,14189.49,2,Potential Loyalists,-0.04865168906057579,-0.2753573421308797
CUST04187,31,11,9554.97,2,Potential Loyalists,-0.010220765885722037,-0.7678160916262193
CUST04188,240,10,6672.0,4,Lost Customers,-1.4212466431842177,1.028962615251776
CUST04189,273,6,7781.96,3,Lost Customers,-2.2629240059357065,1.143701803948572
CUST04190,284,5,3528.06,3,Lost Customers,-3.0003737194301503,0.927165758424084
CUST04191,141,11,19726.2,4,Lost Customers,0.6860441396659871,0.9155943494822756
CUST04192,3,10,8999.57,2,Potential Loyalists,-0.16352039290317702,-1.1426646949951398
CUST04193,104,10,11325.66,2,Potential Loyalists,-0.3220436081245001,-0.01800779300199773
CUST04194,9,12,20723.99,0,Champions,1.5600060639173385,-0.24341159959081082
CUST04195,38,8,6655.15,1,Low Spenders,-0.9917137817220456,-1.078936800182049
CUST04196,89,10,9465.83,1,Low Spenders,-0.47078145256222803,-0.2759507952277158
CUST04197,212,11,14902.61,4,Lost Customers,-0.16016752261469108,1.3184451715771646
CUST04198,60,17,21419.11,0,Champions,2.4625346495703946,0.6378665752736142
CUST04199,34,14,21067.01,0,Champions,1.9091368625097012,0.15786212404285943
CUST04200,38,16,20033.48,0,Champions,2.189647211584792,0.27169089649177824
CUST04201,188,13,20046.31,0,Champions,0.9403976464330948,1.5300495057362573
CUST04202,9,9,7604.09,1,Low Spenders,-0.5548368992424704,-1.2363593903622851
CUST04203,142,9,16128.15,4,Lost Customers,-0.1423211716273043,0.5724731738269714
CUST04204,26,4,6431.92,1,Low Spenders,-1.7965286505109903,-1.483101452603659
CUST04205,59,13,18377.5,0,Champions,1.2910041495260711,0.17177985854468336
CUST04206,68,14,10040.14,2,Potential Loyalists,0.5122301157992871,-0.17254441522998132
CUST04207,6,13,25302.44,0,Champions,2.3008611677988124,0.07062935820633624
CUST04208,169,4,2250.57,1,Low Spenders,-2.8713269391038554,-0.3395079941335345
CUST04209,228,5,6071.52,3,Lost Customers,-2.476402577377552,0.5337168584601023
CUST04210,6,7,12002.05,1,Low Spenders,-0.45678585922216286,-1.138453177512595
CUST04211,74,6,11285.91,1,Low Spenders,-1.0305724574962345,-0.5867037809983928
CUST04212,14,11,7127.57,2,Potential Loyalists,-0.21514845958937845,-1.0793381303876284
CUST04213,28,13,10049.47,2,Potential Loyalists,0.4734514948485855,-0.6305206428849768
CUST04214,40,13,19645.55,0,Champions,1.5148647677313847,0.06260772827743423
CUST04215,69,8,11439.0,1,Low Spenders,-0.5773611822338044,-0.48940993068371846
CUST04216,111,10,9124.28,1,Low Spenders,-0.6018085019013515,-0.08189880582941883
CUST04217,3,9,11865.72,2,Potential Loyalists,-0.04487933578534887,-1.0390293916753925
CUST04218,26,6,14087.83,1,Low Spenders,-0.5107145871018344,-0.8866154591948086
CUST04219,70,11,18035.24,2,Potential Loyalists,0.7911346062023488,0.12164475026595294
CUST04220,123,10,8407.11,1,Low Spenders,-0.733671690479447,-0.007922864711696434
CUST04221,89,12,14750.53,2,Potential Loyalists,0.5452743020518649,0.17818041829639766
CUST04222,33,6,12297.88,1,Low Spenders,-0.7436735628083534,-0.9258064129435412
CUST04223,356,7,9607.85,3,Lost Customers,-2.1955157653813364,2.1312159057013047
CUST04224,84,5,9740.88,1,Low Spenders,-1.4556607245695858,-0.6503663272612968
CUST04225,0,10,11044.6,2,Potential Loyalists,0.0816991450131595,-1.0491497687335427
CUST04226,115,11,9517.59,2,Potential Loyalists,-0.3663987429821125,0.049156787250703826
CUST04227,174,12,14512.42,4,Lost Customers,0.16207089036852965,0.9928551234291328
CUST04228,139,8,8985.36,1,Low Spenders,-1.1497682893079266,0.045967444599426914
CUST04229,126,8,6335.03,1,Low Spenders,-1.3968157452720271,-0.23992778821500743
CUST04230,1,13,13772.36,2,Potential Loyalists,1.0101012165674137,-0.6703379590978875
CUST04231,73,9,14003.06,2,Potential Loyalists,-0.09499824379150174,-0.22803410513376263
CUST04232,80,8,13004.72,1,Low Spenders,-0.44532410850377957,-0.2881340536477265
CUST04233,196,11,13511.81,4,Lost Customers,-0.25135705416717297,1.078907641666016
CUST04234,247,8,9186.49,4,Lost Customers,-1.5793625542525933,1.1113211822807965
CUST04235,180,9,11779.55,4,Lost Customers,-0.7962396384355144,0.6820046178917829
CUST04236,43,12,11942.95,2,Potential Loyalists,0.4185938970379882,-0.43899050431903536
CUST04237,77,7,12795.22,1,Low Spenders,-0.664012497608812,-0.39840209332982823
CUST04238,246,8,11107.38,4,Lost Customers,-1.356644856029397,1.2168885722338099
CUST04239,32,7,15988.92,2,Potential Loyalists,-0.11215293864515699,-0.6455356443801182
CUST04240,128,14,17040.52,0,Champions,1.0572459281373907,0.8328759811701578
CUST04241,96,10,14257.67,2,Potential Loyalists,0.04503025810836033,0.07999375850604558
CUST04242,35,15,20745.43,0,Champions,2.075786650314161,0.21674179183643125
CUST04243,17,12,13964.26,2,Potential Loyalists,0.7574755010017545,-0.5712090097787713
CUST04244,51,10,12609.21,2,Potential Loyalists,0.04602637920058896,-0.45783720903906305
CUST04245,47,7,4659.17,1,Low Spenders,-1.4639143306804503,-1.1794245582108152
CUST04246,72,10,14309.02,2,Potential Loyalists,0.15142217586176362,-0.15098545451528178
CUST04247,88,4,3522.51,1,Low Spenders,-2.3872692586329824,-1.0531067373322918
CUST04248,90,9,8457.4,1,Low Spenders,-0.7971176616981913,-0.3951719916036923
CUST04249,21,8,14210.51,2,Potential Loyalists,-0.06096287475051606,-0.7911472628105306
CUST04250,10,6,11796.4,1,Low Spenders,-0.7043633802338886,-1.180222002566423
CUST04251,13,8,18686.2,2,Potential Loyalists,0.4817261863072496,-0.6004714114250107
CUST04252,15,10,11830.13,2,Potential Loyalists,0.10822033586957792,-0.8557019989124507
CUST04253,46,10,15992.07,2,Potential Loyalists,0.45182197284385456,-0.3035112831744859
CUST04254,143,3,5330.77,1,Low Spenders,-2.6194053851165147,-0.47658943113862967
CUST04255,23,8,11512.53,1,Low Spenders,-0.3762750203672505,-0.9336144016252319
CUST04256,166,7,16317.56,4,Lost Customers,-0.6361704723133503,0.6810402711948588
CUST04257,50,9,12208.55,2,Potential Loyalists,-0.20278831215275378,-0.5600763077661888
CUST04258,51,8,17849.12,2,Potential Loyalists,0.22729224280150567,-0.2801270673383318
CUST04259,147,5,9117.08,1,Low Spenders,-1.7905708104086044,-0.07340321574722533
CUST04260,223,8,10635.66,4,Lost Customers,-1.3139490571367904,0.9642596140140388
CUST04261,5,7,11383.86,1,Low Spenders,-0.5229240306584947,-1.185318585375776
CUST04262,133,9,9478.79,1,Low Spenders,-0.8610725894128484,0.0855078772926516
CUST04263,113,15,23727.73,0,Champions,2.088277050306739,1.1564846266887834
CUST04264,26,12,17874.79,2,Potential Loyalists,1.1646466922880923,-0.2486684338688223
CUST04265,343,11,18546.16,4,Lost Customers,-0.2944989037804609,2.8147728241053396
CUST04266,159,19,28688.5,0,Champions,3.2896073411311786,2.176653692710875
CUST04267,45,12,13077.49,2,Potential Loyalists,0.5392845152520642,-0.3513736180984793
CUST04268,113,16,23054.51,0,Champions,2.2191124579920944,1.1845011245391712
CUST04269,91,12,22609.27,0,Champions,1.4309367363428662,0.6694823475544536
CUST04270,34,14,23592.09,0,Champions,2.1964000363206413,0.3094544366559778
CUST04271,35,11,16265.07,2,Potential Loyalists,0.7363886217922364,-0.32596720514471594
CUST04272,31,8,6865.58,1,Low Spenders,-0.9384473022128177,-1.134571788430668
CUST04273,186,7,13183.12,4,Lost Customers,-1.0765486513312843,0.6879169003353555
CUST04274,81,10,11911.05,2,Potential Loyalists,-0.15908675862467217,-0.2071735145772058
CUST04275,122,10,18368.32,4,Lost Customers,0.40374488526666974,0.5803423815268632
CUST04276,61,14,26767.45,0,Champions,2.444522752996366,0.7634058280203466
CUST04277,119,9,10619.07,1,Low Spenders,-0.6726955412950112,0.017428033995204803
CUST04278,54,14,19497.99,0,Champions,1.6468471074415514,0.2587182065118953
CUST04279,183,12,21209.02,4,Lost Customers,0.8861965190031672,1.4826564571772614
CUST04280,82,12,21383.61,0,Champions,1.3292070666993194,0.5081270221575905
CUST04281,19,11,17754.3,2,Potential Loyalists,0.9728427920118652,-0.3926031208118964
CUST04282,48,16,16023.23,0,Champions,1.6915292835775038,0.1284627420855084
CUST04283,127,10,11993.62,4,Lost Customers,-0.342414361779467,0.24640236637860732
CUST04284,53,11,25842.62,0,Champions,1.7505563137282498,0.4245642219859902
CUST04285,152,16,21208.0,0,Champions,1.8456521418455993,1.4539972674725394
CUST04286,59,9,9843.81,1,Low Spenders,-0.5095168692785761,-0.614269416163954
CUST04287,61,7,13160.36,1,Low Spenders,-0.5554392899920072,-0.5325223669917178
CUST04288,119,10,16067.23,4,Lost Customers,0.15453247450684462,0.4129394827317786
CUST04289,95,6,7765.52,1,Low Spenders,-1.5190474371779354,-0.5932449448387822
CUST04290,99,6,5947.87,1,Low Spenders,-1.7425889082712807,-0.6633566076810704
CUST04291,11,7,4650.01,1,Low Spenders,-1.3141312034582437,-1.5310674646876006
CUST04292,69,13,15287.19,2,Potential Loyalists,0.8975422657295153,0.08377998683255083
CUST04293,179,15,18255.23,0,Champions,1.1891907429934296,1.4716154441334968
CUST04294,58,7,8297.49,1,Low Spenders,-1.096090012965857,-0.8537208503251277
CUST04295,68,6,3880.12,1,Low Spenders,-1.8479471367344873,-1.0898233443168814
CUST04296,80,8,14856.99,2,Potential Loyalists,-0.23460248425631428,-0.17693365885472961
CUST04297,26,11,10421.14,2,Potential Loyalists,0.10926613381586466,-0.7645787875994884
CUST04298,35,8,7285.6,1,Low Spenders,-0.9074225076268471,-1.0703456995324188
CUST04299,124,12,19902.11,0,Champions,0.9847029771315995,0.8287941644594878
CUST04300,56,13,19541.46,0,Champions,1.4359896494912912,0.21240004924382677
CUST04301,6,11,8439.81,2,Potential Loyalists,-0.03234609011850023,-1.0785789158357808
CUST04302,85,14,15091.89,2,Potential Loyalists,1.015714334520266,0.29652957658092993
CUST04303,42,12,21615.22,0,Champions,1.523139505749028,0.13192832802117876
CUST04304,19,16,28547.91,0,Champions,3.237884925739588,0.5975527066436239
CUST04305,1,12,15090.51,2,Potential Loyalists,0.952635618427058,-0.6596363053754232
CUST04306,147,6,9906.47,1,Low Spenders,-1.4933430545015611,0.04242057230825428
CUST04307,56,11,21307.2,0,Champions,1.2220200747857968,0.18153958537518317
CUST04308,69,4,5910.17,1,Low Spenders,-2.036037340496393,-1.095063464869816
CUST04309,182,8,14323.99,4,Lost Customers,-0.7225767723540817,0.7858313376478208
CUST04310,21,10,18119.87,2,Potential Loyalists,0.7986287149780529,-0.4195841149434759
CUST04311,66,8,8009.94,1,Low Spenders,-0.954895959874491,-0.7245301219440792
CUST04312,54,10,13951.89,2,Potential Loyalists,0.18620624508573969,-0.3479721262068542
CUST04313,162,8,12421.23,4,Lost Customers,-0.8552505596581913,0.4765481324405069
CUST04314,15,10,10544.26,2,Potential Loyalists,-0.038065364903575,-0.9328987637752789
CUST04315,96,11,17674.2,2,Potential Loyalists,0.641131940562552,0.3535369963050691
CUST04316,419,5,9354.25,3,Lost Customers,-2.903157623392908,2.593537787610949
CUST04317,15,8,19354.96,2,Potential Loyalists,0.5494278136387952,-0.5408174679107999
CUST04318,159,10,18332.48,4,Lost Customers,0.24465278949327893,0.9390363114505365
CUST04319,19,12,14225.31,2,Potential Loyalists,0.7787944123027356,-0.5360317964178604
CUST04320,35,8,9344.29,1,Low Spenders,-0.6732177207318403,-0.9467529507666369
CUST04321,87,7,12306.89,1,Low Spenders,-0.7614627568261112,-0.3301929872776598
CUST04322,52,10,12749.33,2,Potential Loyalists,0.05777740032730852,-0.4396725698212135
CUST04323,38,14,14846.11,2,Potential Loyalists,1.184664106038063,-0.17659714383123473
CUST04324,30,6,8290.95,1,Low Spenders,-1.1869491368793026,-1.1956188316540193
CUST04325,78,14,17142.67,0,Champions,1.2783463715258754,0.3513793700095456
CUST04326,54,9,5022.17,1,Low Spenders,-1.0370979249026036,-0.9524978366307124
CUST04327,34,15,15884.17,0,Champions,1.526939909287169,-0.08485486964221685
CUST04328,14,8,11880.91,1,Low Spenders,-0.296660340690542,-0.9992720817998386
CUST04329,51,9,12615.4,2,Potential Loyalists,-0.16069302219075304,-0.5258986243900167
CUST04330,114,10,13517.57,4,Lost Customers,-0.11457907296893445,0.21110860309966792
CUST04331,153,6,5911.38,1,Low Spenders,-1.9729779642813465,-0.13890778880521468
CUST04332,1,10,19687.66,2,Potential Loyalists,1.0607785403395056,-0.5205140400410676
CUST04333,324,6,7661.35,3,Lost Customers,-2.4903141216024087,1.6338427583624746
CUST04334,136,15,20406.55,0,Champions,1.6140858168348262,1.1814081329980028
CUST04335,52,9,5198.46,1,Low Spenders,-1.008663293173472,-0.9614194929406701
CUST04336,33,13,14946.15,2,Potential Loyalists,1.009569400221046,-0.28778722172972976
CUST04337,1,12,16170.56,2,Potential Loyalists,1.0755064149461804,-0.5947958736909623
CUST04338,6,10,13902.39,2,Potential Loyalists,0.3816752014386085,-0.8190678271000946
CUST04339,350,9,13822.96,3,Lost Customers,-1.2760033017323023,2.4626191518877456
CUST04340,27,7,11648.37,1,Low Spenders,-0.5850032767122337,-0.9548819915363103
CUST04341,146,6,11078.2,1,Low Spenders,-1.3558527864161045,0.10301239835151317
CUST04342,107,11,12807.11,2,Potential Loyalists,0.04134688702423199,0.1686213291124452
CUST04343,30,11,15229.45,2,Potential Loyalists,0.639520304501923,-0.4369032121435772
CUST04344,132,13,17087.24,0,Champions,0.8383790250762516,0.806258102594926
CUST04345,119,11,13857.1,2,Potential Loyalists,0.1105228695740771,0.3486881153350348
CUST04346,166,10,15203.0,4,Lost Customers,-0.14069646264605334,0.8194271331248993
CUST04347,291,3,3187.08,3,Lost Customers,-3.483339288696256,0.8380971623939614
CUST04348,252,9,14700.25,4,Lost Customers,-0.7656195659495348,1.5595338196813757
CUST04349,17,10,15508.99,2,Potential Loyalists,0.518362947046511,-0.61533773327112
CUST04350,104,13,19359.38,0,Champions,1.2141752285229896,0.6695929241850396
CUST04351,188,7,6835.96,1,Low Spenders,-1.8070060710016749,0.32637249056625306
CUST04352,6,6,4982.56,1,Low Spenders,-1.4627746441498857,-1.6282988844027209
CUST04353,123,8,10229.25,1,Low Spenders,-0.9412249761949149,-0.035397373905090304
CUST04354,74,6,9741.06,1,Low Spenders,-1.2063207561884859,-0.6794483214249836
CUST04355,60,11,17059.14,2,Potential Loyalists,0.7219854667376437,-0.034480909067707316
CUST04356,288,9,14014.63,4,Lost Customers,-0.9944436375776078,1.8694658469157839
CUST04357,94,7,15412.99,1,Low Spenders,-0.43742755328403105,-0.0754512568463038
CUST04358,71,11,11313.77,2,Potential Loyalists,0.02228377677803328,-0.272123815128743
CUST04359,27,9,11149.6,2,Potential Loyalists,-0.22689814062918023,-0.8479594178289912
CUST04360,8,12,16563.75,2,Potential Loyalists,1.0909101545887259,-0.502922765565139
CUST04361,36,10,16775.66,2,Potential Loyalists,0.5828621875078793,-0.3539945562937773
CUST04362,78,12,9036.7,2,Potential Loyalists,-0.05866831285582476,-0.2721258212919103
CUST04363,172,9,16398.08,4,Lost Customers,-0.23730052916258118,0.8812558197349745
CUST04364,185,9,9186.88,4,Lost Customers,-1.1121400654647848,0.5751174779285475
CUST04365,42,9,9672.89,1,Low Spenders,-0.4577383966663496,-0.7903244512798353
CUST04366,62,13,20862.55,0,Champions,1.5611445837363456,0.3502267329081894
CUST04367,9,13,14804.2,2,Potential Loyalists,1.0939707388650135,-0.530371134019245
CUST04368,54,13,40931.93,0,Champions,3.8778340253063788,1.4770644204620909
CUST04369,18,13,16016.14,2,Potential Loyalists,1.1941395665769436,-0.3698394841213966
CUST04370,173,11,13861.9,4,Lost Customers,-0.11516887132254565,0.8756157652133915
CUST04371,53,8,6908.3,1,Low Spenders,-1.0257582634278697,-0.9174502812476504
CUST04372,412,4,3885.13,3,Lost Customers,-3.703443009143024,2.1284999312586277
CUST04373,45,8,13245.72,2,Potential Loyalists,-0.2712713707849501,-0.6150061072104837
CUST04374,11,10,10442.3,2,Potential Loyalists,-0.03290638508940482,-0.9780302295527842
CUST04375,4,17,28254.42,0,Champions,3.4747637686060906,0.5020774195112464
CUST04376,417,9,13939.68,3,Lost Customers,-1.543427234451599,3.1230494599847756
CUST04377,59,13,11679.19,2,Potential Loyalists,0.5289776831291424,-0.230350887213699
CUST04378,59,13,14941.36,2,Potential Loyalists,0.9000951557283605,-0.034507629005192324
CUST04379,237,9,17338.32,4,Lost Customers,-0.4026583634326212,1.5716207028068327
CUST04380,51,9,17191.07,2,Potential Loyalists,0.3598534502027962,-0.25119984373575344
CUST04381,426,4,5556.76,3,Lost Customers,-3.571925958432024,2.365391827940503
CUST04382,32,18,27691.76,0,Champions,3.500868429875506,0.809803673869354
CUST04383,192,11,13966.8,4,Lost Customers,-0.1828372205764874,1.0672124783066028
CUST04384,113,11,16922.54,2,Potential Loyalists,0.4843970868081452,0.47420525723137597
CUST04385,186,12,11288.58,4,Lost Customers,-0.2549610769796123,0.9163439899757821
CUST04386,208,14,24581.9,0,Champions,1.5800162778672107,2.065826787767536
CUST04387,127,10,16200.86,4,Lost Customers,0.13621804407869936,0.498982578220773
CUST04388,16,9,13610.74,2,Potential Loyalists,0.09917644312979383,-0.8074841345178808
CUST04389,23,13,17722.48,0,Champions,1.3673116666933354,-0.21863703173630186
CUST04390,79,8,17431.96,2,Potential Loyalists,0.06252596401292393,-0.03209880021399601
CUST04391,13,12,17147.38,2,Potential Loyalists,1.1363582864073687,-0.419121823347593
CUST04392,90,9,9265.61,1,Low Spenders,-0.7051724679990847,-0.3466513811766767
CUST04393,85,10,9193.49,1,Low Spenders,-0.4850055812253764,-0.3313109659266585
CUST04394,27,9,16237.28,2,Potential Loyalists,0.35189663186691605,-0.5425222922585103
CUST04395,117,11,16755.52,2,Potential Loyalists,0.44863786918302756,0.5031886008714929
CUST04396,7,11,8675.62,2,Potential Loyalists,-0.009708992866680144,-1.0546695602549054
CUST04397,125,8,6241.51,1,Low Spenders,-1.4032653645027315,-0.2552948123997604
CUST04398,47,6,8562.93,1,Low Spenders,-1.2272306207445056,-1.013496694065075
CUST04399,13,10,9799.94,2,Potential Loyalists,-0.11436299925792982,-0.9970889259998068
CUST04400,56,13,14925.92,2,Potential Loyalists,0.910907406848941,-0.06469231319948264
CUST04401,13,11,8583.26,2,Potential Loyalists,-0.04535376913498512,-1.00169886303969
CUST04402,204,7,9371.63,4,Lost Customers,-1.5855715611511072,0.6346418986521053
CUST04403,62,8,6050.72,1,Low Spenders,-1.1610262866138183,-0.8811615554548206
CUST04404,26,7,12962.93,1,Low Spenders,-0.43126409805150173,-0.8857154153819534
CUST04405,85,10,12395.35,2,Potential Loyalists,-0.1207492148138979,-0.13908839790368935
CUST04406,29,15,21147.62,0,Champions,2.1466789233516153,0.18237163251186553
CUST04407,156,8,13434.02,4,Lost Customers,-0.7148939948244534,0.47883513490153623
CUST04408,41,14,14152.52,2,Potential Loyalists,1.0931897736657314,-0.18897883274673866
CUST04409,245,6,8143.15,3,Lost Customers,-2.104525097621802,0.892313397051652
CUST04410,26,10,6622.22,1,Low Spenders,-0.5303377604627306,-1.0610786780273909
CUST04411,49,8,17314.95,2,Potential Loyalists,0.17490211077435208,-0.33170094631811226
CUST04412,18,6,8962.95,1,Low Spenders,-1.0602246676926876,-1.2723065382448095
CUST04413,153,9,17697.07,4,Lost Customers,-0.009920053131887895,0.7739411617665237
CUST04414,76,16,21580.67,0,Champions,2.2064573345728657,0.7351740730883496
CUST04415,88,16,17841.73,0,Champions,1.730825536395596,0.6277390876275311
CUST04416,103,11,14177.01,2,Potential Loyalists,0.2139505319600499,0.2118524741206355
CUST04417,98,12,15595.43,2,Potential Loyalists,0.6036871951733793,0.3166769475558825
CUST04418,83,8,11287.78,1,Low Spenders,-0.6532188192084508,-0.3619522091752326
CUST04419,191,8,10208.29,4,Lost Customers,-1.2285015239830497,0.6265199455944623
CUST04420,32,8,13585.45,2,Potential Loyalists,-0.17815767324692794,-0.7213941124313443
CUST04421,101,8,8577.6,1,Low Spenders,-1.0369523100990807,-0.34911044235849337
CUST04422,228,8,9053.01,4,Lost Customers,-1.5149455798095552,0.9180086786801624
CUST04423,14,16,27642.61,0,Champions,3.155842331519847,0.49444041619225493
CUST04424,22,12,13905.33,2,Potential Loyalists,0.729823443929765,-0.5259839369961286
CUST04425,234,11,19244.77,4,Lost Customers,0.24164296183126843,1.7936820860111782
CUST04426,23,9,8237.37,1,Low Spenders,-0.5414466867015839,-1.0618044801528506
CUST04427,136,18,28737.66,0,Champions,3.1841369262260053,1.8868625569380992
CUST04428,7,11,23891.63,0,Champions,1.721325004210244,-0.14118161347922548
CUST04429,102,12,24440.65,0,Champions,1.5931963514397447,0.8867070316653901
CUST04430,356,5,5227.87,3,Lost Customers,-3.108646963700091,1.7313992473862698
CUST04431,94,15,13516.77,2,Potential Loyalists,1.006239699019,0.35817406420983783
CUST04432,57,16,15912.81,0,Champions,1.641261162550925,0.20960696247336774
CUST04433,48,10,9531.06,2,Potential Loyalists,-0.2915874769952338,-0.6718906386843186
CUST04434,38,9,15250.71,2,Potential Loyalists,0.1935750136402804,-0.49447227086247264
CUST04435,67,8,19032.81,2,Potential Loyalists,0.2949201145539086,-0.05302331531354837
CUST04436,37,10,13600.57,2,Potential Loyalists,0.21746169404901503,-0.5348574135109461
CUST04437,53,12,16828.85,2,Potential Loyalists,0.9325374814177105,-0.0481413416291373
CUST04438,77,11,13668.13,2,Potential Loyalists,0.2649876281281415,-0.07226512105134142
CUST04439,3,14,15404.74,2,Potential Loyalists,1.3948516996416835,-0.4844003891759137
CUST04440,37,5,4979.06,1,Low Spenders,-1.800473678770244,-1.3946119617091937
CUST04441,53,11,9444.59,2,Potential Loyalists,-0.11494899384497824,-0.5598858904854135
CUST04442,36,11,17258.9,2,Potential Loyalists,0.8452610981259742,-0.25655037858985325
CUST04443,9,11,13592.35,2,Potential Loyalists,0.541258647602532,-0.7399901933041507
CUST04444,94,10,13263.85,2,Potential Loyalists,-0.05965149154762043,0.0008249492695525159
CUST04445,184,6,8956.37,1,Low Spenders,-1.756445015027114,0.34622721639160986
CUST04446,455,3,2297.57,3,Lost Customers,-4.271626096925953,2.3841193509488248
CUST04447,114,11,13989.95,2,Potential Loyalists,0.14658436072661254,0.3079008044246343
CUST04448,94,11,7255.83,1,Low Spenders,-0.5357242133657266,-0.2914314429779825
CUST04449,243,8,11926.11,4,Lost Customers,-1.2509340980504706,1.236782998171668
CUST04450,59,5,7164.61,1,Low Spenders,-1.6440077510402742,-1.048846389689906
CUST04451,189,7,8078.07,1,Low Spenders,-1.6698882714331171,0.4106947218510987
CUST04452,22,10,15371.2,2,Potential Loyalists,0.48173946178740246,-0.5748469935680907
CUST04453,95,9,9670.81,1,Low Spenders,-0.6800232447706992,-0.27356242287233695
CUST04454,144,10,7997.21,4,Lost Customers,-0.8682849194414918,0.17227317282766377
CUST04455,10,11,13101.33,2,Potential Loyalists,0.48120866459511036,-0.7597158277341236
CUST04456,215,6,5496.03,3,Lost Customers,-2.2799843575369136,0.44081696400788367
CUST04457,145,9,10320.52,4,Lost Customers,-0.815589095250645,0.25307184577290903
CUST04458,108,11,20289.17,0,Champions,0.8883462909069398,0.627556820606958
CUST04459,604,5,6744.74,3,Lost Customers,-3.9750998628157523,4.2411046090944495
CUST04460,81,7,5713.35,1,Low Spenders,-1.4864326358489506,-0.7845494001533881
CUST04461,60,13,25592.12,0,Champions,2.1075785121411768,0.6146596812741464
CUST04462,27,8,10205.41,1,Low Spenders,-0.5417365620620422,-0.9730765708441991
CUST04463,133,11,10030.83,4,Lost Customers,-0.38342311585443817,0.2555154693031495
CUST04464,107,6,3810.79,1,Low Spenders,-2.0192283665814097,-0.7136348090118734
CUST04465,72,10,11332.48,2,Potential Loyalists,-0.18720088850657932,-0.3296810135413131
CUST04466,344,6,10006.39,3,Lost Customers,-2.3073247971616135,1.9696780918281132
CUST04467,19,9,16080.37,2,Potential Loyalists,0.3675626366268376,-0.6299629945709058
CUST04468,32,10,13292.98,2,Potential Loyalists,0.20341697380496482,-0.6020863889101239
CUST04469,50,8,7446.26,1,Low Spenders,-0.9519890206923804,-0.9144117860574857
CUST04470,78,11,15482.41,2,Potential Loyalists,0.4671977693886085,0.04640714013665485
CUST04471,340,7,9162.18,3,Lost Customers,-2.1791835378355193,1.9484189315032567
CUST04472,207,9,13669.43,4,Lost Customers,-0.694358254577161,1.0587826579096948
CUST04473,4,9,10443.57,2,Potential Loyalists,-0.2108583820424814,-1.1146550966153899
CUST04474,9,16,28755.34,0,Champions,3.303378880394856,0.5124798653383049
CUST04475,27,9,11443.5,2,Potential Loyalists,-0.193462904207746,-0.8303152320301272
CUST04476,24,18,25577.5,0,Champions,3.293858490404416,0.6048541349683013
CUST04477,15,11,14578.33,2,Potential Loyalists,0.6282901314318432,-0.6222817236685643
CUST04478,109,9,15450.23,2,Potential Loyalists,-0.08118761692596863,0.209939238976995
CUST04479,159,9,15060.78,4,Lost Customers,-0.3349724544072674,0.6741878930773363
CUST04480,128,8,8054.14,1,Low Spenders,-1.2096221119001496,-0.11721644234000442
CUST04481,345,7,8182.47,3,Lost Customers,-2.3115872008691563,1.9383652924795776
CUST04482,215,4,5414.42,3,Lost Customers,-2.704115837663084,0.29905147586046704
CUST04483,36,15,12992.0,2,Potential Loyalists,1.189535934610624,-0.23898013857015882
CUST04484,405,4,3973.24,3,Lost Customers,-3.6640921407908897,2.0655215037214165
CUST04485,32,8,8434.67,1,Low Spenders,-0.7641309534605898,-1.0306194248814042
CUST04486,37,13,17804.17,0,Champions,1.3179508004397376,-0.0771966381814962
CUST04487,49,13,18526.87,0,Champions,1.3498929669692656,0.08322140503289276
CUST04488,306,6,11209.03,3,Lost Customers,-2.0113032897694474,1.6712800170869013
CUST04489,26,8,7248.71,1,Low Spenders,-0.8739129598470922,-1.1603336252963605
CUST04490,39,12,20836.1,0,Champions,1.4470724736089042,0.05589637669222867
CUST04491,116,9,10850.59,1,Low Spenders,-0.6337881354053343,0.0020695087831787084
CUST04492,258,8,15963.12,4,Lost Customers,-0.8545115716392201,1.6254322557140608
CUST04493,23,6,6716.38,1,Low Spenders,-1.3367513780650737,-1.3584156832948542
CUST04494,0,13,15232.48,2,Potential Loyalists,1.1803998814938959,-0.5924327382178328
CUST04495,196,10,11692.28,4,Lost Customers,-0.6657776458931218,0.9012397516750422
CUST04496,186,6,6407.01,1,Low Spenders,-2.054849556571193,0.2126824283541359
CUST04497,93,11,20513.25,0,Champions,0.9766823611714615,0.4947206412057064
CUST04498,44,10,18426.1,2,Potential Loyalists,0.7371061135152416,-0.17689029217063917
CUST04499,152,7,10394.8,1,Low Spenders,-1.2513130303678406,0.18893324155917393
CUST04500,29,13,26617.17,0,Champions,2.354069549428946,0.37386813292934085
CUST04501,55,14,11991.79,2,Potential Loyalists,0.7887222627841902,-0.18216135555494264
CUST04502,148,9,19061.96,4,Lost Customers,0.16630322325597882,0.8071189501131233
CUST04503,21,13,20054.62,0,Champions,1.6410043945066757,-0.09813297197112904
CUST04504,54,8,7590.41,1,Low Spenders,-0.952348297802841,-0.866747458085853
CUST04505,51,9,12169.26,2,Potential Loyalists,-0.21144768832569236,-0.5526824864257607
CUST04506,37,8,18321.41,2,Potential Loyalists,0.33967608378373954,-0.38830946140741224
CUST04507,137,10,12459.64,4,Lost Customers,-0.3312939579181825,0.3719055476847596
CUST04508,237,5,3038.4,3,Lost Customers,-2.85916870959476,0.439397785774332
CUST04509,121,13,18731.04,0,Champions,1.0714697499148613,0.7976646590573004
CUST04510,35,13,19657.93,0,Champions,1.5372211111068186,0.01458804219456307
CUST04511,83,4,3285.83,1,Low Spenders,-2.3932469744039335,-1.1160786551778885
CUST04512,131,7,8220.19,1,Low Spenders,-1.4107239690939928,-0.14642296828036303
CUST04513,100,6,9408.29,1,Low Spenders,-1.3531073138540262,-0.44585889562222697
CUST04514,418,7,6923.38,3,Lost Customers,-2.7606663017760833,2.5747148167998115
CUST04515,65,7,10211.55,1,Low Spenders,-0.9076660350917136,-0.6705428328562686
CUST04516,8,13,13441.1,2,Potential Loyalists,0.9430886342449776,-0.6219569584983896
CUST04517,17,10,13543.5,2,Potential Loyalists,0.2947609639435344,-0.7333352519707088
CUST04518,157,14,19453.3,0,Champions,1.210235323864784,1.260551309579374
CUST04519,19,8,10074.24,1,Low Spenders,-0.523142272220502,-1.0589719810760816
CUST04520,15,12,14525.36,2,Potential Loyalists,0.8296876534091169,-0.5570287295890324
CUST04521,65,12,16575.28,2,Potential Loyalists,0.8534152782257222,0.053666666641879926
CUST04522,47,12,22427.23,0,Champions,1.5945690574177118,0.22943998528719214
CUST04523,91,8,12075.61,1,Low Spenders,-0.5971088479118521,-0.23663444083963453
CUST04524,140,7,6954.28,1,Low Spenders,-1.5924452419838009,-0.13464819412839799
CUST04525,71,7,12181.04,1,Low Spenders,-0.7087465302591873,-0.4937896773580052
CUST04526,2,13,17334.99,2,Potential Loyalists,1.411210628319254,-0.4467041047100142
CUST04527,146,10,14456.11,4,Lost Customers,-0.14187386777104335,0.5795361873232776
CUST04528,91,9,13499.95,2,Potential Loyalists,-0.22764664707187324,-0.08269164709178098
CUST04529,93,9,14409.33,2,Potential Loyalists,-0.13257112866266324,-0.008592164322984704
CUST04530,28,10,13968.24,2,Potential Loyalists,0.2969956012934024,-0.6005577182922801
CUST04531,118,7,17389.68,4,Lost Customers,-0.31310155041094384,0.2772806426926422
CUST04532,0,8,6369.64,1,Low Spenders,-0.8649901548353487,-1.466675450277393
CUST04533,28,11,20414.48,2,Potential Loyalists,1.2377691794208965,-0.14512687873525676
CUST04534,178,6,5489.03,1,Low Spenders,-2.1257659110602027,0.07955114936279734
CUST04535,195,6,3024.43,1,Low Spenders,-2.4773716524489466,0.09738364430643656
CUST04536,125,9,7686.73,1,Low Spenders,-1.0314277715685725,-0.1000984950061761
CUST04537,50,6,3563.39,1,Low Spenders,-1.8085670023474423,-1.2843846158510055
CUST04538,149,6,11629.01,1,Low Spenders,-1.3057592106467795,0.16533783705801106
CUST04539,13,11,17247.08,2,Potential Loyalists,0.940276955644704,-0.4815693978885711
CUST04540,27,13,21022.17,0,Champions,1.72593920801531,0.018469058929264967
CUST04541,59,6,7166.33,1,Low Spenders,-1.4363884764944799,-0.9803101001992144
CUST04542,21,9,8769.11,1,Low Spenders,-0.4725746450166893,-1.0493868175032772
CUST04543,56,7,10157.47,1,Low Spenders,-0.8761120902860466,-0.7615627543802733
CUST04544,64,9,7110.19,1,Low Spenders,-0.8414523305834546,-0.7296184410824459
CUST04545,8,13,16585.72,2,Potential Loyalists,1.3008331499155141,-0.43317077426285483
CUST04546,35,14,9937.83,2,Potential Loyalists,0.6388473603153276,-0.5005218009554796
CUST04547,121,7,7631.54,1,Low Spenders,-1.4357952509490184,-0.27928819961888923
CUST04548,18,7,8574.58,1,Low Spenders,-0.8969835876880207,-1.2271891682446892
CUST04549,2,12,13873.89,2,Potential Loyalists,0.8100384848670924,-0.7229230871876884
CUST04550,18,5,5851.58,1,Low Spenders,-1.6216101312072233,-1.5275296000030665
CUST04551,511,5,10539.91,3,Lost Customers,-3.1537144034595515,3.5619561180542414
CUST04552,68,16,14297.79,0,Champions,1.411444565321056,0.21992820344988848
CUST04553,122,13,18331.09,0,Champions,1.0217802534025062,0.7834063808733382
CUST04554,94,15,21908.42,0,Champions,1.9609072788622417,0.8619638966665811
CUST04555,3,13,24142.67,0,Champions,2.181489873175467,-0.028254785447682024
CUST04556,104,9,20012.33,2,Potential Loyalists,0.45876302332366714,0.435060434189828
CUST04557,16,7,8017.89,1,Low Spenders,-0.9519356847516176,-1.2801150277082751
CUST04558,16,14,19143.15,0,Champions,1.7656834769580612,-0.13318264637839702
CUST04559,56,10,8587.45,1,Low Spenders,-0.4324530271328919,-0.6505192774925962
CUST04560,3,10,13092.43,2,Potential Loyalists,0.3020996878720236,-0.8969512472621066
CUST04561,87,18,19785.1,0,Champions,2.3709478500644607,0.8715221164381114
CUST04562,73,7,7538.06,1,Low Spenders,-1.2453296348405005,-0.7530242247429362
CUST04563,114,6,5644.22,1,Low Spenders,-1.8399771791552424,-0.5352973859661595
CUST04564,52,10,14742.7,2,Potential Loyalists,0.2845511234487595,-0.3200012848743557
CUST04565,333,3,4739.88,3,Lost Customers,-3.4826493058803147,1.3409274655311534
CUST04566,126,10,13417.7,4,Lost Customers,-0.17621575102320763,0.32214393820731463
CUST04567,225,10,11099.73,4,Lost Customers,-0.8546865797827037,1.1484911232727582
CUST04568,31,11,11987.94,2,Potential Loyalists,0.2665636068813993,-0.6217535713027688
CUST04569,101,13,16218.47,2,Potential Loyalists,0.869421544365924,0.45177171944370803
CUST04570,9,7,4663.53,1,Low Spenders,-1.3042139362487342,-1.5497609621764665
CUST04571,6,11,14827.99,2,Potential Loyalists,0.6943987503125237,-0.6950667183652571
CUST04572,151,7,17635.9,4,Lost Customers,-0.4233470192433892,0.6138976159591903
CUST04573,145,10,15546.27,4,Lost Customers,-0.013663328283396876,0.63523098636547
CUST04574,95,8,11632.05,1,Low Spenders,-0.6643283591061546,-0.22425308134656716
CUST04575,12,16,16694.64,0,Champions,1.9187367689192596,-0.18232237763002215
CUST04576,21,19,26284.0,0,Champions,3.5942251163615206,0.6864439011903842
CUST04577,78,11,18697.2,2,Potential Loyalists,0.8329251041802475,0.23940595627932226
CUST04578,169,8,15579.95,4,Lost Customers,-0.5252290950052032,0.7344488865422821
CUST04579,32,5,3783.71,1,Low Spenders,-1.9155135180530571,-1.5151373045285805
CUST04580,20,9,12964.39,2,Potential Loyalists,0.008886732568690882,-0.8072772031913721
CUST04581,104,14,22412.96,0,Champions,1.7689862711025313,0.9213465830943123
CUST04582,50,9,9749.13,1,Low Spenders,-0.4825817424338149,-0.7077267447768797
CUST04583,19,9,9437.84,1,Low Spenders,-0.388118074453359,-1.028745007141603
CUST04584,90,13,21020.31,0,Champions,1.4617834976099315,0.6327701252434232
CUST04585,4,14,17588.64,0,Champions,1.6391112865846633,-0.3435381179335585
CUST04586,538,5,5785.23,3,Lost Customers,-3.80774467157944,3.5398302751470103
CUST04587,100,11,15571.81,2,Potential Loyalists,0.3851973111887061,0.2663310651253582
CUST04588,0,7,6254.16,1,Low Spenders,-1.0855512207908142,-1.5420412823896525
CUST04589,15,13,20024.13,0,Champions,1.6626732647036193,-0.15847892684333806
CUST04590,3,6,8932.83,1,Low Spenders,-1.0008074034789611,-1.420403527547631
CUST04591,18,15,20883.79,0,Champions,2.1627500495014855,0.059254275549650494
CUST04592,22,11,15652.18,2,Potential Loyalists,0.7211284679529645,-0.48954542566232334
CUST04593,137,10,17102.29,4,Lost Customers,0.19687242647096972,0.6506254496891688
CUST04594,18,14,16202.03,0,Champions,1.4227107550109164,-0.2902466117842375
CUST04595,42,10,11313.4,2,Potential Loyalists,-0.06368383428427664,-0.6234039656499115
CUST04596,26,6,7298.11,1,Low Spenders,-1.2831402197501522,-1.294233972982705
CUST04597,49,5,8928.73,1,Low Spenders,-1.4014185320608055,-1.040463880225461
CUST04598,26,7,10788.31,1,Low Spenders,-0.6786575442127111,-1.0162679819757798
CUST04599,130,10,20440.27,4,Lost Customers,0.605941470355348,0.782751854074905
CUST04600,11,10,9228.18,2,Potential Loyalists,-0.1710295196385431,-1.050919507749847
CUST04601,22,13,16314.87,2,Potential Loyalists,1.211365926914681,-0.31289499881465527
CUST04602,15,9,17581.84,2,Potential Loyalists,0.5551342096197092,-0.5788330896935201
CUST04603,38,10,12215.72,2,Potential Loyalists,0.05572604458847821,-0.608243825731319
CUST04604,51,10,12144.71,2,Potential Loyalists,-0.0068169937757847,-0.48572330738398417
CUST04605,476,10,8206.81,3,Lost Customers,-2.2353835478795223,3.422714002374592
CUST04606,76,8,6652.3,1,Low Spenders,-1.1512423925300923,-0.7085097438837801
CUST04607,453,6,4979.92,3,Lost Customers,-3.3358212810069885,2.730947237709033
CUST04608,0,8,12879.63,2,Potential Loyalists,-0.12438772288171539,-1.075850431193533
CUST04609,78,9,15735.38,2,Potential Loyalists,0.08112944476391296,-0.07527195235038792
CUST04610,78,11,20739.81,0,Champions,1.0653005661291617,0.3620333477547138
CUST04611,36,13,18694.74,0,Champions,1.4234551853259756,-0.03348415640230198
CUST04612,64,9,13356.47,2,Potential Loyalists,-0.130850600217764,-0.354625161491673
CUST04613,182,11,12493.92,4,Lost Customers,-0.30850203458845354,0.8812628018883574
CUST04614,88,8,10331.48,1,Low Spenders,-0.7829592672552703,-0.37060043687005345
CUST04615,31,9,7834.28,1,Low Spenders,-0.6208205254050345,-1.0079831859635031
CUST04616,0,14,18904.57,0,Champions,1.8055750890241737,-0.3035470433832269
CUST04617,46,9,7951.11,1,Low Spenders,-0.6703733141165409,-0.8546805915207724
CUST04618,21,15,16024.43,0,Champions,1.5973611039024844,-0.20321798796719276
CUST04619,213,9,10576.11,4,Lost Customers,-1.0714042118297031,0.9315917497660849
CUST04620,261,10,15575.78,4,Lost Customers,-0.49629848135489135,1.7683022403759048
CUST04621,149,13,22482.86,0,Champions,1.3809832667582327,1.2959762120331095
CUST04622,4,9,13339.31,2,Potential Loyalists,0.11857255199972358,-0.9408103379042555
CUST04623,81,8,6792.27,1,Low Spenders,-1.1562667921532106,-0.6513437777517189
CUST04624,3,9,12049.24,2,Potential Loyalists,-0.02400136849014086,-1.0280118313562108
CUST04625,25,15,28425.45,0,Champions,2.991392252912422,0.5802833307921977
CUST04626,27,12,21544.81,0,Champions,1.577973218838496,-0.018587457626780948
CUST04627,47,11,11943.58,2,Potential Loyalists,0.1944836117153183,-0.468375380252109
CUST04628,116,11,14282.41,2,Potential Loyalists,0.1714765989278905,0.3449637063733041
CUST04629,87,14,10814.27,2,Potential Loyalists,0.5206960410275381,0.059229291609993455
CUST04630,25,10,14884.88,2,Potential Loyalists,0.41384499145341963,-0.5747852990520514
CUST04631,96,8,12798.84,1,Low Spenders,-0.5357792632030013,-0.14445266045427155
CUST04632,149,13,20795.46,0,Champions,1.1890179114076773,1.1946737311994822
CUST04633,115,7,13461.68,1,Low Spenders,-0.7473977328155312,0.012206759487792975
CUST04634,166,12,13100.05,4,Lost Customers,0.03491075726641006,0.8300433101843053
CUST04635,35,10,24988.29,0,Champions,1.5213533270451105,0.12929528877371219
CUST04636,36,10,9737.73,2,Potential Loyalists,-0.217800804896016,-0.7765142723856412
CUST04637,24,9,11756.29,2,Potential Loyalists,-0.14530989891701437,-0.840794740638296
CUST04638,34,7,5160.36,1,Low Spenders,-1.3524322994486389,-1.2761193676539129
CUST04639,3,11,16279.8,2,Potential Loyalists,0.8721312145646095,-0.6371655515442934
CUST04640,13,12,24270.32,0,Champions,1.94669235553187,0.008501438966664138
CUST04641,28,6,15514.82,1,Low Spenders,-0.35675369025064196,-0.7814414374285642
CUST04642,123,7,11184.75,1,Low Spenders,-1.0399470850131647,-0.04646728867516755
CUST04643,19,9,19285.92,2,Potential Loyalists,0.7322387921584079,-0.4375188986622688
CUST04644,28,4,2744.3,1,Low Spenders,-2.224426190384643,-1.68498128973067
CUST04645,149,8,12594.08,4,Lost Customers,-0.781121796635341,0.3601415435989778
CUST04646,13,7,10691.04,1,Low Spenders,-0.6352587099484786,-1.1488911324640907
CUST04647,10,17,19238.58,0,Champions,2.423948310126353,0.01933005244457468
CUST04648,83,8,10764.31,1,Low Spenders,-0.7127708546270566,-0.39337855126482546
CUST04649,113,10,15075.31,2,Potential Loyalists,0.06682523258177506,0.2948744072314584
CUST04650,39,14,18645.79,0,Champions,1.6127412714261773,0.06126792608443943
CUST04651,128,10,11776.39,4,Lost Customers,-0.37131690218796215,0.24311362078793675
CUST04652,53,15,19973.47,0,Champions,1.9125527985414366,0.3459439322464817
CUST04653,171,10,16986.29,4,Lost Customers,0.041229776438114464,0.9752492523940453
CUST04654,179,6,14676.64,4,Lost Customers,-1.084736335423234,0.6408787507220687
CUST04655,8,9,9405.72,1,Low Spenders,-0.34568669436946226,-1.1379517336463336
CUST04656,115,10,13427.47,4,Lost Customers,-0.12901879743235659,0.2154520634995029
CUST04657,89,13,21982.18,0,Champions,1.5753992549250504,0.6807630780925696
CUST04658,35,11,12409.69,2,Potential Loyalists,0.2977852131686597,-0.5574236224472822
CUST04659,69,10,10596.07,2,Potential Loyalists,-0.2584090606686168,-0.4031488846543069
CUST04660,6,6,6618.15,1,Low Spenders,-1.2767034010789988,-1.530106799167049
CUST04661,79,6,8427.39,1,Low Spenders,-1.3767170410503036,-0.7095511346214717
CUST04662,2,14,18905.43,0,Champions,1.7972937479791427,-0.283990247521487
CUST04663,276,6,5606.56,3,Lost Customers,-2.5229749551220744,1.0423601594066148
CUST04664,82,7,12689.38,1,Low Spenders,-0.6970012234134639,-0.35599324632406437
CUST04665,43,14,15682.14,2,Potential Loyalists,1.2588262687269676,-0.0776434540953721
CUST04666,17,10,13780.71,2,Potential Loyalists,0.32174691981807807,-0.71909443089773
CUST04667,87,8,14650.18,2,Potential Loyalists,-0.2874571381246928,-0.12108134514645792
CUST04668,203,10,12641.06,4,Lost Customers,-0.5871677714993528,1.0264675150849443
CUST04669,267,9,15136.72,4,Lost Customers,-0.7788088331579883,1.7320258920034837
CUST04670,25,17,22102.11,0,Champions,2.686871070508938,0.33752984026512023
CUST04671,4,9,8956.58,1,Low Spenders,-0.38002429632049617,-1.2039260317669813
CUST04672,81,8,14190.23,2,Potential Loyalists,-0.3146453507230854,-0.20720978396960338
CUST04673,77,15,19260.93,0,Champions,1.7309412687788868,0.5372288301662408
CUST04674,155,8,13537.47,4,Lost Customers,-0.6989355211054135,0.4752931371774917
CUST04675,6,14,23740.68,0,Champions,2.3306127205338414,0.045302661603772255
CUST04676,307,11,19618.23,4,Lost Customers,-0.021710738531893817,2.5280411902087025
CUST04677,160,9,16339.6,4,Lost Customers,-0.19367837879573277,0.7607139966339623
CUST04678,9,16,19205.59,0,Champions,2.2169612246766124,-0.06083610381004917
CUST04679,121,13,23919.28,0,Champions,1.6617046291633881,1.1091388697721627
CUST04680,136,8,10922.59,4,Lost Customers,-0.9168125094257198,0.13301063479733702
CUST04681,11,10,12156.63,2,Potential Loyalists,0.16212263448989905,-0.8751110153963824
CUST04682,134,6,6466.05,1,Low Spenders,-1.8302743006807378,-0.2909074429417853
CUST04683,0,13,10967.3,2,Potential Loyalists,0.6951759901023576,-0.8484913581075867
CUST04684,56,9,20826.12,2,Potential Loyalists,0.7524432938999448,0.01579205265113421
CUST04685,35,9,16682.01,2,Potential Loyalists,0.3689741784741845,-0.43780241486401555
CUST04686,54,11,11474.14,2,Potential Loyalists,0.11175112136731627,-0.42828996860697327
CUST04687,20,10,8636.08,2,Potential Loyalists,-0.2760954789756916,-0.9986927811203979
CUST04688,266,8,15007.74,4,Lost Customers,-0.9967161239295845,1.6460970089886255
CUST04689,63,15,18926.3,0,Champions,1.7515266716080626,0.3806032703781426
CUST04690,58,7,5866.06,1,Low Spenders,-1.3726991891896336,-0.9996909172762398
CUST04691,45,17,20951.39,0,Champions,2.4721687921168205,0.4634984199089255
CUST04692,56,14,25281.18,0,Champions,2.296386693979889,0.6254152026810361
CUST04693,79,10,12773.08,2,Potential Loyalists,-0.05263960895190574,-0.1749270049473439
CUST04694,274,10,12767.6,4,Lost Customers,-0.8702328979963139,1.7264976956300906
CUST04695,48,8,7057.94,1,Low Spenders,-0.9877866748969205,-0.957229610260933
CUST04696,17,8,11183.85,1,Low Spenders,-0.3885294341053447,-1.0118620909763907
CUST04697,142,8,9684.88,1,Low Spenders,-1.0827568707069193,0.1172206372023149
CUST04698,85,13,14021.76,2,Potential Loyalists,0.686548476289461,0.16385165881747793
CUST04699,36,10,11002.56,2,Potential Loyalists,-0.07390869845531269,-0.7005806367137217
CUST04700,66,5,8370.78,1,Low Spenders,-1.5361161634702105,-0.9081663058214478
CUST04701,21,6,10460.39,1,Low Spenders,-0.9024386868412861,-1.153150491839167
CUST04702,31,11,14740.31,2,Potential Loyalists,0.5796841977941688,-0.4565159814177084
CUST04703,24,10,18039.72,2,Potential Loyalists,0.7769417641312906,-0.395138143646475
CUST04704,72,7,8124.81,1,Low Spenders,-1.1743890251484108,-0.7275514725636428
CUST04705,168,8,9242.19,4,Lost Customers,-1.2420483660636608,0.34421105346777603
CUST04706,38,9,17549.02,2,Potential Loyalists,0.4550399276237667,-0.35649401749946785
CUST04707,93,8,16409.76,2,Potential Loyalists,-0.11241783226196368,0.04306993542482481
CUST04708,36,13,16769.6,2,Potential Loyalists,1.2044435791866082,-0.1490592766773107
CUST04709,117,4,10103.74,1,Low Spenders,-1.760060362187904,-0.37517994144000455
CUST04710,7,13,15597.27,2,Potential Loyalists,1.192572723843591,-0.502264614361107
CUST04711,6,13,11362.09,2,Potential Loyalists,0.714951341165464,-0.7662747775581873
CUST04712,65,9,18620.42,2,Potential Loyalists,0.46380776161408477,-0.028853143839685347
CUST04713,73,14,20637.72,0,Champions,1.6969051471157919,0.5124405840836314
CUST04714,11,9,15097.3,2,Potential Loyalists,0.289241384081784,-0.7670019294099751
CUST04715,6,13,20704.18,0,Champions,1.7777447668895772,-0.2054256053577477
CUST04716,103,13,18667.79,0,Champions,1.1396867802804882,0.6183209724714448
CUST04717,177,4,2498.37,1,Low Spenders,-2.8766529348867635,-0.24661074181345372
CUST04718,36,10,10295.5,2,Potential Loyalists,-0.15434666464836913,-0.7430287415485116
CUST04719,15,11,13414.27,2,Potential Loyalists,0.4958620221812997,-0.6921656669180559
CUST04720,44,12,14301.25,2,Potential Loyalists,0.6826939236948099,-0.2876581888326452
CUST04721,2,9,11600.83,2,Potential Loyalists,-0.07082468984266489,-1.0646845550923718
CUST04722,344,6,6911.53,3,Lost Customers,-2.6594084167303107,1.7838792321429406
CUST04723,68,10,12870.46,2,Potential Loyalists,0.004524207731432118,-0.2763592433236194
CUST04724,10,15,26201.49,0,Champions,2.801229527092806,0.3004799087810413
CUST04725,61,13,18775.96,0,Champions,1.3279553705809457,0.2152064341737873
CUST04726,23,11,15262.14,2,Potential Loyalists,0.6725663725734313,-0.5032087603918224
CUST04727,75,5,7819.82,1,Low Spenders,-1.6365018722922935,-0.853469753388102
CUST04728,125,7,5950.81,1,Low Spenders,-1.6437601566431705,-0.3411799171750921
CUST04729,9,9,7574.34,1,Low Spenders,-0.5582213779207204,-1.238145421418822
CUST04730,93,4,3646.11,1,Low Spenders,-2.3941559747590575,-0.996923538541256
CUST04731,91,6,7542.41,1,Low Spenders,-1.5276709646535127,-0.6456496093557649
CUST04732,0,9,11972.28,2,Potential Loyalists,-0.02018787798421367,-1.0618898476714473
CUST04733,1,6,9262.14,1,Low Spenders,-0.9549646061247606,-1.4201386805879657
CUST04734,11,8,7738.19,1,Low Spenders,-0.7553839268529055,-1.2772366066335823
CUST04735,12,19,20162.77,0,Champions,2.935555874184183,0.2311847082489668
CUST04736,45,9,17144.11,2,Potential Loyalists,0.37964862749786465,-0.3125345694147244
CUST04737,41,14,20429.0,0,Champions,1.8072271765048051,0.18782749349638414
CUST04738,57,12,15095.23,2,Potential Loyalists,0.7185555983355705,-0.11320829221324727
CUST04739,148,7,6550.6,1,Low Spenders,-1.6718862014408704,-0.08086232038689464
CUST04740,29,10,17553.95,2,Potential Loyalists,0.7007306859156296,-0.3755382640124783
CUST04741,18,15,25739.97,0,Champions,2.7152084585012837,0.35079337794069265
CUST04742,68,7,9903.62,1,Low Spenders,-0.9552661473950065,-0.6597715558133176
CUST04743,1,11,9906.18,2,Potential Loyalists,0.15542195589184746,-1.0393088104600259
CUST04744,45,11,13786.22,2,Potential Loyalists,0.41248886682266317,-0.37725828526592187
CUST04745,255,10,9259.01,4,Lost Customers,-1.1897819010910335,1.3305616196184193
CUST04746,10,14,17695.49,0,Champions,1.6261294346018775,-0.278607916625142
CUST04747,48,12,17950.09,2,Potential Loyalists,1.0810421618406831,-0.029590997548931415
CUST04748,313,5,5920.27,3,Lost Customers,-2.849724448960289,1.3536061739313514
CUST04749,166,13,15622.66,4,Lost Customers,0.5293165345084597,1.049920367073766
CUST04750,92,14,18007.84,0,Champions,1.3181173155188424,0.5398557169147902
CUST04751,26,9,11926.62,2,Potential Loyalists,-0.13431165671488496,-0.8110638713933186
CUST04752,19,14,20914.2,0,Champions,1.9545964228903359,0.00239948262822272
CUST04753,12,10,12294.45,2,Potential Loyalists,0.1736119984414935,-0.8570844558904668
CUST04754,137,9,21417.15,4,Lost Customers,0.4803245123608158,0.8412335614766681
CUST04755,57,11,13074.83,2,Potential Loyalists,0.28128323410205625,-0.3029353438286437
CUST04756,15,15,24541.96,0,Champions,2.591486828931508,0.24961350898912907
CUST04757,40,11,14864.08,2,Potential Loyalists,0.5560584653947958,-0.36131224462210504
CUST04758,167,11,18651.18,4,Lost Customers,0.45481626102797446,1.1046230508576527
CUST04759,253,10,10600.03,4,Lost Customers,-1.0288429382386046,1.391564129778386
CUST04760,166,9,13909.83,4,Lost Customers,-0.49523624102465236,0.673359085383296
CUST04761,10,11,8836.55,2,Potential Loyalists,-0.003969721200753692,-1.0157504337609324
CUST04762,111,8,11825.45,1,Low Spenders,-0.70935982820364,-0.05660105016137884
CUST04763,75,6,13047.13,1,Low Spenders,-0.8343986335019171,-0.47121695873005537
CUST04764,105,10,15330.71,2,Potential Loyalists,0.12939726772251167,0.23218659449623072
CUST04765,62,11,8473.84,2,Potential Loyalists,-0.263091687686979,-0.5303912868663075
CUST04766,57,7,9757.42,1,Low Spenders,-0.9258129631973201,-0.7758270360299717
CUST04767,82,13,21602.84,0,Champions,1.5615711465327156,0.5897214499712182
CUST04768,67,11,11340.84,2,Potential Loyalists,0.042121724116727724,-0.3095090090667538
CUST04769,76,9,12608.6,2,Potential Loyalists,-0.2662063432638351,-0.28249228435498197
CUST04770,103,9,7915.14,1,Low Spenders,-0.9132719799658257,-0.30094280553847597
CUST04771,25,13,15592.24,2,Potential Loyalists,1.1165878882964209,-0.3270200941799687
CUST04772,181,11,6563.26,4,Lost Customers,-0.9790079856497493,0.51546507782616
CUST04773,47,7,11829.55,1,Low Spenders,-0.6481832979090186,-0.7489532517512769
CUST04774,43,12,26342.78,0,Champions,2.0567760014220022,0.4254983558104491
CUST04775,38,17,19897.9,0,Champions,2.3816466904155034,0.331984427526587
CUST04776,101,15,28262.29,0,Champions,2.6544217535592782,1.3116843862404228
CUST04777,132,9,13753.37,4,Lost Customers,-0.3705897274851076,0.33237823993340987
CUST04778,39,8,15181.38,2,Potential Loyalists,-0.0259254332521682,-0.5573149205092448
CUST04779,23,9,13659.46,2,Potential Loyalists,0.07539190141782573,-0.7362911648137476
CUST04780,446,9,9367.1,3,Lost Customers,-2.185120258216652,3.131361094239679
CUST04781,96,9,14285.39,2,Potential Loyalists,-0.15923980459583148,0.013224889328108405
CUST04782,312,7,6517.1,3,Lost Customers,-2.362789897288424,1.516550135216916
CUST04783,136,13,21955.6,0,Champions,1.3754647233128612,1.1375387592254602
CUST04784,128,9,14542.16,4,Lost Customers,-0.2640954743045115,0.3407226452016278
CUST04785,59,15,26941.66,0,Champions,2.6801443561123888,0.8227923295031027
CUST04786,90,13,15615.18,2,Potential Loyalists,0.8468743467470969,0.30827499769318956
CUST04787,31,7,13241.58,1,Low Spenders,-0.42051170765446183,-0.8202238429668488
CUST04788,244,9,10663.4,4,Lost Customers,-1.1913510133875707,1.239162248881589
CUST04789,70,9,9682.9,1,Low Spenders,-0.5739081121948291,-0.5166511795699236
CUST04790,276,8,11494.32,4,Lost Customers,-1.4383126891901519,1.5326958733998093
CUST04791,64,8,9493.26,1,Low Spenders,-0.7777683813610548,-0.6549846800414163
CUST04792,4,8,6072.64,1,Low Spenders,-0.9155364157747161,-1.4454954114012653
CUST04793,56,13,16381.56,2,Potential Loyalists,1.0765068200660102,0.02269653544379178
CUST04794,107,8,10343.3,1,Low Spenders,-0.8612167686225402,-0.1845917496841516
CUST04795,82,10,18960.3,2,Potential Loyalists,0.638674453098931,0.22577837686420651
CUST04796,13,10,20689.94,2,Potential Loyalists,1.1245268429653403,-0.343311507321247
CUST04797,106,14,17011.23,0,Champions,1.1460847397271956,0.6165607394355196
CUST04798,148,11,16697.6,4,Lost Customers,0.3121713987556245,0.8020414673913758
CUST04799,108,7,14256.45,1,Low Spenders,-0.6276544038660145,-0.0083475770775727
CUST04800,89,8,13848.22,2,Potential Loyalists,-0.38707048496712393,-0.14972157290854932
CUST04801,43,6,9335.42,1,Low Spenders,-1.122590720587623,-1.0061308537118672
CUST04802,25,12,19325.42,0,Champions,1.3338657369572096,-0.1713329418871386
CUST04803,59,9,14381.11,2,Potential Loyalists,0.006664478849949741,-0.3418741653126931
CUST04804,232,9,14538.69,4,Lost Customers,-0.700207495284943,1.3547829598737964
CUST04805,23,12,12523.16,2,Potential Loyalists,0.5683926819602435,-0.5992094563347697
CUST04806,194,7,4700.36,1,Low Spenders,-2.0750979805320804,0.25667797447193863
CUST04807,52,11,17310.18,2,Potential Loyalists,0.7840614908855343,-0.0974304729090358
CUST04808,55,10,7601.43,1,Low Spenders,-0.5404370067110957,-0.7194672333734572
CUST04809,143,7,8378.4,1,Low Spenders,-1.443000436819434,-0.019893888800580236
CUST04810,204,5,5778.1,3,Lost Customers,-2.409233070175418,0.2820394966198763
CUST04811,100,10,10594.36,2,Potential Loyalists,-0.38848085726393783,-0.10092147004407272
CUST04812,172,6,6043.87,1,Low Spenders,-2.037507565073678,0.05434528048463035
CUST04813,111,12,15835.27,2,Potential Loyalists,0.5765076928472344,0.45785923914437726
CUST04814,35,17,34404.61,0,Champions,4.044556657077193,1.1736320427503728
CUST04815,134,12,11637.01,4,Lost Customers,0.0025363397410530903,0.43012754817401966
CUST04816,74,10,7457.07,1,Low Spenders,-0.6364621679092591,-0.5428347589744439
CUST04817,124,10,12811.28,4,Lost Customers,-0.2368253312689685,0.2662325552330873
CUST04818,88,9,15178.13,2,Potential Loyalists,-0.024161428588007714,-0.011200434883648778
CUST04819,166,4,8526.96,1,Low Spenders,-2.1447310079102135,0.008035179905813539
CUST04820,27,10,13288.59,2,Potential Loyalists,0.22386549508176834,-0.6511128561969656
CUST04821,136,10,21198.42,4,Lost Customers,0.6670541045286694,0.8867826277235734
CUST04822,5,12,17331.69,2,Potential Loyalists,1.1908428395569524,-0.486077499874727
CUST04823,258,10,20437.09,4,Lost Customers,0.06931230402302026,2.030891571474605
CUST04824,301,6,4749.8,3,Lost Customers,-2.7251831164427314,1.2347394420697457
CUST04825,42,9,20245.46,2,Potential Loyalists,0.7450393424699663,-0.155603833887881
CUST04826,124,12,12719.93,2,Potential Loyalists,0.16762952928778613,0.3976144490430711
CUST04827,9,10,17267.38,2,Potential Loyalists,0.7519211202922205,-0.5877940563369547
CUST04828,40,9,8360.26,1,Low Spenders,-0.5986892437143598,-0.8886329096300942
CUST04829,119,12,16577.87,2,Potential Loyalists,0.627472118913001,0.5804616399274654
CUST04830,7,10,8354.5,2,Potential Loyalists,-0.25366448555812315,-1.142380919307207
CUST04831,296,15,13488.48,4,Lost Customers,0.15672433011622966,2.3264974554502595
CUST04832,165,10,19592.83,4,Lost Customers,0.36289769903524416,1.0732164900266956
CUST04833,79,11,16524.06,2,Potential Loyalists,0.5815104396851669,0.11869482400659646
CUST04834,11,16,20567.27,0,Champions,2.363492195394141,0.04041705448384482
CUST04835,17,15,13107.31,2,Potential Loyalists,1.2822562519229666,-0.4173566197655551
CUST04836,46,10,13229.47,2,Potential Loyalists,0.13753757632172353,-0.4693630276043656
CUST04837,17,5,8762.89,1,Low Spenders,-1.286218302815545,-1.3625026847050006
CUST04838,47,13,17714.68,0,Champions,1.2658741706689334,0.014956690613166205
CUST04839,158,5,6729.21,1,Low Spenders,-2.108309906680003,-0.10947975971337907
CUST04840,45,8,14267.78,2,Potential Loyalists,-0.15499774799865834,-0.5536470853064791
CUST04841,41,11,10880.83,2,Potential Loyalists,0.0987184664362842,-0.5906927105334212
CUST04842,31,15,19649.47,0,Champions,1.9678642248785674,0.1119358766405157
CUST04843,19,7,14571.49,2,Potential Loyalists,-0.21894077234322692,-0.8574141481322204
CUST04844,181,8,11787.35,4,Lost Customers,-1.0069654688421337,0.6237924413673872
CUST04845,68,11,10573.81,2,Potential Loyalists,-0.04932825754561072,-0.3458048092753741
CUST04846,9,14,14898.76,2,Potential Loyalists,1.3121518621667314,-0.45626122693901083
CUST04847,14,11,16413.66,2,Potential Loyalists,0.8412741827403817,-0.5218508989994936
CUST04848,48,8,7982.62,1,Low Spenders,-0.8825913893774519,-0.9017167632908971
CUST04849,132,11,15647.87,4,Lost Customers,0.25978335099442773,0.5829799580668847
CUST04850,214,3,4068.05,3,Lost Customers,-3.060518271228453,0.14003700131897048
CUST04851,71,8,18757.63,2,Potential Loyalists,0.24685618385855512,-0.03053332021376874
CUST04852,126,11,15593.01,4,Lost Customers,0.2786797927749355,0.5211709585947492
CUST04853,171,5,5905.44,1,Low Spenders,-2.2564899255430713,-0.032150930042304376
CUST04854,0,13,17064.26,2,Potential Loyalists,1.3887904816029628,-0.4824624535541953
CUST04855,9,12,17077.17,2,Potential Loyalists,1.1451292728781584,-0.46234718875383635
CUST04856,24,10,20197.32,2,Potential Loyalists,1.0223989471965733,-0.2656073669209598
CUST04857,196,10,11920.24,4,Lost Customers,-0.6398440069185382,0.9149252521674173
CUST04858,20,13,20590.35,0,Champions,1.706140765470553,-0.07572318801047487
CUST04859,59,15,21757.74,0,Champions,2.09040093729714,0.5115774685080466
CUST04860,55,13,24563.01,0,Champions,2.011450798420457,0.5041144998947157
CUST04861,32,10,16589.81,2,Potential Loyalists,0.5784775062693308,-0.4041623294774298
CUST04862,71,6,9580.41,1,Low Spenders,-1.2120281739374408,-0.718350638214895
CUST04863,58,11,19665.92,2,Potential Loyalists,1.0269223365407176,0.10251106899552613
CUST04864,78,11,13224.4,2,Potential Loyalists,0.21031754416927267,-0.08915171653463765
CUST04865,75,9,16804.45,2,Potential Loyalists,0.21531987979538061,-0.04034845028838019
CUST04866,602,4,7923.19,3,Lost Customers,-4.040079112169504,4.223914255126951
CUST04867,24,15,24249.98,0,Champions,2.520563718028524,0.3198578369862373
CUST04868,80,7,8659.4,1,Low Spenders,-1.1470886464729897,-0.6174368808585461
CUST04869,31,14,17459.51,0,Champions,1.5113020386388654,-0.087970651477281
CUST04870,304,8,13612.93,4,Lost Customers,-1.3145996571234078,1.9329582236244698
CUST04871,82,5,8635.95,1,Low Spenders,-1.5729827910638976,-0.7362055872773466
CUST04872,105,8,13279.75,1,Low Spenders,-0.5187753245048888,-0.027808146128194326
CUST04873,52,7,8570.39,1,Low Spenders,-1.0399062860901152,-0.8958528905001021
CUST04874,35,13,23030.51,0,Champions,1.9208992657519384,0.2170597269224728
CUST04875,173,9,12475.84,4,Lost Customers,-0.687699787140924,0.6555380682693497
CUST04876,15,12,10401.68,2,Potential Loyalists,0.3605613664872385,-0.8045924454619804
CUST04877,2,9,12350.28,2,Potential Loyalists,0.014435731851938477,-1.0196915811319818
CUST04878,14,12,11420.01,2,Potential Loyalists,0.4806002386317357,-0.7532099358581424
CUST04879,148,16,22834.29,0,Champions,2.0474237359685272,1.512620698281923
CUST04880,248,12,15068.04,4,Lost Customers,-0.08474915076258095,1.7479027238400295
CUST04881,170,10,17972.05,4,Lost Customers,0.15756335545485994,1.0246764332075837
CUST04882,191,12,26871.23,0,Champions,1.4968354039027287,1.9006059586679005
CUST04883,43,11,13132.19,2,Potential Loyalists,0.3464629830518106,-0.4360279182771818
CUST04884,66,17,23616.21,0,Champions,2.6873479759812895,0.8282842191341756
CUST04885,52,17,25829.09,0,Champions,2.997748278898822,0.8245975493238384
CUST04886,169,6,5878.83,1,Low Spenders,-2.043714406735154,0.01517941154889719
CUST04887,178,3,1333.96,1,Low Spenders,-3.2207340510557834,-0.3751961440448462
CUST04888,9,8,9204.96,1,Low Spenders,-0.5801391423604788,-1.2086847383102703
CUST04889,37,12,17499.43,2,Potential Loyalists,1.075858761891143,-0.1639246295461985
CUST04890,18,9,16363.82,2,Potential Loyalists,0.4039986283991548,-0.6226987539696849
CUST04891,41,11,14863.58,2,Potential Loyalists,0.5518119943623383,-0.3515896789225824
CUST04892,276,14,9552.96,4,Lost Customers,-0.41462794432771943,1.8267451702625477
CUST04893,3,10,7959.71,1,Low Spenders,-0.2818190146969593,-1.2050923338001982
CUST04894,214,6,7665.75,3,Lost Customers,-2.028958765884845,0.5613227777524296
CUST04895,52,3,6254.5,1,Low Spenders,-2.133065572941057,-1.308618672659653
CUST04896,106,10,13335.32,2,Potential Loyalists,-0.1017958476949576,0.12214662256970457
CUST04897,112,5,1701.16,1,Low Spenders,-2.4875998367592156,-0.8599558379627134
CUST04898,40,10,12477.56,2,Potential Loyalists,0.07713482944091543,-0.5730191849910915
CUST04899,147,7,11611.7,4,Lost Customers,-1.091925686739443,0.21322650096268467
CUST04900,89,16,11662.39,2,Potential Loyalists,1.0236495784280757,0.2665171110288138
CUST04901,91,8,7346.15,1,Low Spenders,-1.135151084202143,-0.5205659514496899
CUST04902,18,9,12203.49,2,Potential Loyalists,-0.06929710872634916,-0.8724627400349717
CUST04903,58,10,17060.22,2,Potential Loyalists,0.5230639094372971,-0.12235426757419168
CUST04904,262,11,17078.85,4,Lost Customers,-0.1220692306842525,1.9367241457261184
CUST04905,53,9,17086.34,2,Potential Loyalists,0.3395597695397345,-0.23798210734492906
CUST04906,112,11,18857.53,2,Potential Loyalists,0.7087188572788479,0.5806191358532018
CUST04907,295,7,9926.1,3,Lost Customers,-1.9037454445134854,1.5554143706865031
CUST04908,43,12,19184.2,0,Champions,1.2423873837229522,-0.00426454169221062
CUST04909,37,8,7648.05,1,Low Spenders,-0.8745679278225198,-1.0290809719149416
CUST04910,45,5,7487.7,1,Low Spenders,-1.5485974972444234,-1.1659859546374842
CUST04911,54,10,14988.24,2,Potential Loyalists,0.3041055552774832,-0.28575520904913837
CUST04912,131,10,7652.41,1,Low Spenders,-0.853046085420191,0.024789643602392008
CUST04913,21,17,23849.55,0,Champions,2.902425171921613,0.403426469813981
CUST04914,297,7,7451.51,3,Lost Customers,-2.193643852586211,1.4263583739800298
CUST04915,50,12,17590.94,2,Potential Loyalists,1.0318046470492057,-0.03164727868429628
CUST04916,163,11,21001.55,4,Lost Customers,0.738962084439885,1.2067163763701374
CUST04917,91,11,10483.14,2,Potential Loyalists,-0.15600378631589815,-0.12693874200974764
CUST04918,60,8,15126.71,2,Potential Loyalists,-0.12012628033607026,-0.3557927716349731
CUST04919,98,10,15486.9,2,Potential Loyalists,0.1764931884583521,0.17329532643226495
CUST04920,123,14,17209.55,0,Champions,1.0974234004186347,0.7942607241631356
CUST04921,12,9,14669.34,2,Potential Loyalists,0.23636535823236074,-0.7829417783466635
CUST04922,158,6,8140.65,1,Low Spenders,-1.740315261300509,0.04368858695449711
CUST04923,34,12,17849.11,2,Potential Loyalists,1.1282085207429047,-0.17218945964426144
CUST04924,1,7,8860.72,1,Low Spenders,-0.7932081461789561,-1.375804762866427
CUST04925,173,11,14151.0,4,Lost Customers,-0.08227970204919872,0.8929717846569151
CUST04926,158,4,4494.39,1,Low Spenders,-2.569975545474538,-0.31207944256046105
CUST04927,14,10,17890.28,2,Potential Loyalists,0.8018367639661528,-0.5016355531247801
CUST04928,156,8,5659.27,1,Low Spenders,-1.5993805697395471,0.012080682571771853
CUST04929,3,15,19420.02,0,Champions,2.059069570620318,-0.17491140028104196
CUST04930,71,10,16927.55,2,Potential Loyalists,0.4535061834998948,-0.0035354861998339172
CUST04931,20,11,16953.15,2,Potential Loyalists,0.8775111830385391,-0.43094730352972793
CUST04932,104,8,15433.55,4,Lost Customers,-0.26956085556064374,0.091741915871139
CUST04933,29,14,25360.1,0,Champions,2.4184838520287135,0.3668333960785831
CUST04934,172,11,12198.07,4,Lost Customers,-0.30026322041014836,0.7659757182255962
CUST04935,113,9,14381.76,4,Lost Customers,-0.21949938260179014,0.18480434073760896
CUST04936,19,12,18198.36,2,Potential Loyalists,1.2307844295336967,-0.29751110098343847
CUST04937,42,13,15682.34,2,Potential Loyalists,1.055615010078273,-0.15581706007213164
CUST04938,21,15,19243.95,0,Champions,1.9636265423629677,-0.009935207895200344
CUST04939,93,9,8540.15,1,Low Spenders,-0.800272458706738,-0.3609463746223263
CUST04940,7,8,13750.34,2,Potential Loyalists,-0.05465940312360918,-0.9553095734839279
CUST04941,127,15,20898.46,0,Champions,1.7077537620955423,1.1231665340473962
CUST04942,5,10,17026.27,2,Potential Loyalists,0.7412498410113155,-0.6412793446864639
CUST04943,52,10,20924.09,2,Potential Loyalists,0.9877707085562434,0.05109634580015876
CUST04944,39,14,18523.62,0,Champions,1.5988427248674613,0.0539334919944522
CUST04945,72,12,23055.09,0,Champions,1.5612571897207013,0.5109479209639655
CUST04946,202,11,11406.34,4,Lost Customers,-0.5160212547034382,1.0110219697980363
CUST04947,246,4,4043.63,3,Lost Customers,-2.9899396365716315,0.5190866417687321
CUST04948,249,6,6342.63,3,Lost Customers,-2.32611779158041,0.823230127889985
CUST04949,30,12,16882.44,2,Potential Loyalists,1.034994641469023,-0.26923349398976854
CUST04950,14,8,9463.72,1,Low Spenders,-0.571649517708326,-1.1443872552301075
CUST04951,69,16,25225.38,0,Champions,2.650421206859921,0.885714907926912
CUST04952,351,7,9805.71,3,Lost Customers,-2.1520584772918925,2.0943314478660455
CUST04953,27,8,13916.68,2,Potential Loyalists,-0.11952768191989738,-0.7502717480141551
CUST04954,4,14,23630.25,0,Champions,2.326428941283886,0.019167868334813834
CUST04955,20,15,28942.85,0,Champions,3.0712016861060003,0.5625823473705794
CUST04956,186,15,20065.9,0,Champions,1.3658526620257494,1.6485864783776385
CUST04957,2,16,24229.36,0,Champions,2.8178124638889583,0.17249612561096075
CUST04958,15,9,12281.07,2,Potential Loyalists,-0.04790253133179168,-0.8970630004013943
CUST04959,71,11,22585.2,0,Champions,1.30456661739609,0.40455262290762806
CUST04960,85,9,11639.05,2,Potential Loyalists,-0.4142125203188141,-0.2529256391470411
CUST04961,78,11,16812.01,2,Potential Loyalists,0.6184583694088158,0.1262292205659489
CUST04962,91,9,5900.31,1,Low Spenders,-1.092212009840804,-0.5389334305707829
CUST04963,157,6,9130.46,1,Low Spenders,-1.6235209381275646,0.09335890813035402
CUST04964,52,7,11690.65,1,Low Spenders,-0.6849330611961224,-0.70852915051792
CUST04965,52,12,15256.18,2,Potential Loyalists,0.7578138575842011,-0.15230862925175911
CUST04966,287,6,9487.7,3,Lost Customers,-2.1275264655536104,1.382641482793085
CUST04967,31,10,15208.56,2,Potential Loyalists,0.42553058524558945,-0.49683778298770553
CUST04968,8,17,19952.63,0,Champions,2.5135606646795416,0.04269263347792111
CUST04969,100,10,16657.98,2,Potential Loyalists,0.30134074283724355,0.26310587903285004
CUST04970,3,14,29938.98,0,Champions,3.0483248218120367,0.38815772924967606
CUST04971,233,7,13725.6,4,Lost Customers,-1.2117446472579294,1.1788559035869994
CUST04972,293,9,8135.07,3,Lost Customers,-1.6842737830187464,1.565251392014039
CUST04973,21,13,18849.18,0,Champions,1.5038687313836623,-0.1705011493422844
CUST04974,70,7,8666.05,1,Low Spenders,-1.1044362255662603,-0.714563480669125
CUST04975,37,21,22703.99,0,Champions,3.534762673802735,0.7644266156970735
CUST04976,115,14,12207.6,2,Potential Loyalists,0.5618983270182777,0.41594970554271743
CUST04977,97,16,19729.03,0,Champions,1.9078260118434223,0.8288157437217754
CUST04978,148,12,14250.87,4,Lost Customers,0.24124523398171616,0.7235859000626443
CUST04979,19,9,12212.86,2,Potential Loyalists,-0.07242072918555177,-0.8621476322672802
CUST04980,79,10,13249.1,2,Potential Loyalists,0.0015143251798776926,-0.14634930734960575
CUST04981,198,10,16050.87,4,Lost Customers,-0.17830623834755474,1.182411374965443
CUST04982,60,11,13557.29,2,Potential Loyalists,0.3236010412105953,-0.24471327395287848
CUST04983,2,9,8903.77,1,Low Spenders,-0.3776529945136193,-1.2266016280787075
CUST04984,11,11,15430.79,2,Potential Loyalists,0.7420277378038403,-0.6101149117660702
CUST04985,30,7,7476.86,1,Low Spenders,-1.0721396623504196,-1.176059415986299
CUST04986,200,7,10505.08,4,Lost Customers,-1.4398674114580525,0.6636778489269122
CUST04987,24,11,19777.05,2,Potential Loyalists,1.1820109559462428,-0.22240510249070589
CUST04988,81,7,5537.16,1,Low Spenders,-1.5064767131034333,-0.7951269064341022
CUST04989,14,11,8740.67,2,Potential Loyalists,-0.031635768635259263,-0.9824962245960411
CUST04990,38,8,14575.89,2,Potential Loyalists,-0.09061880202585215,-0.6034178882239208
CUST04991,102,9,9870.34,1,Low Spenders,-0.6866510392736964,-0.1933156264913522
CUST04992,129,9,10951.61,4,Lost Customers,-0.6767603547101233,0.13491778923659925
CUST04993,40,13,14283.79,2,Potential Loyalists,0.9048895610794985,-0.2592836961829839
CUST04994,50,15,21977.9,0,Champions,2.1531535184968673,0.4370214514191576
CUST04995,82,10,11023.77,2,Potential Loyalists,-0.2642168599864914,-0.25068848233367685
CUST04996,244,7,13649.12,4,Lost Customers,-1.2665307965673034,1.281542866302153
CUST04997,231,6,10414.15,3,Lost Customers,-1.7875128316528446,0.8921159415272285
CUST04998,56,13,17468.2,0,Champions,1.200127321273861,0.08793259552027212
CUST04999,102,13,23885.98,0,Champions,1.737518480042967,0.9218406381461126
CUST05000,159,14,12060.05,4,Lost Customers,0.36077053274798954,0.8362052450898441
