customer_id,cluster,cluster_name,recency,frequency,monetary
CUST00001,2,Potential Loyalists,55,11,14304.51
CUST00002,1,Low Spenders,113,7,11497.41
CUST00003,4,Lost Customers,160,9,12647.02
CUST00004,4,Lost Customers,199,8,15770.68
CUST00005,1,Low Spenders,84,5,7926.14
CUST00006,1,Low Spenders,106,6,8259.98
CUST00007,2,Potential Loyalists,64,10,13486.72
CUST00008,1,Low Spenders,112,8,8169.55
CUST00009,0,Champions,4,12,19194.12
CUST00010,1,Low Spenders,29,6,6329.65
CUST00011,2,Potential Loyalists,35,12,16513.24
CUST00012,1,Low Spenders,133,7,9909.26
CUST00013,0,Champions,74,14,34685.52
CUST00014,1,Low Spenders,169,5,6360.52
CUST00015,2,Potential Loyalists,79,10,18057.14
CUST00016,2,Potential Loyalists,31,10,14277.41
CUST00017,2,Potential Loyalists,88,12,8698.37
CUST00018,0,Champions,17,11,26446.98
CUST00019,1,Low Spenders,77,10,9187.13
CUST00020,2,Potential Loyalists,77,10,14299.98
CUST00021,2,Potential Loyalists,8,8,15784.32
CUST00022,2,Potential Loyalists,57,10,15598.5
CUST00023,2,Potential Loyalists,73,12,16098.55
CUST00024,1,Low Spenders,78,7,8326.81
CUST00025,2,Potential Loyalists,32,11,13730.59
CUST00026,1,Low Spenders,69,7,7825.52
CUST00027,0,Champions,37,15,19161.66
CUST00028,1,Low Spenders,120,9,10177.87
CUST00029,0,Champions,1,16,24838.79
CUST00030,2,Potential Loyalists,7,11,18393.76
CUST00031,1,Low Spenders,153,8,7670.37
CUST00032,4,Lost Customers,156,9,12575.14
CUST00033,2,Potential Loyalists,44,12,17382.47
CUST00034,2,Potential Loyalists,118,10,18274.89
CUST00035,0,Champions,19,16,17382.84
CUST00036,2,Potential Loyalists,120,12,16871.99
CUST00037,4,Lost Customers,307,9,14142.22
CUST00038,0,Champions,176,15,25383.6
CUST00039,1,Low Spenders,12,6,8767.36
CUST00040,2,Potential Loyalists,58,13,16311.97
CUST00041,2,Potential Loyalists,6,13,16612.82
CUST00042,3,Lost Customers,216,5,7346.91
CUST00043,2,Potential Loyalists,109,12,15070.92
CUST00044,3,Lost Customers,487,10,17562.69
CUST00045,1,Low Spenders,83,10,8028.37
CUST00046,2,Potential Loyalists,81,11,12452.79
CUST00047,2,Potential Loyalists,26,11,18060.66
CUST00048,2,Potential Loyalists,10,11,12044.15
CUST00049,2,Potential Loyalists,8,10,13095.36
CUST00050,1,Low Spenders,23,7,10321.41
CUST00051,1,Low Spenders,44,7,5715.86
CUST00052,4,Lost Customers,326,11,16294.45
CUST00053,0,Champions,54,13,17979.0
CUST00054,2,Potential Loyalists,12,13,17151.21
CUST00055,0,Champions,71,13,19504.46
CUST00056,3,Lost Customers,496,7,5253.71
CUST00057,2,Potential Loyalists,4,10,15996.87
CUST00058,2,Potential Loyalists,2,12,18837.83
CUST00059,4,Lost Customers,197,12,21058.68
CUST00060,0,Champions,158,13,20548.84
CUST00061,0,Champions,50,15,22387.29
CUST00062,2,Potential Loyalists,21,9,11468.25
CUST00063,1,Low Spenders,94,6,7817.57
CUST00064,2,Potential Loyalists,73,10,15049.34
CUST00065,2,Potential Loyalists,27,10,15818.01
CUST00066,2,Potential Loyalists,106,10,14141.93
CUST00067,2,Potential Loyalists,53,10,19059.97
CUST00068,2,Potential Loyalists,9,8,13741.67
CUST00069,1,Low Spenders,6,8,8739.41
CUST00070,2,Potential Loyalists,0,11,13549.74
CUST00071,1,Low Spenders,30,6,5257.97
CUST00072,0,Champions,0,13,18835.55
CUST00073,0,Champions,162,12,21021.71
CUST00074,0,Champions,44,17,21996.04
CUST00075,0,Champions,101,14,17923.65
CUST00076,0,Champions,12,17,24008.52
CUST00077,4,Lost Customers,143,10,14735.08
CUST00078,1,Low Spenders,37,7,8681.96
CUST00079,0,Champions,106,16,15390.93
CUST00080,0,Champions,66,16,24728.51
CUST00081,1,Low Spenders,7,9,8907.22
CUST00082,1,Low Spenders,45,5,6823.38
CUST00083,2,Potential Loyalists,3,11,15118.99
CUST00084,2,Potential Loyalists,32,12,12055.99
CUST00085,1,Low Spenders,104,8,9913.6
CUST00086,0,Champions,59,13,18055.03
CUST00087,0,Champions,32,13,17552.27
CUST00088,0,Champions,138,13,18600.64
CUST00089,2,Potential Loyalists,98,14,13630.39
CUST00090,2,Potential Loyalists,5,12,17963.71
CUST00091,0,Champions,108,11,20543.62
CUST00092,0,Champions,3,12,19313.5
CUST00093,2,Potential Loyalists,125,13,14151.3
CUST00094,2,Potential Loyalists,1,11,16658.63
CUST00095,0,Champions,72,10,26718.97
CUST00096,4,Lost Customers,198,12,16977.42
CUST00097,2,Potential Loyalists,10,12,12817.62
CUST00098,2,Potential Loyalists,34,12,14016.66
CUST00099,2,Potential Loyalists,55,9,12868.74
CUST00100,2,Potential Loyalists,10,12,16201.23
CUST00101,0,Champions,0,14,20367.2
CUST00102,4,Lost Customers,266,11,15855.19
CUST00103,4,Lost Customers,160,12,11768.72
CUST00104,4,Lost Customers,365,10,16144.58
CUST00105,0,Champions,79,12,21721.74
CUST00106,2,Potential Loyalists,30,10,15526.78
CUST00107,4,Lost Customers,246,11,11723.01
CUST00108,0,Champions,29,13,21667.96
CUST00109,0,Champions,50,19,25925.72
CUST00110,1,Low Spenders,159,5,4839.57
CUST00111,2,Potential Loyalists,97,10,12559.72
CUST00112,2,Potential Loyalists,13,12,16080.83
CUST00113,2,Potential Loyalists,64,12,12813.03
CUST00114,0,Champions,1,13,19293.18
CUST00115,4,Lost Customers,185,11,12198.77
CUST00116,2,Potential Loyalists,103,10,19171.22
CUST00117,2,Potential Loyalists,104,10,11570.41
CUST00118,1,Low Spenders,78,8,9669.4
CUST00119,4,Lost Customers,223,10,16320.97
CUST00120,2,Potential Loyalists,60,9,13565.87
CUST00121,1,Low Spenders,39,7,6513.78
CUST00122,2,Potential Loyalists,3,11,19228.92
CUST00123,2,Potential Loyalists,102,11,12186.96
CUST00124,2,Potential Loyalists,86,9,12724.36
CUST00125,4,Lost Customers,177,8,12460.89
CUST00126,3,Lost Customers,204,5,6780.69
CUST00127,2,Potential Loyalists,13,10,11486.2
CUST00128,2,Potential Loyalists,96,11,10691.63
CUST00129,1,Low Spenders,59,7,13994.97
CUST00130,1,Low Spenders,98,8,6884.72
CUST00131,1,Low Spenders,4,8,9972.93
CUST00132,2,Potential Loyalists,51,10,13938.69
CUST00133,2,Potential Loyalists,1,12,16037.53
CUST00134,1,Low Spenders,52,8,12045.64
CUST00135,4,Lost Customers,197,11,20978.6
CUST00136,0,Champions,160,13,21236.13
CUST00137,2,Potential Loyalists,66,10,16597.85
CUST00138,1,Low Spenders,126,6,5216.86
CUST00139,0,Champions,61,13,17943.37
CUST00140,2,Potential Loyalists,28,9,13776.46
CUST00141,0,Champions,8,14,16317.48
CUST00142,1,Low Spenders,91,5,10360.73
CUST00143,1,Low Spenders,17,4,6176.4
CUST00144,1,Low Spenders,53,6,4869.9
CUST00145,1,Low Spenders,170,5,6940.63
CUST00146,2,Potential Loyalists,79,10,10622.91
CUST00147,2,Potential Loyalists,82,12,15504.51
CUST00148,2,Potential Loyalists,1,9,14121.14
CUST00149,0,Champions,45,13,19589.45
CUST00150,4,Lost Customers,169,11,15442.41
CUST00151,1,Low Spenders,47,9,10451.1
CUST00152,4,Lost Customers,220,8,15079.94
CUST00153,1,Low Spenders,57,9,10640.23
CUST00154,2,Potential Loyalists,18,10,14241.72
CUST00155,2,Potential Loyalists,26,11,13391.21
CUST00156,2,Potential Loyalists,0,12,14489.41
CUST00157,0,Champions,14,15,20565.9
CUST00158,0,Champions,111,15,26640.56
CUST00159,1,Low Spenders,36,5,4104.58
CUST00160,2,Potential Loyalists,45,13,12694.81
CUST00161,3,Lost Customers,229,5,7673.68
CUST00162,1,Low Spenders,25,9,10529.37
CUST00163,2,Potential Loyalists,90,14,11893.7
CUST00164,2,Potential Loyalists,6,10,14178.59
CUST00165,0,Champions,1,17,21800.69
CUST00166,0,Champions,36,14,26738.53
CUST00167,1,Low Spenders,95,8,13052.26
CUST00168,1,Low Spenders,25,2,3795.96
CUST00169,1,Low Spenders,23,2,6150.86
CUST00170,0,Champions,14,17,16463.32
CUST00171,0,Champions,26,15,28154.52
CUST00172,2,Potential Loyalists,12,9,14180.12
CUST00173,2,Potential Loyalists,23,8,12703.68
CUST00174,4,Lost Customers,254,10,18885.61
CUST00175,0,Champions,193,12,25211.09
CUST00176,2,Potential Loyalists,40,8,13709.14
CUST00177,0,Champions,10,14,17534.53
CUST00178,0,Champions,94,12,20192.16
CUST00179,4,Lost Customers,214,12,13633.88
CUST00180,4,Lost Customers,129,10,19636.15
CUST00181,2,Potential Loyalists,26,11,17442.94
CUST00182,4,Lost Customers,216,6,10037.59
CUST00183,1,Low Spenders,36,5,7741.63
CUST00184,1,Low Spenders,25,10,6894.34
CUST00185,2,Potential Loyalists,56,9,12067.43
CUST00186,2,Potential Loyalists,2,12,19084.24
CUST00187,4,Lost Customers,234,12,17422.98
CUST00188,0,Champions,108,15,22374.32
CUST00189,2,Potential Loyalists,12,13,13275.97
CUST00190,2,Potential Loyalists,53,11,14934.13
CUST00191,0,Champions,1,22,29652.79
CUST00192,0,Champions,68,16,23094.54
CUST00193,0,Champions,42,17,21757.71
CUST00194,2,Potential Loyalists,44,13,15928.87
CUST00195,4,Lost Customers,140,10,13325.56
CUST00196,3,Lost Customers,221,5,7182.37
CUST00197,1,Low Spenders,44,8,9150.13
CUST00198,0,Champions,85,13,25004.74
CUST00199,0,Champions,22,14,17907.68
CUST00200,1,Low Spenders,127,5,3504.75
CUST00201,2,Potential Loyalists,100,9,14851.33
CUST00202,4,Lost Customers,136,11,17226.3
CUST00203,1,Low Spenders,22,5,5485.94
CUST00204,2,Potential Loyalists,106,10,11282.49
CUST00205,3,Lost Customers,554,4,5941.6
CUST00206,1,Low Spenders,47,7,6683.44
CUST00207,2,Potential Loyalists,26,12,9942.55
CUST00208,2,Potential Loyalists,50,12,15673.67
CUST00209,1,Low Spenders,66,7,12595.61
CUST00210,2,Potential Loyalists,118,10,17041.41
CUST00211,1,Low Spenders,119,7,8205.27
CUST00212,4,Lost Customers,127,10,11817.46
CUST00213,2,Potential Loyalists,100,12,9590.09
CUST00214,1,Low Spenders,42,8,4900.28
CUST00215,0,Champions,39,16,22135.61
CUST00216,4,Lost Customers,186,10,9121.31
CUST00217,0,Champions,109,14,30648.47
CUST00218,1,Low Spenders,95,5,2125.65
CUST00219,1,Low Spenders,76,8,7162.77
CUST00220,0,Champions,1,16,20580.89
CUST00221,1,Low Spenders,57,7,13753.01
CUST00222,0,Champions,11,13,19354.3
CUST00223,2,Potential Loyalists,57,10,17872.0
CUST00224,3,Lost Customers,220,3,2604.45
CUST00225,4,Lost Customers,188,10,14083.98
CUST00226,0,Champions,53,15,21125.9
CUST00227,0,Champions,97,15,24945.62
CUST00228,3,Lost Customers,355,7,16176.12
CUST00229,2,Potential Loyalists,87,13,14757.76
CUST00230,1,Low Spenders,84,7,9973.94
CUST00231,2,Potential Loyalists,25,9,11922.43
CUST00232,2,Potential Loyalists,25,11,16331.42
CUST00233,3,Lost Customers,345,6,6542.19
CUST00234,1,Low Spenders,40,6,9202.19
CUST00235,4,Lost Customers,167,8,10679.54
CUST00236,2,Potential Loyalists,39,13,14216.84
CUST00237,4,Lost Customers,206,9,15113.5
CUST00238,0,Champions,49,13,19595.58
CUST00239,4,Lost Customers,159,10,14197.63
CUST00240,0,Champions,4,15,23448.58
CUST00241,0,Champions,31,16,27192.57
CUST00242,4,Lost Customers,199,8,10180.62
CUST00243,4,Lost Customers,202,11,18364.59
CUST00244,2,Potential Loyalists,42,9,18256.09
CUST00245,4,Lost Customers,195,7,8630.09
CUST00246,1,Low Spenders,176,8,6486.64
CUST00247,1,Low Spenders,7,8,8284.66
CUST00248,1,Low Spenders,55,8,4410.93
CUST00249,2,Potential Loyalists,67,10,13723.09
CUST00250,1,Low Spenders,142,9,6576.07
CUST00251,1,Low Spenders,22,9,9440.86
CUST00252,1,Low Spenders,15,7,4798.82
CUST00253,1,Low Spenders,31,7,5376.04
CUST00254,1,Low Spenders,110,6,10095.36
CUST00255,2,Potential Loyalists,28,9,13275.41
CUST00256,1,Low Spenders,48,8,6282.02
CUST00257,3,Lost Customers,516,6,7188.54
CUST00258,2,Potential Loyalists,103,12,12445.45
CUST00259,4,Lost Customers,193,12,18156.98
CUST00260,2,Potential Loyalists,13,12,16494.28
CUST00261,1,Low Spenders,66,5,6119.6
CUST00262,2,Potential Loyalists,99,9,11870.08
CUST00263,2,Potential Loyalists,39,11,14906.72
CUST00264,2,Potential Loyalists,35,10,18355.82
CUST00265,1,Low Spenders,17,8,4507.15
CUST00266,2,Potential Loyalists,81,9,13119.83
CUST00267,2,Potential Loyalists,21,11,14971.56
CUST00268,4,Lost Customers,224,10,23977.29
CUST00269,1,Low Spenders,13,7,11089.88
CUST00270,2,Potential Loyalists,59,13,13878.91
CUST00271,4,Lost Customers,151,10,18988.35
CUST00272,3,Lost Customers,292,6,7187.9
CUST00273,1,Low Spenders,33,9,7114.65
CUST00274,2,Potential Loyalists,68,12,15419.29
CUST00275,0,Champions,81,14,23609.25
CUST00276,2,Potential Loyalists,63,13,13414.45
CUST00277,2,Potential Loyalists,99,10,17674.95
CUST00278,0,Champions,111,16,33111.68
CUST00279,1,Low Spenders,16,7,4763.73
CUST00280,1,Low Spenders,169,4,6682.2
CUST00281,4,Lost Customers,179,7,10708.49
CUST00282,3,Lost Customers,316,3,7299.23
CUST00283,4,Lost Customers,160,9,12933.43
CUST00284,2,Potential Loyalists,9,12,12604.92
CUST00285,2,Potential Loyalists,90,10,11220.08
CUST00286,2,Potential Loyalists,80,13,10995.53
CUST00287,2,Potential Loyalists,42,11,14681.14
CUST00288,3,Lost Customers,225,6,9847.05
CUST00289,2,Potential Loyalists,24,12,14199.22
CUST00290,2,Potential Loyalists,68,8,15407.54
CUST00291,1,Low Spenders,89,5,4729.57
CUST00292,2,Potential Loyalists,9,9,12458.19
CUST00293,2,Potential Loyalists,1,9,14961.76
CUST00294,1,Low Spenders,136,7,8210.76
CUST00295,2,Potential Loyalists,10,10,15321.38
CUST00296,4,Lost Customers,124,9,16718.93
CUST00297,1,Low Spenders,100,8,11669.21
CUST00298,4,Lost Customers,168,12,17185.72
CUST00299,2,Potential Loyalists,8,11,13685.93
CUST00300,1,Low Spenders,143,6,6058.34
CUST00301,4,Lost Customers,137,9,14834.03
CUST00302,3,Lost Customers,313,3,6015.76
CUST00303,4,Lost Customers,124,9,12727.76
CUST00304,2,Potential Loyalists,62,12,16657.85
CUST00305,4,Lost Customers,237,12,16529.39
CUST00306,1,Low Spenders,106,7,6084.87
CUST00307,0,Champions,122,15,18140.48
CUST00308,1,Low Spenders,64,8,11385.39
CUST00309,1,Low Spenders,56,5,5600.16
CUST00310,4,Lost Customers,124,8,13747.97
CUST00311,2,Potential Loyalists,15,10,13652.09
CUST00312,2,Potential Loyalists,51,12,18731.33
CUST00313,1,Low Spenders,135,5,6465.36
CUST00314,4,Lost Customers,136,10,13024.47
CUST00315,2,Potential Loyalists,21,10,15936.32
CUST00316,3,Lost Customers,353,3,5068.35
CUST00317,0,Champions,26,12,21934.58
CUST00318,1,Low Spenders,95,7,13213.61
CUST00319,0,Champions,30,15,23868.92
CUST00320,1,Low Spenders,50,7,11290.17
CUST00321,2,Potential Loyalists,112,10,16488.16
CUST00322,1,Low Spenders,57,9,9215.27
CUST00323,2,Potential Loyalists,2,14,15323.11
CUST00324,2,Potential Loyalists,41,11,11330.36
CUST00325,1,Low Spenders,79,9,5692.71
CUST00326,2,Potential Loyalists,76,11,14624.04
CUST00327,4,Lost Customers,121,9,12564.58
CUST00328,2,Potential Loyalists,4,13,14037.01
CUST00329,2,Potential Loyalists,15,7,16098.42
CUST00330,1,Low Spenders,33,8,7606.23
CUST00331,2,Potential Loyalists,59,14,15606.08
CUST00332,1,Low Spenders,86,7,5344.29
CUST00333,3,Lost Customers,489,4,8043.3
CUST00334,2,Potential Loyalists,57,10,12885.62
CUST00335,1,Low Spenders,3,7,8807.78
CUST00336,2,Potential Loyalists,26,11,18415.82
CUST00337,2,Potential Loyalists,19,12,14879.57
CUST00338,2,Potential Loyalists,36,11,16831.04
CUST00339,1,Low Spenders,182,6,3261.36
CUST00340,1,Low Spenders,27,7,7884.8
CUST00341,2,Potential Loyalists,101,11,10372.22
CUST00342,4,Lost Customers,206,8,5994.3
CUST00343,2,Potential Loyalists,92,11,15247.5
CUST00344,4,Lost Customers,148,9,10166.41
CUST00345,2,Potential Loyalists,39,14,11086.73
CUST00346,2,Potential Loyalists,104,11,16901.04
CUST00347,4,Lost Customers,149,12,15601.89
CUST00348,1,Low Spenders,39,5,7745.57
CUST00349,1,Low Spenders,60,8,10218.34
CUST00350,1,Low Spenders,20,7,9853.93
CUST00351,1,Low Spenders,112,8,10022.95
CUST00352,4,Lost Customers,118,8,14286.66
CUST00353,2,Potential Loyalists,39,12,14506.52
CUST00354,4,Lost Customers,292,9,11467.7
CUST00355,0,Champions,142,11,21538.67
CUST00356,4,Lost Customers,247,9,11222.83
CUST00357,3,Lost Customers,396,6,6591.92
CUST00358,3,Lost Customers,252,9,5167.11
CUST00359,0,Champions,83,19,28799.14
CUST00360,2,Potential Loyalists,82,12,13806.84
CUST00361,2,Potential Loyalists,94,11,17029.65
CUST00362,1,Low Spenders,60,9,10418.89
CUST00363,2,Potential Loyalists,63,10,13963.69
CUST00364,0,Champions,55,12,23552.08
CUST00365,0,Champions,93,12,19268.35
CUST00366,2,Potential Loyalists,23,8,15437.05
CUST00367,2,Potential Loyalists,42,10,17249.74
CUST00368,2,Potential Loyalists,24,10,14724.04
CUST00369,1,Low Spenders,66,8,12417.63
CUST00370,2,Potential Loyalists,28,15,14084.02
CUST00371,1,Low Spenders,108,7,10070.3
CUST00372,4,Lost Customers,228,8,13756.13
CUST00373,2,Potential Loyalists,63,13,13857.45
CUST00374,4,Lost Customers,142,12,16558.1
CUST00375,4,Lost Customers,354,11,17117.03
CUST00376,1,Low Spenders,49,7,8473.39
CUST00377,1,Low Spenders,10,7,7660.08
CUST00378,3,Lost Customers,384,6,7945.18
CUST00379,0,Champions,17,12,24856.1
CUST00380,2,Potential Loyalists,21,10,15229.56
CUST00381,4,Lost Customers,112,10,10202.65
CUST00382,1,Low Spenders,124,6,7610.53
CUST00383,4,Lost Customers,117,10,15515.88
CUST00384,1,Low Spenders,62,9,9213.24
CUST00385,0,Champions,51,14,17675.17
CUST00386,2,Potential Loyalists,14,9,13221.54
CUST00387,2,Potential Loyalists,114,12,15961.31
CUST00388,2,Potential Loyalists,113,13,15790.28
CUST00389,0,Champions,3,14,19005.31
CUST00390,0,Champions,10,12,25188.08
CUST00391,1,Low Spenders,24,8,7556.88
CUST00392,4,Lost Customers,154,8,12820.12
CUST00393,4,Lost Customers,110,9,12620.93
CUST00394,2,Potential Loyalists,55,10,15785.54
CUST00395,1,Low Spenders,118,6,7888.94
CUST00396,2,Potential Loyalists,23,12,14142.98
CUST00397,1,Low Spenders,18,7,11783.2
CUST00398,1,Low Spenders,31,9,6592.83
CUST00399,1,Low Spenders,18,4,5856.53
CUST00400,2,Potential Loyalists,88,10,14712.56
CUST00401,2,Potential Loyalists,28,12,7868.17
CUST00402,3,Lost Customers,324,6,10575.59
CUST00403,1,Low Spenders,107,9,11030.47
CUST00404,4,Lost Customers,352,12,24809.19
CUST00405,2,Potential Loyalists,12,11,12848.27
CUST00406,1,Low Spenders,138,7,6795.21
CUST00407,0,Champions,60,12,19091.77
CUST00408,1,Low Spenders,6,7,6946.66
CUST00409,2,Potential Loyalists,51,10,13077.91
CUST00410,4,Lost Customers,145,10,18834.28
CUST00411,2,Potential Loyalists,53,10,13116.5
CUST00412,3,Lost Customers,239,5,7326.65
CUST00413,0,Champions,27,15,23540.1
CUST00414,1,Low Spenders,88,10,9432.46
CUST00415,1,Low Spenders,75,5,6456.03
CUST00416,1,Low Spenders,0,6,7736.99
CUST00417,4,Lost Customers,131,8,12592.38
CUST00418,0,Champions,29,17,19983.62
CUST00419,1,Low Spenders,27,9,9439.53
CUST00420,4,Lost Customers,244,11,13320.75
CUST00421,2,Potential Loyalists,36,13,15036.98
CUST00422,2,Potential Loyalists,2,11,14649.79
CUST00423,1,Low Spenders,151,7,10055.39
CUST00424,1,Low Spenders,36,7,4692.73
CUST00425,0,Champions,48,13,24053.51
CUST00426,1,Low Spenders,126,4,9353.28
CUST00427,0,Champions,20,13,18216.77
CUST00428,4,Lost Customers,139,13,13733.64
CUST00429,3,Lost Customers,259,7,5977.0
CUST00430,0,Champions,37,14,20576.81
CUST00431,1,Low Spenders,64,9,7752.33
CUST00432,2,Potential Loyalists,29,12,10582.43
CUST00433,4,Lost Customers,123,9,18279.73
CUST00434,3,Lost Customers,291,5,3853.98
CUST00435,1,Low Spenders,78,8,9321.95
CUST00436,4,Lost Customers,142,9,9879.2
CUST00437,2,Potential Loyalists,2,13,13425.56
CUST00438,0,Champions,61,20,26829.81
CUST00439,1,Low Spenders,150,7,6695.46
CUST00440,1,Low Spenders,21,8,12077.51
CUST00441,1,Low Spenders,24,8,10776.9
CUST00442,2,Potential Loyalists,7,9,11266.61
CUST00443,1,Low Spenders,148,6,8538.77
CUST00444,0,Champions,175,16,18768.58
CUST00445,3,Lost Customers,685,8,16229.29
CUST00446,0,Champions,139,15,15434.06
CUST00447,3,Lost Customers,274,6,5432.29
CUST00448,0,Champions,114,13,21191.36
CUST00449,0,Champions,16,14,19975.19
CUST00450,2,Potential Loyalists,89,10,10163.98
CUST00451,1,Low Spenders,11,9,7880.48
CUST00452,0,Champions,61,12,19043.12
CUST00453,3,Lost Customers,511,3,3006.61
CUST00454,0,Champions,21,19,19778.13
CUST00455,4,Lost Customers,196,9,11265.43
CUST00456,0,Champions,104,15,22658.87
CUST00457,2,Potential Loyalists,8,12,13201.85
CUST00458,2,Potential Loyalists,67,12,18486.22
CUST00459,0,Champions,75,12,20097.31
CUST00460,0,Champions,10,14,19734.02
CUST00461,2,Potential Loyalists,32,13,15824.41
CUST00462,1,Low Spenders,13,8,9528.9
CUST00463,2,Potential Loyalists,82,11,17438.57
CUST00464,2,Potential Loyalists,28,13,16164.33
CUST00465,0,Champions,86,17,20692.2
CUST00466,2,Potential Loyalists,14,13,11923.24
CUST00467,2,Potential Loyalists,96,11,18557.51
CUST00468,2,Potential Loyalists,119,12,11403.49
CUST00469,0,Champions,53,15,16113.51
CUST00470,2,Potential Loyalists,88,10,14532.09
CUST00471,4,Lost Customers,253,12,21270.94
CUST00472,2,Potential Loyalists,82,10,17284.78
CUST00473,3,Lost Customers,251,5,9228.89
CUST00474,1,Low Spenders,188,5,2457.43
CUST00475,2,Potential Loyalists,0,11,18421.32
CUST00476,1,Low Spenders,29,6,7537.41
CUST00477,0,Champions,17,16,19596.34
CUST00478,1,Low Spenders,15,4,6952.74
CUST00479,1,Low Spenders,12,7,11958.29
CUST00480,4,Lost Customers,275,8,12402.23
CUST00481,2,Potential Loyalists,26,10,12472.25
CUST00482,4,Lost Customers,134,10,17459.96
CUST00483,1,Low Spenders,151,4,6099.3
CUST00484,4,Lost Customers,217,6,11261.68
CUST00485,2,Potential Loyalists,42,9,15199.05
CUST00486,2,Potential Loyalists,58,10,11752.91
CUST00487,2,Potential Loyalists,11,11,13662.06
CUST00488,2,Potential Loyalists,22,10,10149.64
CUST00489,0,Champions,143,15,15900.11
CUST00490,1,Low Spenders,72,2,1584.12
CUST00491,2,Potential Loyalists,91,15,13568.96
CUST00492,1,Low Spenders,18,7,11945.42
CUST00493,2,Potential Loyalists,12,10,8432.61
CUST00494,2,Potential Loyalists,13,10,16475.8
CUST00495,0,Champions,1,15,16371.71
CUST00496,1,Low Spenders,79,9,7476.91
CUST00497,4,Lost Customers,197,7,10206.32
CUST00498,1,Low Spenders,83,9,11242.29
CUST00499,2,Potential Loyalists,7,10,10668.33
CUST00500,1,Low Spenders,82,3,3406.48
CUST00501,1,Low Spenders,128,7,11932.98
CUST00502,1,Low Spenders,144,6,8260.65
CUST00503,1,Low Spenders,91,7,9053.96
CUST00504,4,Lost Customers,177,13,11436.03
CUST00505,2,Potential Loyalists,65,13,16783.28
CUST00506,2,Potential Loyalists,0,10,9840.77
CUST00507,2,Potential Loyalists,12,11,15153.9
CUST00508,2,Potential Loyalists,67,11,12930.91
CUST00509,2,Potential Loyalists,24,12,15898.9
CUST00510,0,Champions,93,12,23832.55
CUST00511,3,Lost Customers,239,6,7778.48
CUST00512,2,Potential Loyalists,51,10,13998.73
CUST00513,0,Champions,43,14,16331.09
CUST00514,1,Low Spenders,4,8,10552.93
CUST00515,4,Lost Customers,191,9,9241.61
CUST00516,3,Lost Customers,352,7,9405.67
CUST00517,1,Low Spenders,114,5,1396.22
CUST00518,2,Potential Loyalists,62,14,12796.12
CUST00519,1,Low Spenders,21,7,10453.04
CUST00520,1,Low Spenders,51,7,13059.28
CUST00521,0,Champions,112,13,20148.85
CUST00522,2,Potential Loyalists,25,8,13054.01
CUST00523,1,Low Spenders,120,8,7229.9
CUST00524,1,Low Spenders,101,10,9560.62
CUST00525,2,Potential Loyalists,65,10,17585.44
CUST00526,1,Low Spenders,64,7,8064.16
CUST00527,4,Lost Customers,119,10,9823.04
CUST00528,0,Champions,177,13,19575.65
CUST00529,2,Potential Loyalists,23,8,16529.36
CUST00530,2,Potential Loyalists,39,9,11854.92
CUST00531,1,Low Spenders,124,7,10912.63
CUST00532,4,Lost Customers,109,9,12083.26
CUST00533,4,Lost Customers,263,8,15363.01
CUST00534,2,Potential Loyalists,5,10,10786.94
CUST00535,1,Low Spenders,89,5,5450.46
CUST00536,3,Lost Customers,504,9,12901.91
CUST00537,0,Champions,46,15,16880.8
CUST00538,0,Champions,45,12,19438.13
CUST00539,0,Champions,104,12,22122.51
CUST00540,2,Potential Loyalists,47,9,12380.5
CUST00541,2,Potential Loyalists,52,9,17328.43
CUST00542,1,Low Spenders,169,7,6989.3
CUST00543,0,Champions,111,11,21675.34
CUST00544,2,Potential Loyalists,90,11,14536.76
CUST00545,1,Low Spenders,5,7,7441.09
CUST00546,0,Champions,26,15,24644.45
CUST00547,4,Lost Customers,137,9,11138.96
CUST00548,1,Low Spenders,101,6,5807.96
CUST00549,2,Potential Loyalists,59,10,13800.47
CUST00550,2,Potential Loyalists,26,10,14674.64
CUST00551,1,Low Spenders,5,9,9990.11
CUST00552,2,Potential Loyalists,82,15,14057.21
CUST00553,2,Potential Loyalists,38,12,15346.53
CUST00554,1,Low Spenders,65,7,8293.56
CUST00555,2,Potential Loyalists,49,12,11683.75
CUST00556,1,Low Spenders,140,8,5696.39
CUST00557,4,Lost Customers,205,9,13771.46
CUST00558,2,Potential Loyalists,14,10,17794.39
CUST00559,4,Lost Customers,298,12,17217.7
CUST00560,1,Low Spenders,15,6,8185.82
CUST00561,4,Lost Customers,213,9,10000.28
CUST00562,2,Potential Loyalists,0,13,16686.72
CUST00563,0,Champions,22,14,16279.81
CUST00564,2,Potential Loyalists,30,9,12126.41
CUST00565,1,Low Spenders,22,7,12239.78
CUST00566,1,Low Spenders,149,6,5864.59
CUST00567,0,Champions,6,13,23414.62
CUST00568,4,Lost Customers,184,8,8005.34
CUST00569,1,Low Spenders,72,9,7374.75
CUST00570,2,Potential Loyalists,53,12,15770.11
CUST00571,4,Lost Customers,163,10,9020.65
CUST00572,1,Low Spenders,103,9,9178.99
CUST00573,1,Low Spenders,121,6,6360.02
CUST00574,0,Champions,14,15,17584.22
CUST00575,3,Lost Customers,277,7,7021.61
CUST00576,1,Low Spenders,100,9,7693.13
CUST00577,2,Potential Loyalists,13,13,12929.97
CUST00578,2,Potential Loyalists,73,10,12627.84
CUST00579,2,Potential Loyalists,100,8,15372.78
CUST00580,2,Potential Loyalists,15,10,14185.43
CUST00581,2,Potential Loyalists,24,12,11255.92
CUST00582,2,Potential Loyalists,131,12,18132.6
CUST00583,1,Low Spenders,37,6,14922.52
CUST00584,1,Low Spenders,73,8,10212.47
CUST00585,0,Champions,29,13,20228.2
CUST00586,2,Potential Loyalists,13,12,18872.21
CUST00587,1,Low Spenders,5,9,6965.16
CUST00588,0,Champions,30,20,34524.8
CUST00589,1,Low Spenders,50,7,8938.16
CUST00590,2,Potential Loyalists,34,10,8992.43
CUST00591,2,Potential Loyalists,51,10,13993.06
CUST00592,2,Potential Loyalists,35,9,11639.24
CUST00593,1,Low Spenders,80,8,12108.69
CUST00594,3,Lost Customers,297,4,5919.84
CUST00595,1,Low Spenders,85,4,5736.47
CUST00596,0,Champions,114,16,19092.68
CUST00597,2,Potential Loyalists,73,11,10150.15
CUST00598,4,Lost Customers,127,8,14060.27
CUST00599,4,Lost Customers,140,8,12554.04
CUST00600,1,Low Spenders,6,8,10357.68
CUST00601,4,Lost Customers,170,9,19510.32
CUST00602,2,Potential Loyalists,36,7,15316.87
CUST00603,1,Low Spenders,104,8,11837.62
CUST00604,3,Lost Customers,297,5,4063.25
CUST00605,2,Potential Loyalists,43,9,14602.68
CUST00606,0,Champions,60,15,22590.08
CUST00607,1,Low Spenders,100,7,7002.77
CUST00608,1,Low Spenders,121,5,2303.76
CUST00609,2,Potential Loyalists,21,12,15822.47
CUST00610,0,Champions,32,15,25092.87
CUST00611,2,Potential Loyalists,7,8,14998.32
CUST00612,2,Potential Loyalists,56,11,12109.82
CUST00613,1,Low Spenders,122,6,13229.27
CUST00614,1,Low Spenders,24,9,8166.5
CUST00615,0,Champions,28,12,20466.86
CUST00616,4,Lost Customers,208,11,15044.94
CUST00617,2,Potential Loyalists,15,12,12783.16
CUST00618,2,Potential Loyalists,7,13,14548.29
CUST00619,1,Low Spenders,11,8,8584.86
CUST00620,1,Low Spenders,89,5,8041.69
CUST00621,2,Potential Loyalists,60,7,15287.87
CUST00622,1,Low Spenders,95,9,9956.38
CUST00623,2,Potential Loyalists,8,11,18460.05
CUST00624,1,Low Spenders,17,7,11003.01
CUST00625,2,Potential Loyalists,1,9,13775.79
CUST00626,2,Potential Loyalists,25,9,16717.98
CUST00627,1,Low Spenders,1,7,7514.31
CUST00628,1,Low Spenders,28,8,10732.29
CUST00629,2,Potential Loyalists,14,13,12425.98
CUST00630,0,Champions,38,15,18613.93
CUST00631,1,Low Spenders,87,8,7397.36
CUST00632,1,Low Spenders,5,9,5067.22
CUST00633,4,Lost Customers,301,10,20376.97
CUST00634,4,Lost Customers,202,9,11831.96
CUST00635,0,Champions,117,14,21068.06
CUST00636,4,Lost Customers,128,11,18947.2
CUST00637,1,Low Spenders,59,7,12386.16
CUST00638,1,Low Spenders,176,6,7704.38
CUST00639,2,Potential Loyalists,44,11,16102.33
CUST00640,4,Lost Customers,256,10,12502.96
CUST00641,2,Potential Loyalists,27,13,14376.02
CUST00642,1,Low Spenders,72,8,8495.66
CUST00643,2,Potential Loyalists,107,10,12254.09
CUST00644,2,Potential Loyalists,10,14,11153.53
CUST00645,2,Potential Loyalists,3,10,13066.67
CUST00646,0,Champions,80,16,20337.71
CUST00647,4,Lost Customers,135,8,16270.96
CUST00648,3,Lost Customers,242,8,7452.55
CUST00649,2,Potential Loyalists,90,12,16434.0
CUST00650,0,Champions,54,13,21567.23
CUST00651,0,Champions,26,13,18843.19
CUST00652,4,Lost Customers,130,12,9050.77
CUST00653,1,Low Spenders,29,8,11787.26
CUST00654,2,Potential Loyalists,107,11,20124.53
CUST00655,2,Potential Loyalists,96,12,16213.7
CUST00656,2,Potential Loyalists,39,12,15428.36
CUST00657,2,Potential Loyalists,36,12,12111.05
CUST00658,0,Champions,2,15,21572.33
CUST00659,2,Potential Loyalists,93,11,15349.03
CUST00660,2,Potential Loyalists,27,10,10619.09
CUST00661,2,Potential Loyalists,5,10,10779.14
CUST00662,2,Potential Loyalists,18,12,14926.56
CUST00663,2,Potential Loyalists,24,9,13368.15
CUST00664,0,Champions,40,13,18717.76
CUST00665,0,Champions,25,13,22814.71
CUST00666,2,Potential Loyalists,69,9,12049.17
CUST00667,2,Potential Loyalists,74,10,14695.63
CUST00668,1,Low Spenders,171,8,6609.8
CUST00669,3,Lost Customers,309,10,9497.64
CUST00670,2,Potential Loyalists,75,14,15380.4
CUST00671,0,Champions,47,13,20946.18
CUST00672,4,Lost Customers,203,6,11253.03
CUST00673,2,Potential Loyalists,62,11,14076.27
CUST00674,1,Low Spenders,82,7,6359.21
CUST00675,0,Champions,2,12,21225.39
CUST00676,1,Low Spenders,53,9,7359.94
CUST00677,0,Champions,29,17,24782.57
CUST00678,2,Potential Loyalists,15,12,16130.64
CUST00679,2,Potential Loyalists,49,10,13335.66
CUST00680,2,Potential Loyalists,58,9,11801.37
CUST00681,4,Lost Customers,143,9,9449.59
CUST00682,1,Low Spenders,42,5,2878.55
CUST00683,4,Lost Customers,186,10,13735.95
CUST00684,4,Lost Customers,154,8,13335.49
CUST00685,2,Potential Loyalists,29,11,16108.19
CUST00686,1,Low Spenders,26,8,10867.51
CUST00687,2,Potential Loyalists,29,11,9585.49
CUST00688,1,Low Spenders,156,5,2564.93
CUST00689,2,Potential Loyalists,121,13,14607.42
CUST00690,1,Low Spenders,188,5,8066.72
CUST00691,1,Low Spenders,24,6,7953.82
CUST00692,4,Lost Customers,237,9,11029.8
CUST00693,2,Potential Loyalists,3,10,13777.37
CUST00694,0,Champions,130,12,18915.9
CUST00695,0,Champions,1,19,21619.48
CUST00696,0,Champions,89,13,26599.28
CUST00697,0,Champions,31,14,21210.74
CUST00698,4,Lost Customers,161,8,13146.68
CUST00699,1,Low Spenders,27,8,7812.01
CUST00700,0,Champions,121,16,17757.49
CUST00701,4,Lost Customers,204,6,16359.65
CUST00702,1,Low Spenders,58,6,3103.19
CUST00703,0,Champions,95,13,22287.65
CUST00704,2,Potential Loyalists,11,11,14123.58
CUST00705,2,Potential Loyalists,105,12,18240.43
CUST00706,2,Potential Loyalists,19,10,10412.62
CUST00707,1,Low Spenders,96,7,11314.77
CUST00708,0,Champions,0,13,22613.36
CUST00709,0,Champions,17,13,18784.17
CUST00710,2,Potential Loyalists,10,11,11297.32
CUST00711,2,Potential Loyalists,84,10,17435.91
CUST00712,0,Champions,12,17,12100.04
CUST00713,4,Lost Customers,141,13,13637.4
CUST00714,2,Potential Loyalists,83,12,9759.6
CUST00715,2,Potential Loyalists,72,9,20622.59
CUST00716,3,Lost Customers,649,5,5525.9
CUST00717,1,Low Spenders,112,11,7290.26
CUST00718,2,Potential Loyalists,35,11,18525.65
CUST00719,0,Champions,58,17,28394.24
CUST00720,3,Lost Customers,359,7,5377.3
CUST00721,1,Low Spenders,177,4,7851.35
CUST00722,2,Potential Loyalists,17,10,16844.66
CUST00723,2,Potential Loyalists,38,12,13134.57
CUST00724,0,Champions,33,14,24500.31
CUST00725,2,Potential Loyalists,13,10,13261.26
CUST00726,1,Low Spenders,100,8,13113.72
CUST00727,0,Champions,41,13,25318.03
CUST00728,2,Potential Loyalists,31,10,13248.12
CUST00729,2,Potential Loyalists,12,9,21736.81
CUST00730,4,Lost Customers,166,11,10490.73
CUST00731,0,Champions,13,19,23551.53
CUST00732,2,Potential Loyalists,37,14,14507.79
CUST00733,1,Low Spenders,7,6,7807.87
CUST00734,1,Low Spenders,21,3,10663.63
CUST00735,2,Potential Loyalists,92,10,15074.68
CUST00736,0,Champions,6,14,17826.25
CUST00737,3,Lost Customers,274,7,7618.45
CUST00738,2,Potential Loyalists,44,14,10357.55
CUST00739,2,Potential Loyalists,120,13,13184.77
CUST00740,0,Champions,35,13,24467.58
CUST00741,1,Low Spenders,114,10,8161.59
CUST00742,1,Low Spenders,163,5,6818.91
CUST00743,3,Lost Customers,315,5,7197.48
CUST00744,2,Potential Loyalists,104,10,12595.19
CUST00745,1,Low Spenders,7,6,14012.94
CUST00746,1,Low Spenders,83,10,7759.62
CUST00747,4,Lost Customers,121,11,11145.77
CUST00748,4,Lost Customers,220,12,15944.56
CUST00749,2,Potential Loyalists,1,14,10564.97
CUST00750,4,Lost Customers,249,12,12653.0
CUST00751,4,Lost Customers,162,10,19987.39
CUST00752,1,Low Spenders,176,5,9671.92
CUST00753,4,Lost Customers,140,11,8998.13
CUST00754,1,Low Spenders,82,7,9192.72
CUST00755,2,Potential Loyalists,51,10,13874.29
CUST00756,1,Low Spenders,89,4,2483.31
CUST00757,0,Champions,25,13,22466.67
CUST00758,2,Potential Loyalists,78,9,14402.65
CUST00759,1,Low Spenders,55,6,4275.14
CUST00760,2,Potential Loyalists,16,8,13520.77
CUST00761,2,Potential Loyalists,51,14,13344.88
CUST00762,2,Potential Loyalists,48,12,14149.42
CUST00763,3,Lost Customers,205,4,7984.66
CUST00764,0,Champions,239,18,22591.5
CUST00765,2,Potential Loyalists,9,13,16731.89
CUST00766,4,Lost Customers,291,9,13514.3
CUST00767,0,Champions,52,13,18423.98
CUST00768,2,Potential Loyalists,45,8,16273.69
CUST00769,2,Potential Loyalists,52,11,14218.74
CUST00770,1,Low Spenders,100,6,3926.22
CUST00771,2,Potential Loyalists,15,11,17804.9
CUST00772,1,Low Spenders,149,4,4092.41
CUST00773,0,Champions,19,16,29891.18
CUST00774,1,Low Spenders,20,9,5201.94
CUST00775,2,Potential Loyalists,13,11,18553.82
CUST00776,0,Champions,114,14,18679.72
CUST00777,2,Potential Loyalists,39,12,18538.62
CUST00778,1,Low Spenders,13,7,11983.36
CUST00779,4,Lost Customers,108,9,12726.75
CUST00780,3,Lost Customers,357,10,8041.28
CUST00781,2,Potential Loyalists,107,14,10825.87
CUST00782,2,Potential Loyalists,25,11,17741.85
CUST00783,0,Champions,9,14,17022.55
CUST00784,3,Lost Customers,380,7,11383.0
CUST00785,1,Low Spenders,91,8,6606.58
CUST00786,0,Champions,46,17,21880.11
CUST00787,4,Lost Customers,133,10,10571.15
CUST00788,4,Lost Customers,169,9,11904.39
CUST00789,4,Lost Customers,149,14,13622.03
CUST00790,4,Lost Customers,216,8,12240.38
CUST00791,2,Potential Loyalists,118,11,16275.25
CUST00792,4,Lost Customers,162,9,8159.63
CUST00793,0,Champions,6,15,22409.38
CUST00794,2,Potential Loyalists,75,12,13666.89
CUST00795,1,Low Spenders,107,8,5154.58
CUST00796,1,Low Spenders,90,7,7240.66
CUST00797,4,Lost Customers,240,10,17166.48
CUST00798,0,Champions,63,13,17682.59
CUST00799,0,Champions,10,14,21175.54
CUST00800,0,Champions,3,12,19232.37
CUST00801,2,Potential Loyalists,8,9,13591.33
CUST00802,1,Low Spenders,15,7,10112.47
CUST00803,4,Lost Customers,210,8,11998.96
CUST00804,0,Champions,23,15,25152.62
CUST00805,1,Low Spenders,31,4,4006.91
CUST00806,2,Potential Loyalists,1,12,11397.66
CUST00807,1,Low Spenders,2,4,5149.52
CUST00808,0,Champions,170,13,23918.24
CUST00809,2,Potential Loyalists,85,11,16711.66
CUST00810,2,Potential Loyalists,74,12,17874.51
CUST00811,2,Potential Loyalists,63,8,14460.56
CUST00812,1,Low Spenders,26,7,9803.57
CUST00813,2,Potential Loyalists,6,10,17631.43
CUST00814,0,Champions,21,15,20417.69
CUST00815,1,Low Spenders,65,7,11623.29
CUST00816,4,Lost Customers,174,8,8145.13
CUST00817,0,Champions,7,15,20798.55
CUST00818,4,Lost Customers,153,14,15621.93
CUST00819,4,Lost Customers,225,10,16413.35
CUST00820,4,Lost Customers,147,8,11330.45
CUST00821,2,Potential Loyalists,71,10,19346.04
CUST00822,0,Champions,64,13,20311.07
CUST00823,2,Potential Loyalists,24,13,17297.9
CUST00824,1,Low Spenders,41,6,9559.88
CUST00825,4,Lost Customers,122,8,13481.58
CUST00826,2,Potential Loyalists,2,14,16084.17
CUST00827,2,Potential Loyalists,5,10,19373.64
CUST00828,1,Low Spenders,108,9,9147.13
CUST00829,2,Potential Loyalists,50,12,15785.75
CUST00830,0,Champions,91,14,24565.59
CUST00831,2,Potential Loyalists,27,13,15496.3
CUST00832,0,Champions,6,17,22787.41
CUST00833,2,Potential Loyalists,10,11,15521.03
CUST00834,3,Lost Customers,207,3,1919.22
CUST00835,0,Champions,18,12,23095.73
CUST00836,2,Potential Loyalists,78,10,11887.74
CUST00837,2,Potential Loyalists,110,12,13053.99
CUST00838,2,Potential Loyalists,40,11,11512.81
CUST00839,2,Potential Loyalists,18,12,16407.49
CUST00840,0,Champions,39,12,22775.39
CUST00841,0,Champions,79,14,20585.24
CUST00842,1,Low Spenders,62,8,11832.73
CUST00843,2,Potential Loyalists,4,9,12661.36
CUST00844,0,Champions,94,14,16917.06
CUST00845,1,Low Spenders,33,9,8792.7
CUST00846,0,Champions,38,15,20593.3
CUST00847,2,Potential Loyalists,24,12,8785.44
CUST00848,4,Lost Customers,180,12,14702.56
CUST00849,0,Champions,77,12,20504.01
CUST00850,2,Potential Loyalists,94,11,14885.11
CUST00851,2,Potential Loyalists,66,10,9480.11
CUST00852,1,Low Spenders,86,5,7250.29
CUST00853,3,Lost Customers,263,6,6544.96
CUST00854,2,Potential Loyalists,30,12,17387.14
CUST00855,4,Lost Customers,242,7,14230.09
CUST00856,2,Potential Loyalists,5,9,15167.09
CUST00857,0,Champions,16,15,18478.66
CUST00858,2,Potential Loyalists,2,11,20024.27
CUST00859,1,Low Spenders,58,7,6916.11
CUST00860,4,Lost Customers,110,9,12214.83
CUST00861,1,Low Spenders,52,9,10258.05
CUST00862,4,Lost Customers,239,10,12428.36
CUST00863,1,Low Spenders,160,7,10038.32
CUST00864,4,Lost Customers,175,8,14044.45
CUST00865,1,Low Spenders,9,4,3888.17
CUST00866,3,Lost Customers,519,5,2911.02
CUST00867,1,Low Spenders,27,6,4106.65
CUST00868,1,Low Spenders,141,7,6942.03
CUST00869,2,Potential Loyalists,26,13,13910.89
CUST00870,2,Potential Loyalists,103,12,16684.87
CUST00871,2,Potential Loyalists,19,10,8980.82
CUST00872,0,Champions,59,16,27235.57
CUST00873,0,Champions,256,16,22405.61
CUST00874,2,Potential Loyalists,18,12,16741.03
CUST00875,2,Potential Loyalists,60,10,12586.99
CUST00876,4,Lost Customers,156,10,15261.79
CUST00877,1,Low Spenders,113,7,10106.63
CUST00878,3,Lost Customers,396,10,12595.44
CUST00879,2,Potential Loyalists,64,13,16082.85
CUST00880,2,Potential Loyalists,38,12,17092.11
CUST00881,1,Low Spenders,131,8,9344.58
CUST00882,3,Lost Customers,473,2,1452.49
CUST00883,0,Champions,50,15,21809.53
CUST00884,2,Potential Loyalists,12,10,16846.44
CUST00885,3,Lost Customers,255,6,6036.45
CUST00886,1,Low Spenders,32,7,13497.86
CUST00887,2,Potential Loyalists,51,12,13839.68
CUST00888,2,Potential Loyalists,13,10,12748.32
CUST00889,1,Low Spenders,39,7,10687.87
CUST00890,0,Champions,33,12,20809.43
CUST00891,2,Potential Loyalists,5,10,11018.76
CUST00892,2,Potential Loyalists,12,10,12345.09
CUST00893,1,Low Spenders,55,7,10796.93
CUST00894,2,Potential Loyalists,14,9,12121.19
CUST00895,4,Lost Customers,126,11,11331.05
CUST00896,0,Champions,16,17,32734.02
CUST00897,2,Potential Loyalists,25,13,7692.55
CUST00898,0,Champions,28,14,20113.73
CUST00899,2,Potential Loyalists,0,11,13269.12
CUST00900,1,Low Spenders,68,9,9028.43
CUST00901,2,Potential Loyalists,21,10,9203.92
CUST00902,2,Potential Loyalists,22,10,14937.25
CUST00903,1,Low Spenders,66,6,4801.03
CUST00904,1,Low Spenders,168,7,4741.75
CUST00905,4,Lost Customers,209,6,9693.97
CUST00906,1,Low Spenders,39,5,12809.41
CUST00907,2,Potential Loyalists,107,10,15641.08
CUST00908,2,Potential Loyalists,35,9,15746.65
CUST00909,2,Potential Loyalists,70,10,9617.72
CUST00910,0,Champions,69,13,17752.81
CUST00911,1,Low Spenders,72,9,8960.18
CUST00912,4,Lost Customers,165,8,12360.85
CUST00913,1,Low Spenders,86,8,9587.8
CUST00914,1,Low Spenders,28,6,12739.7
CUST00915,0,Champions,12,14,19575.17
CUST00916,4,Lost Customers,133,11,12809.87
CUST00917,2,Potential Loyalists,7,13,16298.14
CUST00918,2,Potential Loyalists,30,12,14352.94
CUST00919,1,Low Spenders,3,9,10210.73
CUST00920,2,Potential Loyalists,13,10,18784.11
CUST00921,2,Potential Loyalists,57,11,15821.29
CUST00922,1,Low Spenders,103,6,8883.49
CUST00923,2,Potential Loyalists,48,9,12735.05
CUST00924,1,Low Spenders,89,7,14813.5
CUST00925,4,Lost Customers,303,6,17837.32
CUST00926,0,Champions,40,10,25184.65
CUST00927,1,Low Spenders,46,6,12590.24
CUST00928,2,Potential Loyalists,67,11,14029.49
CUST00929,2,Potential Loyalists,89,13,16580.68
CUST00930,2,Potential Loyalists,97,10,13706.88
CUST00931,4,Lost Customers,210,11,12694.93
CUST00932,0,Champions,95,15,18450.43
CUST00933,2,Potential Loyalists,83,10,15664.1
CUST00934,4,Lost Customers,213,11,21597.82
CUST00935,0,Champions,51,14,15968.1
CUST00936,0,Champions,12,14,20677.64
CUST00937,1,Low Spenders,87,9,11228.99
CUST00938,2,Potential Loyalists,6,11,13157.52
CUST00939,0,Champions,49,15,18978.07
CUST00940,4,Lost Customers,360,10,14933.38
CUST00941,1,Low Spenders,29,4,6683.82
CUST00942,1,Low Spenders,78,4,13167.49
CUST00943,2,Potential Loyalists,30,12,13241.48
CUST00944,1,Low Spenders,75,7,6600.23
CUST00945,0,Champions,99,16,15032.29
CUST00946,1,Low Spenders,52,9,8645.54
CUST00947,1,Low Spenders,8,8,8256.07
CUST00948,2,Potential Loyalists,15,9,12075.14
CUST00949,0,Champions,76,14,18834.96
CUST00950,2,Potential Loyalists,7,10,15653.07
CUST00951,3,Lost Customers,289,7,9836.71
CUST00952,1,Low Spenders,114,6,3998.9
CUST00953,4,Lost Customers,156,12,11261.81
CUST00954,1,Low Spenders,5,7,9063.8
CUST00955,2,Potential Loyalists,25,11,11978.38
CUST00956,1,Low Spenders,158,7,10011.49
CUST00957,2,Potential Loyalists,30,8,17199.29
CUST00958,1,Low Spenders,66,6,8514.68
CUST00959,3,Lost Customers,339,7,8379.81
CUST00960,0,Champions,0,12,23218.08
CUST00961,4,Lost Customers,199,11,7953.24
CUST00962,0,Champions,56,13,19605.5
CUST00963,0,Champions,23,13,17608.3
CUST00964,0,Champions,61,19,26389.15
CUST00965,1,Low Spenders,1,8,12006.49
CUST00966,2,Potential Loyalists,36,11,10438.99
CUST00967,3,Lost Customers,279,6,5826.62
CUST00968,1,Low Spenders,58,6,7567.32
CUST00969,2,Potential Loyalists,48,10,12349.47
CUST00970,4,Lost Customers,139,8,17206.93
CUST00971,1,Low Spenders,40,5,2164.76
CUST00972,2,Potential Loyalists,4,9,11749.53
CUST00973,4,Lost Customers,200,9,6244.97
CUST00974,2,Potential Loyalists,29,10,15476.1
CUST00975,2,Potential Loyalists,82,11,14090.77
CUST00976,3,Lost Customers,275,5,3651.22
CUST00977,1,Low Spenders,167,6,6890.97
CUST00978,0,Champions,12,16,15116.4
CUST00979,2,Potential Loyalists,15,13,8868.67
CUST00980,2,Potential Loyalists,97,9,12778.47
CUST00981,0,Champions,85,13,19571.17
CUST00982,1,Low Spenders,51,7,5110.65
CUST00983,2,Potential Loyalists,13,14,13973.09
CUST00984,3,Lost Customers,262,7,7396.32
CUST00985,1,Low Spenders,96,7,7916.04
CUST00986,4,Lost Customers,131,8,12025.45
CUST00987,1,Low Spenders,110,9,10377.07
CUST00988,0,Champions,117,11,20154.34
CUST00989,1,Low Spenders,7,10,6285.2
CUST00990,4,Lost Customers,237,9,12747.56
CUST00991,1,Low Spenders,61,7,12799.87
CUST00992,0,Champions,50,13,18065.27
CUST00993,0,Champions,30,15,24575.96
CUST00994,1,Low Spenders,4,7,12428.28
CUST00995,2,Potential Loyalists,16,10,14310.98
CUST00996,4,Lost Customers,211,10,17893.68
CUST00997,1,Low Spenders,94,8,13189.38
CUST00998,2,Potential Loyalists,44,14,15692.62
CUST00999,1,Low Spenders,27,8,8767.89
CUST01000,2,Potential Loyalists,2,11,12580.4
CUST01001,0,Champions,22,19,40891.35
CUST01002,3,Lost Customers,274,6,11078.46
CUST01003,2,Potential Loyalists,67,9,14528.55
CUST01004,0,Champions,37,15,20847.43
CUST01005,2,Potential Loyalists,92,10,10498.29
CUST01006,2,Potential Loyalists,11,7,15032.7
CUST01007,4,Lost Customers,135,12,10536.4
CUST01008,2,Potential Loyalists,92,10,17982.13
CUST01009,0,Champions,82,15,23796.47
CUST01010,2,Potential Loyalists,113,12,15138.63
CUST01011,1,Low Spenders,96,6,8801.23
CUST01012,2,Potential Loyalists,70,11,15622.99
CUST01013,0,Champions,142,12,18984.67
CUST01014,1,Low Spenders,118,6,9922.64
CUST01015,2,Potential Loyalists,33,13,15213.04
CUST01016,2,Potential Loyalists,11,10,14526.9
CUST01017,4,Lost Customers,132,7,13895.78
CUST01018,2,Potential Loyalists,97,12,9824.25
CUST01019,0,Champions,3,14,21431.59
CUST01020,4,Lost Customers,177,7,13717.22
CUST01021,2,Potential Loyalists,2,10,14727.37
CUST01022,4,Lost Customers,212,13,19774.33
CUST01023,2,Potential Loyalists,73,9,12552.52
CUST01024,4,Lost Customers,138,10,9155.01
CUST01025,0,Champions,109,15,18184.39
CUST01026,2,Potential Loyalists,8,11,8040.32
CUST01027,1,Low Spenders,1,8,7949.89
CUST01028,1,Low Spenders,56,7,12003.55
CUST01029,0,Champions,59,12,26199.87
CUST01030,1,Low Spenders,99,7,12630.88
CUST01031,2,Potential Loyalists,11,10,12892.37
CUST01032,1,Low Spenders,110,8,9063.29
CUST01033,2,Potential Loyalists,39,11,17860.8
CUST01034,4,Lost Customers,154,9,12863.92
CUST01035,1,Low Spenders,78,7,9028.12
CUST01036,1,Low Spenders,6,7,8518.43
CUST01037,1,Low Spenders,142,7,6231.82
CUST01038,1,Low Spenders,1,6,7799.91
CUST01039,0,Champions,28,11,24778.75
CUST01040,2,Potential Loyalists,1,11,13720.07
CUST01041,0,Champions,94,11,22969.88
CUST01042,2,Potential Loyalists,27,10,17578.5
CUST01043,4,Lost Customers,240,11,13632.06
CUST01044,1,Low Spenders,31,7,8202.34
CUST01045,0,Champions,28,16,16729.8
CUST01046,1,Low Spenders,63,9,4884.84
CUST01047,2,Potential Loyalists,3,12,16983.76
CUST01048,1,Low Spenders,56,4,6894.96
CUST01049,2,Potential Loyalists,98,13,14315.16
CUST01050,4,Lost Customers,112,9,14570.7
CUST01051,4,Lost Customers,141,10,22337.91
CUST01052,1,Low Spenders,38,5,3345.1
CUST01053,1,Low Spenders,10,9,6986.35
CUST01054,2,Potential Loyalists,57,8,15176.36
CUST01055,2,Potential Loyalists,8,14,10708.64
CUST01056,2,Potential Loyalists,2,11,17946.57
CUST01057,4,Lost Customers,180,11,9546.08
CUST01058,0,Champions,22,14,24122.01
CUST01059,3,Lost Customers,238,5,9722.45
CUST01060,2,Potential Loyalists,53,10,15611.57
CUST01061,1,Low Spenders,107,7,14226.42
CUST01062,2,Potential Loyalists,77,10,15584.98
CUST01063,1,Low Spenders,29,7,12565.85
CUST01064,0,Champions,256,14,22333.95
CUST01065,2,Potential Loyalists,82,12,11713.19
CUST01066,4,Lost Customers,231,10,16828.62
CUST01067,4,Lost Customers,125,12,10857.04
CUST01068,1,Low Spenders,125,6,5610.33
CUST01069,0,Champions,26,13,26598.92
CUST01070,2,Potential Loyalists,34,10,12465.41
CUST01071,1,Low Spenders,42,7,8910.37
CUST01072,2,Potential Loyalists,85,10,10981.04
CUST01073,3,Lost Customers,252,7,9966.82
CUST01074,2,Potential Loyalists,69,12,13692.94
CUST01075,0,Champions,92,16,22696.51
CUST01076,1,Low Spenders,66,7,9352.38
CUST01077,0,Champions,37,13,18383.46
CUST01078,3,Lost Customers,380,10,16307.14
CUST01079,2,Potential Loyalists,2,13,13239.81
CUST01080,1,Low Spenders,70,9,6821.28
CUST01081,1,Low Spenders,180,2,2556.62
CUST01082,1,Low Spenders,75,6,2923.0
CUST01083,3,Lost Customers,337,4,7974.6
CUST01084,0,Champions,9,12,20693.6
CUST01085,4,Lost Customers,138,9,9221.6
CUST01086,2,Potential Loyalists,124,12,16184.2
CUST01087,3,Lost Customers,236,7,6772.84
CUST01088,2,Potential Loyalists,3,10,13522.55
CUST01089,3,Lost Customers,469,8,10901.38
CUST01090,1,Low Spenders,59,5,5387.12
CUST01091,4,Lost Customers,149,9,8647.77
CUST01092,0,Champions,59,13,21722.31
CUST01093,4,Lost Customers,141,10,16288.28
CUST01094,0,Champions,33,16,16342.6
CUST01095,2,Potential Loyalists,83,14,9307.25
CUST01096,4,Lost Customers,207,13,17510.88
CUST01097,2,Potential Loyalists,22,11,11229.63
CUST01098,3,Lost Customers,353,7,7007.61
CUST01099,0,Champions,127,12,27181.74
CUST01100,1,Low Spenders,24,5,6062.6
CUST01101,0,Champions,55,14,22353.92
CUST01102,1,Low Spenders,116,8,11104.74
CUST01103,1,Low Spenders,44,7,8658.34
CUST01104,2,Potential Loyalists,45,10,11977.93
CUST01105,1,Low Spenders,107,7,4945.48
CUST01106,1,Low Spenders,7,6,8812.69
CUST01107,2,Potential Loyalists,38,12,13685.21
CUST01108,2,Potential Loyalists,55,9,11332.13
CUST01109,2,Potential Loyalists,5,11,16479.59
CUST01110,0,Champions,42,12,23573.9
CUST01111,3,Lost Customers,530,8,7133.77
CUST01112,0,Champions,11,15,17537.32
CUST01113,2,Potential Loyalists,20,11,16634.54
CUST01114,2,Potential Loyalists,16,11,11948.81
CUST01115,3,Lost Customers,462,7,6386.5
CUST01116,4,Lost Customers,255,12,19785.11
CUST01117,3,Lost Customers,432,7,12817.95
CUST01118,2,Potential Loyalists,35,14,14051.19
CUST01119,1,Low Spenders,34,7,3668.54
CUST01120,2,Potential Loyalists,92,8,18714.61
CUST01121,4,Lost Customers,227,12,17348.9
CUST01122,4,Lost Customers,208,8,11474.07
CUST01123,1,Low Spenders,75,7,8945.9
CUST01124,1,Low Spenders,15,9,6143.05
CUST01125,4,Lost Customers,178,8,11630.7
CUST01126,2,Potential Loyalists,99,9,18732.64
CUST01127,2,Potential Loyalists,22,9,15854.97
CUST01128,0,Champions,33,13,19139.24
CUST01129,2,Potential Loyalists,54,12,13446.57
CUST01130,1,Low Spenders,34,5,3698.66
CUST01131,1,Low Spenders,6,7,9250.61
CUST01132,1,Low Spenders,180,7,6429.22
CUST01133,2,Potential Loyalists,67,10,17277.59
CUST01134,2,Potential Loyalists,110,11,9973.16
CUST01135,1,Low Spenders,115,7,9229.33
CUST01136,3,Lost Customers,345,4,5004.16
CUST01137,2,Potential Loyalists,58,8,14338.0
CUST01138,0,Champions,71,14,19763.71
CUST01139,0,Champions,13,15,24793.63
CUST01140,4,Lost Customers,239,12,23813.04
CUST01141,1,Low Spenders,5,7,10714.76
CUST01142,0,Champions,67,15,19846.41
CUST01143,2,Potential Loyalists,22,13,16093.24
CUST01144,0,Champions,157,13,25828.58
CUST01145,1,Low Spenders,46,7,6583.02
CUST01146,2,Potential Loyalists,8,9,17814.45
CUST01147,2,Potential Loyalists,65,9,13729.43
CUST01148,2,Potential Loyalists,84,10,14301.08
CUST01149,3,Lost Customers,294,6,8190.66
CUST01150,0,Champions,105,14,24496.07
CUST01151,1,Low Spenders,11,7,12853.12
CUST01152,2,Potential Loyalists,9,13,10326.62
CUST01153,0,Champions,91,14,21873.2
CUST01154,0,Champions,146,13,20504.57
CUST01155,2,Potential Loyalists,101,11,16683.44
CUST01156,4,Lost Customers,196,11,17005.12
CUST01157,0,Champions,25,14,17755.66
CUST01158,0,Champions,97,16,18649.37
CUST01159,0,Champions,30,13,26314.09
CUST01160,2,Potential Loyalists,32,8,13580.55
CUST01161,0,Champions,76,15,17487.49
CUST01162,4,Lost Customers,197,11,18210.81
CUST01163,0,Champions,9,15,27125.28
CUST01164,0,Champions,79,13,24596.03
CUST01165,2,Potential Loyalists,31,10,11382.85
CUST01166,2,Potential Loyalists,8,9,15510.04
CUST01167,4,Lost Customers,148,10,16863.02
CUST01168,0,Champions,14,16,22943.2
CUST01169,2,Potential Loyalists,56,9,12222.38
CUST01170,4,Lost Customers,135,9,11358.25
CUST01171,1,Low Spenders,7,9,9880.42
CUST01172,1,Low Spenders,62,7,6640.86
CUST01173,2,Potential Loyalists,65,11,17332.5
CUST01174,4,Lost Customers,126,8,12517.33
CUST01175,0,Champions,13,15,19073.74
CUST01176,0,Champions,17,13,20799.28
CUST01177,4,Lost Customers,175,13,16507.58
CUST01178,1,Low Spenders,10,8,7734.59
CUST01179,1,Low Spenders,57,5,6150.51
CUST01180,2,Potential Loyalists,36,10,13583.45
CUST01181,3,Lost Customers,208,5,6816.61
CUST01182,4,Lost Customers,170,8,9397.17
CUST01183,2,Potential Loyalists,1,12,18494.97
CUST01184,2,Potential Loyalists,48,8,16654.25
CUST01185,1,Low Spenders,113,8,7691.65
CUST01186,2,Potential Loyalists,6,13,16608.97
CUST01187,1,Low Spenders,175,6,6297.8
CUST01188,1,Low Spenders,181,6,6667.09
CUST01189,1,Low Spenders,104,9,11705.76
CUST01190,2,Potential Loyalists,33,14,13933.56
CUST01191,2,Potential Loyalists,104,15,11297.86
CUST01192,1,Low Spenders,11,9,9063.99
CUST01193,2,Potential Loyalists,7,11,8729.28
CUST01194,2,Potential Loyalists,94,9,12954.81
CUST01195,0,Champions,14,12,20338.47
CUST01196,2,Potential Loyalists,9,10,15292.38
CUST01197,3,Lost Customers,299,7,10491.36
CUST01198,0,Champions,14,13,19100.6
CUST01199,1,Low Spenders,68,8,8170.53
CUST01200,0,Champions,3,14,19082.22
CUST01201,3,Lost Customers,467,5,4284.4
CUST01202,1,Low Spenders,38,10,7054.56
CUST01203,4,Lost Customers,164,9,9454.83
CUST01204,2,Potential Loyalists,11,11,14006.39
CUST01205,2,Potential Loyalists,109,9,15975.85
CUST01206,2,Potential Loyalists,79,12,15201.6
CUST01207,0,Champions,9,16,26476.11
CUST01208,0,Champions,22,16,24033.98
CUST01209,0,Champions,4,14,24302.65
CUST01210,1,Low Spenders,7,3,4668.26
CUST01211,0,Champions,31,15,17982.16
CUST01212,2,Potential Loyalists,30,10,10770.66
CUST01213,1,Low Spenders,72,7,12086.76
CUST01214,1,Low Spenders,125,8,8383.17
CUST01215,0,Champions,26,13,18189.25
CUST01216,2,Potential Loyalists,124,11,19647.06
CUST01217,4,Lost Customers,130,11,16725.57
CUST01218,0,Champions,47,14,17285.55
CUST01219,2,Potential Loyalists,74,10,14645.45
CUST01220,2,Potential Loyalists,17,9,21658.76
CUST01221,1,Low Spenders,32,9,7049.37
CUST01222,1,Low Spenders,76,4,4649.05
CUST01223,2,Potential Loyalists,9,11,16330.14
CUST01224,2,Potential Loyalists,35,13,16175.4
CUST01225,2,Potential Loyalists,28,13,17213.41
CUST01226,4,Lost Customers,210,8,13075.44
CUST01227,2,Potential Loyalists,1,11,14159.36
CUST01228,1,Low Spenders,22,6,10716.4
CUST01229,3,Lost Customers,813,1,157.87
CUST01230,0,Champions,41,20,25866.26
CUST01231,1,Low Spenders,0,8,8109.54
CUST01232,0,Champions,9,15,27679.2
CUST01233,4,Lost Customers,137,11,18043.38
CUST01234,2,Potential Loyalists,1,11,20573.7
CUST01235,0,Champions,41,11,24800.68
CUST01236,1,Low Spenders,24,5,6502.59
CUST01237,0,Champions,14,13,25048.77
CUST01238,2,Potential Loyalists,73,8,14901.78
CUST01239,0,Champions,17,11,21727.04
CUST01240,2,Potential Loyalists,46,14,14102.13
CUST01241,4,Lost Customers,127,11,14029.44
CUST01242,2,Potential Loyalists,89,9,11588.22
CUST01243,2,Potential Loyalists,4,9,11347.87
CUST01244,2,Potential Loyalists,109,11,15718.34
CUST01245,1,Low Spenders,160,6,5897.23
CUST01246,2,Potential Loyalists,8,9,10704.84
CUST01247,0,Champions,16,13,18419.03
CUST01248,1,Low Spenders,111,8,7972.24
CUST01249,1,Low Spenders,15,8,11166.05
CUST01250,1,Low Spenders,31,9,5885.26
CUST01251,1,Low Spenders,57,9,9380.18
CUST01252,2,Potential Loyalists,32,9,13681.53
CUST01253,1,Low Spenders,39,7,13484.54
CUST01254,4,Lost Customers,122,10,12688.3
CUST01255,2,Potential Loyalists,45,10,10535.77
CUST01256,0,Champions,44,11,23420.7
CUST01257,2,Potential Loyalists,28,10,13387.5
CUST01258,4,Lost Customers,171,14,13361.11
CUST01259,4,Lost Customers,148,10,13088.19
CUST01260,1,Low Spenders,3,9,7313.53
CUST01261,2,Potential Loyalists,19,12,13165.19
CUST01262,2,Potential Loyalists,17,13,12500.11
CUST01263,2,Potential Loyalists,89,10,14507.07
CUST01264,1,Low Spenders,76,4,7085.01
CUST01265,2,Potential Loyalists,88,12,7274.15
CUST01266,4,Lost Customers,225,8,9760.86
CUST01267,0,Champions,18,16,24807.98
CUST01268,0,Champions,47,16,22074.92
CUST01269,3,Lost Customers,288,5,7128.11
CUST01270,4,Lost Customers,137,12,18135.6
CUST01271,2,Potential Loyalists,12,10,13310.05
CUST01272,1,Low Spenders,47,7,10871.46
CUST01273,2,Potential Loyalists,30,10,18056.97
CUST01274,1,Low Spenders,4,7,10147.61
CUST01275,2,Potential Loyalists,13,9,14154.85
CUST01276,2,Potential Loyalists,2,11,14459.23
CUST01277,2,Potential Loyalists,88,13,13718.17
CUST01278,1,Low Spenders,37,4,5265.17
CUST01279,4,Lost Customers,133,11,10327.08
CUST01280,4,Lost Customers,137,9,10998.14
CUST01281,2,Potential Loyalists,52,13,15692.71
CUST01282,0,Champions,89,15,15991.99
CUST01283,1,Low Spenders,69,8,11538.08
CUST01284,4,Lost Customers,166,7,13902.83
CUST01285,1,Low Spenders,40,8,10083.13
CUST01286,0,Champions,89,14,19312.75
CUST01287,1,Low Spenders,132,6,8115.34
CUST01288,2,Potential Loyalists,85,10,14796.12
CUST01289,3,Lost Customers,299,7,8952.4
CUST01290,1,Low Spenders,77,7,13283.52
CUST01291,2,Potential Loyalists,3,7,14980.06
CUST01292,4,Lost Customers,135,11,13023.36
CUST01293,1,Low Spenders,102,8,8652.14
CUST01294,1,Low Spenders,145,7,10417.98
CUST01295,2,Potential Loyalists,45,11,11122.38
CUST01296,1,Low Spenders,83,8,4923.03
CUST01297,2,Potential Loyalists,39,11,12621.06
CUST01298,2,Potential Loyalists,0,9,12494.43
CUST01299,1,Low Spenders,15,8,7713.96
CUST01300,1,Low Spenders,99,8,11130.96
CUST01301,2,Potential Loyalists,9,9,16658.84
CUST01302,2,Potential Loyalists,4,12,18514.7
CUST01303,3,Lost Customers,221,5,3390.94
CUST01304,2,Potential Loyalists,44,10,13688.63
CUST01305,4,Lost Customers,166,12,13527.6
CUST01306,1,Low Spenders,164,5,9938.36
CUST01307,1,Low Spenders,43,9,10194.42
CUST01308,1,Low Spenders,117,9,8073.29
CUST01309,1,Low Spenders,31,8,10344.64
CUST01310,4,Lost Customers,147,13,13201.29
CUST01311,1,Low Spenders,20,9,7774.8
CUST01312,2,Potential Loyalists,23,11,14046.3
CUST01313,2,Potential Loyalists,58,12,16855.97
CUST01314,3,Lost Customers,215,7,6237.41
CUST01315,1,Low Spenders,35,8,11908.67
CUST01316,3,Lost Customers,324,7,6643.14
CUST01317,0,Champions,20,11,21142.12
CUST01318,1,Low Spenders,6,8,10083.89
CUST01319,3,Lost Customers,308,5,4371.9
CUST01320,4,Lost Customers,205,9,15117.86
CUST01321,1,Low Spenders,98,5,9281.03
CUST01322,2,Potential Loyalists,39,12,11494.1
CUST01323,1,Low Spenders,111,8,8279.46
CUST01324,4,Lost Customers,216,9,17901.78
CUST01325,0,Champions,23,16,19952.04
CUST01326,2,Potential Loyalists,2,12,11545.31
CUST01327,0,Champions,48,12,21140.26
CUST01328,0,Champions,12,14,24273.82
CUST01329,1,Low Spenders,31,7,13045.88
CUST01330,2,Potential Loyalists,31,10,13303.52
CUST01331,2,Potential Loyalists,15,10,14049.0
CUST01332,1,Low Spenders,28,9,7602.58
CUST01333,4,Lost Customers,202,9,13125.58
CUST01334,0,Champions,60,12,19391.53
CUST01335,2,Potential Loyalists,21,12,11949.0
CUST01336,1,Low Spenders,5,7,5929.5
CUST01337,1,Low Spenders,33,8,7824.42
CUST01338,0,Champions,34,11,21784.06
CUST01339,2,Potential Loyalists,34,11,10959.86
CUST01340,1,Low Spenders,162,7,7360.73
CUST01341,1,Low Spenders,8,8,11124.85
CUST01342,1,Low Spenders,102,7,6805.39
CUST01343,2,Potential Loyalists,60,11,16309.35
CUST01344,2,Potential Loyalists,38,9,12046.0
CUST01345,2,Potential Loyalists,54,10,14218.96
CUST01346,0,Champions,18,13,18563.68
CUST01347,2,Potential Loyalists,42,12,14317.74
CUST01348,1,Low Spenders,82,7,7704.19
CUST01349,2,Potential Loyalists,92,8,13727.37
CUST01350,0,Champions,32,13,18443.76
CUST01351,0,Champions,140,15,14968.18
CUST01352,4,Lost Customers,157,7,10903.5
CUST01353,2,Potential Loyalists,6,9,16512.17
CUST01354,2,Potential Loyalists,51,11,13435.33
CUST01355,4,Lost Customers,120,10,12852.78
CUST01356,1,Low Spenders,98,5,9433.02
CUST01357,2,Potential Loyalists,17,11,15393.86
CUST01358,1,Low Spenders,120,6,2443.55
CUST01359,1,Low Spenders,50,7,14285.81
CUST01360,2,Potential Loyalists,76,9,16096.48
CUST01361,1,Low Spenders,137,5,7848.58
CUST01362,1,Low Spenders,19,7,13324.0
CUST01363,4,Lost Customers,157,10,8826.81
CUST01364,2,Potential Loyalists,44,10,13484.34
CUST01365,4,Lost Customers,286,10,10880.34
CUST01366,2,Potential Loyalists,74,11,13242.88
CUST01367,3,Lost Customers,331,7,10882.2
CUST01368,2,Potential Loyalists,93,10,13448.69
CUST01369,0,Champions,125,14,25960.11
CUST01370,2,Potential Loyalists,18,11,12886.78
CUST01371,2,Potential Loyalists,18,13,11405.64
CUST01372,2,Potential Loyalists,43,12,14848.97
CUST01373,0,Champions,59,13,22197.82
CUST01374,0,Champions,85,15,25528.07
CUST01375,2,Potential Loyalists,65,11,10457.33
CUST01376,1,Low Spenders,106,10,8294.92
CUST01377,2,Potential Loyalists,24,10,9500.01
CUST01378,2,Potential Loyalists,25,12,17175.4
CUST01379,2,Potential Loyalists,15,11,17942.17
CUST01380,2,Potential Loyalists,13,12,17600.06
CUST01381,0,Champions,4,10,24272.81
CUST01382,3,Lost Customers,421,3,4143.49
CUST01383,1,Low Spenders,102,9,11184.92
CUST01384,2,Potential Loyalists,91,10,15835.15
CUST01385,1,Low Spenders,70,7,11466.36
CUST01386,4,Lost Customers,155,14,13604.66
CUST01387,1,Low Spenders,99,7,11841.08
CUST01388,4,Lost Customers,166,10,17385.43
CUST01389,4,Lost Customers,232,7,10631.82
CUST01390,2,Potential Loyalists,56,9,12570.12
CUST01391,3,Lost Customers,194,2,3379.7
CUST01392,2,Potential Loyalists,57,10,18223.04
CUST01393,2,Potential Loyalists,21,9,14209.22
CUST01394,2,Potential Loyalists,88,10,14256.28
CUST01395,1,Low Spenders,128,8,11287.48
CUST01396,2,Potential Loyalists,6,12,18827.33
CUST01397,2,Potential Loyalists,36,10,12382.68
CUST01398,0,Champions,34,13,23284.55
CUST01399,0,Champions,0,15,20130.94
CUST01400,3,Lost Customers,274,7,11040.27
CUST01401,1,Low Spenders,4,7,7890.2
CUST01402,1,Low Spenders,71,7,5807.16
CUST01403,1,Low Spenders,75,6,13299.23
CUST01404,2,Potential Loyalists,66,12,16768.3
CUST01405,2,Potential Loyalists,80,10,14732.01
CUST01406,3,Lost Customers,248,4,3239.75
CUST01407,2,Potential Loyalists,36,9,11754.56
CUST01408,2,Potential Loyalists,67,10,16547.24
CUST01409,1,Low Spenders,59,7,11767.57
CUST01410,3,Lost Customers,440,5,7078.04
CUST01411,0,Champions,52,15,19898.23
CUST01412,0,Champions,40,13,21700.85
CUST01413,0,Champions,102,14,20899.43
CUST01414,2,Potential Loyalists,4,13,11614.28
CUST01415,4,Lost Customers,212,9,9184.11
CUST01416,1,Low Spenders,152,8,6096.46
CUST01417,0,Champions,43,13,20544.58
CUST01418,4,Lost Customers,235,13,18882.43
CUST01419,4,Lost Customers,134,9,10848.41
CUST01420,3,Lost Customers,392,10,10275.31
CUST01421,1,Low Spenders,81,7,7110.24
CUST01422,1,Low Spenders,15,9,9415.8
CUST01423,2,Potential Loyalists,5,9,11380.37
CUST01424,0,Champions,13,16,28572.08
CUST01425,2,Potential Loyalists,29,12,17027.91
CUST01426,2,Potential Loyalists,14,10,12880.66
CUST01427,2,Potential Loyalists,63,13,14869.09
CUST01428,4,Lost Customers,207,7,9139.43
CUST01429,3,Lost Customers,245,5,2753.18
CUST01430,2,Potential Loyalists,14,8,12642.66
CUST01431,4,Lost Customers,267,10,10750.97
CUST01432,4,Lost Customers,173,9,8352.07
CUST01433,2,Potential Loyalists,51,11,14576.84
CUST01434,0,Champions,59,16,20261.33
CUST01435,1,Low Spenders,117,9,8095.81
CUST01436,2,Potential Loyalists,10,11,14157.88
CUST01437,1,Low Spenders,84,5,4889.66
CUST01438,0,Champions,25,13,18160.13
CUST01439,1,Low Spenders,79,9,7672.55
CUST01440,4,Lost Customers,169,9,14042.5
CUST01441,4,Lost Customers,208,7,6932.67
CUST01442,2,Potential Loyalists,93,12,17935.92
CUST01443,4,Lost Customers,339,11,15421.35
CUST01444,1,Low Spenders,6,8,7446.26
CUST01445,3,Lost Customers,342,4,3293.14
CUST01446,1,Low Spenders,6,6,3852.24
CUST01447,0,Champions,24,13,21724.98
CUST01448,2,Potential Loyalists,49,11,20174.5
CUST01449,2,Potential Loyalists,8,12,9707.15
CUST01450,0,Champions,54,13,19205.0
CUST01451,2,Potential Loyalists,8,11,13852.26
CUST01452,4,Lost Customers,172,11,15117.83
CUST01453,4,Lost Customers,149,9,11616.42
CUST01454,1,Low Spenders,8,7,9712.28
CUST01455,2,Potential Loyalists,61,11,13116.99
CUST01456,1,Low Spenders,85,8,10016.19
CUST01457,2,Potential Loyalists,24,14,13910.69
CUST01458,1,Low Spenders,87,11,7370.6
CUST01459,0,Champions,6,17,17764.86
CUST01460,4,Lost Customers,200,10,16672.62
CUST01461,0,Champions,30,15,18198.99
CUST01462,2,Potential Loyalists,46,9,19301.63
CUST01464,2,Potential Loyalists,77,10,11371.11
CUST01465,0,Champions,18,15,29442.34
CUST01466,2,Potential Loyalists,100,12,18165.81
CUST01467,1,Low Spenders,104,10,9181.52
CUST01468,0,Champions,59,17,15425.68
CUST01469,2,Potential Loyalists,27,9,14823.81
CUST01470,4,Lost Customers,142,8,10460.8
CUST01471,0,Champions,62,16,15042.39
CUST01472,0,Champions,57,10,25573.55
CUST01473,0,Champions,103,11,21061.15
CUST01474,2,Potential Loyalists,52,12,17731.95
CUST01475,4,Lost Customers,267,10,21917.72
CUST01476,2,Potential Loyalists,28,11,19198.2
CUST01477,1,Low Spenders,89,9,5816.45
CUST01478,2,Potential Loyalists,10,10,14213.48
CUST01479,0,Champions,105,15,18923.55
CUST01480,4,Lost Customers,171,10,16280.53
CUST01481,2,Potential Loyalists,91,10,13762.17
CUST01482,2,Potential Loyalists,71,10,9796.11
CUST01483,0,Champions,35,12,21563.82
CUST01484,2,Potential Loyalists,21,9,14825.51
CUST01485,2,Potential Loyalists,76,10,13588.18
CUST01486,0,Champions,34,16,24938.6
CUST01487,1,Low Spenders,52,6,7298.9
CUST01488,2,Potential Loyalists,48,9,11440.9
CUST01489,3,Lost Customers,249,6,9025.75
CUST01490,1,Low Spenders,37,7,7108.83
CUST01491,1,Low Spenders,113,5,7357.3
CUST01492,2,Potential Loyalists,59,11,11533.74
CUST01493,1,Low Spenders,163,6,5153.21
CUST01494,2,Potential Loyalists,19,9,12948.39
CUST01495,0,Champions,63,15,23735.03
CUST01496,4,Lost Customers,166,9,10608.99
CUST01497,0,Champions,65,16,23531.43
CUST01498,2,Potential Loyalists,43,11,8673.56
CUST01499,1,Low Spenders,42,6,8409.9
CUST01500,0,Champions,21,15,19340.58
CUST01501,2,Potential Loyalists,5,14,13658.85
CUST01502,2,Potential Loyalists,60,8,13251.85
CUST01503,1,Low Spenders,141,6,5916.91
CUST01504,1,Low Spenders,83,7,6538.28
CUST01505,1,Low Spenders,127,9,8365.72
CUST01506,2,Potential Loyalists,63,9,17222.91
CUST01507,1,Low Spenders,70,7,11381.72
CUST01508,0,Champions,151,13,22127.47
CUST01509,3,Lost Customers,235,5,5157.44
CUST01510,4,Lost Customers,155,11,14269.98
CUST01511,4,Lost Customers,145,8,11693.99
CUST01512,2,Potential Loyalists,36,10,13712.46
CUST01513,4,Lost Customers,264,10,21084.67
CUST01514,1,Low Spenders,100,2,3465.26
CUST01515,2,Potential Loyalists,10,11,9473.47
CUST01516,2,Potential Loyalists,2,10,14070.38
CUST01517,4,Lost Customers,189,7,10151.87
CUST01518,1,Low Spenders,46,9,9749.02
CUST01519,2,Potential Loyalists,68,12,15813.24
CUST01520,2,Potential Loyalists,37,12,17343.84
CUST01521,1,Low Spenders,194,5,3494.49
CUST01522,0,Champions,24,15,20868.19
CUST01523,3,Lost Customers,262,5,9645.05
CUST01524,2,Potential Loyalists,19,12,12614.84
CUST01525,4,Lost Customers,208,9,11880.89
CUST01526,2,Potential Loyalists,95,13,12338.56
CUST01527,3,Lost Customers,243,7,4455.62
CUST01528,4,Lost Customers,231,12,13920.58
CUST01529,0,Champions,96,12,19781.19
CUST01530,0,Champions,79,13,18909.31
CUST01531,2,Potential Loyalists,5,11,16542.0
CUST01532,2,Potential Loyalists,114,12,16945.02
CUST01533,2,Potential Loyalists,31,10,13943.49
CUST01534,2,Potential Loyalists,35,11,15910.1
CUST01535,4,Lost Customers,122,8,12253.51
CUST01536,2,Potential Loyalists,16,10,14679.42
CUST01537,0,Champions,31,18,24533.49
CUST01538,2,Potential Loyalists,42,10,12840.54
CUST01539,2,Potential Loyalists,2,11,13886.25
CUST01540,1,Low Spenders,54,7,4817.86
CUST01541,1,Low Spenders,94,8,11258.56
CUST01542,0,Champions,59,12,20862.17
CUST01543,4,Lost Customers,249,9,12812.9
CUST01544,1,Low Spenders,3,7,10552.34
CUST01545,2,Potential Loyalists,53,9,13983.76
CUST01546,0,Champions,24,15,30751.42
CUST01547,1,Low Spenders,120,2,1392.96
CUST01548,3,Lost Customers,322,4,4796.87
CUST01549,2,Potential Loyalists,2,12,14371.03
CUST01550,2,Potential Loyalists,44,9,14641.59
CUST01551,2,Potential Loyalists,77,10,11116.26
CUST01552,2,Potential Loyalists,14,13,15645.36
CUST01553,0,Champions,51,21,37120.86
CUST01554,2,Potential Loyalists,102,10,13837.65
CUST01555,3,Lost Customers,398,3,6104.26
CUST01556,2,Potential Loyalists,14,10,13122.51
CUST01557,0,Champions,30,14,22426.09
CUST01558,2,Potential Loyalists,10,12,16204.06
CUST01559,2,Potential Loyalists,40,9,13581.98
CUST01560,4,Lost Customers,176,9,8626.24
CUST01561,3,Lost Customers,232,4,3073.63
CUST01562,4,Lost Customers,148,9,11965.94
CUST01563,4,Lost Customers,128,10,13001.76
CUST01564,3,Lost Customers,757,2,1657.38
CUST01565,4,Lost Customers,150,11,17349.51
CUST01566,2,Potential Loyalists,86,10,14201.05
CUST01567,1,Low Spenders,117,8,7626.89
CUST01568,3,Lost Customers,241,7,4201.22
CUST01569,4,Lost Customers,124,9,12950.17
CUST01570,0,Champions,24,15,29738.46
CUST01571,3,Lost Customers,476,6,6959.03
CUST01572,1,Low Spenders,22,7,7151.94
CUST01573,1,Low Spenders,131,3,7236.76
CUST01574,2,Potential Loyalists,15,15,11957.17
CUST01575,0,Champions,79,17,22423.48
CUST01576,1,Low Spenders,16,8,9816.73
CUST01577,0,Champions,75,13,18044.32
CUST01578,0,Champions,2,13,23732.85
CUST01579,0,Champions,170,15,24604.95
CUST01580,4,Lost Customers,151,13,13104.0
CUST01581,1,Low Spenders,24,7,8423.64
CUST01582,2,Potential Loyalists,50,10,15846.77
CUST01583,1,Low Spenders,116,6,13047.61
CUST01584,4,Lost Customers,174,9,9075.63
CUST01585,2,Potential Loyalists,53,11,13860.32
CUST01586,1,Low Spenders,98,7,7321.74
CUST01587,0,Champions,38,20,31052.32
CUST01588,2,Potential Loyalists,65,12,13954.05
CUST01589,2,Potential Loyalists,107,11,15117.18
CUST01590,2,Potential Loyalists,5,12,12012.09
CUST01591,2,Potential Loyalists,34,13,15856.36
CUST01592,2,Potential Loyalists,16,9,12195.57
CUST01593,0,Champions,14,13,24773.32
CUST01594,2,Potential Loyalists,6,13,17374.56
CUST01595,3,Lost Customers,265,7,7772.07
CUST01596,0,Champions,41,17,27895.6
CUST01597,1,Low Spenders,57,10,9072.54
CUST01598,3,Lost Customers,272,5,4680.21
CUST01599,2,Potential Loyalists,24,11,11010.84
CUST01600,1,Low Spenders,27,5,9768.62
CUST01601,1,Low Spenders,20,6,7165.01
CUST01602,2,Potential Loyalists,24,8,14785.46
CUST01603,0,Champions,8,15,19781.88
CUST01604,2,Potential Loyalists,61,10,12235.82
CUST01605,0,Champions,65,15,21195.81
CUST01606,3,Lost Customers,290,4,4435.66
CUST01607,1,Low Spenders,86,5,8862.82
CUST01608,0,Champions,82,15,26546.93
CUST01609,0,Champions,160,12,20382.86
CUST01610,1,Low Spenders,170,6,6931.51
CUST01611,4,Lost Customers,170,9,12167.69
CUST01612,2,Potential Loyalists,0,11,10560.87
CUST01613,2,Potential Loyalists,38,12,9320.44
CUST01614,1,Low Spenders,31,8,7432.74
CUST01615,2,Potential Loyalists,85,11,11148.29
CUST01616,1,Low Spenders,11,8,9909.4
CUST01617,0,Champions,19,15,18779.26
CUST01618,4,Lost Customers,148,10,7244.66
CUST01619,4,Lost Customers,172,6,12839.87
CUST01620,3,Lost Customers,209,3,8499.59
CUST01621,1,Low Spenders,132,7,9787.6
CUST01622,0,Champions,13,13,22486.64
CUST01623,2,Potential Loyalists,57,9,11833.5
CUST01624,4,Lost Customers,203,8,18739.58
CUST01625,4,Lost Customers,159,8,12222.82
CUST01626,0,Champions,26,17,16845.49
CUST01627,2,Potential Loyalists,21,12,18430.08
CUST01628,1,Low Spenders,49,6,10255.25
CUST01629,2,Potential Loyalists,88,12,10412.84
CUST01630,1,Low Spenders,87,6,8181.22
CUST01631,4,Lost Customers,195,7,10165.77
CUST01632,0,Champions,33,13,24660.45
CUST01633,2,Potential Loyalists,54,10,11693.57
CUST01634,1,Low Spenders,95,4,5875.9
CUST01635,1,Low Spenders,31,6,5575.86
CUST01636,2,Potential Loyalists,52,10,18087.49
CUST01637,1,Low Spenders,100,2,709.83
CUST01638,1,Low Spenders,175,7,7192.21
CUST01639,1,Low Spenders,127,7,9148.66
CUST01640,0,Champions,87,16,28630.82
CUST01641,4,Lost Customers,151,11,12934.49
CUST01642,1,Low Spenders,99,8,12323.29
CUST01643,3,Lost Customers,375,7,10113.06
CUST01644,1,Low Spenders,98,9,11645.46
CUST01645,1,Low Spenders,60,7,8972.04
CUST01646,2,Potential Loyalists,3,11,11217.24
CUST01647,1,Low Spenders,95,9,9401.24
CUST01648,0,Champions,21,13,18986.95
CUST01649,2,Potential Loyalists,4,11,8758.78
CUST01650,0,Champions,34,14,16458.11
CUST01651,4,Lost Customers,208,7,8678.39
CUST01652,2,Potential Loyalists,16,12,13497.78
CUST01653,0,Champions,158,15,18445.51
CUST01654,1,Low Spenders,0,9,9063.73
CUST01655,2,Potential Loyalists,14,10,9140.43
CUST01656,0,Champions,26,14,18006.23
CUST01657,2,Potential Loyalists,75,10,15487.37
CUST01658,0,Champions,25,14,19445.12
CUST01659,3,Lost Customers,252,6,6520.25
CUST01660,4,Lost Customers,176,12,15271.74
CUST01661,4,Lost Customers,273,11,15785.96
CUST01662,1,Low Spenders,82,7,13755.84
CUST01663,0,Champions,15,16,16794.26
CUST01664,2,Potential Loyalists,86,11,10970.42
CUST01665,1,Low Spenders,40,7,8449.97
CUST01666,3,Lost Customers,245,4,3749.81
CUST01667,1,Low Spenders,69,7,9461.04
CUST01668,0,Champions,7,19,22113.88
CUST01669,2,Potential Loyalists,45,12,18407.42
CUST01670,0,Champions,10,13,19428.26
CUST01671,1,Low Spenders,90,8,4568.19
CUST01672,2,Potential Loyalists,41,11,13873.41
CUST01673,2,Potential Loyalists,54,11,19690.16
CUST01674,2,Potential Loyalists,84,13,13178.11
CUST01675,1,Low Spenders,87,8,11407.78
CUST01676,1,Low Spenders,35,8,4899.92
CUST01677,2,Potential Loyalists,46,10,10125.69
CUST01678,1,Low Spenders,150,4,6424.3
CUST01679,2,Potential Loyalists,53,9,16845.89
CUST01680,1,Low Spenders,52,8,11103.04
CUST01681,4,Lost Customers,289,10,16460.6
CUST01682,0,Champions,30,17,23365.7
CUST01683,2,Potential Loyalists,91,8,13782.49
CUST01684,3,Lost Customers,292,7,10220.75
CUST01685,2,Potential Loyalists,12,11,18875.57
CUST01686,4,Lost Customers,160,13,15192.82
CUST01687,2,Potential Loyalists,12,10,12621.84
CUST01688,4,Lost Customers,227,14,15495.95
CUST01689,4,Lost Customers,137,12,17845.77
CUST01690,0,Champions,22,16,19107.09
CUST01691,2,Potential Loyalists,12,9,10504.1
CUST01692,1,Low Spenders,25,7,9498.34
CUST01693,2,Potential Loyalists,16,10,14860.88
CUST01694,1,Low Spenders,110,5,6983.34
CUST01695,4,Lost Customers,300,14,15852.04
CUST01696,2,Potential Loyalists,52,9,15460.79
CUST01697,0,Champions,58,15,21530.69
CUST01698,2,Potential Loyalists,5,10,13586.43
CUST01699,2,Potential Loyalists,47,10,17343.27
CUST01700,1,Low Spenders,55,6,10030.05
CUST01701,1,Low Spenders,52,6,10832.76
CUST01702,2,Potential Loyalists,34,9,11698.54
CUST01703,0,Champions,44,13,19227.09
CUST01704,0,Champions,83,13,19397.7
CUST01705,2,Potential Loyalists,48,9,11589.2
CUST01706,2,Potential Loyalists,36,8,13025.73
CUST01707,0,Champions,40,15,25027.14
CUST01708,2,Potential Loyalists,21,13,12740.42
CUST01709,2,Potential Loyalists,13,8,12537.69
CUST01710,2,Potential Loyalists,93,11,16165.55
CUST01711,2,Potential Loyalists,30,8,19467.55
CUST01712,0,Champions,78,16,23918.42
CUST01713,0,Champions,9,14,21001.64
CUST01714,4,Lost Customers,169,10,17004.64
CUST01715,2,Potential Loyalists,89,10,12051.14
CUST01716,1,Low Spenders,20,5,4918.08
CUST01717,4,Lost Customers,133,12,16259.08
CUST01718,1,Low Spenders,60,8,7001.42
CUST01719,2,Potential Loyalists,47,9,13603.47
CUST01720,2,Potential Loyalists,31,8,18455.66
CUST01721,0,Champions,31,16,16669.62
CUST01722,3,Lost Customers,285,8,10341.76
CUST01723,2,Potential Loyalists,80,9,15909.81
CUST01724,1,Low Spenders,90,9,10736.08
CUST01725,2,Potential Loyalists,25,12,18251.77
CUST01726,0,Champions,47,11,21637.2
CUST01727,4,Lost Customers,215,9,11103.03
CUST01728,2,Potential Loyalists,76,12,13078.28
CUST01729,1,Low Spenders,47,8,12358.09
CUST01730,2,Potential Loyalists,101,9,15777.13
CUST01731,0,Champions,117,17,32502.97
CUST01732,1,Low Spenders,15,6,5921.06
CUST01733,1,Low Spenders,86,8,13308.69
CUST01734,2,Potential Loyalists,10,14,13741.29
CUST01735,0,Champions,11,12,20646.55
CUST01736,0,Champions,62,18,24763.02
CUST01737,1,Low Spenders,19,7,5533.9
CUST01738,1,Low Spenders,68,4,5205.68
CUST01739,1,Low Spenders,43,9,9494.58
CUST01740,4,Lost Customers,163,8,13851.33
CUST01741,2,Potential Loyalists,55,12,17858.55
CUST01742,2,Potential Loyalists,84,11,15991.87
CUST01743,1,Low Spenders,57,6,5978.45
CUST01744,1,Low Spenders,24,9,9686.27
CUST01745,0,Champions,58,10,24176.3
CUST01746,1,Low Spenders,28,9,10115.88
CUST01747,4,Lost Customers,333,9,15935.48
CUST01748,1,Low Spenders,130,7,7906.58
CUST01749,1,Low Spenders,96,10,6675.73
CUST01750,2,Potential Loyalists,100,10,17782.48
CUST01751,1,Low Spenders,5,7,9969.12
CUST01752,2,Potential Loyalists,4,10,10375.69
CUST01753,2,Potential Loyalists,3,7,16734.35
CUST01754,2,Potential Loyalists,24,11,10559.45
CUST01755,2,Potential Loyalists,24,12,14111.97
CUST01756,0,Champions,27,12,20796.5
CUST01757,4,Lost Customers,137,10,12540.36
CUST01758,4,Lost Customers,221,9,10108.91
CUST01759,0,Champions,14,14,23330.35
CUST01760,2,Potential Loyalists,63,9,12113.74
CUST01761,1,Low Spenders,165,7,5457.82
CUST01762,2,Potential Loyalists,9,10,15962.63
CUST01763,3,Lost Customers,380,2,2427.19
CUST01764,1,Low Spenders,123,7,7443.79
CUST01765,1,Low Spenders,91,10,8300.15
CUST01766,0,Champions,22,16,17697.02
CUST01767,0,Champions,28,17,14093.78
CUST01768,1,Low Spenders,158,6,4187.69
CUST01769,1,Low Spenders,29,9,8848.43
CUST01770,4,Lost Customers,133,9,10157.62
CUST01771,0,Champions,7,13,23676.17
CUST01772,1,Low Spenders,185,5,6179.31
CUST01773,2,Potential Loyalists,13,12,17722.55
CUST01774,3,Lost Customers,359,9,15175.44
CUST01775,2,Potential Loyalists,57,11,15133.6
CUST01776,0,Champions,4,15,20513.65
CUST01777,1,Low Spenders,17,6,7017.99
CUST01778,2,Potential Loyalists,116,13,13075.54
CUST01779,2,Potential Loyalists,1,11,17354.52
CUST01780,0,Champions,33,15,15270.24
CUST01781,2,Potential Loyalists,26,9,19674.52
CUST01782,0,Champions,46,17,15252.19
CUST01783,2,Potential Loyalists,51,12,12905.76
CUST01784,0,Champions,31,18,25233.43
CUST01785,0,Champions,82,13,18032.91
CUST01786,2,Potential Loyalists,85,12,16641.97
CUST01787,1,Low Spenders,80,6,5231.68
CUST01788,1,Low Spenders,91,11,6626.5
CUST01789,2,Potential Loyalists,103,11,12056.5
CUST01790,0,Champions,59,18,22199.01
CUST01791,3,Lost Customers,264,6,9844.43
CUST01792,3,Lost Customers,296,8,12253.95
CUST01793,0,Champions,61,14,27770.65
CUST01794,0,Champions,2,15,18117.49
CUST01795,2,Potential Loyalists,73,11,15710.14
CUST01796,0,Champions,0,17,18831.36
CUST01797,2,Potential Loyalists,72,10,20395.4
CUST01798,1,Low Spenders,66,7,5940.83
CUST01799,2,Potential Loyalists,26,11,10733.87
CUST01800,3,Lost Customers,360,6,16366.25
CUST01801,2,Potential Loyalists,93,10,13938.25
CUST01802,1,Low Spenders,13,7,8585.88
CUST01803,1,Low Spenders,33,5,3643.87
CUST01804,2,Potential Loyalists,7,9,10463.83
CUST01805,2,Potential Loyalists,42,13,16261.96
CUST01806,0,Champions,28,18,22080.74
CUST01807,4,Lost Customers,208,8,10312.81
CUST01808,0,Champions,48,12,19777.14
CUST01809,1,Low Spenders,98,7,9855.15
CUST01810,1,Low Spenders,91,5,6136.45
CUST01811,1,Low Spenders,4,10,7978.13
CUST01812,0,Champions,53,14,16008.51
CUST01813,2,Potential Loyalists,4,14,14292.52
CUST01814,3,Lost Customers,307,7,9335.43
CUST01815,1,Low Spenders,5,6,9387.49
CUST01816,2,Potential Loyalists,93,8,14109.72
CUST01817,0,Champions,74,13,26021.69
CUST01818,1,Low Spenders,146,8,9185.59
CUST01819,0,Champions,20,14,18585.89
CUST01820,4,Lost Customers,187,12,17804.97
CUST01821,2,Potential Loyalists,12,11,9522.5
CUST01822,0,Champions,16,15,23241.9
CUST01823,0,Champions,78,14,22781.97
CUST01824,1,Low Spenders,105,6,8116.14
CUST01825,1,Low Spenders,100,8,8276.99
CUST01826,2,Potential Loyalists,20,9,13053.23
CUST01827,2,Potential Loyalists,58,14,14224.34
CUST01828,4,Lost Customers,214,7,8702.54
CUST01829,2,Potential Loyalists,72,13,13938.94
CUST01830,0,Champions,168,14,17991.67
CUST01831,0,Champions,19,13,23860.79
CUST01832,1,Low Spenders,115,6,5731.62
CUST01833,3,Lost Customers,595,7,10606.54
CUST01834,0,Champions,182,14,23162.23
CUST01835,0,Champions,0,13,21453.46
CUST01836,1,Low Spenders,67,5,10058.24
CUST01837,4,Lost Customers,112,9,13691.31
CUST01838,3,Lost Customers,500,7,11593.29
CUST01839,0,Champions,84,14,16223.22
CUST01840,2,Potential Loyalists,72,11,13485.18
CUST01841,4,Lost Customers,190,12,13896.3
CUST01842,2,Potential Loyalists,17,13,15792.77
CUST01843,0,Champions,17,14,18430.45
CUST01844,2,Potential Loyalists,57,12,12651.03
CUST01845,2,Potential Loyalists,97,13,14059.5
CUST01846,3,Lost Customers,219,4,6249.88
CUST01847,4,Lost Customers,204,8,11624.69
CUST01848,1,Low Spenders,44,8,10638.67
CUST01849,4,Lost Customers,197,7,14714.64
CUST01850,3,Lost Customers,263,2,2192.19
CUST01851,1,Low Spenders,103,10,8545.8
CUST01852,4,Lost Customers,218,10,12403.48
CUST01853,1,Low Spenders,78,7,13555.53
CUST01854,0,Champions,210,15,26860.18
CUST01855,1,Low Spenders,21,11,5460.0
CUST01856,2,Potential Loyalists,25,10,15058.15
CUST01857,4,Lost Customers,187,8,10496.91
CUST01858,0,Champions,66,15,23191.93
CUST01859,1,Low Spenders,96,7,10334.73
CUST01860,2,Potential Loyalists,51,10,12968.62
CUST01861,2,Potential Loyalists,29,13,13602.18
CUST01862,2,Potential Loyalists,22,10,10303.42
CUST01863,2,Potential Loyalists,123,13,14946.19
CUST01864,2,Potential Loyalists,76,10,17001.59
CUST01865,1,Low Spenders,51,7,10027.85
CUST01866,2,Potential Loyalists,18,13,15510.45
CUST01867,0,Champions,35,12,24346.7
CUST01868,1,Low Spenders,125,7,4412.26
CUST01869,1,Low Spenders,42,7,3986.45
CUST01870,2,Potential Loyalists,2,9,14979.46
CUST01871,1,Low Spenders,32,7,6343.85
CUST01872,3,Lost Customers,245,8,6016.79
CUST01873,4,Lost Customers,133,7,15574.32
CUST01874,3,Lost Customers,269,4,2085.19
CUST01875,2,Potential Loyalists,50,13,15040.47
CUST01876,4,Lost Customers,267,9,13886.38
CUST01877,4,Lost Customers,146,10,12379.97
CUST01878,2,Potential Loyalists,79,13,16897.37
CUST01879,0,Champions,45,14,18881.42
CUST01880,1,Low Spenders,27,7,5773.06
CUST01881,3,Lost Customers,329,10,8434.84
CUST01882,1,Low Spenders,6,5,9506.45
CUST01883,0,Champions,34,14,25054.21
CUST01884,2,Potential Loyalists,53,9,15321.26
CUST01885,0,Champions,167,13,25782.04
CUST01886,3,Lost Customers,347,7,10071.06
CUST01887,1,Low Spenders,161,7,6728.11
CUST01888,4,Lost Customers,115,9,14076.32
CUST01889,4,Lost Customers,162,8,11501.87
CUST01890,2,Potential Loyalists,116,11,18105.18
CUST01891,0,Champions,19,14,25439.36
CUST01892,1,Low Spenders,109,7,12704.42
CUST01893,2,Potential Loyalists,0,10,15474.17
CUST01894,1,Low Spenders,21,8,12292.29
CUST01895,1,Low Spenders,41,8,11215.22
CUST01896,1,Low Spenders,127,7,12022.06
CUST01897,2,Potential Loyalists,33,12,14304.88
CUST01898,4,Lost Customers,143,8,12575.41
CUST01899,1,Low Spenders,101,9,7619.8
CUST01900,2,Potential Loyalists,35,12,16380.56
CUST01901,4,Lost Customers,128,11,17266.08
CUST01902,0,Champions,60,16,17611.54
CUST01903,1,Low Spenders,83,5,6544.24
CUST01904,2,Potential Loyalists,73,11,11371.38
CUST01905,2,Potential Loyalists,110,11,10364.91
CUST01906,4,Lost Customers,159,11,18657.69
CUST01907,2,Potential Loyalists,74,12,12614.65
CUST01908,3,Lost Customers,371,7,7182.11
CUST01909,0,Champions,40,12,21062.94
CUST01910,4,Lost Customers,195,11,20723.21
CUST01911,2,Potential Loyalists,100,9,16618.2
CUST01912,2,Potential Loyalists,96,13,16892.67
CUST01913,4,Lost Customers,191,7,12775.35
CUST01914,0,Champions,20,16,17141.12
CUST01915,0,Champions,120,15,23934.02
CUST01916,2,Potential Loyalists,53,12,12867.4
CUST01917,2,Potential Loyalists,44,11,13160.47
CUST01918,2,Potential Loyalists,65,11,13265.99
CUST01919,1,Low Spenders,188,5,2755.99
CUST01920,2,Potential Loyalists,72,11,19090.13
CUST01921,1,Low Spenders,83,7,9339.4
CUST01922,2,Potential Loyalists,33,10,17552.49
CUST01923,4,Lost Customers,189,10,10494.78
CUST01924,1,Low Spenders,37,6,12583.57
CUST01925,1,Low Spenders,96,6,6567.65
CUST01926,1,Low Spenders,38,7,9064.67
CUST01927,0,Champions,170,12,21094.78
CUST01928,0,Champions,56,12,19045.26
CUST01929,2,Potential Loyalists,9,13,13267.16
CUST01930,2,Potential Loyalists,55,10,11583.28
CUST01931,0,Champions,31,17,33516.14
CUST01932,1,Low Spenders,14,9,9337.46
CUST01933,4,Lost Customers,185,8,16276.58
CUST01934,1,Low Spenders,153,4,6718.61
CUST01935,4,Lost Customers,275,10,15037.15
CUST01936,4,Lost Customers,149,8,11371.93
CUST01937,4,Lost Customers,135,10,15227.31
CUST01938,1,Low Spenders,124,7,10647.25
CUST01939,1,Low Spenders,77,6,16676.44
CUST01940,1,Low Spenders,58,8,9332.09
CUST01941,1,Low Spenders,132,8,7077.12
CUST01942,0,Champions,45,12,20525.01
CUST01943,2,Potential Loyalists,60,10,11314.76
CUST01944,3,Lost Customers,485,3,6826.28
CUST01945,1,Low Spenders,0,8,8832.26
CUST01946,4,Lost Customers,110,9,12566.89
CUST01947,2,Potential Loyalists,12,13,15170.71
CUST01948,2,Potential Loyalists,74,11,18326.5
CUST01949,1,Low Spenders,59,7,11516.49
CUST01950,1,Low Spenders,70,6,5947.16
CUST01951,2,Potential Loyalists,89,10,12929.59
CUST01952,2,Potential Loyalists,20,9,13471.44
CUST01953,2,Potential Loyalists,94,9,16498.33
CUST01954,1,Low Spenders,127,6,7500.01
CUST01955,2,Potential Loyalists,45,11,16311.66
CUST01956,0,Champions,58,14,22515.04
CUST01957,4,Lost Customers,170,8,14190.07
CUST01958,4,Lost Customers,227,11,15191.62
CUST01959,2,Potential Loyalists,81,12,15550.88
CUST01960,2,Potential Loyalists,2,10,12786.81
CUST01961,4,Lost Customers,164,11,16266.77
CUST01962,1,Low Spenders,33,6,8334.36
CUST01963,2,Potential Loyalists,12,12,14169.62
CUST01964,2,Potential Loyalists,21,12,16276.22
CUST01965,2,Potential Loyalists,9,9,10818.76
CUST01966,0,Champions,25,13,17539.42
CUST01967,4,Lost Customers,246,9,18018.08
CUST01968,1,Low Spenders,18,6,9716.89
CUST01969,4,Lost Customers,206,11,18816.21
CUST01970,2,Potential Loyalists,40,10,11754.34
CUST01971,1,Low Spenders,35,6,7496.75
CUST01972,1,Low Spenders,42,9,6925.63
CUST01973,2,Potential Loyalists,51,7,16142.7
CUST01974,2,Potential Loyalists,54,10,10572.26
CUST01975,1,Low Spenders,99,7,11218.88
CUST01976,1,Low Spenders,21,6,9554.04
CUST01977,4,Lost Customers,140,7,12470.45
CUST01978,2,Potential Loyalists,3,9,10776.03
CUST01979,2,Potential Loyalists,7,11,18514.26
CUST01980,1,Low Spenders,112,7,9369.04
CUST01981,4,Lost Customers,133,8,11322.88
CUST01982,2,Potential Loyalists,10,8,12680.42
CUST01983,2,Potential Loyalists,129,13,15420.6
CUST01984,2,Potential Loyalists,25,10,12715.29
CUST01985,4,Lost Customers,164,7,10664.56
CUST01986,2,Potential Loyalists,81,14,15416.91
CUST01987,0,Champions,23,14,17582.74
CUST01988,1,Low Spenders,81,6,7632.21
CUST01989,2,Potential Loyalists,23,13,12137.45
CUST01990,1,Low Spenders,8,5,6505.4
CUST01991,4,Lost Customers,156,10,10732.9
CUST01992,2,Potential Loyalists,119,13,11832.96
CUST01993,1,Low Spenders,72,7,9478.35
CUST01994,0,Champions,91,12,21314.52
CUST01995,2,Potential Loyalists,4,11,14005.2
CUST01996,1,Low Spenders,149,7,8152.23
CUST01997,2,Potential Loyalists,2,9,17481.91
CUST01998,0,Champions,39,17,14021.56
CUST01999,2,Potential Loyalists,53,11,12911.11
CUST02000,4,Lost Customers,132,10,14175.77
CUST02001,2,Potential Loyalists,8,10,11831.82
CUST02002,0,Champions,67,13,24807.03
CUST02003,2,Potential Loyalists,27,12,14697.93
CUST02004,0,Champions,125,15,20790.2
CUST02005,2,Potential Loyalists,0,11,12820.2
CUST02006,2,Potential Loyalists,18,10,13574.62
CUST02007,1,Low Spenders,10,5,10312.28
CUST02008,0,Champions,125,13,18597.01
CUST02009,4,Lost Customers,149,8,19737.02
CUST02010,0,Champions,23,19,18184.63
CUST02011,2,Potential Loyalists,12,12,16109.13
CUST02012,1,Low Spenders,14,6,9546.77
CUST02013,2,Potential Loyalists,69,10,14858.11
CUST02014,2,Potential Loyalists,11,9,11492.76
CUST02015,4,Lost Customers,119,10,11608.91
CUST02016,2,Potential Loyalists,78,8,18884.12
CUST02017,0,Champions,32,19,27973.23
CUST02018,1,Low Spenders,4,7,8618.44
CUST02019,2,Potential Loyalists,18,11,15837.06
CUST02020,4,Lost Customers,249,8,8587.01
CUST02021,0,Champions,13,14,18531.12
CUST02022,4,Lost Customers,245,15,16060.68
CUST02023,2,Potential Loyalists,54,10,12706.8
CUST02024,0,Champions,56,12,19223.97
CUST02025,1,Low Spenders,74,6,5560.46
CUST02026,2,Potential Loyalists,27,11,18228.04
CUST02027,2,Potential Loyalists,8,12,16618.45
CUST02028,0,Champions,53,12,19648.9
CUST02029,2,Potential Loyalists,24,12,14745.22
CUST02030,2,Potential Loyalists,1,11,12575.06
CUST02031,2,Potential Loyalists,89,9,14862.65
CUST02032,1,Low Spenders,72,5,2389.08
CUST02033,4,Lost Customers,137,12,13964.11
CUST02034,2,Potential Loyalists,81,9,11992.25
CUST02035,0,Champions,5,12,23876.42
CUST02036,2,Potential Loyalists,68,13,15267.94
CUST02037,0,Champions,54,17,24757.91
CUST02038,1,Low Spenders,53,7,8391.17
CUST02039,1,Low Spenders,103,6,7705.48
CUST02040,2,Potential Loyalists,60,9,12066.85
CUST02041,1,Low Spenders,29,10,6570.6
CUST02042,1,Low Spenders,57,8,8361.35
CUST02043,2,Potential Loyalists,29,12,18328.64
CUST02044,2,Potential Loyalists,10,9,12888.1
CUST02045,2,Potential Loyalists,1,10,12897.27
CUST02046,0,Champions,2,13,17831.02
CUST02047,2,Potential Loyalists,78,13,16992.1
CUST02048,2,Potential Loyalists,26,11,10631.44
CUST02049,0,Champions,87,14,17104.81
CUST02050,2,Potential Loyalists,4,11,16265.41
CUST02051,4,Lost Customers,138,7,12530.34
CUST02052,1,Low Spenders,93,9,10047.02
CUST02053,0,Champions,57,14,17917.88
CUST02054,2,Potential Loyalists,94,7,17078.75
CUST02055,1,Low Spenders,137,4,8333.86
CUST02056,3,Lost Customers,248,6,6019.53
CUST02057,4,Lost Customers,132,12,15086.2
CUST02058,4,Lost Customers,110,7,16023.39
CUST02059,0,Champions,6,13,18649.08
CUST02060,2,Potential Loyalists,34,12,16047.73
CUST02061,1,Low Spenders,13,7,12784.94
CUST02062,1,Low Spenders,46,7,10729.96
CUST02063,0,Champions,20,16,18239.61
CUST02064,0,Champions,67,16,25715.71
CUST02065,2,Potential Loyalists,86,11,19591.7
CUST02066,1,Low Spenders,45,4,7270.24
CUST02067,1,Low Spenders,33,7,5012.76
CUST02068,2,Potential Loyalists,123,11,18678.28
CUST02069,2,Potential Loyalists,40,10,11659.86
CUST02070,1,Low Spenders,126,7,7306.23
CUST02071,1,Low Spenders,101,9,11001.27
CUST02072,1,Low Spenders,20,6,3643.01
CUST02073,3,Lost Customers,263,7,8138.29
CUST02074,0,Champions,53,14,26196.91
CUST02075,1,Low Spenders,55,8,12853.4
CUST02076,1,Low Spenders,95,8,12499.95
CUST02077,2,Potential Loyalists,87,11,11685.1
CUST02078,3,Lost Customers,196,4,3012.88
CUST02079,4,Lost Customers,165,10,15887.58
CUST02080,4,Lost Customers,157,8,15467.41
CUST02081,4,Lost Customers,221,6,12475.92
CUST02082,1,Low Spenders,2,7,9879.64
CUST02083,2,Potential Loyalists,11,13,15798.41
CUST02084,2,Potential Loyalists,47,12,17116.01
CUST02085,1,Low Spenders,87,7,9041.46
CUST02086,4,Lost Customers,153,8,10559.33
CUST02087,4,Lost Customers,195,7,9140.03
CUST02088,0,Champions,81,10,26469.86
CUST02089,0,Champions,11,16,24899.77
CUST02090,1,Low Spenders,98,7,7110.51
CUST02091,2,Potential Loyalists,53,12,12593.18
CUST02092,0,Champions,35,17,27900.44
CUST02093,0,Champions,130,11,20539.07
CUST02094,2,Potential Loyalists,33,10,11685.4
CUST02095,4,Lost Customers,192,10,12183.65
CUST02096,0,Champions,33,17,16847.09
CUST02097,3,Lost Customers,299,4,3788.31
CUST02098,2,Potential Loyalists,99,10,14893.99
CUST02099,2,Potential Loyalists,85,12,11808.93
CUST02100,2,Potential Loyalists,12,10,18151.18
CUST02101,2,Potential Loyalists,16,12,17522.95
CUST02102,1,Low Spenders,41,6,7531.08
CUST02103,4,Lost Customers,242,8,11354.85
CUST02104,2,Potential Loyalists,6,8,15672.06
CUST02105,0,Champions,132,13,24367.1
CUST02106,2,Potential Loyalists,119,12,14308.37
CUST02107,0,Champions,66,16,29954.58
CUST02108,2,Potential Loyalists,59,10,19138.39
CUST02109,0,Champions,147,11,25570.81
CUST02110,1,Low Spenders,92,2,2351.15
CUST02111,0,Champions,44,12,22110.43
CUST02112,4,Lost Customers,221,8,14233.95
CUST02113,0,Champions,28,14,20908.98
CUST02114,4,Lost Customers,190,8,15633.05
CUST02115,2,Potential Loyalists,74,11,13358.66
CUST02116,0,Champions,1,17,26005.62
CUST02117,1,Low Spenders,45,7,9454.89
CUST02118,1,Low Spenders,75,6,8328.29
CUST02119,1,Low Spenders,66,8,12629.68
CUST02120,4,Lost Customers,158,8,10830.54
CUST02121,4,Lost Customers,131,9,12366.47
CUST02122,1,Low Spenders,105,4,4527.53
CUST02123,1,Low Spenders,40,8,10159.82
CUST02124,2,Potential Loyalists,17,9,14262.52
CUST02125,1,Low Spenders,99,6,8727.28
CUST02126,2,Potential Loyalists,17,10,13241.89
CUST02127,0,Champions,52,15,26333.39
CUST02128,2,Potential Loyalists,4,12,15789.46
CUST02129,0,Champions,85,12,19629.71
CUST02130,2,Potential Loyalists,95,9,18232.96
CUST02131,2,Potential Loyalists,1,9,10225.21
CUST02132,1,Low Spenders,43,7,9383.1
CUST02133,4,Lost Customers,163,11,16198.3
CUST02134,2,Potential Loyalists,119,11,14381.4
CUST02135,2,Potential Loyalists,7,10,19640.58
CUST02136,0,Champions,8,15,20746.23
CUST02137,0,Champions,8,18,23714.68
CUST02138,4,Lost Customers,240,8,8229.41
CUST02139,4,Lost Customers,156,10,10266.86
CUST02140,2,Potential Loyalists,54,10,13854.29
CUST02141,4,Lost Customers,173,11,18978.39
CUST02142,1,Low Spenders,93,4,7089.54
CUST02143,2,Potential Loyalists,40,9,11247.37
CUST02144,2,Potential Loyalists,18,12,14111.06
CUST02145,0,Champions,62,14,23602.12
CUST02146,3,Lost Customers,339,7,9004.57
CUST02147,1,Low Spenders,76,7,7939.97
CUST02148,0,Champions,53,15,26278.78
CUST02149,2,Potential Loyalists,12,11,13033.28
CUST02150,0,Champions,6,17,24013.8
CUST02151,0,Champions,36,16,21252.35
CUST02152,4,Lost Customers,163,11,14101.63
CUST02153,1,Low Spenders,2,7,4508.77
CUST02154,0,Champions,21,18,33506.57
CUST02155,0,Champions,30,13,19325.28
CUST02156,0,Champions,24,14,18310.87
CUST02157,2,Potential Loyalists,25,8,14119.27
CUST02158,2,Potential Loyalists,59,11,16710.88
CUST02159,2,Potential Loyalists,61,12,12949.85
CUST02160,2,Potential Loyalists,0,11,14636.6
CUST02161,4,Lost Customers,131,9,13549.04
CUST02162,2,Potential Loyalists,92,12,15640.09
CUST02163,4,Lost Customers,127,10,13091.65
CUST02164,1,Low Spenders,29,5,6424.27
CUST02165,0,Champions,1,14,19138.51
CUST02166,1,Low Spenders,194,4,8977.27
CUST02167,2,Potential Loyalists,8,8,12813.06
CUST02168,2,Potential Loyalists,24,8,12586.74
CUST02169,2,Potential Loyalists,48,12,14648.64
CUST02170,4,Lost Customers,170,10,12404.39
CUST02171,2,Potential Loyalists,0,12,7553.77
CUST02172,2,Potential Loyalists,36,11,19269.38
CUST02173,3,Lost Customers,425,8,8362.79
CUST02174,0,Champions,29,17,30671.28
CUST02175,1,Low Spenders,102,7,10710.5
CUST02176,0,Champions,15,15,21225.98
CUST02177,4,Lost Customers,189,10,15906.37
CUST02178,4,Lost Customers,220,8,11116.97
CUST02179,0,Champions,73,12,20660.09
CUST02180,1,Low Spenders,106,6,7164.09
CUST02181,4,Lost Customers,192,8,11752.0
CUST02182,2,Potential Loyalists,110,10,14664.31
CUST02183,2,Potential Loyalists,59,8,15010.3
CUST02184,1,Low Spenders,76,7,11801.69
CUST02185,1,Low Spenders,104,10,9486.38
CUST02186,1,Low Spenders,123,6,10323.38
CUST02187,2,Potential Loyalists,122,12,16655.89
CUST02188,2,Potential Loyalists,12,11,14264.76
CUST02189,3,Lost Customers,596,4,7618.36
CUST02190,1,Low Spenders,67,7,10771.53
CUST02191,1,Low Spenders,92,8,10398.57
CUST02192,2,Potential Loyalists,20,9,13780.84
CUST02193,0,Champions,49,14,19135.17
CUST02194,0,Champions,8,17,17954.92
CUST02195,2,Potential Loyalists,8,9,12792.15
CUST02196,3,Lost Customers,327,6,8550.12
CUST02197,2,Potential Loyalists,53,10,9566.76
CUST02198,2,Potential Loyalists,8,9,14367.2
CUST02199,2,Potential Loyalists,9,12,17648.4
CUST02200,0,Champions,43,13,25870.26
CUST02201,2,Potential Loyalists,12,11,16440.38
CUST02202,0,Champions,38,12,21890.61
CUST02203,0,Champions,42,17,20430.43
CUST02204,2,Potential Loyalists,113,12,17501.56
CUST02205,4,Lost Customers,277,9,10500.21
CUST02206,1,Low Spenders,137,7,4228.02
CUST02207,1,Low Spenders,49,8,6932.93
CUST02208,4,Lost Customers,278,11,15653.41
CUST02209,2,Potential Loyalists,109,12,10760.16
CUST02210,1,Low Spenders,12,8,11801.79
CUST02211,0,Champions,34,17,15152.03
CUST02212,1,Low Spenders,139,9,8625.05
CUST02213,2,Potential Loyalists,35,7,15797.76
CUST02214,1,Low Spenders,141,7,8666.99
CUST02215,2,Potential Loyalists,78,13,11863.57
CUST02216,2,Potential Loyalists,22,11,15103.77
CUST02217,1,Low Spenders,48,6,8257.42
CUST02218,1,Low Spenders,108,7,11120.23
CUST02219,2,Potential Loyalists,55,11,14302.92
CUST02220,2,Potential Loyalists,2,10,10463.41
CUST02221,0,Champions,6,16,25304.95
CUST02222,1,Low Spenders,141,8,9962.56
CUST02223,2,Potential Loyalists,50,11,9217.95
CUST02224,2,Potential Loyalists,18,9,15356.72
CUST02225,2,Potential Loyalists,73,12,17742.38
CUST02226,0,Champions,90,15,23362.28
CUST02227,4,Lost Customers,249,15,13852.69
CUST02228,4,Lost Customers,246,9,19253.43
CUST02229,4,Lost Customers,149,11,13533.0
CUST02230,1,Low Spenders,21,7,7401.22
CUST02231,2,Potential Loyalists,29,9,12843.55
CUST02232,0,Champions,40,16,15529.29
CUST02233,3,Lost Customers,389,7,13697.31
CUST02234,0,Champions,23,16,18164.58
CUST02235,2,Potential Loyalists,13,10,16385.51
CUST02236,0,Champions,84,11,25723.87
CUST02237,2,Potential Loyalists,1,11,7665.45
CUST02238,1,Low Spenders,61,7,8025.92
CUST02239,2,Potential Loyalists,93,11,16970.8
CUST02240,0,Champions,107,15,26518.52
CUST02241,2,Potential Loyalists,22,9,15176.18
CUST02242,2,Potential Loyalists,0,10,16572.63
CUST02243,4,Lost Customers,147,8,13243.7
CUST02244,2,Potential Loyalists,43,10,14072.28
CUST02245,1,Low Spenders,35,3,3913.56
CUST02246,4,Lost Customers,295,10,11303.73
CUST02247,0,Champions,0,16,24723.34
CUST02248,2,Potential Loyalists,2,12,14063.09
CUST02249,0,Champions,4,14,18211.43
CUST02250,1,Low Spenders,14,5,4045.6
CUST02251,1,Low Spenders,129,6,10927.02
CUST02252,2,Potential Loyalists,15,10,14569.57
CUST02253,0,Champions,69,14,18955.51
CUST02254,0,Champions,78,16,23184.31
CUST02255,2,Potential Loyalists,120,12,14908.9
CUST02256,1,Low Spenders,52,5,7507.11
CUST02257,2,Potential Loyalists,20,12,16411.44
CUST02258,3,Lost Customers,694,3,1094.93
CUST02259,1,Low Spenders,172,6,7879.73
CUST02260,2,Potential Loyalists,10,12,12798.64
CUST02261,1,Low Spenders,35,8,10650.3
CUST02262,1,Low Spenders,34,8,6790.2
CUST02263,1,Low Spenders,5,4,6698.71
CUST02264,2,Potential Loyalists,14,13,16281.91
CUST02265,1,Low Spenders,111,8,8960.75
CUST02266,1,Low Spenders,136,6,9803.86
CUST02267,0,Champions,169,15,17138.53
CUST02268,2,Potential Loyalists,68,9,13665.87
CUST02269,1,Low Spenders,66,4,3196.94
CUST02270,2,Potential Loyalists,37,9,13935.17
CUST02271,2,Potential Loyalists,32,10,17394.81
CUST02272,2,Potential Loyalists,98,12,13480.86
CUST02273,3,Lost Customers,241,8,5390.09
CUST02274,2,Potential Loyalists,32,7,19636.93
CUST02275,1,Low Spenders,30,8,4119.37
CUST02276,2,Potential Loyalists,56,8,13832.95
CUST02277,1,Low Spenders,91,8,7097.13
CUST02278,2,Potential Loyalists,20,10,18231.25
CUST02279,0,Champions,78,15,20482.01
CUST02280,2,Potential Loyalists,3,14,15645.45
CUST02281,2,Potential Loyalists,9,10,19140.86
CUST02282,4,Lost Customers,231,8,8162.8
CUST02283,1,Low Spenders,21,9,8607.41
CUST02284,2,Potential Loyalists,14,14,15830.01
CUST02285,2,Potential Loyalists,37,11,17825.05
CUST02286,3,Lost Customers,832,2,2145.8
CUST02287,4,Lost Customers,297,12,12531.86
CUST02288,4,Lost Customers,246,7,10147.26
CUST02289,2,Potential Loyalists,27,11,14134.05
CUST02290,2,Potential Loyalists,105,9,14091.5
CUST02291,1,Low Spenders,86,6,5482.49
CUST02292,1,Low Spenders,82,9,8166.01
CUST02293,1,Low Spenders,32,4,6261.55
CUST02294,2,Potential Loyalists,29,10,11096.67
CUST02295,1,Low Spenders,119,6,6010.31
CUST02296,2,Potential Loyalists,101,11,11515.31
CUST02297,2,Potential Loyalists,72,11,15785.69
CUST02298,1,Low Spenders,21,6,13834.76
CUST02299,0,Champions,97,14,19195.03
CUST02300,1,Low Spenders,134,4,9889.67
CUST02301,2,Potential Loyalists,8,15,14046.26
CUST02302,1,Low Spenders,82,8,6651.73
CUST02303,4,Lost Customers,182,9,11842.4
CUST02304,2,Potential Loyalists,32,13,15377.93
CUST02305,2,Potential Loyalists,3,13,15087.26
CUST02306,0,Champions,21,16,21632.17
CUST02307,0,Champions,10,16,25807.32
CUST02308,0,Champions,58,15,17222.39
CUST02309,2,Potential Loyalists,119,11,16030.51
CUST02310,4,Lost Customers,118,8,17805.02
CUST02311,1,Low Spenders,119,7,8653.49
CUST02312,2,Potential Loyalists,44,11,16955.34
CUST02313,0,Champions,63,16,36447.42
CUST02314,0,Champions,33,18,31237.66
CUST02315,2,Potential Loyalists,39,10,10386.09
CUST02316,1,Low Spenders,99,9,10358.85
CUST02317,1,Low Spenders,47,8,6617.75
CUST02318,0,Champions,99,14,22116.72
CUST02319,2,Potential Loyalists,44,12,13249.63
CUST02320,4,Lost Customers,195,9,14130.21
CUST02321,0,Champions,60,14,20994.92
CUST02322,2,Potential Loyalists,35,9,16915.09
CUST02323,1,Low Spenders,126,7,10861.45
CUST02324,0,Champions,137,13,19749.76
CUST02325,0,Champions,16,16,22430.14
CUST02326,2,Potential Loyalists,61,11,14297.61
CUST02327,2,Potential Loyalists,54,10,12774.5
CUST02328,2,Potential Loyalists,87,9,12218.62
CUST02329,2,Potential Loyalists,7,11,13996.99
CUST02330,4,Lost Customers,259,9,9992.39
CUST02331,2,Potential Loyalists,13,12,16313.87
CUST02332,4,Lost Customers,258,9,19581.14
CUST02333,3,Lost Customers,249,7,6846.5
CUST02334,1,Low Spenders,34,7,10298.6
CUST02335,3,Lost Customers,228,7,2870.74
CUST02336,0,Champions,57,17,15987.9
CUST02337,0,Champions,34,14,18395.17
CUST02338,0,Champions,43,13,22979.76
CUST02339,4,Lost Customers,200,10,11638.74
CUST02340,1,Low Spenders,117,3,4885.6
CUST02341,2,Potential Loyalists,121,13,16281.94
CUST02342,1,Low Spenders,4,6,10443.58
CUST02343,4,Lost Customers,139,9,11790.64
CUST02344,1,Low Spenders,144,7,9297.39
CUST02345,4,Lost Customers,188,8,7363.33
CUST02346,1,Low Spenders,178,6,4117.05
CUST02347,2,Potential Loyalists,51,12,10009.36
CUST02348,1,Low Spenders,26,9,6611.38
CUST02349,4,Lost Customers,162,8,9966.93
CUST02350,4,Lost Customers,163,11,9510.99
CUST02351,1,Low Spenders,9,7,8785.12
CUST02352,4,Lost Customers,304,9,18965.95
CUST02353,2,Potential Loyalists,16,11,18078.02
CUST02354,4,Lost Customers,285,10,10018.7
CUST02355,2,Potential Loyalists,92,9,13770.86
CUST02356,4,Lost Customers,103,8,13528.66
CUST02357,2,Potential Loyalists,7,10,11913.62
CUST02358,4,Lost Customers,173,11,9765.96
CUST02359,1,Low Spenders,55,9,10043.62
CUST02360,1,Low Spenders,142,4,8019.01
CUST02361,4,Lost Customers,224,6,12459.05
CUST02362,2,Potential Loyalists,14,9,13534.17
CUST02363,2,Potential Loyalists,62,8,16714.54
CUST02364,4,Lost Customers,237,9,6232.33
CUST02365,3,Lost Customers,202,3,4855.64
CUST02366,1,Low Spenders,138,9,8557.21
CUST02367,2,Potential Loyalists,28,10,14858.97
CUST02368,2,Potential Loyalists,10,10,10797.0
CUST02369,4,Lost Customers,149,10,8703.54
CUST02370,4,Lost Customers,146,10,13452.88
CUST02371,0,Champions,36,16,18536.0
CUST02372,4,Lost Customers,237,11,8672.64
CUST02373,2,Potential Loyalists,76,10,17733.2
CUST02374,1,Low Spenders,168,6,9927.49
CUST02375,2,Potential Loyalists,34,14,15221.56
CUST02376,4,Lost Customers,135,11,14519.08
CUST02377,1,Low Spenders,18,8,10279.36
CUST02378,2,Potential Loyalists,59,14,13151.37
CUST02379,1,Low Spenders,75,7,10326.63
CUST02380,2,Potential Loyalists,98,11,16495.21
CUST02381,2,Potential Loyalists,95,13,10055.62
CUST02382,0,Champions,63,11,22311.87
CUST02383,0,Champions,84,14,16211.38
CUST02384,0,Champions,98,13,25745.38
CUST02385,2,Potential Loyalists,62,14,13176.11
CUST02386,1,Low Spenders,56,9,8427.88
CUST02387,4,Lost Customers,140,9,15864.45
CUST02388,1,Low Spenders,35,8,10654.72
CUST02389,3,Lost Customers,304,5,6627.08
CUST02390,0,Champions,66,12,23636.48
CUST02391,2,Potential Loyalists,35,11,11626.22
CUST02392,1,Low Spenders,5,7,10640.92
CUST02393,1,Low Spenders,58,7,12939.62
CUST02394,1,Low Spenders,11,8,10001.69
CUST02395,4,Lost Customers,188,9,7291.57
CUST02396,1,Low Spenders,100,8,9699.26
CUST02397,1,Low Spenders,38,9,8541.47
CUST02398,1,Low Spenders,30,7,9706.62
CUST02399,3,Lost Customers,260,4,2374.05
CUST02400,4,Lost Customers,155,8,9888.03
CUST02401,2,Potential Loyalists,56,11,9197.24
CUST02402,1,Low Spenders,9,7,10371.45
CUST02403,2,Potential Loyalists,63,8,19002.95
CUST02404,2,Potential Loyalists,77,10,10085.97
CUST02405,2,Potential Loyalists,5,13,8613.35
CUST02406,3,Lost Customers,310,10,8718.56
CUST02407,0,Champions,97,14,35294.76
CUST02408,4,Lost Customers,117,9,13287.8
CUST02409,1,Low Spenders,105,5,8429.29
CUST02410,2,Potential Loyalists,24,12,12978.88
CUST02411,0,Champions,188,14,21568.06
CUST02412,0,Champions,17,13,18475.93
CUST02413,2,Potential Loyalists,17,13,17479.7
CUST02414,4,Lost Customers,139,10,13889.26
CUST02415,0,Champions,134,13,17760.94
CUST02416,2,Potential Loyalists,61,9,15675.21
CUST02417,2,Potential Loyalists,4,12,9811.07
CUST02418,0,Champions,3,14,19297.4
CUST02419,3,Lost Customers,431,8,6864.67
CUST02420,2,Potential Loyalists,66,9,13566.92
CUST02421,1,Low Spenders,152,7,7783.87
CUST02422,2,Potential Loyalists,30,12,16074.26
CUST02423,0,Champions,19,15,26603.6
CUST02424,1,Low Spenders,86,7,11904.12
CUST02425,1,Low Spenders,71,6,10088.36
CUST02426,1,Low Spenders,46,9,9793.11
CUST02427,0,Champions,119,12,21489.2
CUST02428,2,Potential Loyalists,21,9,11684.11
CUST02429,4,Lost Customers,168,8,13835.4
CUST02430,1,Low Spenders,12,8,8646.83
CUST02431,4,Lost Customers,241,11,14696.45
CUST02432,0,Champions,135,14,24917.36
CUST02433,2,Potential Loyalists,28,13,13443.33
CUST02434,1,Low Spenders,102,8,11585.72
CUST02435,2,Potential Loyalists,22,13,16161.46
CUST02436,1,Low Spenders,73,7,13129.04
CUST02437,1,Low Spenders,114,8,9596.72
CUST02438,4,Lost Customers,230,8,10007.28
CUST02439,0,Champions,202,12,23788.83
CUST02440,2,Potential Loyalists,51,11,17935.5
CUST02441,1,Low Spenders,113,6,3972.89
CUST02442,4,Lost Customers,121,11,11574.45
CUST02443,0,Champions,77,14,28297.65
CUST02444,4,Lost Customers,184,9,11413.97
CUST02445,0,Champions,49,17,25531.89
CUST02446,0,Champions,43,12,19951.83
CUST02447,1,Low Spenders,62,5,6760.56
CUST02448,0,Champions,18,12,19179.83
CUST02449,2,Potential Loyalists,18,10,17024.99
CUST02450,2,Potential Loyalists,77,13,14023.14
CUST02451,0,Champions,55,15,16091.21
CUST02452,0,Champions,95,16,21811.7
CUST02453,2,Potential Loyalists,9,9,12941.18
CUST02454,1,Low Spenders,171,5,10672.24
CUST02455,4,Lost Customers,276,13,9520.82
CUST02456,4,Lost Customers,113,9,12271.83
CUST02457,2,Potential Loyalists,62,9,17293.42
CUST02458,4,Lost Customers,219,7,9776.33
CUST02459,2,Potential Loyalists,40,11,12986.51
CUST02460,4,Lost Customers,203,10,18622.42
CUST02461,2,Potential Loyalists,114,11,12945.09
CUST02462,0,Champions,105,12,19125.7
CUST02463,4,Lost Customers,110,9,15485.41
CUST02464,2,Potential Loyalists,90,9,14576.5
CUST02465,1,Low Spenders,15,10,7846.7
CUST02466,4,Lost Customers,228,10,11702.25
CUST02467,2,Potential Loyalists,49,11,17541.47
CUST02468,0,Champions,85,14,20951.2
CUST02469,1,Low Spenders,2,8,5469.69
CUST02470,2,Potential Loyalists,14,9,10846.14
CUST02471,2,Potential Loyalists,1,9,14390.54
CUST02472,1,Low Spenders,128,6,7961.47
CUST02473,1,Low Spenders,76,4,3499.16
CUST02474,0,Champions,45,18,24212.37
CUST02475,2,Potential Loyalists,46,9,11332.95
CUST02476,1,Low Spenders,100,8,9863.53
CUST02477,2,Potential Loyalists,6,14,10928.27
CUST02478,0,Champions,37,11,24433.79
CUST02479,2,Potential Loyalists,71,10,21396.42
CUST02480,0,Champions,94,17,28838.33
CUST02481,1,Low Spenders,118,7,5106.07
CUST02482,2,Potential Loyalists,71,9,11631.89
CUST02483,2,Potential Loyalists,43,9,11887.46
CUST02484,1,Low Spenders,98,5,12586.69
CUST02485,2,Potential Loyalists,37,10,12701.13
CUST02486,1,Low Spenders,110,8,10794.36
CUST02487,4,Lost Customers,180,9,17810.47
CUST02488,4,Lost Customers,169,9,14001.91
CUST02489,0,Champions,27,11,20956.12
CUST02490,4,Lost Customers,204,9,10449.68
CUST02491,3,Lost Customers,256,5,6306.72
CUST02492,2,Potential Loyalists,106,9,16325.87
CUST02493,1,Low Spenders,79,7,11780.65
CUST02494,2,Potential Loyalists,65,11,14375.41
CUST02495,1,Low Spenders,140,8,8644.85
CUST02496,1,Low Spenders,55,6,2915.09
CUST02497,2,Potential Loyalists,41,9,11695.39
CUST02498,1,Low Spenders,9,7,6917.2
CUST02499,2,Potential Loyalists,65,11,7413.96
CUST02500,2,Potential Loyalists,3,11,15767.03
CUST02501,2,Potential Loyalists,16,11,14335.98
CUST02502,1,Low Spenders,159,4,8149.8
CUST02503,1,Low Spenders,4,6,10959.44
CUST02504,1,Low Spenders,126,8,8636.16
CUST02505,0,Champions,139,17,28623.04
CUST02506,2,Potential Loyalists,15,12,16463.64
CUST02507,2,Potential Loyalists,86,10,13567.35
CUST02508,0,Champions,9,18,19565.63
CUST02509,2,Potential Loyalists,48,13,16646.38
CUST02510,0,Champions,127,13,20125.94
CUST02511,0,Champions,125,13,17184.08
CUST02512,0,Champions,14,17,24938.45
CUST02513,2,Potential Loyalists,91,8,17073.99
CUST02514,2,Potential Loyalists,4,14,10209.46
CUST02515,4,Lost Customers,112,9,15217.71
CUST02516,2,Potential Loyalists,17,7,15916.59
CUST02517,1,Low Spenders,35,6,2614.34
CUST02518,2,Potential Loyalists,68,11,16415.91
CUST02519,0,Champions,43,19,35210.08
CUST02520,2,Potential Loyalists,9,10,15864.34
CUST02521,1,Low Spenders,79,6,7844.46
CUST02522,1,Low Spenders,3,7,5930.95
CUST02523,4,Lost Customers,133,10,11898.54
CUST02524,0,Champions,10,11,20911.13
CUST02525,0,Champions,41,20,39101.19
CUST02526,2,Potential Loyalists,34,10,14568.24
CUST02527,1,Low Spenders,58,7,4732.99
CUST02528,4,Lost Customers,196,9,15376.32
CUST02529,2,Potential Loyalists,34,11,11974.99
CUST02530,4,Lost Customers,179,8,16480.99
CUST02531,2,Potential Loyalists,105,11,18012.82
CUST02532,2,Potential Loyalists,26,9,13035.77
CUST02533,2,Potential Loyalists,7,11,12520.82
CUST02534,0,Champions,20,13,23050.95
CUST02535,1,Low Spenders,176,6,4963.3
CUST02536,2,Potential Loyalists,41,12,14351.05
CUST02537,2,Potential Loyalists,34,12,14854.33
CUST02538,1,Low Spenders,1,8,6248.84
CUST02539,1,Low Spenders,15,6,4655.81
CUST02540,2,Potential Loyalists,29,10,11372.87
CUST02541,4,Lost Customers,252,8,9349.66
CUST02542,1,Low Spenders,150,6,5344.23
CUST02543,1,Low Spenders,7,8,11710.56
CUST02544,2,Potential Loyalists,32,14,15137.39
CUST02545,0,Champions,93,15,20390.95
CUST02546,1,Low Spenders,88,10,8655.2
CUST02547,0,Champions,61,19,21377.26
CUST02548,1,Low Spenders,179,4,3033.73
CUST02549,2,Potential Loyalists,74,8,16431.62
CUST02550,0,Champions,42,10,22371.6
CUST02551,4,Lost Customers,203,8,12898.43
CUST02552,2,Potential Loyalists,48,11,17589.44
CUST02553,4,Lost Customers,115,9,17003.62
CUST02554,4,Lost Customers,261,10,17286.82
CUST02555,3,Lost Customers,280,7,8346.2
CUST02556,2,Potential Loyalists,49,11,17726.71
CUST02557,2,Potential Loyalists,40,13,12365.14
CUST02558,1,Low Spenders,18,8,9191.57
CUST02559,1,Low Spenders,186,8,6660.07
CUST02560,1,Low Spenders,206,7,5811.98
CUST02561,2,Potential Loyalists,11,9,12489.12
CUST02562,1,Low Spenders,68,8,11316.74
CUST02563,0,Champions,12,16,19152.41
CUST02564,2,Potential Loyalists,22,9,14265.06
CUST02565,1,Low Spenders,123,8,8415.08
CUST02566,2,Potential Loyalists,98,11,10613.82
CUST02567,4,Lost Customers,218,8,14684.94
CUST02568,1,Low Spenders,18,9,7966.04
CUST02569,1,Low Spenders,32,7,12237.61
CUST02570,2,Potential Loyalists,80,9,15074.8
CUST02571,4,Lost Customers,137,11,10909.3
CUST02572,2,Potential Loyalists,22,9,14501.77
CUST02573,1,Low Spenders,94,6,4429.62
CUST02574,1,Low Spenders,121,4,7713.52
CUST02575,2,Potential Loyalists,40,11,10426.56
CUST02576,2,Potential Loyalists,52,11,17990.57
CUST02577,2,Potential Loyalists,9,9,13583.06
CUST02578,2,Potential Loyalists,3,11,11902.45
CUST02579,1,Low Spenders,40,6,6822.45
CUST02580,3,Lost Customers,568,4,9279.87
CUST02581,0,Champions,8,14,18784.02
CUST02582,1,Low Spenders,107,4,1864.9
CUST02583,4,Lost Customers,157,8,18236.72
CUST02584,1,Low Spenders,62,5,4987.55
CUST02585,0,Champions,33,16,20696.61
CUST02586,3,Lost Customers,368,3,7253.51
CUST02587,3,Lost Customers,682,2,592.94
CUST02588,0,Champions,44,14,19032.09
CUST02589,2,Potential Loyalists,14,12,16468.76
CUST02590,4,Lost Customers,116,10,14221.49
CUST02591,0,Champions,199,12,23391.36
CUST02592,1,Low Spenders,31,8,5270.06
CUST02593,1,Low Spenders,122,9,9569.24
CUST02594,2,Potential Loyalists,8,13,15663.3
CUST02595,2,Potential Loyalists,17,13,16656.78
CUST02596,1,Low Spenders,30,10,7023.96
CUST02597,0,Champions,153,19,24771.04
CUST02598,1,Low Spenders,30,8,11813.84
CUST02599,3,Lost Customers,347,5,7511.96
CUST02600,2,Potential Loyalists,77,11,17850.95
CUST02601,1,Low Spenders,53,5,9777.13
CUST02602,2,Potential Loyalists,65,8,13771.88
CUST02603,1,Low Spenders,7,6,10667.07
CUST02604,2,Potential Loyalists,49,11,15017.65
CUST02605,4,Lost Customers,146,10,13575.0
CUST02606,0,Champions,65,16,28190.41
CUST02607,2,Potential Loyalists,72,10,11108.22
CUST02608,4,Lost Customers,136,9,18597.8
CUST02609,4,Lost Customers,150,11,11097.45
CUST02610,2,Potential Loyalists,21,13,16769.82
CUST02611,1,Low Spenders,109,5,7646.66
CUST02612,2,Potential Loyalists,24,12,13876.65
CUST02613,0,Champions,26,17,25109.73
CUST02614,2,Potential Loyalists,5,9,18444.33
CUST02615,4,Lost Customers,177,11,15678.57
CUST02616,1,Low Spenders,31,6,5388.3
CUST02617,1,Low Spenders,37,7,10528.91
CUST02618,0,Champions,123,13,24855.46
CUST02619,2,Potential Loyalists,7,11,12197.7
CUST02620,0,Champions,115,14,22330.31
CUST02621,0,Champions,5,11,21602.75
CUST02622,2,Potential Loyalists,19,10,17735.41
CUST02623,3,Lost Customers,387,5,5207.15
CUST02624,2,Potential Loyalists,23,10,12888.43
CUST02625,1,Low Spenders,3,7,9631.24
CUST02626,2,Potential Loyalists,124,13,16172.86
CUST02627,1,Low Spenders,129,8,9425.74
CUST02628,2,Potential Loyalists,23,12,13415.19
CUST02629,2,Potential Loyalists,93,10,13322.0
CUST02630,1,Low Spenders,110,10,8122.32
CUST02631,2,Potential Loyalists,29,13,17038.0
CUST02632,1,Low Spenders,51,7,5891.13
CUST02633,1,Low Spenders,46,6,6319.94
CUST02634,1,Low Spenders,11,7,7825.15
CUST02635,0,Champions,37,23,31271.9
CUST02636,2,Potential Loyalists,11,10,15644.75
CUST02637,2,Potential Loyalists,83,9,20256.98
CUST02638,2,Potential Loyalists,57,9,13580.52
CUST02639,4,Lost Customers,136,8,15169.95
CUST02640,3,Lost Customers,304,3,3850.04
CUST02641,1,Low Spenders,31,7,8539.01
CUST02642,1,Low Spenders,28,6,9266.12
CUST02643,2,Potential Loyalists,17,11,12288.68
CUST02644,2,Potential Loyalists,11,11,16474.1
CUST02645,1,Low Spenders,88,10,8919.87
CUST02646,1,Low Spenders,8,9,9771.24
CUST02647,2,Potential Loyalists,0,11,14259.93
CUST02648,2,Potential Loyalists,93,11,13156.71
CUST02649,2,Potential Loyalists,5,10,10960.99
CUST02650,0,Champions,32,14,21218.1
CUST02651,2,Potential Loyalists,80,10,21413.85
CUST02652,4,Lost Customers,194,13,17581.98
CUST02653,4,Lost Customers,221,9,10342.9
CUST02654,4,Lost Customers,161,10,8414.76
CUST02655,2,Potential Loyalists,21,11,15405.28
CUST02656,1,Low Spenders,76,7,13353.17
CUST02657,2,Potential Loyalists,11,10,14351.58
CUST02658,2,Potential Loyalists,104,11,11624.1
CUST02659,0,Champions,40,16,21236.2
CUST02660,1,Low Spenders,18,5,5874.47
CUST02661,4,Lost Customers,144,9,13176.27
CUST02662,2,Potential Loyalists,72,8,15388.81
CUST02663,3,Lost Customers,692,2,387.74
CUST02664,2,Potential Loyalists,2,8,15958.41
CUST02665,2,Potential Loyalists,89,10,15107.7
CUST02666,2,Potential Loyalists,5,14,15550.3
CUST02667,4,Lost Customers,191,9,16353.69
CUST02668,0,Champions,106,17,22496.66
CUST02669,2,Potential Loyalists,91,11,9710.5
CUST02670,2,Potential Loyalists,51,13,17293.75
CUST02671,0,Champions,8,15,24862.6
CUST02672,1,Low Spenders,73,8,7904.8
CUST02673,1,Low Spenders,11,7,12640.85
CUST02674,1,Low Spenders,19,9,8346.09
CUST02675,1,Low Spenders,17,3,8011.53
CUST02676,0,Champions,35,13,21794.21
CUST02677,3,Lost Customers,290,6,4690.68
CUST02678,3,Lost Customers,285,7,11968.7
CUST02679,3,Lost Customers,211,5,6952.07
CUST02680,2,Potential Loyalists,103,10,10287.1
CUST02681,2,Potential Loyalists,124,13,12693.26
CUST02682,0,Champions,29,17,26900.75
CUST02683,2,Potential Loyalists,12,9,19308.64
CUST02684,1,Low Spenders,83,9,5353.28
CUST02685,2,Potential Loyalists,58,10,11296.12
CUST02686,0,Champions,2,14,18162.38
CUST02687,1,Low Spenders,26,7,10763.66
CUST02688,0,Champions,21,13,18920.27
CUST02689,1,Low Spenders,52,6,7411.92
CUST02690,2,Potential Loyalists,91,10,16433.52
CUST02691,1,Low Spenders,14,8,10739.41
CUST02692,2,Potential Loyalists,30,9,11535.7
CUST02693,2,Potential Loyalists,1,12,16309.49
CUST02694,0,Champions,43,15,15627.94
CUST02695,1,Low Spenders,71,6,7120.74
CUST02696,4,Lost Customers,199,10,11236.74
CUST02697,3,Lost Customers,220,4,4550.52
CUST02698,2,Potential Loyalists,50,13,13352.58
CUST02699,2,Potential Loyalists,86,12,14223.45
CUST02700,4,Lost Customers,209,10,19722.33
CUST02701,1,Low Spenders,130,7,4759.75
CUST02702,2,Potential Loyalists,74,10,13738.23
CUST02703,3,Lost Customers,313,3,3375.12
CUST02704,4,Lost Customers,128,8,14835.19
CUST02705,2,Potential Loyalists,13,8,12696.23
CUST02706,2,Potential Loyalists,5,11,19962.72
CUST02707,2,Potential Loyalists,71,9,12548.35
CUST02708,0,Champions,126,13,18263.94
CUST02709,2,Potential Loyalists,35,9,10825.01
CUST02710,4,Lost Customers,237,8,14361.59
CUST02711,4,Lost Customers,149,8,12381.91
CUST02712,2,Potential Loyalists,46,11,12574.95
CUST02713,4,Lost Customers,148,10,12022.13
CUST02714,1,Low Spenders,22,7,9136.3
CUST02715,1,Low Spenders,100,9,5720.05
CUST02716,2,Potential Loyalists,99,9,18280.67
CUST02717,1,Low Spenders,64,8,9637.09
CUST02718,1,Low Spenders,55,8,11723.02
CUST02719,2,Potential Loyalists,23,9,18287.87
CUST02720,4,Lost Customers,303,9,12387.96
CUST02721,2,Potential Loyalists,79,11,16287.86
CUST02722,2,Potential Loyalists,9,13,16801.36
CUST02723,1,Low Spenders,30,8,12508.57
CUST02724,2,Potential Loyalists,19,11,10049.64
CUST02725,2,Potential Loyalists,19,11,16030.11
CUST02726,1,Low Spenders,20,8,8385.42
CUST02727,0,Champions,72,11,21786.07
CUST02728,0,Champions,5,15,24696.56
CUST02729,2,Potential Loyalists,64,12,13446.58
CUST02730,2,Potential Loyalists,57,10,9679.63
CUST02731,1,Low Spenders,17,8,6891.21
CUST02732,1,Low Spenders,121,10,7092.53
CUST02733,2,Potential Loyalists,115,11,13231.82
CUST02734,2,Potential Loyalists,34,11,17178.42
CUST02735,0,Champions,2,14,19522.45
CUST02736,4,Lost Customers,215,9,17276.77
CUST02737,0,Champions,73,17,22483.46
CUST02738,2,Potential Loyalists,39,11,18610.43
CUST02739,4,Lost Customers,204,15,13893.55
CUST02740,0,Champions,69,12,20507.34
CUST02741,4,Lost Customers,234,10,12339.03
CUST02742,2,Potential Loyalists,37,11,16584.74
CUST02743,1,Low Spenders,173,7,8603.54
CUST02744,0,Champions,119,13,19312.69
CUST02745,0,Champions,20,15,16063.76
CUST02746,0,Champions,0,14,21718.85
CUST02747,4,Lost Customers,175,10,24233.54
CUST02748,1,Low Spenders,122,8,10666.99
CUST02749,1,Low Spenders,58,7,6812.09
CUST02750,1,Low Spenders,65,9,8126.29
CUST02751,1,Low Spenders,17,8,12215.02
CUST02752,1,Low Spenders,7,7,11383.61
CUST02753,4,Lost Customers,159,11,10361.18
CUST02754,1,Low Spenders,128,7,3953.81
CUST02755,0,Champions,26,16,29657.27
CUST02756,2,Potential Loyalists,91,12,17597.97
CUST02757,1,Low Spenders,70,10,5421.22
CUST02758,4,Lost Customers,198,12,14532.37
CUST02759,2,Potential Loyalists,43,12,15280.28
CUST02760,2,Potential Loyalists,10,14,15859.67
CUST02761,1,Low Spenders,144,8,6545.09
CUST02762,4,Lost Customers,172,8,16190.98
CUST02763,1,Low Spenders,91,6,11051.27
CUST02764,2,Potential Loyalists,81,9,13965.99
CUST02765,2,Potential Loyalists,16,12,16143.86
CUST02766,4,Lost Customers,253,9,12477.58
CUST02767,4,Lost Customers,171,9,10006.92
CUST02768,4,Lost Customers,250,11,11015.55
CUST02769,2,Potential Loyalists,52,14,15126.2
CUST02770,2,Potential Loyalists,39,10,13756.38
CUST02771,2,Potential Loyalists,31,10,13433.07
CUST02772,0,Champions,186,15,20611.62
CUST02773,4,Lost Customers,140,10,7815.16
CUST02774,0,Champions,1,17,22741.66
CUST02775,1,Low Spenders,25,6,9931.48
CUST02776,1,Low Spenders,72,6,9230.11
CUST02777,1,Low Spenders,31,5,10368.31
CUST02778,3,Lost Customers,509,4,2720.85
CUST02779,3,Lost Customers,397,5,9052.55
CUST02780,2,Potential Loyalists,33,9,13524.29
CUST02781,2,Potential Loyalists,49,10,12473.78
CUST02782,2,Potential Loyalists,26,9,15236.79
CUST02783,2,Potential Loyalists,14,12,12147.76
CUST02784,0,Champions,166,15,19829.73
CUST02785,4,Lost Customers,199,7,7688.0
CUST02786,0,Champions,4,13,18146.83
CUST02787,2,Potential Loyalists,46,9,11204.59
CUST02788,2,Potential Loyalists,56,9,12925.76
CUST02789,1,Low Spenders,79,8,12169.31
CUST02790,2,Potential Loyalists,24,10,20502.36
CUST02791,2,Potential Loyalists,64,13,14993.42
CUST02792,4,Lost Customers,162,10,16738.97
CUST02793,1,Low Spenders,26,5,3399.97
CUST02794,0,Champions,8,15,24303.9
CUST02795,0,Champions,111,15,17065.0
CUST02796,4,Lost Customers,200,7,11705.88
CUST02797,4,Lost Customers,163,7,11167.52
CUST02798,1,Low Spenders,56,8,9585.21
CUST02799,2,Potential Loyalists,71,12,15234.18
CUST02800,1,Low Spenders,106,7,13659.86
CUST02801,1,Low Spenders,88,6,4103.17
CUST02802,2,Potential Loyalists,49,9,14867.31
CUST02803,2,Potential Loyalists,20,12,11899.94
CUST02804,1,Low Spenders,37,6,5010.1
CUST02805,0,Champions,14,13,21769.27
CUST02806,2,Potential Loyalists,32,10,12094.01
CUST02807,1,Low Spenders,97,8,10898.78
CUST02808,2,Potential Loyalists,52,9,16885.18
CUST02809,0,Champions,5,17,20820.07
CUST02810,1,Low Spenders,33,7,6298.09
CUST02811,2,Potential Loyalists,63,9,15444.38
CUST02812,2,Potential Loyalists,27,11,17079.92
CUST02813,1,Low Spenders,23,6,8919.14
CUST02814,4,Lost Customers,227,8,9149.05
CUST02815,0,Champions,45,14,17914.21
CUST02816,0,Champions,156,14,16460.72
CUST02817,1,Low Spenders,15,5,3297.97
CUST02818,2,Potential Loyalists,9,9,14491.35
CUST02819,1,Low Spenders,37,8,8292.56
CUST02820,2,Potential Loyalists,89,11,19697.09
CUST02821,1,Low Spenders,94,10,9640.84
CUST02822,4,Lost Customers,166,6,13018.22
CUST02823,1,Low Spenders,2,7,11126.62
CUST02824,2,Potential Loyalists,53,10,13379.4
CUST02825,2,Potential Loyalists,40,9,15562.04
CUST02826,0,Champions,123,15,24665.69
CUST02827,1,Low Spenders,111,7,3782.86
CUST02828,1,Low Spenders,96,6,8881.63
CUST02829,1,Low Spenders,123,8,7873.85
CUST02830,1,Low Spenders,155,7,6494.54
CUST02831,4,Lost Customers,213,9,16058.1
CUST02832,0,Champions,45,12,21096.94
CUST02833,4,Lost Customers,190,8,17200.91
CUST02834,2,Potential Loyalists,31,10,11155.31
CUST02835,2,Potential Loyalists,29,10,14950.96
CUST02836,4,Lost Customers,263,8,12762.02
CUST02837,0,Champions,18,14,24121.04
CUST02838,4,Lost Customers,177,10,17092.74
CUST02839,2,Potential Loyalists,119,14,14056.79
CUST02840,1,Low Spenders,77,10,7417.27
CUST02841,1,Low Spenders,151,6,11166.95
CUST02842,2,Potential Loyalists,38,10,15049.1
CUST02843,2,Potential Loyalists,22,11,16792.03
CUST02844,2,Potential Loyalists,96,11,13137.64
CUST02845,2,Potential Loyalists,74,8,15040.97
CUST02846,2,Potential Loyalists,89,9,13425.84
CUST02847,2,Potential Loyalists,60,12,9025.27
CUST02848,1,Low Spenders,102,9,10976.22
CUST02849,3,Lost Customers,221,5,7604.69
CUST02850,0,Champions,139,14,18561.55
CUST02851,4,Lost Customers,154,7,11206.56
CUST02852,1,Low Spenders,4,8,9753.86
CUST02853,0,Champions,28,12,19302.78
CUST02854,4,Lost Customers,160,10,14925.66
CUST02855,1,Low Spenders,1,3,1555.83
CUST02856,1,Low Spenders,3,7,7972.22
CUST02857,1,Low Spenders,100,6,8511.89
CUST02858,4,Lost Customers,164,10,13493.48
CUST02859,2,Potential Loyalists,26,11,10252.1
CUST02860,4,Lost Customers,119,9,15618.83
CUST02861,2,Potential Loyalists,103,10,13748.52
CUST02862,4,Lost Customers,285,10,21301.34
CUST02863,2,Potential Loyalists,62,12,14272.78
CUST02864,4,Lost Customers,203,8,6514.13
CUST02865,1,Low Spenders,104,7,10743.51
CUST02866,1,Low Spenders,28,7,8025.06
CUST02867,2,Potential Loyalists,114,13,15409.87
CUST02868,2,Potential Loyalists,11,12,13202.41
CUST02869,2,Potential Loyalists,39,13,17377.17
CUST02870,4,Lost Customers,154,10,12708.13
CUST02871,2,Potential Loyalists,20,11,14676.88
CUST02872,1,Low Spenders,51,7,7757.31
CUST02873,1,Low Spenders,59,5,3090.52
CUST02874,1,Low Spenders,130,7,6609.96
CUST02875,4,Lost Customers,229,9,10428.36
CUST02876,1,Low Spenders,60,10,8267.23
CUST02877,0,Champions,3,18,25486.56
CUST02878,1,Low Spenders,5,8,11593.0
CUST02879,2,Potential Loyalists,27,14,14099.92
CUST02880,0,Champions,21,13,21648.63
CUST02881,2,Potential Loyalists,10,11,10040.31
CUST02882,3,Lost Customers,349,6,14227.67
CUST02883,2,Potential Loyalists,53,8,15057.45
CUST02884,2,Potential Loyalists,49,8,12933.27
CUST02885,4,Lost Customers,212,9,10471.71
CUST02886,2,Potential Loyalists,65,12,14889.61
CUST02887,0,Champions,29,16,32530.91
CUST02888,2,Potential Loyalists,74,11,12093.75
CUST02889,0,Champions,10,18,22396.67
CUST02890,1,Low Spenders,106,7,7903.25
CUST02891,1,Low Spenders,92,8,9079.01
CUST02892,2,Potential Loyalists,78,12,13264.67
CUST02893,1,Low Spenders,54,6,2427.84
CUST02894,0,Champions,116,14,18718.63
CUST02895,1,Low Spenders,79,6,9713.89
CUST02896,0,Champions,55,12,19417.48
CUST02897,1,Low Spenders,62,10,9099.32
CUST02898,2,Potential Loyalists,31,10,10957.27
CUST02899,4,Lost Customers,144,9,11002.08
CUST02900,0,Champions,4,16,21947.02
CUST02901,0,Champions,59,14,19424.74
CUST02902,2,Potential Loyalists,48,12,16059.3
CUST02903,2,Potential Loyalists,79,10,12328.38
CUST02904,1,Low Spenders,13,9,8737.59
CUST02905,3,Lost Customers,291,5,5999.04
CUST02906,2,Potential Loyalists,27,11,15722.99
CUST02907,2,Potential Loyalists,22,12,7107.36
CUST02908,2,Potential Loyalists,68,9,13019.46
CUST02909,2,Potential Loyalists,14,9,15416.32
CUST02910,1,Low Spenders,45,7,10972.67
CUST02911,2,Potential Loyalists,6,10,15077.53
CUST02912,1,Low Spenders,65,7,6084.01
CUST02913,0,Champions,37,15,18970.04
CUST02914,1,Low Spenders,67,8,9970.95
CUST02915,4,Lost Customers,195,13,15792.7
CUST02916,4,Lost Customers,210,7,6966.13
CUST02917,1,Low Spenders,11,9,8439.68
CUST02918,2,Potential Loyalists,96,10,15164.55
CUST02919,2,Potential Loyalists,62,9,11264.4
CUST02920,2,Potential Loyalists,40,10,18086.93
CUST02921,4,Lost Customers,223,9,14047.77
CUST02922,4,Lost Customers,299,9,13294.7
CUST02923,0,Champions,71,14,23582.08
CUST02924,2,Potential Loyalists,68,11,17739.8
CUST02925,1,Low Spenders,29,7,9158.33
CUST02926,2,Potential Loyalists,20,13,15325.49
CUST02927,2,Potential Loyalists,26,12,12745.27
CUST02928,0,Champions,8,17,21312.77
CUST02929,1,Low Spenders,49,5,8700.16
CUST02930,0,Champions,27,19,29790.71
CUST02931,1,Low Spenders,14,10,8413.1
CUST02932,1,Low Spenders,34,7,5507.53
CUST02933,0,Champions,63,14,17099.74
CUST02934,2,Potential Loyalists,90,11,12263.64
CUST02935,2,Potential Loyalists,39,9,13160.62
CUST02936,3,Lost Customers,211,3,5019.37
CUST02937,2,Potential Loyalists,100,11,13349.7
CUST02938,2,Potential Loyalists,26,12,18117.16
CUST02939,1,Low Spenders,34,8,10460.91
CUST02940,1,Low Spenders,36,8,9810.9
CUST02941,0,Champions,10,15,20128.69
CUST02942,4,Lost Customers,121,10,18321.44
CUST02943,2,Potential Loyalists,78,10,12591.87
CUST02944,1,Low Spenders,139,8,8392.74
CUST02945,2,Potential Loyalists,16,12,14939.54
CUST02946,2,Potential Loyalists,104,11,11820.26
CUST02947,3,Lost Customers,412,2,1808.16
CUST02948,3,Lost Customers,238,6,3080.5
CUST02949,2,Potential Loyalists,4,11,14253.56
CUST02950,0,Champions,84,14,18855.85
CUST02951,0,Champions,119,12,18947.5
CUST02952,4,Lost Customers,135,12,15980.8
CUST02953,1,Low Spenders,103,8,8348.6
CUST02954,2,Potential Loyalists,71,9,14447.82
CUST02955,0,Champions,105,14,24953.19
CUST02956,0,Champions,17,15,23195.48
CUST02957,2,Potential Loyalists,53,11,11693.29
CUST02958,2,Potential Loyalists,42,10,13456.67
CUST02959,1,Low Spenders,55,8,7254.18
CUST02960,0,Champions,68,12,20379.04
CUST02961,0,Champions,24,12,24945.65
CUST02962,1,Low Spenders,10,9,9165.28
CUST02963,0,Champions,68,15,26971.46
CUST02964,1,Low Spenders,11,9,8481.45
CUST02965,4,Lost Customers,156,8,14479.22
CUST02966,1,Low Spenders,47,7,6693.98
CUST02967,0,Champions,6,13,20917.29
CUST02968,2,Potential Loyalists,44,13,17191.54
CUST02969,2,Potential Loyalists,94,8,17442.3
CUST02970,2,Potential Loyalists,63,9,12190.21
CUST02971,2,Potential Loyalists,15,10,17092.19
CUST02972,0,Champions,22,13,22274.9
CUST02973,1,Low Spenders,34,8,7084.06
CUST02974,4,Lost Customers,175,9,9474.66
CUST02975,3,Lost Customers,598,2,893.87
CUST02976,1,Low Spenders,56,6,10738.44
CUST02977,4,Lost Customers,223,10,14258.17
CUST02978,0,Champions,11,15,23538.87
CUST02979,2,Potential Loyalists,23,12,12391.37
CUST02980,3,Lost Customers,226,4,5086.89
CUST02981,1,Low Spenders,10,8,10168.5
CUST02982,0,Champions,14,13,25953.59
CUST02983,2,Potential Loyalists,19,10,19473.82
CUST02984,0,Champions,0,15,23630.38
CUST02985,1,Low Spenders,156,8,7069.94
CUST02986,0,Champions,22,13,22482.07
CUST02987,1,Low Spenders,98,7,8752.97
CUST02988,1,Low Spenders,87,7,10683.89
CUST02989,0,Champions,17,13,18113.75
CUST02990,2,Potential Loyalists,16,12,13336.47
CUST02991,0,Champions,9,13,21531.73
CUST02992,2,Potential Loyalists,5,10,16517.38
CUST02993,0,Champions,7,14,23759.93
CUST02994,2,Potential Loyalists,52,9,12498.05
CUST02995,2,Potential Loyalists,22,12,18501.37
CUST02996,0,Champions,62,11,20943.78
CUST02997,0,Champions,0,13,20219.78
CUST02998,1,Low Spenders,135,8,10661.73
CUST02999,1,Low Spenders,79,6,4264.25
CUST03000,2,Potential Loyalists,38,10,19342.91
CUST03001,1,Low Spenders,33,6,4387.24
CUST03002,3,Lost Customers,224,5,10436.57
CUST03003,3,Lost Customers,250,4,4927.04
CUST03004,2,Potential Loyalists,27,9,11735.43
CUST03005,2,Potential Loyalists,18,9,13296.99
CUST03006,1,Low Spenders,5,7,6226.43
CUST03007,0,Champions,17,14,18982.79
CUST03008,3,Lost Customers,266,7,7176.9
CUST03009,4,Lost Customers,140,10,17296.46
CUST03010,1,Low Spenders,64,4,6415.28
CUST03011,2,Potential Loyalists,124,12,16280.18
CUST03012,4,Lost Customers,365,11,15918.96
CUST03013,2,Potential Loyalists,17,13,12491.72
CUST03014,1,Low Spenders,113,6,10165.92
CUST03015,2,Potential Loyalists,60,10,12574.97
CUST03016,2,Potential Loyalists,107,11,9674.23
CUST03017,2,Potential Loyalists,14,8,17057.85
CUST03018,0,Champions,27,18,21201.66
CUST03019,1,Low Spenders,13,6,11035.03
CUST03020,2,Potential Loyalists,6,10,14961.6
CUST03021,4,Lost Customers,172,12,13293.33
CUST03022,1,Low Spenders,31,8,5112.08
CUST03023,2,Potential Loyalists,42,11,9358.63
CUST03024,0,Champions,95,12,18903.46
CUST03025,1,Low Spenders,9,9,7819.24
CUST03026,2,Potential Loyalists,13,9,10576.19
CUST03027,3,Lost Customers,259,7,10129.03
CUST03028,2,Potential Loyalists,78,14,15201.05
CUST03029,0,Champions,13,17,26386.13
CUST03030,2,Potential Loyalists,26,11,17377.83
CUST03031,4,Lost Customers,162,9,8110.07
CUST03032,2,Potential Loyalists,75,10,11405.76
CUST03033,1,Low Spenders,165,5,10391.7
CUST03034,1,Low Spenders,108,5,8582.6
CUST03035,1,Low Spenders,107,7,12300.74
CUST03036,2,Potential Loyalists,112,12,11079.99
CUST03037,4,Lost Customers,207,8,7274.18
CUST03038,4,Lost Customers,135,8,13692.16
CUST03039,0,Champions,87,16,13819.79
CUST03040,0,Champions,41,19,18938.79
CUST03041,1,Low Spenders,120,5,5089.84
CUST03042,2,Potential Loyalists,40,9,13162.34
CUST03043,1,Low Spenders,159,4,8700.8
CUST03044,0,Champions,54,15,20198.42
CUST03045,2,Potential Loyalists,45,11,12684.6
CUST03046,0,Champions,75,13,21613.88
CUST03047,2,Potential Loyalists,36,11,18334.5
CUST03048,2,Potential Loyalists,50,11,10916.01
CUST03049,1,Low Spenders,161,4,3804.87
CUST03050,2,Potential Loyalists,84,9,14628.73
CUST03051,4,Lost Customers,238,9,10626.3
CUST03052,1,Low Spenders,102,8,11576.79
CUST03053,2,Potential Loyalists,42,8,15006.43
CUST03054,1,Low Spenders,58,9,6541.73
CUST03055,0,Champions,34,15,24532.04
CUST03056,1,Low Spenders,189,6,9223.48
CUST03057,0,Champions,39,15,26071.38
CUST03058,2,Potential Loyalists,9,14,14508.2
CUST03059,1,Low Spenders,35,7,7602.94
CUST03060,0,Champions,97,17,21402.77
CUST03061,2,Potential Loyalists,88,8,14709.14
CUST03062,1,Low Spenders,27,6,10145.31
CUST03063,2,Potential Loyalists,65,12,9529.42
CUST03064,2,Potential Loyalists,87,10,13336.4
CUST03065,1,Low Spenders,26,8,11049.27
CUST03066,1,Low Spenders,118,9,6526.48
CUST03067,4,Lost Customers,302,9,11761.92
CUST03068,1,Low Spenders,133,5,5220.83
CUST03069,3,Lost Customers,540,6,13326.97
CUST03070,2,Potential Loyalists,95,9,11817.85
CUST03071,4,Lost Customers,168,11,19306.27
CUST03072,2,Potential Loyalists,109,9,16155.24
CUST03073,4,Lost Customers,144,7,14891.3
CUST03074,0,Champions,129,14,22035.82
CUST03075,1,Low Spenders,128,9,8089.27
CUST03076,4,Lost Customers,288,10,17598.97
CUST03077,2,Potential Loyalists,99,13,13243.28
CUST03078,2,Potential Loyalists,25,9,11255.38
CUST03079,0,Champions,172,15,26867.64
CUST03080,2,Potential Loyalists,62,13,12107.72
CUST03081,1,Low Spenders,17,7,7888.17
CUST03082,2,Potential Loyalists,56,10,13461.93
CUST03083,2,Potential Loyalists,62,10,10811.28
CUST03084,1,Low Spenders,68,7,11459.24
CUST03085,3,Lost Customers,206,6,6214.61
CUST03086,4,Lost Customers,146,8,14545.73
CUST03087,0,Champions,109,14,23504.63
CUST03088,1,Low Spenders,60,7,8724.08
CUST03089,2,Potential Loyalists,0,11,13133.15
CUST03090,0,Champions,30,14,23265.64
CUST03091,2,Potential Loyalists,87,11,15732.7
CUST03092,1,Low Spenders,23,8,7676.92
CUST03093,2,Potential Loyalists,59,11,17011.02
CUST03094,4,Lost Customers,132,10,12869.24
CUST03095,2,Potential Loyalists,16,13,14147.78
CUST03096,4,Lost Customers,156,10,16381.34
CUST03097,1,Low Spenders,11,8,6293.76
CUST03098,1,Low Spenders,23,9,10391.97
CUST03099,1,Low Spenders,54,5,10173.27
CUST03100,1,Low Spenders,113,8,9567.49
CUST03101,2,Potential Loyalists,32,13,16693.65
CUST03102,1,Low Spenders,16,7,9748.3
CUST03103,3,Lost Customers,356,10,14267.46
CUST03104,1,Low Spenders,3,7,5317.93
CUST03105,2,Potential Loyalists,6,10,10025.03
CUST03106,2,Potential Loyalists,127,12,14868.59
CUST03107,4,Lost Customers,235,9,13663.1
CUST03108,0,Champions,28,15,16886.57
CUST03109,1,Low Spenders,111,7,3731.76
CUST03110,1,Low Spenders,132,9,4678.97
CUST03111,1,Low Spenders,74,5,10546.29
CUST03112,0,Champions,33,17,23984.84
CUST03113,4,Lost Customers,122,10,11373.98
CUST03114,0,Champions,2,14,20030.06
CUST03115,2,Potential Loyalists,68,10,13148.87
CUST03116,0,Champions,81,17,24498.89
CUST03117,2,Potential Loyalists,54,11,19696.3
CUST03118,0,Champions,100,15,21396.87
CUST03119,1,Low Spenders,160,4,6353.41
CUST03120,1,Low Spenders,28,9,9102.56
CUST03121,4,Lost Customers,179,9,15174.21
CUST03122,0,Champions,1,14,18272.09
CUST03123,2,Potential Loyalists,18,12,15283.62
CUST03124,1,Low Spenders,5,7,6821.55
CUST03125,2,Potential Loyalists,109,13,13123.81
CUST03126,4,Lost Customers,144,10,13694.44
CUST03127,1,Low Spenders,78,7,5625.86
CUST03128,1,Low Spenders,72,7,12685.22
CUST03129,4,Lost Customers,164,13,15016.88
CUST03130,4,Lost Customers,154,12,15527.33
CUST03131,4,Lost Customers,182,7,9169.11
CUST03132,2,Potential Loyalists,55,10,12103.54
CUST03133,0,Champions,202,12,26105.2
CUST03134,0,Champions,116,16,20083.17
CUST03135,1,Low Spenders,142,6,10540.9
CUST03136,0,Champions,49,14,23224.83
CUST03137,2,Potential Loyalists,31,12,17585.39
CUST03138,2,Potential Loyalists,71,11,12349.8
CUST03139,2,Potential Loyalists,95,11,12075.57
CUST03140,2,Potential Loyalists,50,8,21691.59
CUST03141,2,Potential Loyalists,72,14,14227.06
CUST03142,1,Low Spenders,31,9,10095.75
CUST03143,1,Low Spenders,50,9,10498.83
CUST03144,1,Low Spenders,66,10,8625.64
CUST03145,4,Lost Customers,242,8,9850.78
CUST03146,4,Lost Customers,128,9,14699.32
CUST03147,0,Champions,44,11,20640.17
CUST03148,2,Potential Loyalists,31,13,12355.94
CUST03149,0,Champions,16,12,20438.67
CUST03150,2,Potential Loyalists,21,14,15986.0
CUST03151,1,Low Spenders,22,4,10668.77
CUST03152,3,Lost Customers,514,6,7347.36
CUST03153,0,Champions,11,23,33106.41
CUST03154,1,Low Spenders,178,8,6425.68
CUST03155,0,Champions,37,17,31159.25
CUST03156,2,Potential Loyalists,91,10,13951.45
CUST03157,3,Lost Customers,251,7,8521.23
CUST03158,2,Potential Loyalists,46,13,17226.14
CUST03159,2,Potential Loyalists,23,10,9034.85
CUST03160,4,Lost Customers,141,9,9588.14
CUST03161,1,Low Spenders,7,7,13276.81
CUST03162,1,Low Spenders,156,4,5660.8
CUST03163,2,Potential Loyalists,27,9,15374.67
CUST03164,1,Low Spenders,80,9,9030.07
CUST03165,0,Champions,56,16,13554.78
CUST03166,3,Lost Customers,375,10,13098.14
CUST03167,2,Potential Loyalists,39,12,14442.67
CUST03168,2,Potential Loyalists,103,11,14061.76
CUST03169,1,Low Spenders,47,7,10785.36
CUST03170,2,Potential Loyalists,98,8,13962.07
CUST03171,2,Potential Loyalists,13,13,14546.66
CUST03172,2,Potential Loyalists,8,9,13502.04
CUST03173,2,Potential Loyalists,24,14,14657.18
CUST03174,1,Low Spenders,101,7,6463.63
CUST03175,0,Champions,116,11,30828.34
CUST03176,1,Low Spenders,16,6,9681.7
CUST03177,3,Lost Customers,313,7,7947.01
CUST03178,2,Potential Loyalists,50,10,14678.7
CUST03179,4,Lost Customers,132,12,16474.89
CUST03180,2,Potential Loyalists,87,13,16906.93
CUST03181,2,Potential Loyalists,39,12,18609.62
CUST03182,0,Champions,61,13,17748.17
CUST03183,3,Lost Customers,412,8,7842.69
CUST03184,4,Lost Customers,193,9,17133.17
CUST03185,1,Low Spenders,121,6,7259.27
CUST03186,2,Potential Loyalists,18,13,17237.3
CUST03187,1,Low Spenders,43,7,12759.68
CUST03188,2,Potential Loyalists,73,12,15092.19
CUST03189,2,Potential Loyalists,17,13,13110.28
CUST03190,2,Potential Loyalists,16,12,14421.87
CUST03191,1,Low Spenders,137,9,8361.27
CUST03192,1,Low Spenders,71,8,10036.93
CUST03193,4,Lost Customers,214,8,9882.17
CUST03194,2,Potential Loyalists,22,11,18659.1
CUST03195,2,Potential Loyalists,19,9,17416.71
CUST03196,1,Low Spenders,37,5,6620.37
CUST03197,2,Potential Loyalists,90,9,14341.18
CUST03198,0,Champions,31,13,19846.23
CUST03199,0,Champions,1,18,29594.1
CUST03200,1,Low Spenders,75,8,12850.66
CUST03201,0,Champions,68,16,25598.25
CUST03202,2,Potential Loyalists,45,10,15378.94
CUST03203,0,Champions,111,13,24198.71
CUST03204,2,Potential Loyalists,40,11,19975.27
CUST03205,0,Champions,75,14,20831.8
CUST03206,2,Potential Loyalists,105,13,15614.6
CUST03207,2,Potential Loyalists,18,11,13124.68
CUST03208,3,Lost Customers,304,5,7849.05
CUST03209,1,Low Spenders,86,7,13497.66
CUST03210,1,Low Spenders,103,8,5113.02
CUST03211,4,Lost Customers,225,9,14097.31
CUST03212,2,Potential Loyalists,84,9,14161.67
CUST03213,3,Lost Customers,211,5,6176.42
CUST03214,2,Potential Loyalists,115,11,18328.25
CUST03215,2,Potential Loyalists,14,12,18695.61
CUST03216,2,Potential Loyalists,32,11,11849.09
CUST03217,3,Lost Customers,334,7,7806.08
CUST03218,4,Lost Customers,203,9,19850.32
CUST03219,4,Lost Customers,286,12,17912.49
CUST03220,2,Potential Loyalists,106,12,11104.76
CUST03221,4,Lost Customers,143,6,18754.57
CUST03222,1,Low Spenders,34,8,11333.3
CUST03223,0,Champions,27,13,18118.9
CUST03224,1,Low Spenders,14,8,11873.47
CUST03225,2,Potential Loyalists,13,9,10794.29
CUST03226,0,Champions,121,14,18499.25
CUST03227,0,Champions,23,14,16169.23
CUST03228,1,Low Spenders,3,8,7195.38
CUST03229,0,Champions,190,14,19471.24
CUST03230,1,Low Spenders,109,6,13799.79
CUST03231,2,Potential Loyalists,6,9,11088.11
CUST03232,2,Potential Loyalists,103,10,12507.3
CUST03233,2,Potential Loyalists,53,10,11458.2
CUST03234,0,Champions,27,13,21183.96
CUST03235,1,Low Spenders,24,8,10427.84
CUST03236,2,Potential Loyalists,47,9,12522.59
CUST03237,0,Champions,6,21,28949.51
CUST03238,4,Lost Customers,275,9,13360.55
CUST03239,1,Low Spenders,77,8,11200.82
CUST03240,1,Low Spenders,33,6,6505.28
CUST03241,2,Potential Loyalists,53,9,13891.21
CUST03242,1,Low Spenders,2,7,8841.27
CUST03243,4,Lost Customers,202,8,9697.27
CUST03244,1,Low Spenders,33,7,10719.01
CUST03245,4,Lost Customers,197,8,11829.18
CUST03246,2,Potential Loyalists,78,11,9532.4
CUST03247,0,Champions,101,18,19612.27
CUST03248,3,Lost Customers,244,6,7531.61
CUST03249,2,Potential Loyalists,114,12,16307.3
CUST03250,2,Potential Loyalists,82,9,21491.41
CUST03251,2,Potential Loyalists,7,9,15779.13
CUST03252,2,Potential Loyalists,76,12,15250.49
CUST03253,1,Low Spenders,103,3,2595.61
CUST03254,2,Potential Loyalists,118,10,17829.16
CUST03255,2,Potential Loyalists,4,12,17012.07
CUST03256,2,Potential Loyalists,43,9,16647.48
CUST03257,0,Champions,152,14,16431.76
CUST03258,1,Low Spenders,84,6,2629.16
CUST03259,2,Potential Loyalists,118,12,13088.68
CUST03260,4,Lost Customers,212,12,18703.91
CUST03261,0,Champions,32,16,13387.82
CUST03262,4,Lost Customers,177,10,18839.51
CUST03263,2,Potential Loyalists,113,12,13424.3
CUST03264,1,Low Spenders,80,7,8856.55
CUST03265,1,Low Spenders,89,7,5268.79
CUST03266,3,Lost Customers,255,6,6560.72
CUST03267,1,Low Spenders,105,9,10586.9
CUST03268,3,Lost Customers,299,8,12443.26
CUST03269,1,Low Spenders,105,8,11080.72
CUST03270,0,Champions,106,14,19683.39
CUST03271,1,Low Spenders,14,8,10613.43
CUST03272,1,Low Spenders,185,3,6515.06
CUST03273,2,Potential Loyalists,106,10,18772.32
CUST03274,1,Low Spenders,22,9,8976.17
CUST03275,4,Lost Customers,177,8,12047.02
CUST03276,2,Potential Loyalists,39,9,11119.52
CUST03277,2,Potential Loyalists,3,10,13123.81
CUST03278,3,Lost Customers,625,3,5776.49
CUST03279,2,Potential Loyalists,61,11,10809.06
CUST03280,1,Low Spenders,1,5,2191.86
CUST03281,1,Low Spenders,20,7,11157.66
CUST03282,1,Low Spenders,28,5,5213.86
CUST03283,2,Potential Loyalists,32,13,14264.22
CUST03284,0,Champions,27,13,21971.52
CUST03285,1,Low Spenders,123,8,7113.52
CUST03286,0,Champions,61,16,20545.83
CUST03287,1,Low Spenders,12,8,7819.27
CUST03288,1,Low Spenders,27,6,3822.18
CUST03289,2,Potential Loyalists,68,11,20145.86
CUST03290,4,Lost Customers,131,11,16788.31
CUST03291,4,Lost Customers,119,10,13944.44
CUST03292,4,Lost Customers,126,9,13920.34
CUST03293,2,Potential Loyalists,59,10,13118.22
CUST03294,0,Champions,51,13,22481.24
CUST03295,2,Potential Loyalists,81,10,13312.84
CUST03296,1,Low Spenders,11,5,4508.49
CUST03297,2,Potential Loyalists,99,14,13894.45
CUST03298,2,Potential Loyalists,2,7,17028.85
CUST03299,2,Potential Loyalists,22,12,18114.46
CUST03300,2,Potential Loyalists,2,14,12274.36
CUST03301,1,Low Spenders,7,6,11923.52
CUST03302,1,Low Spenders,159,6,6514.77
CUST03303,2,Potential Loyalists,47,9,11984.45
CUST03304,4,Lost Customers,266,10,13753.26
CUST03305,2,Potential Loyalists,7,11,17130.62
CUST03306,1,Low Spenders,41,6,13014.85
CUST03307,1,Low Spenders,37,7,9454.81
CUST03308,0,Champions,17,13,23152.24
CUST03309,2,Potential Loyalists,30,11,14586.79
CUST03310,4,Lost Customers,280,10,13519.84
CUST03311,1,Low Spenders,3,6,11803.3
CUST03312,0,Champions,96,17,26867.95
CUST03313,2,Potential Loyalists,75,13,15711.51
CUST03314,4,Lost Customers,231,7,9503.16
CUST03315,3,Lost Customers,493,10,12562.52
CUST03316,4,Lost Customers,133,12,14868.02
CUST03317,2,Potential Loyalists,0,7,16183.93
CUST03318,4,Lost Customers,160,13,18081.71
CUST03319,1,Low Spenders,170,3,4838.27
CUST03320,2,Potential Loyalists,22,12,15834.56
CUST03321,2,Potential Loyalists,28,10,21017.79
CUST03322,2,Potential Loyalists,76,10,17310.45
CUST03323,1,Low Spenders,91,7,8297.47
CUST03324,1,Low Spenders,6,9,7683.77
CUST03325,1,Low Spenders,158,6,6723.18
CUST03326,4,Lost Customers,210,8,7317.73
CUST03327,2,Potential Loyalists,59,10,11430.91
CUST03328,2,Potential Loyalists,36,11,12847.86
CUST03329,2,Potential Loyalists,36,12,17278.53
CUST03330,0,Champions,51,15,23703.91
CUST03331,1,Low Spenders,110,6,9856.76
CUST03332,2,Potential Loyalists,55,11,13716.32
CUST03333,3,Lost Customers,399,6,9503.37
CUST03334,1,Low Spenders,40,7,9612.1
CUST03335,2,Potential Loyalists,1,13,10543.91
CUST03336,3,Lost Customers,372,7,11622.0
CUST03337,0,Champions,65,14,16027.16
CUST03338,1,Low Spenders,139,6,5227.55
CUST03339,2,Potential Loyalists,36,12,15343.17
CUST03340,0,Champions,44,14,15975.06
CUST03341,0,Champions,35,14,17817.78
CUST03342,1,Low Spenders,83,8,12867.78
CUST03343,2,Potential Loyalists,33,11,15069.1
CUST03344,1,Low Spenders,101,7,12251.96
CUST03345,2,Potential Loyalists,50,9,13380.31
CUST03346,1,Low Spenders,48,8,7293.58
CUST03347,2,Potential Loyalists,84,10,12960.21
CUST03348,4,Lost Customers,224,8,10797.57
CUST03349,2,Potential Loyalists,78,9,13895.5
CUST03350,2,Potential Loyalists,39,12,14813.46
CUST03351,2,Potential Loyalists,86,11,16886.96
CUST03352,0,Champions,128,13,19630.83
CUST03353,0,Champions,142,12,23799.04
CUST03354,0,Champions,52,13,25729.11
CUST03355,1,Low Spenders,57,8,12682.04
CUST03356,1,Low Spenders,19,4,6731.31
CUST03357,3,Lost Customers,417,6,6523.53
CUST03358,2,Potential Loyalists,68,10,11348.99
CUST03359,1,Low Spenders,170,7,9392.18
CUST03360,0,Champions,10,14,19584.11
CUST03361,1,Low Spenders,84,5,4980.46
CUST03362,4,Lost Customers,175,7,10477.69
CUST03363,4,Lost Customers,259,8,15455.55
CUST03364,1,Low Spenders,70,9,8250.14
CUST03365,2,Potential Loyalists,17,13,15613.19
CUST03366,2,Potential Loyalists,88,11,17559.73
CUST03367,0,Champions,45,15,28894.76
CUST03368,1,Low Spenders,19,5,6754.03
CUST03369,2,Potential Loyalists,38,14,13355.64
CUST03370,1,Low Spenders,109,6,9496.9
CUST03371,3,Lost Customers,263,7,9877.21
CUST03372,2,Potential Loyalists,36,10,11103.69
CUST03373,2,Potential Loyalists,113,10,15436.1
CUST03374,0,Champions,63,17,17797.71
CUST03375,2,Potential Loyalists,1,13,15845.62
CUST03376,2,Potential Loyalists,33,12,17276.71
CUST03377,2,Potential Loyalists,1,12,10114.48
CUST03378,1,Low Spenders,48,8,9708.14
CUST03379,2,Potential Loyalists,22,12,17922.69
CUST03380,1,Low Spenders,8,8,12098.24
CUST03381,2,Potential Loyalists,46,9,13436.48
CUST03382,4,Lost Customers,180,10,13654.5
CUST03383,2,Potential Loyalists,19,9,14615.46
CUST03384,2,Potential Loyalists,49,10,10143.58
CUST03385,2,Potential Loyalists,37,9,19001.15
CUST03386,2,Potential Loyalists,23,10,16500.74
CUST03387,1,Low Spenders,13,7,8118.06
CUST03388,1,Low Spenders,41,8,11123.99
CUST03389,0,Champions,53,13,17545.82
CUST03390,2,Potential Loyalists,50,11,10513.37
CUST03391,4,Lost Customers,189,12,14735.09
CUST03392,4,Lost Customers,147,9,9838.48
CUST03393,3,Lost Customers,455,11,16967.93
CUST03394,2,Potential Loyalists,7,12,12484.01
CUST03395,2,Potential Loyalists,14,10,15942.87
CUST03396,2,Potential Loyalists,97,10,12528.58
CUST03397,0,Champions,1,16,20310.94
CUST03398,1,Low Spenders,37,8,9929.67
CUST03399,1,Low Spenders,91,7,14438.72
CUST03400,2,Potential Loyalists,83,11,13359.61
CUST03401,0,Champions,23,12,22466.77
CUST03402,2,Potential Loyalists,34,11,16287.9
CUST03403,3,Lost Customers,498,6,11311.01
CUST03404,2,Potential Loyalists,39,9,13367.81
CUST03405,2,Potential Loyalists,79,10,17014.62
CUST03406,0,Champions,26,16,18855.55
CUST03407,2,Potential Loyalists,52,9,13342.29
CUST03408,2,Potential Loyalists,59,11,15007.11
CUST03409,2,Potential Loyalists,105,9,14354.33
CUST03410,2,Potential Loyalists,13,10,9163.67
CUST03411,1,Low Spenders,37,9,8745.87
CUST03412,3,Lost Customers,331,7,10641.3
CUST03413,2,Potential Loyalists,35,9,12417.12
CUST03414,2,Potential Loyalists,58,11,11755.34
CUST03415,3,Lost Customers,206,6,3798.87
CUST03416,1,Low Spenders,150,6,8061.32
CUST03417,4,Lost Customers,167,10,19288.83
CUST03418,0,Champions,1,16,21854.39
CUST03419,2,Potential Loyalists,56,10,9947.34
CUST03420,1,Low Spenders,131,9,8601.17
CUST03421,2,Potential Loyalists,12,9,12117.24
CUST03422,2,Potential Loyalists,19,10,12654.48
CUST03423,0,Champions,101,14,19785.49
CUST03424,2,Potential Loyalists,85,10,10885.9
CUST03425,1,Low Spenders,68,7,9113.26
CUST03426,2,Potential Loyalists,6,10,22089.31
CUST03427,4,Lost Customers,162,13,17298.75
CUST03428,1,Low Spenders,71,6,8599.11
CUST03429,2,Potential Loyalists,7,8,13037.57
CUST03430,2,Potential Loyalists,91,9,13383.62
CUST03431,0,Champions,50,14,21998.6
CUST03432,4,Lost Customers,169,8,12069.42
CUST03433,2,Potential Loyalists,13,9,18911.06
CUST03434,1,Low Spenders,57,6,10824.61
CUST03435,4,Lost Customers,137,10,15310.99
CUST03436,4,Lost Customers,269,13,23984.95
CUST03437,3,Lost Customers,289,9,9406.16
CUST03438,0,Champions,119,17,21428.34
CUST03439,0,Champions,27,14,19578.21
CUST03440,4,Lost Customers,145,9,13219.58
CUST03441,0,Champions,121,12,19641.22
CUST03442,2,Potential Loyalists,1,9,12439.03
CUST03443,2,Potential Loyalists,110,10,11349.76
CUST03444,3,Lost Customers,201,3,5941.35
CUST03445,0,Champions,29,15,21219.2
CUST03446,2,Potential Loyalists,87,12,9758.31
CUST03447,2,Potential Loyalists,17,12,13851.1
CUST03448,3,Lost Customers,518,3,1974.79
CUST03449,4,Lost Customers,178,8,11819.74
CUST03450,1,Low Spenders,44,8,12568.3
CUST03451,4,Lost Customers,195,8,12843.01
CUST03452,2,Potential Loyalists,114,10,13976.18
CUST03453,2,Potential Loyalists,7,10,12038.97
CUST03454,1,Low Spenders,40,10,6556.86
CUST03455,2,Potential Loyalists,5,11,13078.92
CUST03456,3,Lost Customers,272,8,9560.8
CUST03457,2,Potential Loyalists,32,12,16367.64
CUST03458,1,Low Spenders,136,8,9077.6
CUST03459,4,Lost Customers,231,7,11108.75
CUST03460,0,Champions,70,12,22462.43
CUST03461,0,Champions,20,16,21926.31
CUST03462,0,Champions,6,13,18359.68
CUST03463,2,Potential Loyalists,84,10,13521.96
CUST03464,1,Low Spenders,154,6,6764.99
CUST03465,1,Low Spenders,42,5,10577.91
CUST03466,4,Lost Customers,278,9,10689.65
CUST03467,0,Champions,61,12,21192.46
CUST03468,1,Low Spenders,63,7,13163.12
CUST03469,1,Low Spenders,34,5,10521.27
CUST03470,2,Potential Loyalists,8,9,13559.43
CUST03471,0,Champions,10,17,27772.71
CUST03472,1,Low Spenders,2,8,9713.76
CUST03473,4,Lost Customers,165,11,16175.07
CUST03474,1,Low Spenders,57,7,6421.02
CUST03475,1,Low Spenders,124,7,10121.4
CUST03476,0,Champions,7,19,21777.45
CUST03477,0,Champions,28,15,28795.56
CUST03478,0,Champions,80,15,20423.05
CUST03479,4,Lost Customers,142,11,18061.67
CUST03480,2,Potential Loyalists,30,11,15296.81
CUST03481,4,Lost Customers,158,10,13261.38
CUST03482,0,Champions,7,15,17818.19
CUST03483,1,Low Spenders,18,9,10251.74
CUST03484,2,Potential Loyalists,36,10,9287.87
CUST03485,1,Low Spenders,191,6,7349.02
CUST03486,0,Champions,14,12,22463.77
CUST03487,2,Potential Loyalists,8,10,11816.73
CUST03488,2,Potential Loyalists,76,10,14333.51
CUST03489,0,Champions,28,18,24451.14
CUST03490,0,Champions,9,15,30607.52
CUST03491,1,Low Spenders,166,9,5665.71
CUST03492,0,Champions,134,15,15085.55
CUST03493,0,Champions,58,12,23208.84
CUST03494,2,Potential Loyalists,9,12,13756.56
CUST03495,1,Low Spenders,105,8,9111.85
CUST03496,1,Low Spenders,22,7,12876.24
CUST03497,1,Low Spenders,61,7,8945.99
CUST03498,2,Potential Loyalists,4,11,10379.87
CUST03499,2,Potential Loyalists,114,11,13143.06
CUST03500,1,Low Spenders,119,7,8862.72
CUST03501,2,Potential Loyalists,22,12,12032.43
CUST03502,0,Champions,4,13,23468.4
CUST03503,4,Lost Customers,223,10,8899.25
CUST03504,1,Low Spenders,44,8,7874.01
CUST03505,2,Potential Loyalists,88,10,20005.89
CUST03506,0,Champions,45,13,18129.49
CUST03507,0,Champions,10,15,25245.12
CUST03508,2,Potential Loyalists,17,11,13796.61
CUST03509,1,Low Spenders,31,3,4499.57
CUST03510,0,Champions,121,11,20754.14
CUST03511,2,Potential Loyalists,40,12,18101.47
CUST03512,4,Lost Customers,211,11,15073.15
CUST03513,2,Potential Loyalists,18,11,16678.55
CUST03514,3,Lost Customers,290,8,6337.05
CUST03515,0,Champions,96,14,17541.23
CUST03516,2,Potential Loyalists,7,10,14252.43
CUST03517,3,Lost Customers,481,6,7264.37
CUST03518,1,Low Spenders,75,7,11034.43
CUST03519,1,Low Spenders,118,7,6386.54
CUST03520,0,Champions,51,14,17944.5
CUST03521,4,Lost Customers,209,7,7770.16
CUST03522,2,Potential Loyalists,39,9,12684.75
CUST03523,1,Low Spenders,28,9,7508.31
CUST03524,3,Lost Customers,341,8,6669.59
CUST03525,3,Lost Customers,315,7,7099.03
CUST03526,2,Potential Loyalists,13,9,14406.5
CUST03527,3,Lost Customers,375,4,7055.08
CUST03528,2,Potential Loyalists,79,10,13019.74
CUST03529,1,Low Spenders,38,5,11484.34
CUST03530,0,Champions,19,13,18923.36
CUST03531,4,Lost Customers,158,9,13466.61
CUST03532,2,Potential Loyalists,22,10,14529.17
CUST03533,4,Lost Customers,139,9,11577.71
CUST03534,1,Low Spenders,18,8,9679.02
CUST03535,2,Potential Loyalists,23,10,13021.27
CUST03536,1,Low Spenders,57,7,9395.55
CUST03537,1,Low Spenders,111,5,5729.82
CUST03538,2,Potential Loyalists,33,9,15866.45
CUST03539,1,Low Spenders,5,9,9061.37
CUST03540,2,Potential Loyalists,67,12,16004.45
CUST03541,1,Low Spenders,103,7,5679.86
CUST03542,0,Champions,155,14,19537.81
CUST03543,2,Potential Loyalists,19,11,17809.89
CUST03544,4,Lost Customers,168,11,13102.9
CUST03545,0,Champions,71,12,22287.88
CUST03546,1,Low Spenders,11,7,6340.35
CUST03547,0,Champions,30,13,25180.09
CUST03548,1,Low Spenders,77,7,6551.82
CUST03549,0,Champions,221,16,25403.86
CUST03550,4,Lost Customers,236,14,15081.82
CUST03551,0,Champions,37,22,35527.03
CUST03552,2,Potential Loyalists,53,10,16274.54
CUST03553,4,Lost Customers,130,9,15683.88
CUST03554,1,Low Spenders,127,3,1352.86
CUST03555,0,Champions,148,14,19680.5
CUST03556,2,Potential Loyalists,59,13,16837.62
CUST03557,2,Potential Loyalists,35,11,15317.59
CUST03558,2,Potential Loyalists,29,12,17888.71
CUST03559,2,Potential Loyalists,7,11,19166.72
CUST03560,4,Lost Customers,147,10,9693.14
CUST03561,1,Low Spenders,16,8,5160.14
CUST03562,2,Potential Loyalists,20,10,13828.13
CUST03563,2,Potential Loyalists,78,10,10454.44
CUST03564,1,Low Spenders,144,6,9953.68
CUST03565,2,Potential Loyalists,11,11,14512.9
CUST03566,1,Low Spenders,41,4,5050.74
CUST03567,0,Champions,24,13,17916.53
CUST03568,1,Low Spenders,120,8,11178.93
CUST03569,4,Lost Customers,124,9,10659.9
CUST03570,2,Potential Loyalists,88,8,14832.13
CUST03571,1,Low Spenders,16,8,10854.06
CUST03572,1,Low Spenders,129,8,9183.83
CUST03573,2,Potential Loyalists,25,11,16208.58
CUST03574,4,Lost Customers,178,11,8528.03
CUST03575,2,Potential Loyalists,48,13,16505.7
CUST03576,1,Low Spenders,12,7,8496.73
CUST03577,2,Potential Loyalists,49,12,12321.34
CUST03578,0,Champions,160,12,20156.96
CUST03579,0,Champions,2,13,28417.24
CUST03580,2,Potential Loyalists,39,10,11463.04
CUST03581,4,Lost Customers,196,10,11642.62
CUST03582,1,Low Spenders,61,7,12063.59
CUST03583,1,Low Spenders,61,7,9967.68
CUST03584,1,Low Spenders,69,7,7844.33
CUST03585,2,Potential Loyalists,27,12,14866.36
CUST03586,0,Champions,6,16,24964.78
CUST03587,4,Lost Customers,135,12,13764.11
CUST03588,2,Potential Loyalists,0,11,14244.68
CUST03589,1,Low Spenders,15,4,7854.43
CUST03590,4,Lost Customers,183,7,9927.05
CUST03591,1,Low Spenders,133,7,10145.61
CUST03592,1,Low Spenders,97,7,5623.79
CUST03593,2,Potential Loyalists,36,14,14063.07
CUST03594,2,Potential Loyalists,3,11,15099.66
CUST03595,3,Lost Customers,353,4,3197.99
CUST03596,4,Lost Customers,216,12,11325.99
CUST03597,4,Lost Customers,225,12,22899.36
CUST03598,2,Potential Loyalists,99,13,13923.05
CUST03599,1,Low Spenders,94,8,11838.47
CUST03600,2,Potential Loyalists,32,11,10959.07
CUST03601,4,Lost Customers,234,7,16297.99
CUST03602,2,Potential Loyalists,114,11,10717.11
CUST03603,3,Lost Customers,250,6,9122.65
CUST03604,4,Lost Customers,168,10,20629.13
CUST03605,2,Potential Loyalists,20,12,17337.43
CUST03606,0,Champions,63,18,42239.44
CUST03607,3,Lost Customers,442,5,2932.28
CUST03608,1,Low Spenders,6,3,10388.26
CUST03609,4,Lost Customers,194,8,13875.61
CUST03610,1,Low Spenders,101,8,11918.11
CUST03611,1,Low Spenders,38,9,7604.53
CUST03612,4,Lost Customers,175,8,8438.28
CUST03613,0,Champions,8,12,20763.4
CUST03614,2,Potential Loyalists,93,11,12047.07
CUST03615,4,Lost Customers,120,9,14106.62
CUST03616,0,Champions,45,13,18242.2
CUST03617,1,Low Spenders,63,8,10024.89
CUST03618,2,Potential Loyalists,15,10,13119.03
CUST03619,2,Potential Loyalists,24,12,12610.37
CUST03620,1,Low Spenders,54,6,7578.36
CUST03621,2,Potential Loyalists,52,13,16656.66
CUST03622,2,Potential Loyalists,27,12,15467.56
CUST03623,0,Champions,56,14,16968.14
CUST03624,4,Lost Customers,219,10,12745.91
CUST03625,2,Potential Loyalists,63,11,15785.36
CUST03626,0,Champions,62,18,29964.33
CUST03627,2,Potential Loyalists,13,12,15510.76
CUST03628,1,Low Spenders,52,6,7835.94
CUST03629,2,Potential Loyalists,16,9,11890.62
CUST03630,0,Champions,106,15,26136.49
CUST03631,2,Potential Loyalists,93,9,12955.21
CUST03632,1,Low Spenders,50,6,6972.27
CUST03633,4,Lost Customers,181,11,8526.47
CUST03634,2,Potential Loyalists,101,13,15984.75
CUST03635,2,Potential Loyalists,42,12,16183.0
CUST03636,1,Low Spenders,15,9,6778.57
CUST03637,0,Champions,44,12,22011.5
CUST03638,1,Low Spenders,45,8,5324.13
CUST03639,3,Lost Customers,592,8,14295.03
CUST03640,0,Champions,75,17,17391.43
CUST03641,2,Potential Loyalists,102,10,14131.3
CUST03642,2,Potential Loyalists,17,13,15619.67
CUST03643,2,Potential Loyalists,62,13,12178.34
CUST03644,1,Low Spenders,124,6,11782.1
CUST03645,4,Lost Customers,137,12,9571.91
CUST03646,4,Lost Customers,164,8,16078.98
CUST03647,4,Lost Customers,157,9,13348.28
CUST03648,1,Low Spenders,106,4,4907.96
CUST03649,1,Low Spenders,87,10,8687.01
CUST03650,0,Champions,50,13,20965.48
CUST03651,0,Champions,3,13,21382.47
CUST03652,1,Low Spenders,16,8,9118.3
CUST03653,2,Potential Loyalists,59,9,17856.67
CUST03654,2,Potential Loyalists,8,9,19095.7
CUST03655,0,Champions,111,17,19595.9
CUST03656,1,Low Spenders,2,5,8697.58
CUST03657,2,Potential Loyalists,11,9,12324.02
CUST03658,0,Champions,51,14,21581.89
CUST03659,2,Potential Loyalists,49,8,14627.96
CUST03660,4,Lost Customers,332,9,18420.99
CUST03661,1,Low Spenders,41,8,11203.88
CUST03662,1,Low Spenders,53,7,7208.9
CUST03663,4,Lost Customers,198,9,9976.18
CUST03664,1,Low Spenders,86,4,6982.38
CUST03665,4,Lost Customers,143,13,14231.97
CUST03666,0,Champions,25,16,16361.58
CUST03667,1,Low Spenders,124,7,6462.36
CUST03668,4,Lost Customers,172,11,14904.37
CUST03669,0,Champions,9,13,23591.59
CUST03670,1,Low Spenders,27,5,4852.39
CUST03671,2,Potential Loyalists,113,13,14981.28
CUST03672,2,Potential Loyalists,95,11,12027.57
CUST03673,1,Low Spenders,14,8,7408.19
CUST03674,3,Lost Customers,300,6,8265.8
CUST03675,1,Low Spenders,88,7,8368.26
CUST03676,3,Lost Customers,643,5,8760.14
CUST03677,4,Lost Customers,130,9,15025.05
CUST03678,4,Lost Customers,185,9,8242.72
CUST03679,1,Low Spenders,52,6,9371.69
CUST03680,1,Low Spenders,59,6,7610.22
CUST03681,2,Potential Loyalists,13,8,12444.6
CUST03682,2,Potential Loyalists,37,10,20928.49
CUST03683,0,Champions,116,16,24135.13
CUST03684,2,Potential Loyalists,50,11,10196.12
CUST03685,2,Potential Loyalists,44,10,15755.17
CUST03686,4,Lost Customers,322,12,24689.44
CUST03687,1,Low Spenders,45,8,11529.57
CUST03688,1,Low Spenders,25,6,10693.56
CUST03689,1,Low Spenders,27,8,9501.33
CUST03690,2,Potential Loyalists,36,9,11939.65
CUST03691,0,Champions,34,12,23918.65
CUST03692,2,Potential Loyalists,15,13,12509.12
CUST03693,0,Champions,4,12,19364.32
CUST03694,4,Lost Customers,257,12,18336.34
CUST03695,2,Potential Loyalists,70,10,11285.02
CUST03696,2,Potential Loyalists,81,9,16249.47
CUST03697,1,Low Spenders,19,7,12327.79
CUST03698,2,Potential Loyalists,97,9,13091.75
CUST03699,0,Champions,8,19,17715.17
CUST03700,1,Low Spenders,90,9,11394.05
CUST03701,0,Champions,98,11,21202.0
CUST03702,2,Potential Loyalists,63,10,12789.37
CUST03703,1,Low Spenders,139,8,6205.89
CUST03704,2,Potential Loyalists,21,15,13664.47
CUST03705,2,Potential Loyalists,17,10,13903.66
CUST03706,0,Champions,18,14,19558.42
CUST03707,0,Champions,62,18,26561.16
CUST03708,0,Champions,7,14,17990.3
CUST03709,1,Low Spenders,32,7,5693.24
CUST03710,4,Lost Customers,174,12,19126.24
CUST03711,3,Lost Customers,356,10,13900.13
CUST03712,4,Lost Customers,249,8,9514.03
CUST03713,2,Potential Loyalists,67,12,10490.17
CUST03714,1,Low Spenders,32,5,7956.32
CUST03715,3,Lost Customers,406,12,14687.14
CUST03716,0,Champions,7,15,16592.05
CUST03717,2,Potential Loyalists,22,8,13907.1
CUST03718,0,Champions,9,17,29494.6
CUST03719,2,Potential Loyalists,76,11,13158.67
CUST03720,0,Champions,33,19,29560.99
CUST03721,4,Lost Customers,161,8,10119.38
CUST03722,0,Champions,50,17,25724.1
CUST03723,3,Lost Customers,544,5,2633.83
CUST03724,0,Champions,13,17,21718.45
CUST03725,2,Potential Loyalists,16,11,9463.27
CUST03726,4,Lost Customers,286,11,11006.14
CUST03727,0,Champions,60,15,19445.72
CUST03728,0,Champions,72,14,22220.28
CUST03729,1,Low Spenders,127,5,8857.76
CUST03730,1,Low Spenders,122,5,7645.59
CUST03731,2,Potential Loyalists,16,10,15084.19
CUST03732,2,Potential Loyalists,87,11,8924.19
CUST03733,1,Low Spenders,66,8,12021.99
CUST03734,2,Potential Loyalists,3,11,6877.91
CUST03735,1,Low Spenders,24,9,7262.52
CUST03736,2,Potential Loyalists,5,14,11841.9
CUST03737,4,Lost Customers,198,9,16587.52
CUST03738,0,Champions,27,17,23920.48
CUST03739,1,Low Spenders,25,6,7816.22
CUST03740,3,Lost Customers,255,5,4540.04
CUST03741,0,Champions,81,13,22638.15
CUST03742,0,Champions,36,15,19735.97
CUST03743,3,Lost Customers,234,6,6273.68
CUST03744,1,Low Spenders,32,10,6797.12
CUST03745,2,Potential Loyalists,19,10,14687.86
CUST03746,2,Potential Loyalists,38,10,13086.27
CUST03747,1,Low Spenders,11,3,4248.38
CUST03748,2,Potential Loyalists,83,11,15420.38
CUST03749,1,Low Spenders,81,7,10955.79
CUST03750,2,Potential Loyalists,84,11,18814.15
CUST03751,4,Lost Customers,293,11,13144.67
CUST03752,1,Low Spenders,76,9,7555.97
CUST03753,0,Champions,175,15,18063.83
CUST03754,1,Low Spenders,68,7,9132.29
CUST03755,1,Low Spenders,92,9,11534.74
CUST03756,2,Potential Loyalists,97,9,12779.21
CUST03757,2,Potential Loyalists,84,10,17418.46
CUST03758,2,Potential Loyalists,18,8,14850.78
CUST03759,1,Low Spenders,87,9,11035.23
CUST03760,1,Low Spenders,15,7,9557.03
CUST03761,3,Lost Customers,304,4,1027.83
CUST03762,2,Potential Loyalists,74,10,12379.53
CUST03763,1,Low Spenders,65,8,11422.32
CUST03764,4,Lost Customers,210,8,13120.1
CUST03765,1,Low Spenders,53,8,10677.64
CUST03766,4,Lost Customers,119,9,15100.71
CUST03767,2,Potential Loyalists,36,9,13462.2
CUST03768,2,Potential Loyalists,15,10,13701.89
CUST03769,1,Low Spenders,60,6,5703.82
CUST03770,1,Low Spenders,17,7,4877.47
CUST03771,0,Champions,237,15,21351.64
CUST03772,2,Potential Loyalists,60,8,13774.76
CUST03773,1,Low Spenders,0,7,9676.41
CUST03774,2,Potential Loyalists,26,8,14966.55
CUST03775,1,Low Spenders,154,5,4000.06
CUST03776,2,Potential Loyalists,40,10,17965.51
CUST03777,0,Champions,23,15,28065.13
CUST03778,2,Potential Loyalists,90,8,17030.98
CUST03779,0,Champions,33,13,21757.88
CUST03780,0,Champions,31,13,21809.62
CUST03781,1,Low Spenders,45,8,10683.57
CUST03782,1,Low Spenders,112,7,8209.52
CUST03783,1,Low Spenders,128,8,6819.62
CUST03784,4,Lost Customers,165,9,9868.02
CUST03785,2,Potential Loyalists,25,13,17350.71
CUST03786,0,Champions,16,15,21493.11
CUST03787,4,Lost Customers,334,11,16253.43
CUST03788,1,Low Spenders,56,4,2727.06
CUST03789,2,Potential Loyalists,15,13,14692.95
CUST03790,2,Potential Loyalists,25,10,17649.82
CUST03791,2,Potential Loyalists,66,10,12402.13
CUST03792,4,Lost Customers,157,8,13143.17
CUST03793,1,Low Spenders,46,8,6349.39
CUST03794,2,Potential Loyalists,80,15,8300.89
CUST03795,0,Champions,4,12,20036.84
CUST03796,4,Lost Customers,349,13,16786.11
CUST03797,2,Potential Loyalists,79,11,16885.21
CUST03798,2,Potential Loyalists,51,12,18171.33
CUST03799,1,Low Spenders,83,8,7781.05
CUST03800,4,Lost Customers,260,9,13568.81
CUST03801,2,Potential Loyalists,49,10,9096.49
CUST03802,1,Low Spenders,105,6,9916.31
CUST03803,3,Lost Customers,538,4,3712.66
CUST03804,2,Potential Loyalists,85,14,11822.78
CUST03805,1,Low Spenders,62,7,4074.2
CUST03806,1,Low Spenders,174,8,7647.91
CUST03807,0,Champions,139,13,17570.49
CUST03808,0,Champions,66,12,20547.75
CUST03809,1,Low Spenders,64,10,8230.59
CUST03810,2,Potential Loyalists,11,12,15600.83
CUST03811,1,Low Spenders,18,7,8542.46
CUST03812,2,Potential Loyalists,28,9,19742.16
CUST03813,2,Potential Loyalists,1,16,10407.27
CUST03814,1,Low Spenders,43,5,5417.71
CUST03815,0,Champions,38,14,27006.93
CUST03816,2,Potential Loyalists,68,11,11119.03
CUST03817,1,Low Spenders,11,7,11339.53
CUST03818,4,Lost Customers,131,11,11547.95
CUST03819,3,Lost Customers,345,7,8850.61
CUST03820,4,Lost Customers,198,10,15488.03
CUST03821,2,Potential Loyalists,82,11,16277.72
CUST03822,4,Lost Customers,157,12,19037.06
CUST03823,2,Potential Loyalists,26,11,19708.08
CUST03824,1,Low Spenders,181,7,7775.26
CUST03825,4,Lost Customers,210,11,15320.08
CUST03826,2,Potential Loyalists,17,11,11679.08
CUST03827,2,Potential Loyalists,27,9,13374.08
CUST03828,2,Potential Loyalists,8,11,7837.57
CUST03829,0,Champions,40,14,19492.23
CUST03830,2,Potential Loyalists,46,10,12356.76
CUST03831,2,Potential Loyalists,48,9,15266.84
CUST03832,0,Champions,68,16,15889.66
CUST03833,4,Lost Customers,206,8,5680.1
CUST03834,0,Champions,12,13,18436.68
CUST03835,0,Champions,16,13,17804.35
CUST03836,0,Champions,129,13,18391.15
CUST03837,4,Lost Customers,135,7,14820.45
CUST03838,1,Low Spenders,42,6,6444.64
CUST03839,1,Low Spenders,21,6,8349.38
CUST03840,1,Low Spenders,111,8,10798.48
CUST03841,1,Low Spenders,88,9,10646.68
CUST03842,2,Potential Loyalists,33,10,13644.74
CUST03843,2,Potential Loyalists,101,11,15796.59
CUST03844,1,Low Spenders,52,9,8505.69
CUST03845,1,Low Spenders,130,9,7510.04
CUST03846,0,Champions,47,15,17757.88
CUST03847,0,Champions,8,14,20915.37
CUST03848,2,Potential Loyalists,111,10,13471.27
CUST03849,2,Potential Loyalists,23,10,19034.24
CUST03850,4,Lost Customers,157,10,10978.68
CUST03851,1,Low Spenders,14,8,8934.52
CUST03852,0,Champions,124,13,20581.19
CUST03853,0,Champions,48,13,25888.2
CUST03854,2,Potential Loyalists,63,8,17854.56
CUST03855,0,Champions,108,15,25951.49
CUST03856,1,Low Spenders,162,5,7685.81
CUST03857,4,Lost Customers,186,14,16676.68
CUST03858,0,Champions,12,13,26926.0
CUST03859,1,Low Spenders,31,7,14247.43
CUST03860,0,Champions,15,16,20653.66
CUST03861,2,Potential Loyalists,7,12,13650.31
CUST03862,2,Potential Loyalists,10,10,15654.69
CUST03863,1,Low Spenders,39,5,7523.81
CUST03864,1,Low Spenders,122,9,8323.03
CUST03865,3,Lost Customers,612,10,16360.59
CUST03866,4,Lost Customers,141,8,14036.07
CUST03867,3,Lost Customers,344,7,10720.16
CUST03868,0,Champions,3,13,24139.04
CUST03869,0,Champions,106,13,20487.2
CUST03870,2,Potential Loyalists,27,14,13192.58
CUST03871,1,Low Spenders,2,8,7455.89
CUST03872,1,Low Spenders,69,5,4186.3
CUST03873,1,Low Spenders,25,6,6323.57
CUST03874,1,Low Spenders,38,7,9690.04
CUST03875,2,Potential Loyalists,49,11,18530.9
CUST03876,0,Champions,80,15,23055.54
CUST03877,1,Low Spenders,78,7,10942.53
CUST03878,2,Potential Loyalists,15,11,9944.64
CUST03879,2,Potential Loyalists,30,11,18304.37
CUST03880,1,Low Spenders,22,6,12276.82
CUST03881,0,Champions,33,15,15271.01
CUST03882,4,Lost Customers,187,11,13358.63
CUST03883,0,Champions,121,14,24029.65
CUST03884,1,Low Spenders,92,8,7679.6
CUST03885,3,Lost Customers,338,5,9511.87
CUST03886,2,Potential Loyalists,35,13,15829.52
CUST03887,1,Low Spenders,63,7,5181.85
CUST03888,1,Low Spenders,23,7,11763.15
CUST03889,2,Potential Loyalists,60,11,12909.17
CUST03890,4,Lost Customers,110,8,14963.34
CUST03891,2,Potential Loyalists,27,9,16393.04
CUST03892,1,Low Spenders,16,5,8208.47
CUST03893,3,Lost Customers,293,5,8895.27
CUST03894,0,Champions,9,14,25451.48
CUST03895,3,Lost Customers,403,7,8505.85
CUST03896,3,Lost Customers,425,4,4240.08
CUST03897,2,Potential Loyalists,11,10,14525.08
CUST03898,0,Champions,128,13,19486.77
CUST03899,2,Potential Loyalists,21,10,12198.37
CUST03900,2,Potential Loyalists,58,10,15015.03
CUST03901,3,Lost Customers,301,7,13384.98
CUST03902,4,Lost Customers,160,9,9609.42
CUST03903,2,Potential Loyalists,23,9,14919.07
CUST03904,4,Lost Customers,159,8,10663.98
CUST03905,2,Potential Loyalists,81,11,16048.29
CUST03906,4,Lost Customers,291,11,19680.73
CUST03907,2,Potential Loyalists,27,11,9304.98
CUST03908,1,Low Spenders,49,7,6398.08
CUST03909,2,Potential Loyalists,19,9,13693.6
CUST03910,4,Lost Customers,265,8,13530.46
CUST03911,2,Potential Loyalists,82,11,11694.92
CUST03912,2,Potential Loyalists,115,12,13917.15
CUST03913,4,Lost Customers,219,8,15402.74
CUST03914,2,Potential Loyalists,12,11,16936.42
CUST03915,0,Champions,160,11,24944.13
CUST03916,3,Lost Customers,456,3,3299.75
CUST03917,1,Low Spenders,14,8,6184.08
CUST03918,0,Champions,79,12,19477.13
CUST03919,2,Potential Loyalists,57,10,9738.56
CUST03920,2,Potential Loyalists,41,10,11908.94
CUST03921,1,Low Spenders,10,8,11262.8
CUST03922,4,Lost Customers,162,9,8737.64
CUST03923,1,Low Spenders,36,7,13398.31
CUST03924,2,Potential Loyalists,5,12,14252.72
CUST03925,4,Lost Customers,176,9,15016.86
CUST03926,2,Potential Loyalists,72,11,20177.22
CUST03927,0,Champions,4,16,24481.68
CUST03928,1,Low Spenders,136,7,7414.29
CUST03929,2,Potential Loyalists,9,10,17608.54
CUST03930,0,Champions,24,15,21960.88
CUST03931,2,Potential Loyalists,17,9,15177.39
CUST03932,2,Potential Loyalists,8,12,13908.83
CUST03933,2,Potential Loyalists,17,12,18742.37
CUST03934,2,Potential Loyalists,32,13,13638.98
CUST03935,2,Potential Loyalists,14,12,11842.12
CUST03936,0,Champions,29,13,21965.11
CUST03937,1,Low Spenders,34,8,11588.02
CUST03938,3,Lost Customers,268,5,10688.86
CUST03939,0,Champions,87,15,23358.72
CUST03940,1,Low Spenders,60,8,10843.43
CUST03941,0,Champions,7,14,19749.63
CUST03942,0,Champions,73,15,22035.57
CUST03943,2,Potential Loyalists,42,12,10633.54
CUST03944,0,Champions,111,14,22639.88
CUST03945,0,Champions,6,13,18087.75
CUST03946,1,Low Spenders,59,9,8329.94
CUST03947,2,Potential Loyalists,13,11,13335.4
CUST03948,2,Potential Loyalists,70,9,15767.03
CUST03949,2,Potential Loyalists,21,12,14460.77
CUST03950,2,Potential Loyalists,73,13,12447.88
CUST03951,4,Lost Customers,143,10,15526.4
CUST03952,2,Potential Loyalists,6,9,12014.83
CUST03953,0,Champions,54,15,25908.99
CUST03954,2,Potential Loyalists,40,10,16174.75
CUST03955,1,Low Spenders,96,10,8276.93
CUST03956,0,Champions,44,10,22926.53
CUST03957,1,Low Spenders,28,8,9222.12
CUST03958,2,Potential Loyalists,61,11,12748.64
CUST03959,1,Low Spenders,107,4,8605.87
CUST03960,0,Champions,50,15,29293.48
CUST03961,2,Potential Loyalists,23,15,12862.75
CUST03962,1,Low Spenders,189,6,9312.09
CUST03963,3,Lost Customers,237,8,6054.26
CUST03964,1,Low Spenders,103,8,8878.98
CUST03965,1,Low Spenders,63,6,7661.22
CUST03966,1,Low Spenders,33,6,10601.53
CUST03967,2,Potential Loyalists,20,12,15569.73
CUST03968,0,Champions,90,12,20047.88
CUST03969,0,Champions,203,13,23845.66
CUST03970,0,Champions,44,11,22953.18
CUST03971,1,Low Spenders,49,5,8038.19
CUST03972,4,Lost Customers,148,10,14011.16
CUST03973,2,Potential Loyalists,23,9,12630.02
CUST03974,1,Low Spenders,31,9,10580.05
CUST03975,4,Lost Customers,235,10,10524.99
CUST03976,0,Champions,208,13,21027.1
CUST03977,2,Potential Loyalists,8,12,18681.44
CUST03978,2,Potential Loyalists,60,12,14924.55
CUST03979,3,Lost Customers,274,7,6172.69
CUST03980,1,Low Spenders,64,6,8029.42
CUST03981,1,Low Spenders,13,9,8809.68
CUST03982,1,Low Spenders,19,10,7357.69
CUST03983,0,Champions,35,14,21210.55
CUST03984,1,Low Spenders,27,7,8110.28
CUST03985,2,Potential Loyalists,9,10,10584.83
CUST03986,2,Potential Loyalists,54,10,13491.15
CUST03987,3,Lost Customers,589,9,16654.75
CUST03988,2,Potential Loyalists,65,10,16015.24
CUST03989,3,Lost Customers,595,6,12627.8
CUST03990,4,Lost Customers,178,8,8647.47
CUST03991,2,Potential Loyalists,14,13,16513.0
CUST03992,3,Lost Customers,238,3,1773.34
CUST03993,1,Low Spenders,118,8,6541.22
CUST03994,2,Potential Loyalists,41,10,13135.78
CUST03995,2,Potential Loyalists,59,10,14594.21
CUST03996,1,Low Spenders,58,6,12486.18
CUST03997,2,Potential Loyalists,25,11,14622.59
CUST03998,2,Potential Loyalists,28,12,13362.44
CUST03999,0,Champions,61,15,17835.51
CUST04000,2,Potential Loyalists,33,11,9513.56
CUST04001,4,Lost Customers,160,13,17479.8
CUST04002,2,Potential Loyalists,35,8,13001.96
CUST04003,0,Champions,78,15,17262.78
CUST04004,3,Lost Customers,226,2,5867.13
CUST04005,2,Potential Loyalists,62,11,14392.08
CUST04006,2,Potential Loyalists,24,9,18283.09
CUST04007,1,Low Spenders,51,9,8365.34
CUST04008,2,Potential Loyalists,117,12,14682.42
CUST04009,0,Champions,28,14,19492.09
CUST04010,2,Potential Loyalists,0,15,12194.16
CUST04011,2,Potential Loyalists,40,11,10529.47
CUST04012,3,Lost Customers,218,5,4482.85
CUST04013,3,Lost Customers,263,7,6161.17
CUST04014,1,Low Spenders,12,8,12136.56
CUST04015,2,Potential Loyalists,4,11,13221.44
CUST04016,0,Champions,58,14,17796.03
CUST04017,0,Champions,62,16,19283.1
CUST04018,2,Potential Loyalists,6,10,11849.03
CUST04019,0,Champions,18,13,21023.43
CUST04020,0,Champions,169,16,26616.15
CUST04021,0,Champions,92,19,19314.37
CUST04022,4,Lost Customers,157,10,14088.72
CUST04023,2,Potential Loyalists,69,9,13526.52
CUST04024,0,Champions,148,15,22820.03
CUST04025,1,Low Spenders,27,7,3427.93
CUST04026,2,Potential Loyalists,137,14,13935.14
CUST04027,2,Potential Loyalists,16,11,13913.75
CUST04028,0,Champions,96,15,19153.74
CUST04029,2,Potential Loyalists,61,12,8692.44
CUST04030,1,Low Spenders,31,2,1892.51
CUST04031,3,Lost Customers,368,10,8952.12
CUST04032,0,Champions,4,14,16910.79
CUST04033,4,Lost Customers,145,13,14871.58
CUST04034,2,Potential Loyalists,39,11,20160.96
CUST04035,2,Potential Loyalists,3,12,13871.38
CUST04036,4,Lost Customers,276,11,12948.24
CUST04037,4,Lost Customers,127,9,18935.74
CUST04038,1,Low Spenders,3,10,7758.42
CUST04039,0,Champions,83,16,26003.92
CUST04040,2,Potential Loyalists,110,10,17192.79
CUST04041,1,Low Spenders,59,9,9873.83
CUST04042,2,Potential Loyalists,40,11,9248.76
CUST04043,0,Champions,4,13,20416.32
CUST04044,4,Lost Customers,370,11,15598.09
CUST04045,2,Potential Loyalists,94,11,18882.91
CUST04046,1,Low Spenders,59,5,5152.57
CUST04047,0,Champions,164,14,21653.7
CUST04048,3,Lost Customers,347,9,10666.0
CUST04049,3,Lost Customers,252,6,7850.15
CUST04050,1,Low Spenders,153,7,7857.37
CUST04051,1,Low Spenders,109,6,9047.32
CUST04052,1,Low Spenders,164,5,6783.27
CUST04053,2,Potential Loyalists,78,9,12096.79
CUST04054,0,Champions,53,14,21810.76
CUST04055,0,Champions,24,18,23936.9
CUST04056,2,Potential Loyalists,90,10,15706.89
CUST04057,2,Potential Loyalists,26,7,15213.95
CUST04058,0,Champions,14,17,22312.92
CUST04059,0,Champions,72,18,32041.22
CUST04060,0,Champions,92,14,22180.85
CUST04061,1,Low Spenders,127,9,6999.08
CUST04062,4,Lost Customers,211,9,13527.26
CUST04063,2,Potential Loyalists,62,12,13107.84
CUST04064,3,Lost Customers,277,8,10696.97
CUST04065,1,Low Spenders,49,8,11609.57
CUST04066,0,Champions,49,12,21938.86
CUST04067,1,Low Spenders,10,7,7142.11
CUST04068,1,Low Spenders,44,8,10205.77
CUST04069,2,Potential Loyalists,35,13,15392.26
CUST04070,2,Potential Loyalists,48,10,14851.38
CUST04071,4,Lost Customers,161,8,9246.91
CUST04072,2,Potential Loyalists,37,11,18515.21
CUST04073,2,Potential Loyalists,92,11,10790.6
CUST04074,1,Low Spenders,15,7,11709.13
CUST04075,1,Low Spenders,0,7,9460.2
CUST04076,4,Lost Customers,184,11,14151.67
CUST04077,2,Potential Loyalists,7,11,14560.39
CUST04078,0,Champions,29,14,22064.73
CUST04079,1,Low Spenders,10,5,8916.13
CUST04080,4,Lost Customers,155,13,11664.66
CUST04081,4,Lost Customers,196,13,16041.04
CUST04082,2,Potential Loyalists,9,8,14634.56
CUST04083,2,Potential Loyalists,78,11,13055.13
CUST04084,3,Lost Customers,250,9,5865.47
CUST04085,1,Low Spenders,67,8,12031.27
CUST04086,2,Potential Loyalists,27,12,11880.74
CUST04087,2,Potential Loyalists,43,11,12137.25
CUST04088,3,Lost Customers,424,4,7935.91
CUST04089,2,Potential Loyalists,35,11,11177.27
CUST04090,3,Lost Customers,247,6,8112.73
CUST04091,2,Potential Loyalists,14,9,19915.08
CUST04092,0,Champions,55,14,15836.23
CUST04093,0,Champions,5,17,26058.71
CUST04094,2,Potential Loyalists,102,9,12040.01
CUST04095,2,Potential Loyalists,7,11,18040.38
CUST04096,1,Low Spenders,85,5,2576.65
CUST04097,3,Lost Customers,241,6,10606.43
CUST04098,0,Champions,2,12,19523.72
CUST04099,1,Low Spenders,63,7,7181.65
CUST04100,1,Low Spenders,72,7,13433.97
CUST04101,2,Potential Loyalists,54,13,16252.03
CUST04102,2,Potential Loyalists,68,11,13422.27
CUST04103,4,Lost Customers,140,9,12276.39
CUST04104,2,Potential Loyalists,71,12,18633.75
CUST04105,2,Potential Loyalists,91,10,13567.33
CUST04106,2,Potential Loyalists,55,10,16939.35
CUST04107,0,Champions,188,13,21063.47
CUST04108,2,Potential Loyalists,14,11,13253.14
CUST04109,1,Low Spenders,112,9,10139.42
CUST04110,1,Low Spenders,92,10,8845.67
CUST04111,4,Lost Customers,131,9,11242.93
CUST04112,2,Potential Loyalists,14,9,10973.27
CUST04113,4,Lost Customers,290,10,14129.8
CUST04114,0,Champions,49,16,22325.23
CUST04115,2,Potential Loyalists,107,11,17641.17
CUST04116,0,Champions,109,17,22760.51
CUST04117,1,Low Spenders,139,5,10066.12
CUST04118,4,Lost Customers,142,11,17684.01
CUST04119,4,Lost Customers,249,11,12477.52
CUST04120,4,Lost Customers,228,8,10881.08
CUST04121,3,Lost Customers,267,5,7240.16
CUST04122,2,Potential Loyalists,13,11,13125.9
CUST04123,2,Potential Loyalists,85,10,12608.54
CUST04124,2,Potential Loyalists,56,11,18922.73
CUST04125,2,Potential Loyalists,87,14,14425.61
CUST04126,4,Lost Customers,131,8,15876.96
CUST04127,2,Potential Loyalists,24,11,12563.28
CUST04128,1,Low Spenders,35,7,6664.5
CUST04129,2,Potential Loyalists,5,12,15391.0
CUST04130,1,Low Spenders,92,8,10328.95
CUST04131,2,Potential Loyalists,14,12,15111.16
CUST04132,0,Champions,7,15,21839.29
CUST04133,2,Potential Loyalists,10,10,11784.84
CUST04134,4,Lost Customers,144,10,11739.6
CUST04135,2,Potential Loyalists,35,9,16826.55
CUST04136,4,Lost Customers,140,12,11147.24
CUST04137,0,Champions,8,17,27506.44
CUST04138,0,Champions,12,17,22094.87
CUST04139,1,Low Spenders,45,3,6328.6
CUST04140,1,Low Spenders,53,8,9327.51
CUST04141,2,Potential Loyalists,17,10,12668.09
CUST04142,2,Potential Loyalists,26,12,18500.73
CUST04143,0,Champions,21,14,22191.26
CUST04144,4,Lost Customers,386,10,20298.24
CUST04145,2,Potential Loyalists,16,10,16273.32
CUST04146,2,Potential Loyalists,19,10,11462.51
CUST04147,4,Lost Customers,257,8,14036.1
CUST04148,1,Low Spenders,71,9,9875.31
CUST04149,1,Low Spenders,65,7,9932.04
CUST04150,1,Low Spenders,95,5,6970.6
CUST04151,4,Lost Customers,236,6,11732.95
CUST04152,2,Potential Loyalists,69,11,17200.72
CUST04153,2,Potential Loyalists,31,10,21059.31
CUST04154,1,Low Spenders,186,7,5496.7
CUST04155,4,Lost Customers,156,11,13043.19
CUST04156,2,Potential Loyalists,63,13,14339.63
CUST04157,0,Champions,1,12,20529.7
CUST04158,1,Low Spenders,94,6,6133.72
CUST04159,2,Potential Loyalists,47,11,17740.85
CUST04160,2,Potential Loyalists,71,12,15180.0
CUST04161,4,Lost Customers,208,13,15955.54
CUST04162,4,Lost Customers,139,10,14842.85
CUST04163,2,Potential Loyalists,11,10,8849.54
CUST04164,0,Champions,76,14,18605.02
CUST04165,2,Potential Loyalists,40,10,12535.97
CUST04166,2,Potential Loyalists,16,11,18468.5
CUST04167,1,Low Spenders,1,6,8871.1
CUST04168,0,Champions,34,20,27740.76
CUST04169,1,Low Spenders,119,9,10331.39
CUST04170,1,Low Spenders,45,7,10573.46
CUST04171,4,Lost Customers,191,7,8614.0
CUST04172,0,Champions,135,13,19130.65
CUST04173,3,Lost Customers,276,7,4884.53
CUST04174,2,Potential Loyalists,0,10,12961.59
CUST04175,2,Potential Loyalists,44,11,18091.49
CUST04176,2,Potential Loyalists,39,10,11564.37
CUST04177,3,Lost Customers,516,4,7700.24
CUST04178,2,Potential Loyalists,104,12,16092.17
CUST04179,2,Potential Loyalists,61,11,15831.05
CUST04180,2,Potential Loyalists,30,15,11553.22
CUST04181,3,Lost Customers,309,5,8243.39
CUST04182,1,Low Spenders,49,9,10613.87
CUST04183,0,Champions,22,13,17971.65
CUST04184,4,Lost Customers,165,13,18381.64
CUST04185,1,Low Spenders,111,5,5355.62
CUST04186,2,Potential Loyalists,67,9,14189.49
CUST04187,2,Potential Loyalists,31,11,9554.97
CUST04188,4,Lost Customers,240,10,6672.0
CUST04189,3,Lost Customers,273,6,7781.96
CUST04190,3,Lost Customers,284,5,3528.06
CUST04191,4,Lost Customers,141,11,19726.2
CUST04192,2,Potential Loyalists,3,10,8999.57
CUST04193,2,Potential Loyalists,104,10,11325.66
CUST04194,0,Champions,9,12,20723.99
CUST04195,1,Low Spenders,38,8,6655.15
CUST04196,1,Low Spenders,89,10,9465.83
CUST04197,4,Lost Customers,212,11,14902.61
CUST04198,0,Champions,60,17,21419.11
CUST04199,0,Champions,34,14,21067.01
CUST04200,0,Champions,38,16,20033.48
CUST04201,0,Champions,188,13,20046.31
CUST04202,1,Low Spenders,9,9,7604.09
CUST04203,4,Lost Customers,142,9,16128.15
CUST04204,1,Low Spenders,26,4,6431.92
CUST04205,0,Champions,59,13,18377.5
CUST04206,2,Potential Loyalists,68,14,10040.14
CUST04207,0,Champions,6,13,25302.44
CUST04208,1,Low Spenders,169,4,2250.57
CUST04209,3,Lost Customers,228,5,6071.52
CUST04210,1,Low Spenders,6,7,12002.05
CUST04211,1,Low Spenders,74,6,11285.91
CUST04212,2,Potential Loyalists,14,11,7127.57
CUST04213,2,Potential Loyalists,28,13,10049.47
CUST04214,0,Champions,40,13,19645.55
CUST04215,1,Low Spenders,69,8,11439.0
CUST04216,1,Low Spenders,111,10,9124.28
CUST04217,2,Potential Loyalists,3,9,11865.72
CUST04218,1,Low Spenders,26,6,14087.83
CUST04219,2,Potential Loyalists,70,11,18035.24
CUST04220,1,Low Spenders,123,10,8407.11
CUST04221,2,Potential Loyalists,89,12,14750.53
CUST04222,1,Low Spenders,33,6,12297.88
CUST04223,3,Lost Customers,356,7,9607.85
CUST04224,1,Low Spenders,84,5,9740.88
CUST04225,2,Potential Loyalists,0,10,11044.6
CUST04226,2,Potential Loyalists,115,11,9517.59
CUST04227,4,Lost Customers,174,12,14512.42
CUST04228,1,Low Spenders,139,8,8985.36
CUST04229,1,Low Spenders,126,8,6335.03
CUST04230,2,Potential Loyalists,1,13,13772.36
CUST04231,2,Potential Loyalists,73,9,14003.06
CUST04232,1,Low Spenders,80,8,13004.72
CUST04233,4,Lost Customers,196,11,13511.81
CUST04234,4,Lost Customers,247,8,9186.49
CUST04235,4,Lost Customers,180,9,11779.55
CUST04236,2,Potential Loyalists,43,12,11942.95
CUST04237,1,Low Spenders,77,7,12795.22
CUST04238,4,Lost Customers,246,8,11107.38
CUST04239,2,Potential Loyalists,32,7,15988.92
CUST04240,0,Champions,128,14,17040.52
CUST04241,2,Potential Loyalists,96,10,14257.67
CUST04242,0,Champions,35,15,20745.43
CUST04243,2,Potential Loyalists,17,12,13964.26
CUST04244,2,Potential Loyalists,51,10,12609.21
CUST04245,1,Low Spenders,47,7,4659.17
CUST04246,2,Potential Loyalists,72,10,14309.02
CUST04247,1,Low Spenders,88,4,3522.51
CUST04248,1,Low Spenders,90,9,8457.4
CUST04249,2,Potential Loyalists,21,8,14210.51
CUST04250,1,Low Spenders,10,6,11796.4
CUST04251,2,Potential Loyalists,13,8,18686.2
CUST04252,2,Potential Loyalists,15,10,11830.13
CUST04253,2,Potential Loyalists,46,10,15992.07
CUST04254,1,Low Spenders,143,3,5330.77
CUST04255,1,Low Spenders,23,8,11512.53
CUST04256,4,Lost Customers,166,7,16317.56
CUST04257,2,Potential Loyalists,50,9,12208.55
CUST04258,2,Potential Loyalists,51,8,17849.12
CUST04259,1,Low Spenders,147,5,9117.08
CUST04260,4,Lost Customers,223,8,10635.66
CUST04261,1,Low Spenders,5,7,11383.86
CUST04262,1,Low Spenders,133,9,9478.79
CUST04263,0,Champions,113,15,23727.73
CUST04264,2,Potential Loyalists,26,12,17874.79
CUST04265,4,Lost Customers,343,11,18546.16
CUST04266,0,Champions,159,19,28688.5
CUST04267,2,Potential Loyalists,45,12,13077.49
CUST04268,0,Champions,113,16,23054.51
CUST04269,0,Champions,91,12,22609.27
CUST04270,0,Champions,34,14,23592.09
CUST04271,2,Potential Loyalists,35,11,16265.07
CUST04272,1,Low Spenders,31,8,6865.58
CUST04273,4,Lost Customers,186,7,13183.12
CUST04274,2,Potential Loyalists,81,10,11911.05
CUST04275,4,Lost Customers,122,10,18368.32
CUST04276,0,Champions,61,14,26767.45
CUST04277,1,Low Spenders,119,9,10619.07
CUST04278,0,Champions,54,14,19497.99
CUST04279,4,Lost Customers,183,12,21209.02
CUST04280,0,Champions,82,12,21383.61
CUST04281,2,Potential Loyalists,19,11,17754.3
CUST04282,0,Champions,48,16,16023.23
CUST04283,4,Lost Customers,127,10,11993.62
CUST04284,0,Champions,53,11,25842.62
CUST04285,0,Champions,152,16,21208.0
CUST04286,1,Low Spenders,59,9,9843.81
CUST04287,1,Low Spenders,61,7,13160.36
CUST04288,4,Lost Customers,119,10,16067.23
CUST04289,1,Low Spenders,95,6,7765.52
CUST04290,1,Low Spenders,99,6,5947.87
CUST04291,1,Low Spenders,11,7,4650.01
CUST04292,2,Potential Loyalists,69,13,15287.19
CUST04293,0,Champions,179,15,18255.23
CUST04294,1,Low Spenders,58,7,8297.49
CUST04295,1,Low Spenders,68,6,3880.12
CUST04296,2,Potential Loyalists,80,8,14856.99
CUST04297,2,Potential Loyalists,26,11,10421.14
CUST04298,1,Low Spenders,35,8,7285.6
CUST04299,0,Champions,124,12,19902.11
CUST04300,0,Champions,56,13,19541.46
CUST04301,2,Potential Loyalists,6,11,8439.81
CUST04302,2,Potential Loyalists,85,14,15091.89
CUST04303,0,Champions,42,12,21615.22
CUST04304,0,Champions,19,16,28547.91
CUST04305,2,Potential Loyalists,1,12,15090.51
CUST04306,1,Low Spenders,147,6,9906.47
CUST04307,0,Champions,56,11,21307.2
CUST04308,1,Low Spenders,69,4,5910.17
CUST04309,4,Lost Customers,182,8,14323.99
CUST04310,2,Potential Loyalists,21,10,18119.87
CUST04311,1,Low Spenders,66,8,8009.94
CUST04312,2,Potential Loyalists,54,10,13951.89
CUST04313,4,Lost Customers,162,8,12421.23
CUST04314,2,Potential Loyalists,15,10,10544.26
CUST04315,2,Potential Loyalists,96,11,17674.2
CUST04316,3,Lost Customers,419,5,9354.25
CUST04317,2,Potential Loyalists,15,8,19354.96
CUST04318,4,Lost Customers,159,10,18332.48
CUST04319,2,Potential Loyalists,19,12,14225.31
CUST04320,1,Low Spenders,35,8,9344.29
CUST04321,1,Low Spenders,87,7,12306.89
CUST04322,2,Potential Loyalists,52,10,12749.33
CUST04323,2,Potential Loyalists,38,14,14846.11
CUST04324,1,Low Spenders,30,6,8290.95
CUST04325,0,Champions,78,14,17142.67
CUST04326,1,Low Spenders,54,9,5022.17
CUST04327,0,Champions,34,15,15884.17
CUST04328,1,Low Spenders,14,8,11880.91
CUST04329,2,Potential Loyalists,51,9,12615.4
CUST04330,4,Lost Customers,114,10,13517.57
CUST04331,1,Low Spenders,153,6,5911.38
CUST04332,2,Potential Loyalists,1,10,19687.66
CUST04333,3,Lost Customers,324,6,7661.35
CUST04334,0,Champions,136,15,20406.55
CUST04335,1,Low Spenders,52,9,5198.46
CUST04336,2,Potential Loyalists,33,13,14946.15
CUST04337,2,Potential Loyalists,1,12,16170.56
CUST04338,2,Potential Loyalists,6,10,13902.39
CUST04339,3,Lost Customers,350,9,13822.96
CUST04340,1,Low Spenders,27,7,11648.37
CUST04341,1,Low Spenders,146,6,11078.2
CUST04342,2,Potential Loyalists,107,11,12807.11
CUST04343,2,Potential Loyalists,30,11,15229.45
CUST04344,0,Champions,132,13,17087.24
CUST04345,2,Potential Loyalists,119,11,13857.1
CUST04346,4,Lost Customers,166,10,15203.0
CUST04347,3,Lost Customers,291,3,3187.08
CUST04348,4,Lost Customers,252,9,14700.25
CUST04349,2,Potential Loyalists,17,10,15508.99
CUST04350,0,Champions,104,13,19359.38
CUST04351,1,Low Spenders,188,7,6835.96
CUST04352,1,Low Spenders,6,6,4982.56
CUST04353,1,Low Spenders,123,8,10229.25
CUST04354,1,Low Spenders,74,6,9741.06
CUST04355,2,Potential Loyalists,60,11,17059.14
CUST04356,4,Lost Customers,288,9,14014.63
CUST04357,1,Low Spenders,94,7,15412.99
CUST04358,2,Potential Loyalists,71,11,11313.77
CUST04359,2,Potential Loyalists,27,9,11149.6
CUST04360,2,Potential Loyalists,8,12,16563.75
CUST04361,2,Potential Loyalists,36,10,16775.66
CUST04362,2,Potential Loyalists,78,12,9036.7
CUST04363,4,Lost Customers,172,9,16398.08
CUST04364,4,Lost Customers,185,9,9186.88
CUST04365,1,Low Spenders,42,9,9672.89
CUST04366,0,Champions,62,13,20862.55
CUST04367,2,Potential Loyalists,9,13,14804.2
CUST04368,0,Champions,54,13,40931.93
CUST04369,2,Potential Loyalists,18,13,16016.14
CUST04370,4,Lost Customers,173,11,13861.9
CUST04371,1,Low Spenders,53,8,6908.3
CUST04372,3,Lost Customers,412,4,3885.13
CUST04373,2,Potential Loyalists,45,8,13245.72
CUST04374,2,Potential Loyalists,11,10,10442.3
CUST04375,0,Champions,4,17,28254.42
CUST04376,3,Lost Customers,417,9,13939.68
CUST04377,2,Potential Loyalists,59,13,11679.19
CUST04378,2,Potential Loyalists,59,13,14941.36
CUST04379,4,Lost Customers,237,9,17338.32
CUST04380,2,Potential Loyalists,51,9,17191.07
CUST04381,3,Lost Customers,426,4,5556.76
CUST04382,0,Champions,32,18,27691.76
CUST04383,4,Lost Customers,192,11,13966.8
CUST04384,2,Potential Loyalists,113,11,16922.54
CUST04385,4,Lost Customers,186,12,11288.58
CUST04386,0,Champions,208,14,24581.9
CUST04387,4,Lost Customers,127,10,16200.86
CUST04388,2,Potential Loyalists,16,9,13610.74
CUST04389,0,Champions,23,13,17722.48
CUST04390,2,Potential Loyalists,79,8,17431.96
CUST04391,2,Potential Loyalists,13,12,17147.38
CUST04392,1,Low Spenders,90,9,9265.61
CUST04393,1,Low Spenders,85,10,9193.49
CUST04394,2,Potential Loyalists,27,9,16237.28
CUST04395,2,Potential Loyalists,117,11,16755.52
CUST04396,2,Potential Loyalists,7,11,8675.62
CUST04397,1,Low Spenders,125,8,6241.51
CUST04398,1,Low Spenders,47,6,8562.93
CUST04399,2,Potential Loyalists,13,10,9799.94
CUST04400,2,Potential Loyalists,56,13,14925.92
CUST04401,2,Potential Loyalists,13,11,8583.26
CUST04402,4,Lost Customers,204,7,9371.63
CUST04403,1,Low Spenders,62,8,6050.72
CUST04404,1,Low Spenders,26,7,12962.93
CUST04405,2,Potential Loyalists,85,10,12395.35
CUST04406,0,Champions,29,15,21147.62
CUST04407,4,Lost Customers,156,8,13434.02
CUST04408,2,Potential Loyalists,41,14,14152.52
CUST04409,3,Lost Customers,245,6,8143.15
CUST04410,1,Low Spenders,26,10,6622.22
CUST04411,2,Potential Loyalists,49,8,17314.95
CUST04412,1,Low Spenders,18,6,8962.95
CUST04413,4,Lost Customers,153,9,17697.07
CUST04414,0,Champions,76,16,21580.67
CUST04415,0,Champions,88,16,17841.73
CUST04416,2,Potential Loyalists,103,11,14177.01
CUST04417,2,Potential Loyalists,98,12,15595.43
CUST04418,1,Low Spenders,83,8,11287.78
CUST04419,4,Lost Customers,191,8,10208.29
CUST04420,2,Potential Loyalists,32,8,13585.45
CUST04421,1,Low Spenders,101,8,8577.6
CUST04422,4,Lost Customers,228,8,9053.01
CUST04423,0,Champions,14,16,27642.61
CUST04424,2,Potential Loyalists,22,12,13905.33
CUST04425,4,Lost Customers,234,11,19244.77
CUST04426,1,Low Spenders,23,9,8237.37
CUST04427,0,Champions,136,18,28737.66
CUST04428,0,Champions,7,11,23891.63
CUST04429,0,Champions,102,12,24440.65
CUST04430,3,Lost Customers,356,5,5227.87
CUST04431,2,Potential Loyalists,94,15,13516.77
CUST04432,0,Champions,57,16,15912.81
CUST04433,2,Potential Loyalists,48,10,9531.06
CUST04434,2,Potential Loyalists,38,9,15250.71
CUST04435,2,Potential Loyalists,67,8,19032.81
CUST04436,2,Potential Loyalists,37,10,13600.57
CUST04437,2,Potential Loyalists,53,12,16828.85
CUST04438,2,Potential Loyalists,77,11,13668.13
CUST04439,2,Potential Loyalists,3,14,15404.74
CUST04440,1,Low Spenders,37,5,4979.06
CUST04441,2,Potential Loyalists,53,11,9444.59
CUST04442,2,Potential Loyalists,36,11,17258.9
CUST04443,2,Potential Loyalists,9,11,13592.35
CUST04444,2,Potential Loyalists,94,10,13263.85
CUST04445,1,Low Spenders,184,6,8956.37
CUST04446,3,Lost Customers,455,3,2297.57
CUST04447,2,Potential Loyalists,114,11,13989.95
CUST04448,1,Low Spenders,94,11,7255.83
CUST04449,4,Lost Customers,243,8,11926.11
CUST04450,1,Low Spenders,59,5,7164.61
CUST04451,1,Low Spenders,189,7,8078.07
CUST04452,2,Potential Loyalists,22,10,15371.2
CUST04453,1,Low Spenders,95,9,9670.81
CUST04454,4,Lost Customers,144,10,7997.21
CUST04455,2,Potential Loyalists,10,11,13101.33
CUST04456,3,Lost Customers,215,6,5496.03
CUST04457,4,Lost Customers,145,9,10320.52
CUST04458,0,Champions,108,11,20289.17
CUST04459,3,Lost Customers,604,5,6744.74
CUST04460,1,Low Spenders,81,7,5713.35
CUST04461,0,Champions,60,13,25592.12
CUST04462,1,Low Spenders,27,8,10205.41
CUST04463,4,Lost Customers,133,11,10030.83
CUST04464,1,Low Spenders,107,6,3810.79
CUST04465,2,Potential Loyalists,72,10,11332.48
CUST04466,3,Lost Customers,344,6,10006.39
CUST04467,2,Potential Loyalists,19,9,16080.37
CUST04468,2,Potential Loyalists,32,10,13292.98
CUST04469,1,Low Spenders,50,8,7446.26
CUST04470,2,Potential Loyalists,78,11,15482.41
CUST04471,3,Lost Customers,340,7,9162.18
CUST04472,4,Lost Customers,207,9,13669.43
CUST04473,2,Potential Loyalists,4,9,10443.57
CUST04474,0,Champions,9,16,28755.34
CUST04475,2,Potential Loyalists,27,9,11443.5
CUST04476,0,Champions,24,18,25577.5
CUST04477,2,Potential Loyalists,15,11,14578.33
CUST04478,2,Potential Loyalists,109,9,15450.23
CUST04479,4,Lost Customers,159,9,15060.78
CUST04480,1,Low Spenders,128,8,8054.14
CUST04481,3,Lost Customers,345,7,8182.47
CUST04482,3,Lost Customers,215,4,5414.42
CUST04483,2,Potential Loyalists,36,15,12992.0
CUST04484,3,Lost Customers,405,4,3973.24
CUST04485,1,Low Spenders,32,8,8434.67
CUST04486,0,Champions,37,13,17804.17
CUST04487,0,Champions,49,13,18526.87
CUST04488,3,Lost Customers,306,6,11209.03
CUST04489,1,Low Spenders,26,8,7248.71
CUST04490,0,Champions,39,12,20836.1
CUST04491,1,Low Spenders,116,9,10850.59
CUST04492,4,Lost Customers,258,8,15963.12
CUST04493,1,Low Spenders,23,6,6716.38
CUST04494,2,Potential Loyalists,0,13,15232.48
CUST04495,4,Lost Customers,196,10,11692.28
CUST04496,1,Low Spenders,186,6,6407.01
CUST04497,0,Champions,93,11,20513.25
CUST04498,2,Potential Loyalists,44,10,18426.1
CUST04499,1,Low Spenders,152,7,10394.8
CUST04500,0,Champions,29,13,26617.17
CUST04501,2,Potential Loyalists,55,14,11991.79
CUST04502,4,Lost Customers,148,9,19061.96
CUST04503,0,Champions,21,13,20054.62
CUST04504,1,Low Spenders,54,8,7590.41
CUST04505,2,Potential Loyalists,51,9,12169.26
CUST04506,2,Potential Loyalists,37,8,18321.41
CUST04507,4,Lost Customers,137,10,12459.64
CUST04508,3,Lost Customers,237,5,3038.4
CUST04509,0,Champions,121,13,18731.04
CUST04510,0,Champions,35,13,19657.93
CUST04511,1,Low Spenders,83,4,3285.83
CUST04512,1,Low Spenders,131,7,8220.19
CUST04513,1,Low Spenders,100,6,9408.29
CUST04514,3,Lost Customers,418,7,6923.38
CUST04515,1,Low Spenders,65,7,10211.55
CUST04516,2,Potential Loyalists,8,13,13441.1
CUST04517,2,Potential Loyalists,17,10,13543.5
CUST04518,0,Champions,157,14,19453.3
CUST04519,1,Low Spenders,19,8,10074.24
CUST04520,2,Potential Loyalists,15,12,14525.36
CUST04521,2,Potential Loyalists,65,12,16575.28
CUST04522,0,Champions,47,12,22427.23
CUST04523,1,Low Spenders,91,8,12075.61
CUST04524,1,Low Spenders,140,7,6954.28
CUST04525,1,Low Spenders,71,7,12181.04
CUST04526,2,Potential Loyalists,2,13,17334.99
CUST04527,4,Lost Customers,146,10,14456.11
CUST04528,2,Potential Loyalists,91,9,13499.95
CUST04529,2,Potential Loyalists,93,9,14409.33
CUST04530,2,Potential Loyalists,28,10,13968.24
CUST04531,4,Lost Customers,118,7,17389.68
CUST04532,1,Low Spenders,0,8,6369.64
CUST04533,2,Potential Loyalists,28,11,20414.48
CUST04534,1,Low Spenders,178,6,5489.03
CUST04535,1,Low Spenders,195,6,3024.43
CUST04536,1,Low Spenders,125,9,7686.73
CUST04537,1,Low Spenders,50,6,3563.39
CUST04538,1,Low Spenders,149,6,11629.01
CUST04539,2,Potential Loyalists,13,11,17247.08
CUST04540,0,Champions,27,13,21022.17
CUST04541,1,Low Spenders,59,6,7166.33
CUST04542,1,Low Spenders,21,9,8769.11
CUST04543,1,Low Spenders,56,7,10157.47
CUST04544,1,Low Spenders,64,9,7110.19
CUST04545,2,Potential Loyalists,8,13,16585.72
CUST04546,2,Potential Loyalists,35,14,9937.83
CUST04547,1,Low Spenders,121,7,7631.54
CUST04548,1,Low Spenders,18,7,8574.58
CUST04549,2,Potential Loyalists,2,12,13873.89
CUST04550,1,Low Spenders,18,5,5851.58
CUST04551,3,Lost Customers,511,5,10539.91
CUST04552,0,Champions,68,16,14297.79
CUST04553,0,Champions,122,13,18331.09
CUST04554,0,Champions,94,15,21908.42
CUST04555,0,Champions,3,13,24142.67
CUST04556,2,Potential Loyalists,104,9,20012.33
CUST04557,1,Low Spenders,16,7,8017.89
CUST04558,0,Champions,16,14,19143.15
CUST04559,1,Low Spenders,56,10,8587.45
CUST04560,2,Potential Loyalists,3,10,13092.43
CUST04561,0,Champions,87,18,19785.1
CUST04562,1,Low Spenders,73,7,7538.06
CUST04563,1,Low Spenders,114,6,5644.22
CUST04564,2,Potential Loyalists,52,10,14742.7
CUST04565,3,Lost Customers,333,3,4739.88
CUST04566,4,Lost Customers,126,10,13417.7
CUST04567,4,Lost Customers,225,10,11099.73
CUST04568,2,Potential Loyalists,31,11,11987.94
CUST04569,2,Potential Loyalists,101,13,16218.47
CUST04570,1,Low Spenders,9,7,4663.53
CUST04571,2,Potential Loyalists,6,11,14827.99
CUST04572,4,Lost Customers,151,7,17635.9
CUST04573,4,Lost Customers,145,10,15546.27
CUST04574,1,Low Spenders,95,8,11632.05
CUST04575,0,Champions,12,16,16694.64
CUST04576,0,Champions,21,19,26284.0
CUST04577,2,Potential Loyalists,78,11,18697.2
CUST04578,4,Lost Customers,169,8,15579.95
CUST04579,1,Low Spenders,32,5,3783.71
CUST04580,2,Potential Loyalists,20,9,12964.39
CUST04581,0,Champions,104,14,22412.96
CUST04582,1,Low Spenders,50,9,9749.13
CUST04583,1,Low Spenders,19,9,9437.84
CUST04584,0,Champions,90,13,21020.31
CUST04585,0,Champions,4,14,17588.64
CUST04586,3,Lost Customers,538,5,5785.23
CUST04587,2,Potential Loyalists,100,11,15571.81
CUST04588,1,Low Spenders,0,7,6254.16
CUST04589,0,Champions,15,13,20024.13
CUST04590,1,Low Spenders,3,6,8932.83
CUST04591,0,Champions,18,15,20883.79
CUST04592,2,Potential Loyalists,22,11,15652.18
CUST04593,4,Lost Customers,137,10,17102.29
CUST04594,0,Champions,18,14,16202.03
CUST04595,2,Potential Loyalists,42,10,11313.4
CUST04596,1,Low Spenders,26,6,7298.11
CUST04597,1,Low Spenders,49,5,8928.73
CUST04598,1,Low Spenders,26,7,10788.31
CUST04599,4,Lost Customers,130,10,20440.27
CUST04600,2,Potential Loyalists,11,10,9228.18
CUST04601,2,Potential Loyalists,22,13,16314.87
CUST04602,2,Potential Loyalists,15,9,17581.84
CUST04603,2,Potential Loyalists,38,10,12215.72
CUST04604,2,Potential Loyalists,51,10,12144.71
CUST04605,3,Lost Customers,476,10,8206.81
CUST04606,1,Low Spenders,76,8,6652.3
CUST04607,3,Lost Customers,453,6,4979.92
CUST04608,2,Potential Loyalists,0,8,12879.63
CUST04609,2,Potential Loyalists,78,9,15735.38
CUST04610,0,Champions,78,11,20739.81
CUST04611,0,Champions,36,13,18694.74
CUST04612,2,Potential Loyalists,64,9,13356.47
CUST04613,4,Lost Customers,182,11,12493.92
CUST04614,1,Low Spenders,88,8,10331.48
CUST04615,1,Low Spenders,31,9,7834.28
CUST04616,0,Champions,0,14,18904.57
CUST04617,1,Low Spenders,46,9,7951.11
CUST04618,0,Champions,21,15,16024.43
CUST04619,4,Lost Customers,213,9,10576.11
CUST04620,4,Lost Customers,261,10,15575.78
CUST04621,0,Champions,149,13,22482.86
CUST04622,2,Potential Loyalists,4,9,13339.31
CUST04623,1,Low Spenders,81,8,6792.27
CUST04624,2,Potential Loyalists,3,9,12049.24
CUST04625,0,Champions,25,15,28425.45
CUST04626,0,Champions,27,12,21544.81
CUST04627,2,Potential Loyalists,47,11,11943.58
CUST04628,2,Potential Loyalists,116,11,14282.41
CUST04629,2,Potential Loyalists,87,14,10814.27
CUST04630,2,Potential Loyalists,25,10,14884.88
CUST04631,1,Low Spenders,96,8,12798.84
CUST04632,0,Champions,149,13,20795.46
CUST04633,1,Low Spenders,115,7,13461.68
CUST04634,4,Lost Customers,166,12,13100.05
CUST04635,0,Champions,35,10,24988.29
CUST04636,2,Potential Loyalists,36,10,9737.73
CUST04637,2,Potential Loyalists,24,9,11756.29
CUST04638,1,Low Spenders,34,7,5160.36
CUST04639,2,Potential Loyalists,3,11,16279.8
CUST04640,0,Champions,13,12,24270.32
CUST04641,1,Low Spenders,28,6,15514.82
CUST04642,1,Low Spenders,123,7,11184.75
CUST04643,2,Potential Loyalists,19,9,19285.92
CUST04644,1,Low Spenders,28,4,2744.3
CUST04645,4,Lost Customers,149,8,12594.08
CUST04646,1,Low Spenders,13,7,10691.04
CUST04647,0,Champions,10,17,19238.58
CUST04648,1,Low Spenders,83,8,10764.31
CUST04649,2,Potential Loyalists,113,10,15075.31
CUST04650,0,Champions,39,14,18645.79
CUST04651,4,Lost Customers,128,10,11776.39
CUST04652,0,Champions,53,15,19973.47
CUST04653,4,Lost Customers,171,10,16986.29
CUST04654,4,Lost Customers,179,6,14676.64
CUST04655,1,Low Spenders,8,9,9405.72
CUST04656,4,Lost Customers,115,10,13427.47
CUST04657,0,Champions,89,13,21982.18
CUST04658,2,Potential Loyalists,35,11,12409.69
CUST04659,2,Potential Loyalists,69,10,10596.07
CUST04660,1,Low Spenders,6,6,6618.15
CUST04661,1,Low Spenders,79,6,8427.39
CUST04662,0,Champions,2,14,18905.43
CUST04663,3,Lost Customers,276,6,5606.56
CUST04664,1,Low Spenders,82,7,12689.38
CUST04665,2,Potential Loyalists,43,14,15682.14
CUST04666,2,Potential Loyalists,17,10,13780.71
CUST04667,2,Potential Loyalists,87,8,14650.18
CUST04668,4,Lost Customers,203,10,12641.06
CUST04669,4,Lost Customers,267,9,15136.72
CUST04670,0,Champions,25,17,22102.11
CUST04671,1,Low Spenders,4,9,8956.58
CUST04672,2,Potential Loyalists,81,8,14190.23
CUST04673,0,Champions,77,15,19260.93
CUST04674,4,Lost Customers,155,8,13537.47
CUST04675,0,Champions,6,14,23740.68
CUST04676,4,Lost Customers,307,11,19618.23
CUST04677,4,Lost Customers,160,9,16339.6
CUST04678,0,Champions,9,16,19205.59
CUST04679,0,Champions,121,13,23919.28
CUST04680,4,Lost Customers,136,8,10922.59
CUST04681,2,Potential Loyalists,11,10,12156.63
CUST04682,1,Low Spenders,134,6,6466.05
CUST04683,2,Potential Loyalists,0,13,10967.3
CUST04684,2,Potential Loyalists,56,9,20826.12
CUST04685,2,Potential Loyalists,35,9,16682.01
CUST04686,2,Potential Loyalists,54,11,11474.14
CUST04687,2,Potential Loyalists,20,10,8636.08
CUST04688,4,Lost Customers,266,8,15007.74
CUST04689,0,Champions,63,15,18926.3
CUST04690,1,Low Spenders,58,7,5866.06
CUST04691,0,Champions,45,17,20951.39
CUST04692,0,Champions,56,14,25281.18
CUST04693,2,Potential Loyalists,79,10,12773.08
CUST04694,4,Lost Customers,274,10,12767.6
CUST04695,1,Low Spenders,48,8,7057.94
CUST04696,1,Low Spenders,17,8,11183.85
CUST04697,1,Low Spenders,142,8,9684.88
CUST04698,2,Potential Loyalists,85,13,14021.76
CUST04699,2,Potential Loyalists,36,10,11002.56
CUST04700,1,Low Spenders,66,5,8370.78
CUST04701,1,Low Spenders,21,6,10460.39
CUST04702,2,Potential Loyalists,31,11,14740.31
CUST04703,2,Potential Loyalists,24,10,18039.72
CUST04704,1,Low Spenders,72,7,8124.81
CUST04705,4,Lost Customers,168,8,9242.19
CUST04706,2,Potential Loyalists,38,9,17549.02
CUST04707,2,Potential Loyalists,93,8,16409.76
CUST04708,2,Potential Loyalists,36,13,16769.6
CUST04709,1,Low Spenders,117,4,10103.74
CUST04710,2,Potential Loyalists,7,13,15597.27
CUST04711,2,Potential Loyalists,6,13,11362.09
CUST04712,2,Potential Loyalists,65,9,18620.42
CUST04713,0,Champions,73,14,20637.72
CUST04714,2,Potential Loyalists,11,9,15097.3
CUST04715,0,Champions,6,13,20704.18
CUST04716,0,Champions,103,13,18667.79
CUST04717,1,Low Spenders,177,4,2498.37
CUST04718,2,Potential Loyalists,36,10,10295.5
CUST04719,2,Potential Loyalists,15,11,13414.27
CUST04720,2,Potential Loyalists,44,12,14301.25
CUST04721,2,Potential Loyalists,2,9,11600.83
CUST04722,3,Lost Customers,344,6,6911.53
CUST04723,2,Potential Loyalists,68,10,12870.46
CUST04724,0,Champions,10,15,26201.49
CUST04725,0,Champions,61,13,18775.96
CUST04726,2,Potential Loyalists,23,11,15262.14
CUST04727,1,Low Spenders,75,5,7819.82
CUST04728,1,Low Spenders,125,7,5950.81
CUST04729,1,Low Spenders,9,9,7574.34
CUST04730,1,Low Spenders,93,4,3646.11
CUST04731,1,Low Spenders,91,6,7542.41
CUST04732,2,Potential Loyalists,0,9,11972.28
CUST04733,1,Low Spenders,1,6,9262.14
CUST04734,1,Low Spenders,11,8,7738.19
CUST04735,0,Champions,12,19,20162.77
CUST04736,2,Potential Loyalists,45,9,17144.11
CUST04737,0,Champions,41,14,20429.0
CUST04738,2,Potential Loyalists,57,12,15095.23
CUST04739,1,Low Spenders,148,7,6550.6
CUST04740,2,Potential Loyalists,29,10,17553.95
CUST04741,0,Champions,18,15,25739.97
CUST04742,1,Low Spenders,68,7,9903.62
CUST04743,2,Potential Loyalists,1,11,9906.18
CUST04744,2,Potential Loyalists,45,11,13786.22
CUST04745,4,Lost Customers,255,10,9259.01
CUST04746,0,Champions,10,14,17695.49
CUST04747,2,Potential Loyalists,48,12,17950.09
CUST04748,3,Lost Customers,313,5,5920.27
CUST04749,4,Lost Customers,166,13,15622.66
CUST04750,0,Champions,92,14,18007.84
CUST04751,2,Potential Loyalists,26,9,11926.62
CUST04752,0,Champions,19,14,20914.2
CUST04753,2,Potential Loyalists,12,10,12294.45
CUST04754,4,Lost Customers,137,9,21417.15
CUST04755,2,Potential Loyalists,57,11,13074.83
CUST04756,0,Champions,15,15,24541.96
CUST04757,2,Potential Loyalists,40,11,14864.08
CUST04758,4,Lost Customers,167,11,18651.18
CUST04759,4,Lost Customers,253,10,10600.03
CUST04760,4,Lost Customers,166,9,13909.83
CUST04761,2,Potential Loyalists,10,11,8836.55
CUST04762,1,Low Spenders,111,8,11825.45
CUST04763,1,Low Spenders,75,6,13047.13
CUST04764,2,Potential Loyalists,105,10,15330.71
CUST04765,2,Potential Loyalists,62,11,8473.84
CUST04766,1,Low Spenders,57,7,9757.42
CUST04767,0,Champions,82,13,21602.84
CUST04768,2,Potential Loyalists,67,11,11340.84
CUST04769,2,Potential Loyalists,76,9,12608.6
CUST04770,1,Low Spenders,103,9,7915.14
CUST04771,2,Potential Loyalists,25,13,15592.24
CUST04772,4,Lost Customers,181,11,6563.26
CUST04773,1,Low Spenders,47,7,11829.55
CUST04774,0,Champions,43,12,26342.78
CUST04775,0,Champions,38,17,19897.9
CUST04776,0,Champions,101,15,28262.29
CUST04777,4,Lost Customers,132,9,13753.37
CUST04778,2,Potential Loyalists,39,8,15181.38
CUST04779,2,Potential Loyalists,23,9,13659.46
CUST04780,3,Lost Customers,446,9,9367.1
CUST04781,2,Potential Loyalists,96,9,14285.39
CUST04782,3,Lost Customers,312,7,6517.1
CUST04783,0,Champions,136,13,21955.6
CUST04784,4,Lost Customers,128,9,14542.16
CUST04785,0,Champions,59,15,26941.66
CUST04786,2,Potential Loyalists,90,13,15615.18
CUST04787,1,Low Spenders,31,7,13241.58
CUST04788,4,Lost Customers,244,9,10663.4
CUST04789,1,Low Spenders,70,9,9682.9
CUST04790,4,Lost Customers,276,8,11494.32
CUST04791,1,Low Spenders,64,8,9493.26
CUST04792,1,Low Spenders,4,8,6072.64
CUST04793,2,Potential Loyalists,56,13,16381.56
CUST04794,1,Low Spenders,107,8,10343.3
CUST04795,2,Potential Loyalists,82,10,18960.3
CUST04796,2,Potential Loyalists,13,10,20689.94
CUST04797,0,Champions,106,14,17011.23
CUST04798,4,Lost Customers,148,11,16697.6
CUST04799,1,Low Spenders,108,7,14256.45
CUST04800,2,Potential Loyalists,89,8,13848.22
CUST04801,1,Low Spenders,43,6,9335.42
CUST04802,0,Champions,25,12,19325.42
CUST04803,2,Potential Loyalists,59,9,14381.11
CUST04804,4,Lost Customers,232,9,14538.69
CUST04805,2,Potential Loyalists,23,12,12523.16
CUST04806,1,Low Spenders,194,7,4700.36
CUST04807,2,Potential Loyalists,52,11,17310.18
CUST04808,1,Low Spenders,55,10,7601.43
CUST04809,1,Low Spenders,143,7,8378.4
CUST04810,3,Lost Customers,204,5,5778.1
CUST04811,2,Potential Loyalists,100,10,10594.36
CUST04812,1,Low Spenders,172,6,6043.87
CUST04813,2,Potential Loyalists,111,12,15835.27
CUST04814,0,Champions,35,17,34404.61
CUST04815,4,Lost Customers,134,12,11637.01
CUST04816,1,Low Spenders,74,10,7457.07
CUST04817,4,Lost Customers,124,10,12811.28
CUST04818,2,Potential Loyalists,88,9,15178.13
CUST04819,1,Low Spenders,166,4,8526.96
CUST04820,2,Potential Loyalists,27,10,13288.59
CUST04821,4,Lost Customers,136,10,21198.42
CUST04822,2,Potential Loyalists,5,12,17331.69
CUST04823,4,Lost Customers,258,10,20437.09
CUST04824,3,Lost Customers,301,6,4749.8
CUST04825,2,Potential Loyalists,42,9,20245.46
CUST04826,2,Potential Loyalists,124,12,12719.93
CUST04827,2,Potential Loyalists,9,10,17267.38
CUST04828,1,Low Spenders,40,9,8360.26
CUST04829,2,Potential Loyalists,119,12,16577.87
CUST04830,2,Potential Loyalists,7,10,8354.5
CUST04831,4,Lost Customers,296,15,13488.48
CUST04832,4,Lost Customers,165,10,19592.83
CUST04833,2,Potential Loyalists,79,11,16524.06
CUST04834,0,Champions,11,16,20567.27
CUST04835,2,Potential Loyalists,17,15,13107.31
CUST04836,2,Potential Loyalists,46,10,13229.47
CUST04837,1,Low Spenders,17,5,8762.89
CUST04838,0,Champions,47,13,17714.68
CUST04839,1,Low Spenders,158,5,6729.21
CUST04840,2,Potential Loyalists,45,8,14267.78
CUST04841,2,Potential Loyalists,41,11,10880.83
CUST04842,0,Champions,31,15,19649.47
CUST04843,2,Potential Loyalists,19,7,14571.49
CUST04844,4,Lost Customers,181,8,11787.35
CUST04845,2,Potential Loyalists,68,11,10573.81
CUST04846,2,Potential Loyalists,9,14,14898.76
CUST04847,2,Potential Loyalists,14,11,16413.66
CUST04848,1,Low Spenders,48,8,7982.62
CUST04849,4,Lost Customers,132,11,15647.87
CUST04850,3,Lost Customers,214,3,4068.05
CUST04851,2,Potential Loyalists,71,8,18757.63
CUST04852,4,Lost Customers,126,11,15593.01
CUST04853,1,Low Spenders,171,5,5905.44
CUST04854,2,Potential Loyalists,0,13,17064.26
CUST04855,2,Potential Loyalists,9,12,17077.17
CUST04856,2,Potential Loyalists,24,10,20197.32
CUST04857,4,Lost Customers,196,10,11920.24
CUST04858,0,Champions,20,13,20590.35
CUST04859,0,Champions,59,15,21757.74
CUST04860,0,Champions,55,13,24563.01
CUST04861,2,Potential Loyalists,32,10,16589.81
CUST04862,1,Low Spenders,71,6,9580.41
CUST04863,2,Potential Loyalists,58,11,19665.92
CUST04864,2,Potential Loyalists,78,11,13224.4
CUST04865,2,Potential Loyalists,75,9,16804.45
CUST04866,3,Lost Customers,602,4,7923.19
CUST04867,0,Champions,24,15,24249.98
CUST04868,1,Low Spenders,80,7,8659.4
CUST04869,0,Champions,31,14,17459.51
CUST04870,4,Lost Customers,304,8,13612.93
CUST04871,1,Low Spenders,82,5,8635.95
CUST04872,1,Low Spenders,105,8,13279.75
CUST04873,1,Low Spenders,52,7,8570.39
CUST04874,0,Champions,35,13,23030.51
CUST04875,4,Lost Customers,173,9,12475.84
CUST04876,2,Potential Loyalists,15,12,10401.68
CUST04877,2,Potential Loyalists,2,9,12350.28
CUST04878,2,Potential Loyalists,14,12,11420.01
CUST04879,0,Champions,148,16,22834.29
CUST04880,4,Lost Customers,248,12,15068.04
CUST04881,4,Lost Customers,170,10,17972.05
CUST04882,0,Champions,191,12,26871.23
CUST04883,2,Potential Loyalists,43,11,13132.19
CUST04884,0,Champions,66,17,23616.21
CUST04885,0,Champions,52,17,25829.09
CUST04886,1,Low Spenders,169,6,5878.83
CUST04887,1,Low Spenders,178,3,1333.96
CUST04888,1,Low Spenders,9,8,9204.96
CUST04889,2,Potential Loyalists,37,12,17499.43
CUST04890,2,Potential Loyalists,18,9,16363.82
CUST04891,2,Potential Loyalists,41,11,14863.58
CUST04892,4,Lost Customers,276,14,9552.96
CUST04893,1,Low Spenders,3,10,7959.71
CUST04894,3,Lost Customers,214,6,7665.75
CUST04895,1,Low Spenders,52,3,6254.5
CUST04896,2,Potential Loyalists,106,10,13335.32
CUST04897,1,Low Spenders,112,5,1701.16
CUST04898,2,Potential Loyalists,40,10,12477.56
CUST04899,4,Lost Customers,147,7,11611.7
CUST04900,2,Potential Loyalists,89,16,11662.39
CUST04901,1,Low Spenders,91,8,7346.15
CUST04902,2,Potential Loyalists,18,9,12203.49
CUST04903,2,Potential Loyalists,58,10,17060.22
CUST04904,4,Lost Customers,262,11,17078.85
CUST04905,2,Potential Loyalists,53,9,17086.34
CUST04906,2,Potential Loyalists,112,11,18857.53
CUST04907,3,Lost Customers,295,7,9926.1
CUST04908,0,Champions,43,12,19184.2
CUST04909,1,Low Spenders,37,8,7648.05
CUST04910,1,Low Spenders,45,5,7487.7
CUST04911,2,Potential Loyalists,54,10,14988.24
CUST04912,1,Low Spenders,131,10,7652.41
CUST04913,0,Champions,21,17,23849.55
CUST04914,3,Lost Customers,297,7,7451.51
CUST04915,2,Potential Loyalists,50,12,17590.94
CUST04916,4,Lost Customers,163,11,21001.55
CUST04917,2,Potential Loyalists,91,11,10483.14
CUST04918,2,Potential Loyalists,60,8,15126.71
CUST04919,2,Potential Loyalists,98,10,15486.9
CUST04920,0,Champions,123,14,17209.55
CUST04921,2,Potential Loyalists,12,9,14669.34
CUST04922,1,Low Spenders,158,6,8140.65
CUST04923,2,Potential Loyalists,34,12,17849.11
CUST04924,1,Low Spenders,1,7,8860.72
CUST04925,4,Lost Customers,173,11,14151.0
CUST04926,1,Low Spenders,158,4,4494.39
CUST04927,2,Potential Loyalists,14,10,17890.28
CUST04928,1,Low Spenders,156,8,5659.27
CUST04929,0,Champions,3,15,19420.02
CUST04930,2,Potential Loyalists,71,10,16927.55
CUST04931,2,Potential Loyalists,20,11,16953.15
CUST04932,4,Lost Customers,104,8,15433.55
CUST04933,0,Champions,29,14,25360.1
CUST04934,4,Lost Customers,172,11,12198.07
CUST04935,4,Lost Customers,113,9,14381.76
CUST04936,2,Potential Loyalists,19,12,18198.36
CUST04937,2,Potential Loyalists,42,13,15682.34
CUST04938,0,Champions,21,15,19243.95
CUST04939,1,Low Spenders,93,9,8540.15
CUST04940,2,Potential Loyalists,7,8,13750.34
CUST04941,0,Champions,127,15,20898.46
CUST04942,2,Potential Loyalists,5,10,17026.27
CUST04943,2,Potential Loyalists,52,10,20924.09
CUST04944,0,Champions,39,14,18523.62
CUST04945,0,Champions,72,12,23055.09
CUST04946,4,Lost Customers,202,11,11406.34
CUST04947,3,Lost Customers,246,4,4043.63
CUST04948,3,Lost Customers,249,6,6342.63
CUST04949,2,Potential Loyalists,30,12,16882.44
CUST04950,1,Low Spenders,14,8,9463.72
CUST04951,0,Champions,69,16,25225.38
CUST04952,3,Lost Customers,351,7,9805.71
CUST04953,2,Potential Loyalists,27,8,13916.68
CUST04954,0,Champions,4,14,23630.25
CUST04955,0,Champions,20,15,28942.85
CUST04956,0,Champions,186,15,20065.9
CUST04957,0,Champions,2,16,24229.36
CUST04958,2,Potential Loyalists,15,9,12281.07
CUST04959,0,Champions,71,11,22585.2
CUST04960,2,Potential Loyalists,85,9,11639.05
CUST04961,2,Potential Loyalists,78,11,16812.01
CUST04962,1,Low Spenders,91,9,5900.31
CUST04963,1,Low Spenders,157,6,9130.46
CUST04964,1,Low Spenders,52,7,11690.65
CUST04965,2,Potential Loyalists,52,12,15256.18
CUST04966,3,Lost Customers,287,6,9487.7
CUST04967,2,Potential Loyalists,31,10,15208.56
CUST04968,0,Champions,8,17,19952.63
CUST04969,2,Potential Loyalists,100,10,16657.98
CUST04970,0,Champions,3,14,29938.98
CUST04971,4,Lost Customers,233,7,13725.6
CUST04972,3,Lost Customers,293,9,8135.07
CUST04973,0,Champions,21,13,18849.18
CUST04974,1,Low Spenders,70,7,8666.05
CUST04975,0,Champions,37,21,22703.99
CUST04976,2,Potential Loyalists,115,14,12207.6
CUST04977,0,Champions,97,16,19729.03
CUST04978,4,Lost Customers,148,12,14250.87
CUST04979,2,Potential Loyalists,19,9,12212.86
CUST04980,2,Potential Loyalists,79,10,13249.1
CUST04981,4,Lost Customers,198,10,16050.87
CUST04982,2,Potential Loyalists,60,11,13557.29
CUST04983,1,Low Spenders,2,9,8903.77
CUST04984,2,Potential Loyalists,11,11,15430.79
CUST04985,1,Low Spenders,30,7,7476.86
CUST04986,4,Lost Customers,200,7,10505.08
CUST04987,2,Potential Loyalists,24,11,19777.05
CUST04988,1,Low Spenders,81,7,5537.16
CUST04989,2,Potential Loyalists,14,11,8740.67
CUST04990,2,Potential Loyalists,38,8,14575.89
CUST04991,1,Low Spenders,102,9,9870.34
CUST04992,4,Lost Customers,129,9,10951.61
CUST04993,2,Potential Loyalists,40,13,14283.79
CUST04994,0,Champions,50,15,21977.9
CUST04995,2,Potential Loyalists,82,10,11023.77
CUST04996,4,Lost Customers,244,7,13649.12
CUST04997,3,Lost Customers,231,6,10414.15
CUST04998,0,Champions,56,13,17468.2
CUST04999,0,Champions,102,13,23885.98
CUST05000,4,Lost Customers,159,14,12060.05
