customer_id,churn_probability_rf,churn_prediction_rf,actual_churn
CUST00001,0.0318019697371486,0,0
CUST00002,0.0588458575440909,0,0
CUST00003,0.0201809887981788,0,0
CUST00004,0.9299969176900088,1,1
CUST00005,0.0064194562604031,0,0
CUST00006,0.018264778150678,0,0
CUST00007,0.0070062260629575,0,0
CUST00008,0.0305905867048665,0,0
CUST00009,0.0159176062370009,0,0
CUST00010,0.0489592862742211,0,0
CUST00011,0.0023717916448197,0,0
CUST00012,0.0702127824581463,0,0
CUST00013,0.0240420930743119,0,0
CUST00014,0.01,0,0
CUST00015,0.0002953564955454,0,0
CUST00016,0.0002953564955454,0,0
CUST00017,0.0,0,0
CUST00018,0.01,0,0
CUST00019,0.0079398811866672,0,0
CUST00020,0.0198458201751227,0,0
CUST00021,0.0,0,0
CUST00022,0.0300518922835607,0,0
CUST00023,0.0238027348703085,0,0
CUST00024,0.0469535769710915,0,0
CUST00025,0.0421818177954742,0,0
CUST00026,0.0827721803686265,0,0
CUST00027,0.0038597098341579,0,0
CUST00028,0.0092017593908802,0,0
CUST00029,0.0023071155671476,0,0
CUST00030,0.0257636747619085,0,0
CUST00031,0.0097479384833399,0,0
CUST00032,0.0287817856859646,0,0
CUST00033,0.0002953564955454,0,0
CUST00034,0.0472823253603475,0,0
CUST00035,0.0182773721447735,0,0
CUST00036,0.0218219790706299,0,0
CUST00037,0.977631611249301,1,1
CUST00038,0.0267178594141905,0,0
CUST00039,0.0033161364287761,0,0
CUST00040,0.0029823609114959,0,0
CUST00041,0.002602472062693,0,0
CUST00042,0.944470539613516,1,1
CUST00043,0.0243069357982339,0,0
CUST00044,0.981826176250219,1,1
CUST00045,0.0033161364287761,0,0
CUST00046,0.0174699717990897,0,0
CUST00047,0.0159677990546953,0,0
CUST00048,0.0090488618333752,0,0
CUST00049,0.0020927776544703,0,0
CUST00050,0.0153838355052549,0,0
CUST00051,0.0471799580135581,0,0
CUST00052,0.9778566409435444,1,1
CUST00053,0.0231103277751242,0,0
CUST00054,0.0274317687187673,0,0
CUST00055,0.0105833968332847,0,0
CUST00056,0.9327772595151104,1,1
CUST00057,0.0148217597720771,0,0
CUST00058,0.0294991400757005,0,0
CUST00059,0.943439921976818,1,1
CUST00060,0.0188735701408195,0,0
CUST00061,0.0067178594141905,0,0
CUST00062,0.0714028107975226,0,0
CUST00063,0.0628004612389307,0,0
CUST00064,0.0120927776544703,0,0
CUST00065,0.0170030311930302,0,0
CUST00066,0.0231021643029621,0,0
CUST00067,0.0055317188324133,0,0
CUST00068,0.0002953564955454,0,0
CUST00069,0.0002953564955454,0,0
CUST00070,0.0062508800629571,0,0
CUST00071,0.077821637113922,0,0
CUST00072,0.0020765439538509,0,0
CUST00073,0.0138882058017879,0,0
CUST00074,0.0432631025993222,0,0
CUST00075,0.0123812905665745,0,0
CUST00076,0.0086818792842693,0,0
CUST00077,0.0134636176561765,0,0
CUST00078,0.01837514011669,0,0
CUST00079,0.0023071155671476,0,0
CUST00080,0.0095146743431981,0,0
CUST00081,0.0141938894749531,0,0
CUST00082,0.0533370797814966,0,0
CUST00083,0.018064537953853,0,0
CUST00084,0.0309387562415965,0,0
CUST00085,0.0029705010042159,0,0
CUST00086,0.0135997675057236,0,0
CUST00087,0.0183399020030757,0,0
CUST00088,0.0151080414227361,0,0
CUST00089,0.0114308466254593,0,0
CUST00090,0.0014659746871746,0,0
CUST00091,0.0215167198057411,0,0
CUST00092,0.0129901233054614,0,0
CUST00093,0.0183399020030757,0,0
CUST00094,0.0002953564955454,0,0
CUST00095,0.0161514034307813,0,0
CUST00096,0.942110174613051,1,1
CUST00097,0.0165395751185905,0,0
CUST00098,0.002602472062693,0,0
CUST00099,0.0265999434464624,0,0
CUST00100,0.0023717916448197,0,0
CUST00101,0.002602472062693,0,0
CUST00102,0.9103567755432306,1,1
CUST00103,0.0167910086210856,0,0
CUST00104,0.9929195153690764,1,1
CUST00105,0.0121499307768035,0,0
CUST00106,0.0318731951748589,0,0
CUST00107,0.9428952787655628,1,1
CUST00108,0.002602472062693,0,0
CUST00109,0.009780149357974,0,0
CUST00110,0.01,0,0
CUST00111,0.0018040277695055,0,0
CUST00112,0.0393468866243676,0,0
CUST00113,0.0327344879129175,0,0
CUST00114,0.002602472062693,0,0
CUST00115,0.9680040994907644,1,1
CUST00116,0.0366514483231326,0,0
CUST00117,0.0328494403507039,0,0
CUST00118,0.0191415455158511,0,0
CUST00119,0.9020305836803334,1,1
CUST00120,0.0002953564955454,0,0
CUST00121,0.0387850514002188,0,0
CUST00122,0.0994567211578577,0,0
CUST00123,0.0164598699081881,0,0
CUST00124,0.0602522201049129,0,0
CUST00125,0.0465710120987906,0,0
CUST00126,0.9756191079528664,1,1
CUST00127,0.0239022277713539,0,0
CUST00128,0.0233980731782959,0,0
CUST00129,0.0091174858980748,0,0
CUST00130,0.0143189459813328,0,0
CUST00131,0.0130452094043355,0,0
CUST00132,0.0193649956841819,0,0
CUST00133,0.0002953564955454,0,0
CUST00134,0.0008451307887266,0,0
CUST00135,0.9712441406689304,1,1
CUST00136,0.0279221953554404,0,0
CUST00137,0.0428215735583616,0,0
CUST00138,0.0476582481936746,0,0
CUST00139,0.0150428291671053,0,0
CUST00140,0.0230197286680048,0,0
CUST00141,0.0236985187506319,0,0
CUST00142,0.01,0,0
CUST00143,0.0063676389653274,0,0
CUST00144,0.0142573407853262,0,0
CUST00145,0.0696549487074257,0,0
CUST00146,0.0347108164081477,0,0
CUST00147,0.029535132815857,0,0
CUST00148,0.0029314922895759,0,0
CUST00149,0.0403370270059143,0,0
CUST00150,0.0178561731288133,0,0
CUST00151,0.0360555304185961,0,0
CUST00152,0.9451802412978196,1,1
CUST00153,0.0320206246922418,0,0
CUST00154,0.0078561731288133,0,0
CUST00155,0.0020927776544703,0,0
CUST00156,0.0346230644389738,0,0
CUST00157,0.0132426061792712,0,0
CUST00158,0.0101487953056485,0,0
CUST00159,0.0050282485875706,0,0
CUST00160,0.0143500430785693,0,0
CUST00161,0.97,1,1
CUST00162,0.0337346168403486,0,0
CUST00163,0.0038157868411077,0,0
CUST00164,0.0012011734531904,0,0
CUST00165,0.0057674477675789,0,0
CUST00166,0.0011706181916292,0,0
CUST00167,0.020035184627714,0,0
CUST00168,0.0750430303418554,0,0
CUST00169,0.0274162066042222,0,0
CUST00170,0.0030384252297704,0,0
CUST00171,0.0127204925910552,0,0
CUST00172,0.0248614420665456,0,0
CUST00173,0.0517026130370339,0,0
CUST00174,0.953270412096698,1,1
CUST00175,0.9197495179296508,1,1
CUST00176,0.0223510884564834,0,0
CUST00177,0.0029823609114959,0,0
CUST00178,0.016541264083112,0,0
CUST00179,0.9638530961107388,1,1
CUST00180,0.0362378630629039,0,0
CUST00181,0.0577633293221602,0,0
CUST00182,0.9162687549242816,1,1
CUST00183,0.0295870625516116,0,0
CUST00184,0.00150867127396,0,0
CUST00185,0.0044484115553601,0,0
CUST00186,0.0179957512722798,0,0
CUST00187,0.952228460697928,1,1
CUST00188,0.0061919313053484,0,0
CUST00189,0.0014659746871746,0,0
CUST00190,0.0229654132430923,0,0
CUST00191,0.0094880390368644,0,0
CUST00192,0.0086818792842693,0,0
CUST00193,0.0055317188324133,0,0
CUST00194,0.0192057938147555,0,0
CUST00195,0.0002953564955454,0,0
CUST00196,0.9717114911389784,1,1
CUST00197,0.0324051252763581,0,0
CUST00198,0.0055317188324133,0,0
CUST00199,0.0312041360915444,0,0
CUST00200,0.0676973637589604,0,0
CUST00201,0.0551501445574654,0,0
CUST00202,0.1040533126097276,0,0
CUST00203,0.0237732470308929,0,0
CUST00204,0.020727435749836,0,0
CUST00205,0.9988782646611208,1,1
CUST00206,0.00837514011669,0,0
CUST00207,0.0011706181916292,0,0
CUST00208,0.0074177220784578,0,0
CUST00209,0.0693321749220454,0,0
CUST00210,0.0095215310782498,0,0
CUST00211,0.0987857187151117,0,0
CUST00212,0.0403813529640073,0,0
CUST00213,0.0106275089070994,0,0
CUST00214,0.0469070169528393,0,0
CUST00215,0.0122265136978588,0,0
CUST00216,0.9200635156556968,1,1
CUST00217,0.0127204925910552,0,0
CUST00218,0.013338118352538,0,0
CUST00219,0.0141999278205278,0,0
CUST00220,0.0,0,0
CUST00221,0.0593690326827553,0,0
CUST00222,0.0014659746871746,0,0
CUST00223,0.0002953564955454,0,0
CUST00224,0.975515809988872,1,1
CUST00225,0.9198473061265628,1,1
CUST00226,0.0275902016812266,0,0
CUST00227,0.0021269685642502,0,0
CUST00228,0.9465454906601428,1,1
CUST00229,0.0393826892490508,0,0
CUST00230,0.0157479485752387,0,0
CUST00231,0.0009064588036846,0,0
CUST00232,0.0020927776544703,0,0
CUST00233,0.9847998321529784,1,1
CUST00234,0.0824561229664073,0,0
CUST00235,0.0029314922895759,0,0
CUST00236,0.0050535715863994,0,0
CUST00237,0.926199068260114,1,1
CUST00238,0.0014659746871746,0,0
CUST00239,0.0189425516015625,0,0
CUST00240,0.002602472062693,0,0
CUST00241,0.0049653049741809,0,0
CUST00242,0.9607078436713944,1,1
CUST00243,0.9102471237799702,1,1
CUST00244,0.0300605052037643,0,0
CUST00245,0.9795288923196216,1,1
CUST00246,0.0239878501897836,0,0
CUST00247,0.012609391715768,0,0
CUST00248,0.001749584152427,0,0
CUST00249,0.0348467784445228,0,0
CUST00250,0.0301877858376408,0,0
CUST00251,0.0189893161567291,0,0
CUST00252,0.0148066346629704,0,0
CUST00253,0.0096392859724258,0,0
CUST00254,0.0520188340756501,0,0
CUST00255,0.0002953564955454,0,0
CUST00256,0.0065369198615307,0,0
CUST00257,0.9840817751842256,1,1
CUST00258,0.077324062247589,0,0
CUST00259,0.9368228856221416,1,1
CUST00260,0.002602472062693,0,0
CUST00261,0.021880416598241,0,0
CUST00262,0.0206762450652145,0,0
CUST00263,0.0100420319234968,0,0
CUST00264,0.0002953564955454,0,0
CUST00265,0.0163399319037515,0,0
CUST00266,0.0403627531537529,0,0
CUST00267,0.0736923481366448,0,0
CUST00268,0.9406589141415108,1,1
CUST00269,0.0,0,0
CUST00270,0.0146501189167698,0,0
CUST00271,0.036511525820337,0,0
CUST00272,0.97122865776085,1,1
CUST00273,0.0065633745309459,0,0
CUST00274,0.002602472062693,0,0
CUST00275,0.0014659746871746,0,0
CUST00276,0.0121321196726425,0,0
CUST00277,0.0272029764117313,0,0
CUST00278,0.0086818792842693,0,0
CUST00279,0.0584634470099437,0,0
CUST00280,0.0214439991492971,0,0
CUST00281,0.1396395581768029,0,0
CUST00282,0.9758146169413008,1,1
CUST00283,0.016356433249291,0,0
CUST00284,0.0018040277695055,0,0
CUST00285,0.0135069608040329,0,0
CUST00286,0.0128707457824931,0,0
CUST00287,0.0002953564955454,0,0
CUST00288,0.9798523821806978,1,1
CUST00289,0.0291070874318996,0,0
CUST00290,0.0567564893801853,0,0
CUST00291,0.0,0,0
CUST00292,0.0002953564955454,0,0
CUST00293,0.0009064588036846,0,0
CUST00294,0.0741058120854403,0,0
CUST00295,0.030204094085351,0,0
CUST00296,0.058783226145911,0,0
CUST00297,0.0728693742652955,0,0
CUST00298,0.0351412417705978,0,0
CUST00299,0.0318762222348096,0,0
CUST00300,0.0247565507420096,0,0
CUST00301,0.0009064588036846,0,0
CUST00302,0.98462289765193,1,1
CUST00303,0.0044457674607663,0,0
CUST00304,0.0243633902376073,0,0
CUST00305,0.9114355555714772,1,1
CUST00306,0.037408004342252,0,0
CUST00307,0.0162227534712,0,0
CUST00308,0.019489938034549,0,0
CUST00309,0.0936962048845148,0,0
CUST00310,0.0607276009754279,0,0
CUST00311,0.0221648172818253,0,0
CUST00312,0.0207606367937192,0,0
CUST00313,0.0,0,0
CUST00314,0.0002953564955454,0,0
CUST00315,0.0002953564955454,0,0
CUST00316,0.9461439155614374,1,1
CUST00317,0.0002953564955454,0,0
CUST00318,0.0615938354620462,0,0
CUST00319,0.0161646890135395,0,0
CUST00320,0.0166982350965918,0,0
CUST00321,0.0306190473818173,0,0
CUST00322,0.0024151300776447,0,0
CUST00323,0.002602472062693,0,0
CUST00324,0.0235720797564118,0,0
CUST00325,0.021296727151383,0,0
CUST00326,0.0242526540057499,0,0
CUST00327,0.0723181119202821,0,0
CUST00328,0.012602472062693,0,0
CUST00329,0.0,0,0
CUST00330,0.0186794279882342,0,0
CUST00331,0.0035480333519218,0,0
CUST00332,0.089467950367785,0,0
CUST00333,0.9815346109198672,1,1
CUST00334,0.0455788133366518,0,0
CUST00335,0.0043701245063882,0,0
CUST00336,0.0687732836517992,0,0
CUST00337,0.0014659746871746,0,0
CUST00338,0.0023717916448197,0,0
CUST00339,0.8979238984481244,1,1
CUST00340,0.0412469882625706,0,0
CUST00341,0.0330179841668293,0,0
CUST00342,0.9839431078809306,1,1
CUST00343,0.0909372946287627,0,0
CUST00344,0.0074514196539218,0,0
CUST00345,0.0052669518424098,0,0
CUST00346,0.0059752779486627,0,0
CUST00347,0.0164736436700393,0,0
CUST00348,0.0235261239841117,0,0
CUST00349,0.0402748309514039,0,0
CUST00350,0.0247111940193415,0,0
CUST00351,0.0580095689110253,0,0
CUST00352,0.0222607634367328,0,0
CUST00353,0.0014659746871746,0,0
CUST00354,0.9544922689268688,1,1
CUST00355,0.0273181530676786,0,0
CUST00356,0.960852286467868,1,1
CUST00357,0.978878852852402,1,1
CUST00358,0.958414020324183,1,1
CUST00359,0.0130429799250533,0,0
CUST00360,0.0075481300310217,0,0
CUST00361,0.0350051693317044,0,0
CUST00362,0.07157999159885,0,0
CUST00363,0.0158893984174586,0,0
CUST00364,0.0097562176328546,0,0
CUST00365,0.0258613594064448,0,0
CUST00366,0.0005497742931812,0,0
CUST00367,0.0020927776544703,0,0
CUST00368,0.0063627542930328,0,0
CUST00369,0.0417348927229599,0,0
CUST00370,0.0081855735063016,0,0
CUST00371,0.0076010907360989,0,0
CUST00372,0.9323098739303692,1,1
CUST00373,0.0251338730399667,0,0
CUST00374,0.002602472062693,0,0
CUST00375,0.9701725160586484,1,1
CUST00376,0.0984772548865629,0,0
CUST00377,0.035310610633017,0,0
CUST00378,0.97468954371913,1,1
CUST00379,0.0072380159891166,0,0
CUST00380,0.0002953564955454,0,0
CUST00381,0.0350377018862593,0,0
CUST00382,0.0148272402616714,0,0
CUST00383,0.0220305836803335,0,0
CUST00384,0.0223792284223132,0,0
CUST00385,0.0078502641124421,0,0
CUST00386,0.0273129602319901,0,0
CUST00387,0.0038597098341579,0,0
CUST00388,0.0104736081683609,0,0
CUST00389,0.0555714096096981,0,0
CUST00390,0.0323884124654692,0,0
CUST00391,0.0029705010042159,0,0
CUST00392,0.0525499043779532,0,0
CUST00393,0.0457862753421353,0,0
CUST00394,0.0061651284102895,0,0
CUST00395,0.0701336382651918,0,0
CUST00396,0.002602472062693,0,0
CUST00397,0.0101716306161255,0,0
CUST00398,0.0427360301918481,0,0
CUST00399,0.0,0,0
CUST00400,0.0020927776544703,0,0
CUST00401,0.015789128066531,0,0
CUST00402,0.9653367950540224,1,1
CUST00403,0.0255138402728315,0,0
CUST00404,0.9414976890782788,1,1
CUST00405,0.0615426991871947,0,0
CUST00406,0.0028614532324281,0,0
CUST00407,0.0196955274038454,0,0
CUST00408,0.0726802376770897,0,0
CUST00409,0.0173039159594561,0,0
CUST00410,0.0392580328313305,0,0
CUST00411,0.0053450631053121,0,0
CUST00412,0.9493591699433144,1,1
CUST00413,0.017533372484662,0,0
CUST00414,0.0061651284102895,0,0
CUST00415,0.0,0,0
CUST00416,0.0314719874045212,0,0
CUST00417,0.040172916587367,0,0
CUST00418,0.0,0,0
CUST00419,0.0018040277695055,0,0
CUST00420,0.9366988180077496,1,1
CUST00421,0.0002953564955454,0,0
CUST00422,0.0014659746871746,0,0
CUST00423,0.0031859100872118,0,0
CUST00424,0.0375266229235004,0,0
CUST00425,0.0089772357798147,0,0
CUST00426,0.0554219325364944,0,0
CUST00427,0.008215795396102,0,0
CUST00428,0.0061002683281832,0,0
CUST00429,0.9748371385686754,1,1
CUST00430,0.0305023587413826,0,0
CUST00431,0.0264341081982198,0,0
CUST00432,0.0050497066097667,0,0
CUST00433,0.01,0,0
CUST00434,0.9586368247596002,1,1
CUST00435,0.0545643644225879,0,0
CUST00436,0.0290651419831556,0,0
CUST00437,0.0103760754046043,0,0
CUST00438,0.0017811874583055,0,0
CUST00439,0.1201286539566049,0,0
CUST00440,0.0251368902686198,0,0
CUST00441,0.0427990436758472,0,0
CUST00442,0.0002953564955454,0,0
CUST00443,0.1021049023672635,0,0
CUST00444,0.0117811874583055,0,0
CUST00445,0.9941244312528412,1,1
CUST00446,0.0228486016295717,0,0
CUST00447,0.979995800799556,1,1
CUST00448,0.0049951656177427,0,0
CUST00449,0.0078407384042964,0,0
CUST00450,0.0125878621615301,0,0
CUST00451,0.0079067281814089,0,0
CUST00452,0.0131289824722383,0,0
CUST00453,0.998171437351884,1,1
CUST00454,0.0,0,0
CUST00455,0.961931485558266,1,1
CUST00456,0.032179650312722,0,0
CUST00457,0.002602472062693,0,0
CUST00458,0.0105257512675868,0,0
CUST00459,0.0184152589028533,0,0
CUST00460,0.0014659746871746,0,0
CUST00461,0.0023717916448197,0,0
CUST00462,0.0316022610775336,0,0
CUST00463,0.0057104010007856,0,0
CUST00464,0.002602472062693,0,0
CUST00465,0.0072797223046758,0,0
CUST00466,0.0057723062942985,0,0
CUST00467,0.0568116400513414,0,0
CUST00468,0.0190016784179827,0,0
CUST00469,0.0014659746871746,0,0
CUST00470,0.019235868514248,0,0
CUST00471,0.9262534548291124,1,1
CUST00472,0.0651200933653584,0,0
CUST00473,0.9779644782814908,1,1
CUST00474,0.8976614251114732,1,1
CUST00475,0.0002953564955454,0,0
CUST00476,0.0867048227332298,0,0
CUST00477,0.0023071155671476,0,0
CUST00478,0.0406140093669871,0,0
CUST00479,0.0450121279448213,0,0
CUST00480,0.9821943895684296,1,1
CUST00481,0.0604700497883579,0,0
CUST00482,0.0180706698384117,0,0
CUST00483,0.0115958359829506,0,0
CUST00484,0.9521422971773376,1,1
CUST00485,0.0280754413943068,0,0
CUST00486,0.0002953564955454,0,0
CUST00487,0.0027232124586396,0,0
CUST00488,0.0146995134734469,0,0
CUST00489,0.0223308438135273,0,0
CUST00490,0.09306859281373,0,0
CUST00491,0.0049989472629771,0,0
CUST00492,0.0057564499672384,0,0
CUST00493,0.003282269503546,0,0
CUST00494,0.0084749840307379,0,0
CUST00495,0.0035480333519218,0,0
CUST00496,0.0423637961117681,0,0
CUST00497,0.9663467165483354,1,1
CUST00498,0.0350146793759717,0,0
CUST00499,0.0018040277695055,0,0
CUST00500,0.0915564382260911,0,0
CUST00501,0.0216683959007783,0,0
CUST00502,0.0131382820558536,0,0
CUST00503,0.0665072570513582,0,0
CUST00504,0.020132031836952,0,0
CUST00505,0.00312713764482,0,0
CUST00506,0.0218196730095404,0,0
CUST00507,0.0224959395736236,0,0
CUST00508,0.0026052121159938,0,0
CUST00509,0.002602472062693,0,0
CUST00510,0.0060136487483475,0,0
CUST00511,0.9296327979214476,1,1
CUST00512,0.0450379831094838,0,0
CUST00513,0.0183399020030757,0,0
CUST00514,0.0029705010042159,0,0
CUST00515,0.9516785801376924,1,1
CUST00516,0.9849680431016912,1,1
CUST00517,0.0,0,0
CUST00518,0.0215882946129344,0,0
CUST00519,0.0,0,0
CUST00520,0.0508092159372764,0,0
CUST00521,0.0273490317674963,0,0
CUST00522,0.0034812665827572,0,0
CUST00523,0.02989535560983,0,0
CUST00524,0.0275154463404972,0,0
CUST00525,0.0254767661886907,0,0
CUST00526,0.0529752787777921,0,0
CUST00527,0.0018040277695055,0,0
CUST00528,0.018215795396102,0,0
CUST00529,0.0333504269591405,0,0
CUST00530,0.0018040277695055,0,0
CUST00531,0.0927989030374155,0,0
CUST00532,0.016288071107346,0,0
CUST00533,0.9735834084670354,1,1
CUST00534,0.0041138833899539,0,0
CUST00535,0.0337732470308929,0,0
CUST00536,0.9687547328279232,1,1
CUST00537,0.0078512319195632,0,0
CUST00538,0.0122199431512878,0,0
CUST00539,0.0014659746871746,0,0
CUST00540,0.0226470395551979,0,0
CUST00541,0.0437868155084366,0,0
CUST00542,0.022997697216143,0,0
CUST00543,0.0413836809380177,0,0
CUST00544,0.0534219131216265,0,0
CUST00545,0.0208681599687455,0,0
CUST00546,0.0094918602002285,0,0
CUST00547,0.0116116289744539,0,0
CUST00548,0.0,0,0
CUST00549,0.0045739036252672,0,0
CUST00550,0.0200571181340466,0,0
CUST00551,0.0247830447727702,0,0
CUST00552,0.0029186216638918,0,0
CUST00553,0.00312713764482,0,0
CUST00554,0.045287504800764,0,0
CUST00555,0.0287541191969546,0,0
CUST00556,0.0448337154604989,0,0
CUST00557,0.9552812672986534,1,1
CUST00558,0.0170479961398396,0,0
CUST00559,0.9701130446539928,1,1
CUST00560,0.0029781209781209,0,0
CUST00561,0.8749206023439268,1,1
CUST00562,0.0023717916448197,0,0
CUST00563,0.0078407384042964,0,0
CUST00564,0.0148044342250338,0,0
CUST00565,0.1023882348463925,0,0
CUST00566,0.054078616007695,0,0
CUST00567,0.00312713764482,0,0
CUST00568,0.9222717079068568,1,1
CUST00569,0.0217793502914685,0,0
CUST00570,0.034102742666465,0,0
CUST00571,0.0595441387180847,0,0
CUST00572,0.0129046656150846,0,0
CUST00573,0.0391325914100128,0,0
CUST00574,0.0214134093116188,0,0
CUST00575,0.9589832834476106,1,1
CUST00576,0.0515265387961233,0,0
CUST00577,0.002602472062693,0,0
CUST00578,0.0170537059492999,0,0
CUST00579,0.0346712855753878,0,0
CUST00580,0.0623103950726493,0,0
CUST00581,0.0427597548796334,0,0
CUST00582,0.0193331343367606,0,0
CUST00583,0.018729296308614,0,0
CUST00584,0.005792945522004,0,0
CUST00585,0.0020765439538509,0,0
CUST00586,0.0479305740932953,0,0
CUST00587,0.0032472381021697,0,0
CUST00588,0.0023071155671476,0,0
CUST00589,0.0148272402616714,0,0
CUST00590,0.0061651284102895,0,0
CUST00591,0.0012011734531904,0,0
CUST00592,0.0035425945977151,0,0
CUST00593,0.034197642835193,0,0
CUST00594,0.99114371275634,1,1
CUST00595,0.0156766760022015,0,0
CUST00596,0.0023071155671476,0,0
CUST00597,0.0072190722747457,0,0
CUST00598,0.0103381931821538,0,0
CUST00599,0.0302123577409779,0,0
CUST00600,0.0203598912842668,0,0
CUST00601,0.0253976251545506,0,0
CUST00602,0.1229774681449887,0,0
CUST00603,0.0335670807650437,0,0
CUST00604,0.9869579228816316,1,1
CUST00605,0.0087917638353236,0,0
CUST00606,0.0147537860889575,0,0
CUST00607,0.0,0,0
CUST00608,0.0175781808323792,0,0
CUST00609,0.0189597043135902,0,0
CUST00610,0.0002953564955454,0,0
CUST00611,0.0002953564955454,0,0
CUST00612,0.0254170116423963,0,0
CUST00613,0.0,0,0
CUST00614,0.0621768529708339,0,0
CUST00615,0.0366619209983103,0,0
CUST00616,0.9792544181737324,1,1
CUST00617,0.0203719480349499,0,0
CUST00618,0.0002953564955454,0,0
CUST00619,0.0683025346098564,0,0
CUST00620,0.029927556642388,0,0
CUST00621,0.0005497742931812,0,0
CUST00622,0.0157526035297058,0,0
CUST00623,0.0070062260629575,0,0
CUST00624,0.0697162096881494,0,0
CUST00625,0.0387790905040852,0,0
CUST00626,0.037418449444506,0,0
CUST00627,0.0098809698579002,0,0
CUST00628,0.0272798679544592,0,0
CUST00629,0.0041111433366531,0,0
CUST00630,0.0145295502131649,0,0
CUST00631,0.0174214830920317,0,0
CUST00632,0.0173492114762366,0,0
CUST00633,0.9717215233940324,1,1
CUST00634,0.9611478571177948,1,1
CUST00635,0.0172340764110307,0,0
CUST00636,0.0014659746871746,0,0
CUST00637,0.0114363714203558,0,0
CUST00638,0.0875661762552198,0,0
CUST00639,0.0014659746871746,0,0
CUST00640,0.9871755772071809,1,1
CUST00641,0.0265901765886754,0,0
CUST00642,0.0175284100434645,0,0
CUST00643,0.0206479497364561,0,0
CUST00644,0.013319519050623,0,0
CUST00645,0.0239013916797636,0,0
CUST00646,0.0066682162079316,0,0
CUST00647,0.0230062992945776,0,0
CUST00648,0.9713063374890224,1,1
CUST00649,0.0071759561325799,0,0
CUST00650,0.0327001936658585,0,0
CUST00651,0.0002953564955454,0,0
CUST00652,0.0063517018306783,0,0
CUST00653,0.0519292976961621,0,0
CUST00654,0.0226303525813127,0,0
CUST00655,0.0110954659184786,0,0
CUST00656,0.0248703735156901,0,0
CUST00657,0.0057723062942985,0,0
CUST00658,0.0078407384042964,0,0
CUST00659,0.0104441905758939,0,0
CUST00660,0.0391572314419942,0,0
CUST00661,0.0018040277695055,0,0
CUST00662,0.042218933705434,0,0
CUST00663,0.0222102020062883,0,0
CUST00664,0.0139118790562214,0,0
CUST00665,0.007533372484662,0,0
CUST00666,0.0018040277695055,0,0
CUST00667,0.0073715639584309,0,0
CUST00668,0.0139878501897836,0,0
CUST00669,0.9578154816242546,1,1
CUST00670,0.0225522602983631,0,0
CUST00671,0.0217067001118242,0,0
CUST00672,0.8947245276199509,1,1
CUST00673,0.0002953564955454,0,0
CUST00674,0.0580902641915883,0,0
CUST00675,0.0020765439538509,0,0
CUST00676,0.0077671654665157,0,0
CUST00677,0.0052669518424098,0,0
CUST00678,0.0481262629146862,0,0
CUST00679,0.0353445642722197,0,0
CUST00680,0.0748139304620038,0,0
CUST00681,0.0223478067227668,0,0
CUST00682,0.0178493105622682,0,0
CUST00683,0.7962508800629573,1,1
CUST00684,0.0391063629594014,0,0
CUST00685,0.0002953564955454,0,0
CUST00686,0.0263988951667327,0,0
CUST00687,0.0023071155671476,0,0
CUST00688,0.0706838935239135,0,0
CUST00689,0.0113744300451347,0,0
CUST00690,0.9818158534705228,1,1
CUST00691,0.0,0,0
CUST00692,0.9668046228271876,1,1
CUST00693,0.0053450631053121,0,0
CUST00694,0.0421099492757102,0,0
CUST00695,0.0086818792842693,0,0
CUST00696,0.0163492086414595,0,0
CUST00697,0.0002953564955454,0,0
CUST00698,0.0580585757664643,0,0
CUST00699,0.0155378447879646,0,0
CUST00700,0.0114308466254593,0,0
CUST00701,0.9380103831699474,1,1
CUST00702,0.0186796699174793,0,0
CUST00703,0.0014659746871746,0,0
CUST00704,0.0352223950394351,0,0
CUST00705,0.0020765439538509,0,0
CUST00706,0.0244262930668406,0,0
CUST00707,0.077218873070327,0,0
CUST00708,0.0020765439538509,0,0
CUST00709,0.002602472062693,0,0
CUST00710,0.0144210959874721,0,0
CUST00711,0.0148217597720771,0,0
CUST00712,0.009584054290286,0,0
CUST00713,0.0169235085790913,0,0
CUST00714,0.0390652121249788,0,0
CUST00715,0.0195654701738724,0,0
CUST00716,0.9883109855909123,1,1
CUST00717,0.0,0,0
CUST00718,0.0179496037931388,0,0
CUST00719,0.0086818792842693,0,0
CUST00720,0.9830880875221304,1,1
CUST00721,0.0364194562604031,0,0
CUST00722,0.0093160816834059,0,0
CUST00723,0.0074214982545864,0,0
CUST00724,0.0002953564955454,0,0
CUST00725,0.0062508800629571,0,0
CUST00726,0.0342663875165256,0,0
CUST00727,0.037545381908751,0,0
CUST00728,0.0002953564955454,0,0
CUST00729,0.0,0,0
CUST00730,0.0360805357006011,0,0
CUST00731,0.0023071155671476,0,0
CUST00732,0.0014659746871746,0,0
CUST00733,0.0088137254552348,0,0
CUST00734,0.0059988832608782,0,0
CUST00735,0.0225602456151402,0,0
CUST00736,0.0020765439538509,0,0
CUST00737,0.9642925448485976,1,1
CUST00738,0.0026792894655893,0,0
CUST00739,0.0278188959954521,0,0
CUST00740,0.002602472062693,0,0
CUST00741,0.0785131631475877,0,0
CUST00742,0.0376961194196267,0,0
CUST00743,0.990558188804879,1,1
CUST00744,0.0018040277695054,0,0
CUST00745,0.0125542004908433,0,0
CUST00746,0.00150867127396,0,0
CUST00747,0.0539043356137843,0,0
CUST00748,0.9640679652313364,1,1
CUST00749,0.0023071155671476,0,0
CUST00750,0.923736143447895,1,1
CUST00751,0.0409372464199772,0,0
CUST00752,0.0420538717456794,0,0
CUST00753,0.00150867127396,0,0
CUST00754,0.0945682834768878,0,0
CUST00755,0.0002953564955454,0,0
CUST00756,0.0572056640645273,0,0
CUST00757,0.025045590228142,0,0
CUST00758,0.0342171649857626,0,0
CUST00759,0.0399051355623451,0,0
CUST00760,0.0008451307887266,0,0
CUST00761,0.0539605190307255,0,0
CUST00762,0.0145765004714328,0,0
CUST00763,0.9464194562604032,1,1
CUST00764,0.9425136537758216,1,1
CUST00765,0.0002953564955454,0,0
CUST00766,0.9486744346383424,1,1
CUST00767,0.0081855735063016,0,0
CUST00768,0.054317716284446,0,0
CUST00769,0.0227303821411726,0,0
CUST00770,0.0683097698229281,0,0
CUST00771,0.036691171473925,0,0
CUST00772,0.0578438809441013,0,0
CUST00773,0.0023071155671476,0,0
CUST00774,0.0,0,0
CUST00775,0.0002953564955454,0,0
CUST00776,0.0320417450218814,0,0
CUST00777,0.026635451530882,0,0
CUST00778,0.0520323636522218,0,0
CUST00779,0.0064708009466576,0,0
CUST00780,0.94941555709042,1,1
CUST00781,0.0029598362752622,0,0
CUST00782,0.0014659746871746,0,0
CUST00783,0.0293438430859817,0,0
CUST00784,0.9404504459814929,1,1
CUST00785,0.0291301113597782,0,0
CUST00786,0.025285626157125,0,0
CUST00787,0.0160805357006011,0,0
CUST00788,0.0261110918498622,0,0
CUST00789,0.033965173304278,0,0
CUST00790,0.966374716044231,1,1
CUST00791,0.0572130954056307,0,0
CUST00792,0.0158551163236,0,0
CUST00793,0.0118527851311062,0,0
CUST00794,0.0232390049966298,0,0
CUST00795,0.0231952499309582,0,0
CUST00796,0.0162198652933016,0,0
CUST00797,0.9431497208081172,1,1
CUST00798,0.0337287435564705,0,0
CUST00799,0.0091105529692402,0,0
CUST00800,0.0002953564955454,0,0
CUST00801,0.0044484115553601,0,0
CUST00802,0.0678846351416456,0,0
CUST00803,0.9432603300198728,1,1
CUST00804,0.0270971663467185,0,0
CUST00805,0.0575369847851765,0,0
CUST00806,0.0014659746871746,0,0
CUST00807,0.0329218886135757,0,0
CUST00808,0.0121372140928957,0,0
CUST00809,0.0343847046508023,0,0
CUST00810,0.0319707088896337,0,0
CUST00811,0.0052603114376137,0,0
CUST00812,0.0199724756831813,0,0
CUST00813,0.0037417094915121,0,0
CUST00814,0.0417080109952021,0,0
CUST00815,0.0080944658258334,0,0
CUST00816,0.0686630274305629,0,0
CUST00817,0.0236083269501669,0,0
CUST00818,0.0427074762744932,0,0
CUST00819,0.9481783615265266,1,1
CUST00820,0.0341013051173943,0,0
CUST00821,0.0111853727596092,0,0
CUST00822,0.0106383987374601,0,0
CUST00823,0.0238597098341579,0,0
CUST00824,0.0059522722228066,0,0
CUST00825,0.0537724084076973,0,0
CUST00826,0.0174893864884272,0,0
CUST00827,0.0203309702647815,0,0
CUST00828,0.0564723816942658,0,0
CUST00829,0.0273984717212951,0,0
CUST00830,0.0166445651370049,0,0
CUST00831,0.0014659746871746,0,0
CUST00832,0.004361100640784,0,0
CUST00833,0.0114659746871746,0,0
CUST00834,0.9561736110418422,1,1
CUST00835,0.0048873131731652,0,0
CUST00836,0.0018040277695055,0,0
CUST00837,0.0102716326989846,0,0
CUST00838,0.0038804629187798,0,0
CUST00839,0.0243069357982339,0,0
CUST00840,0.0052281970176231,0,0
CUST00841,0.0400113965198749,0,0
CUST00842,0.0485196593027337,0,0
CUST00843,0.0002953564955454,0,0
CUST00844,0.0247842568013806,0,0
CUST00845,0.0080625219620611,0,0
CUST00846,0.0094228234031389,0,0
CUST00847,0.00150867127396,0,0
CUST00848,0.1814659746871746,0,0
CUST00849,0.002602472062693,0,0
CUST00850,0.0339077935539704,0,0
CUST00851,0.0140937501923951,0,0
CUST00852,0.0804780849590689,0,0
CUST00853,0.9619613748855756,1,1
CUST00854,0.019418578182905,0,0
CUST00855,0.9307103381300816,1,1
CUST00856,0.0136169672148787,0,0
CUST00857,0.005045590228142,0,0
CUST00858,0.0084749840307379,0,0
CUST00859,0.0632895275504397,0,0
CUST00860,0.0018040277695055,0,0
CUST00861,0.0118040277695055,0,0
CUST00862,0.9729650384542946,1,1
CUST00863,0.0470857206276148,0,0
CUST00864,0.0734201154817927,0,0
CUST00865,0.0948842780906142,0,0
CUST00866,0.8921398539875912,1,1
CUST00867,0.0050282485875706,0,0
CUST00868,0.0792528332319982,0,0
CUST00869,0.0124178028290584,0,0
CUST00870,0.0196955274038454,0,0
CUST00871,0.0256530312396742,0,0
CUST00872,0.0137686841237818,0,0
CUST00873,0.9105681834686468,1,1
CUST00874,0.00312713764482,0,0
CUST00875,0.0504444171206808,0,0
CUST00876,0.0799615254165175,0,0
CUST00877,0.0086919277062706,0,0
CUST00878,0.9926949470735188,1,1
CUST00879,0.0217356850586479,0,0
CUST00880,0.0577358609943335,0,0
CUST00881,0.0187015529275684,0,0
CUST00882,0.975420486215104,1,1
CUST00883,0.0166445651370049,0,0
CUST00884,0.0019565194531907,0,0
CUST00885,0.9883208916945116,1,1
CUST00886,0.0121308164557559,0,0
CUST00887,0.0084331939040449,0,0
CUST00888,0.0018040277695054,0,0
CUST00889,0.0207037749453726,0,0
CUST00890,0.0153102538931914,0,0
CUST00891,0.0052292584145219,0,0
CUST00892,0.0034651907271508,0,0
CUST00893,0.0483677365729865,0,0
CUST00894,0.0261083853660131,0,0
CUST00895,0.0256079099511916,0,0
CUST00896,0.0049653049741809,0,0
CUST00897,0.0174238210846734,0,0
CUST00898,0.0074177220784578,0,0
CUST00899,0.0012011734531904,0,0
CUST00900,0.0024151300776447,0,0
CUST00901,0.0136876022156314,0,0
CUST00902,0.0581144558267379,0,0
CUST00903,0.0080063695656915,0,0
CUST00904,0.0489740189330011,0,0
CUST00905,0.9456104052773796,1,1
CUST00906,0.0094206262704467,0,0
CUST00907,0.0002953564955454,0,0
CUST00908,0.0569445414420416,0,0
CUST00909,0.0335929124263415,0,0
CUST00910,0.0042636350203384,0,0
CUST00911,0.0212198387811671,0,0
CUST00912,0.0034812665827572,0,0
CUST00913,0.0417944263610098,0,0
CUST00914,0.0460796839565478,0,0
CUST00915,0.0014659746871746,0,0
CUST00916,0.0759160165413567,0,0
CUST00917,0.00312713764482,0,0
CUST00918,0.0243069357982339,0,0
CUST00919,0.0187015529275684,0,0
CUST00920,0.035273029076376,0,0
CUST00921,0.0020927776544703,0,0
CUST00922,0.0280096955796511,0,0
CUST00923,0.0044484115553601,0,0
CUST00924,0.0067124016937546,0,0
CUST00925,0.9586382874816812,1,1
CUST00926,0.0441468513347277,0,0
CUST00927,0.030812812260933,0,0
CUST00928,0.0029823609114959,0,0
CUST00929,0.00312713764482,0,0
CUST00930,0.0062350665829126,0,0
CUST00931,0.9791259362617108,1,1
CUST00932,0.0035480333519218,0,0
CUST00933,0.0262703853373369,0,0
CUST00934,0.9349098726060924,1,1
CUST00935,0.0118815748332903,0,0
CUST00936,0.00312713764482,0,0
CUST00937,0.0269508199327872,0,0
CUST00938,0.0196570849821884,0,0
CUST00939,0.0044340841313978,0,0
CUST00940,0.9255474438447772,1,1
CUST00941,0.0711666077498132,0,0
CUST00942,0.0152362547333765,0,0
CUST00943,0.0351095227788419,0,0
CUST00944,0.0063676389653274,0,0
CUST00945,0.0023071155671476,0,0
CUST00946,0.0184319533527068,0,0
CUST00947,0.0018040277695055,0,0
CUST00948,0.0202276556384219,0,0
CUST00949,0.0205197721625177,0,0
CUST00950,0.0181087933693763,0,0
CUST00951,0.9478598291703254,1,1
CUST00952,0.0742530044363123,0,0
CUST00953,0.0029746459611347,0,0
CUST00954,0.0088137254552348,0,0
CUST00955,0.0014659746871746,0,0
CUST00956,0.0894826608389341,0,0
CUST00957,0.042443335665594,0,0
CUST00958,0.0064194562604031,0,0
CUST00959,0.965946834973521,1,1
CUST00960,0.0023071155671476,0,0
CUST00961,0.8401358538934741,1,1
CUST00962,0.0140404027773545,0,0
CUST00963,0.014615166225764,0,0
CUST00964,0.0086818792842693,0,0
CUST00965,0.0472392385356808,0,0
CUST00966,0.0029705010042159,0,0
CUST00967,0.932840041749068,1,1
CUST00968,0.0745527750052637,0,0
CUST00969,0.0405772675903374,0,0
CUST00970,0.0243076652865438,0,0
CUST00971,0.0675637828932418,0,0
CUST00972,0.0027098447271505,0,0
CUST00973,0.9587944960811784,1,1
CUST00974,0.0070062260629575,0,0
CUST00975,0.0081768442545868,0,0
CUST00976,0.9866107301361678,1,1
CUST00977,0.0881972364636456,0,0
CUST00978,0.0058947124663724,0,0
CUST00979,0.00150867127396,0,0
CUST00980,0.0164816388405047,0,0
CUST00981,0.011380369270919,0,0
CUST00982,0.0416377853673602,0,0
CUST00983,0.0151342516896668,0,0
CUST00984,0.9472196222769508,1,1
CUST00985,0.0701745523273334,0,0
CUST00986,0.0253452346664494,0,0
CUST00987,0.0317680702616193,0,0
CUST00988,0.0037417094915121,0,0
CUST00989,0.0202119149686845,0,0
CUST00990,0.9591085043124864,1,1
CUST00991,0.0442666201200055,0,0
CUST00992,0.0197878788572112,0,0
CUST00993,0.002602472062693,0,0
CUST00994,0.0189674581860818,0,0
CUST00995,0.0002953564955454,0,0
CUST00996,0.9311309470133666,1,1
CUST00997,0.0534532480537806,0,0
CUST00998,0.0199038319680802,0,0
CUST00999,0.0313668203652645,0,0
CUST01000,0.0002953564955454,0,0
CUST01001,0.0057609831638431,0,0
CUST01002,0.9770358313918796,1,1
CUST01003,0.0430533464342805,0,0
CUST01004,0.0044107438470428,0,0
CUST01005,0.0632694766827888,0,0
CUST01006,0.0067124016937546,0,0
CUST01007,0.0093297851771237,0,0
CUST01008,0.0057104010007856,0,0
CUST01009,0.0044107438470428,0,0
CUST01010,0.0075481300310217,0,0
CUST01011,0.0029781209781209,0,0
CUST01012,0.0014659746871746,0,0
CUST01013,0.0314005369532683,0,0
CUST01014,0.0304279669762309,0,0
CUST01015,0.002602472062693,0,0
CUST01016,0.0185763540341959,0,0
CUST01017,0.0082171036503714,0,0
CUST01018,0.0294357361995887,0,0
CUST01019,0.0407488212046114,0,0
CUST01020,0.0716823483100102,0,0
CUST01021,0.0858113116103055,0,0
CUST01022,0.9254523079049964,1,1
CUST01023,0.0009064588036846,0,0
CUST01024,0.0408633583648787,0,0
CUST01025,0.0194578483495547,0,0
CUST01026,0.0122945406736365,0,0
CUST01027,0.0042960471567926,0,0
CUST01028,0.0087459843311388,0,0
CUST01029,0.0443336159228348,0,0
CUST01030,0.0005497742931812,0,0
CUST01031,0.0231443507009237,0,0
CUST01032,0.0380545703879608,0,0
CUST01033,0.0378478263015428,0,0
CUST01034,0.0478370636377983,0,0
CUST01035,0.0028614532324281,0,0
CUST01036,0.1113092346408961,0,0
CUST01037,0.0891728770630461,0,0
CUST01038,0.0222199911900365,0,0
CUST01039,0.0058816593345042,0,0
CUST01040,0.0229654132430923,0,0
CUST01041,0.0,0,0
CUST01042,0.0339256216943143,0,0
CUST01043,0.946707547009384,1,1
CUST01044,0.042551776934965,0,0
CUST01045,0.0058947124663724,0,0
CUST01046,0.0050282485875706,0,0
CUST01047,0.002602472062693,0,0
CUST01048,0.0536949523865559,0,0
CUST01049,0.0126919841191172,0,0
CUST01050,0.022941278453297,0,0
CUST01051,0.0319539552108322,0,0
CUST01052,0.080323288374765,0,0
CUST01053,0.0110494349700618,0,0
CUST01054,0.0069752062783295,0,0
CUST01055,0.0212058795382168,0,0
CUST01056,0.0014659746871746,0,0
CUST01057,0.1918928150387326,0,0
CUST01058,0.0067178594141905,0,0
CUST01059,0.9543812283934804,1,1
CUST01060,0.0197220348487565,0,0
CUST01061,0.0088866734126545,0,0
CUST01062,0.0170030311930302,0,0
CUST01063,0.0433276490904116,0,0
CUST01064,0.927720011105662,1,1
CUST01065,0.0018040277695055,0,0
CUST01066,0.9031440955458812,1,1
CUST01067,0.0268527223193868,0,0
CUST01068,0.0770985321557478,0,0
CUST01069,0.0041153873514974,0,0
CUST01070,0.0125888206447371,0,0
CUST01071,0.0547412820453464,0,0
CUST01072,0.0086762747262346,0,0
CUST01073,0.9588613415444815,1,1
CUST01074,0.0029823609114959,0,0
CUST01075,0.0193525994861764,0,0
CUST01076,0.0026361357940305,0,0
CUST01077,0.0159348929669529,0,0
CUST01078,0.9436398674307248,1,1
CUST01079,0.0268233041241408,0,0
CUST01080,0.0077671654665157,0,0
CUST01081,0.0537750482809625,0,0
CUST01082,0.0068664688427299,0,0
CUST01083,0.9194230492756162,1,1
CUST01084,0.0166820590614415,0,0
CUST01085,0.0171078957614465,0,0
CUST01086,0.0245529893636907,0,0
CUST01087,0.89815412287663,1,1
CUST01088,0.0002953564955454,0,0
CUST01089,0.9403171818458071,1,1
CUST01090,0.0063676389653274,0,0
CUST01091,0.0196668214350512,0,0
CUST01092,0.0206199090232849,0,0
CUST01093,0.0302430084581417,0,0
CUST01094,0.0108834517381134,0,0
CUST01095,0.0133356515848359,0,0
CUST01096,0.952602472062693,1,1
CUST01097,0.0018040277695055,0,0
CUST01098,0.9770294178859624,1,1
CUST01099,0.0046933445184615,0,0
CUST01100,0.0,0,0
CUST01101,0.0052066795045041,0,0
CUST01102,0.0536292428627859,0,0
CUST01103,0.0715412274790159,0,0
CUST01104,0.0248157535360687,0,0
CUST01105,0.011395887552898,0,0
CUST01106,0.0,0,0
CUST01107,0.0365748075741711,0,0
CUST01108,0.033883185717829,0,0
CUST01109,0.0045739036252672,0,0
CUST01110,0.0130782047816881,0,0
CUST01111,0.9888766539355862,1,1
CUST01112,0.0078407384042964,0,0
CUST01113,0.0169135528747304,0,0
CUST01114,0.0018040277695055,0,0
CUST01115,0.9850537604289894,1,1
CUST01116,0.9523527817399224,1,1
CUST01117,0.9652142581652192,1,1
CUST01118,0.016185133052586,0,0
CUST01119,0.0,0,0
CUST01120,0.0390628705541235,0,0
CUST01121,0.947518574489192,1,1
CUST01122,0.9655228222028168,1,1
CUST01123,0.0115111038328952,0,0
CUST01124,0.0284013993332657,0,0
CUST01125,0.1017556822409879,0,0
CUST01126,0.0650049016920559,0,0
CUST01127,0.056689072241141,0,0
CUST01128,0.0002953564955454,0,0
CUST01129,0.0439335529275303,0,0
CUST01130,0.0143343107050731,0,0
CUST01131,0.0526551226100752,0,0
CUST01132,0.0316611629576453,0,0
CUST01133,0.0262703853373369,0,0
CUST01134,0.0870558002394567,0,0
CUST01135,0.0055239259458068,0,0
CUST01136,0.955469463051842,1,1
CUST01137,0.0008451307887266,0,0
CUST01138,0.0383837068446387,0,0
CUST01139,0.0041304544668915,0,0
CUST01140,0.9305483260937852,1,1
CUST01141,0.004231702837672,0,0
CUST01142,0.0244578123777776,0,0
CUST01143,0.0029823609114959,0,0
CUST01144,0.0476066191742225,0,0
CUST01145,0.0229458799210673,0,0
CUST01146,0.0,0,0
CUST01147,0.0671974889210526,0,0
CUST01148,0.0166195511041466,0,0
CUST01149,0.9300134466661484,1,1
CUST01150,0.0178072974305677,0,0
CUST01151,0.0,0,0
CUST01152,0.0183203933399518,0,0
CUST01153,0.0157200763937356,0,0
CUST01154,0.0089772357798147,0,0
CUST01155,0.1008384877392276,0,0
CUST01156,0.9224650917666724,1,1
CUST01157,0.0038597098341579,0,0
CUST01158,0.0418699484249173,0,0
CUST01159,0.0083779869659666,0,0
CUST01160,0.0218847306638409,0,0
CUST01161,0.0220541212418944,0,0
CUST01162,0.9082005817250872,1,1
CUST01163,0.0112860867260804,0,0
CUST01164,0.0011706181916292,0,0
CUST01165,0.0002953564955454,0,0
CUST01166,0.0532872772939608,0,0
CUST01167,0.0002953564955454,0,0
CUST01168,0.0099004169310853,0,0
CUST01169,0.1128807896329563,0,0
CUST01170,0.0187917638353236,0,0
CUST01171,0.0090443036677575,0,0
CUST01172,0.0,0,0
CUST01173,0.0219216592561522,0,0
CUST01174,0.0255754775233166,0,0
CUST01175,0.0156793575247727,0,0
CUST01176,0.0020765439538509,0,0
CUST01177,0.0542022121501626,0,0
CUST01178,0.0384549220220449,0,0
CUST01179,0.0990596311350531,0,0
CUST01180,0.0019565194531907,0,0
CUST01181,0.9886889909208786,1,1
CUST01182,0.0046654810019336,0,0
CUST01183,0.0114124609027995,0,0
CUST01184,0.0172116581759683,0,0
CUST01185,0.0219590659277736,0,0
CUST01186,0.002602472062693,0,0
CUST01187,0.0,0,0
CUST01188,0.8552755077114722,1,1
CUST01189,0.0044484115553601,0,0
CUST01190,0.0081226044088199,0,0
CUST01191,0.0121060672166997,0,0
CUST01192,0.0508588408228598,0,0
CUST01193,0.0050497066097667,0,0
CUST01194,0.0209705356082247,0,0
CUST01195,0.0290373814320632,0,0
CUST01196,0.0002953564955454,0,0
CUST01197,0.9602884443908952,1,1
CUST01198,0.0135464535998766,0,0
CUST01199,0.0168876677652585,0,0
CUST01200,0.0089772357798147,0,0
CUST01201,0.98,1,1
CUST01202,0.0211004012574439,0,0
CUST01203,0.0382133677477061,0,0
CUST01204,0.0173039159594561,0,0
CUST01205,0.0002953564955454,0,0
CUST01206,0.0027232124586396,0,0
CUST01207,0.0021269685642502,0,0
CUST01208,0.0066682162079316,0,0
CUST01209,0.0067178594141905,0,0
CUST01210,0.0338118859874184,0,0
CUST01211,0.0197019710652765,0,0
CUST01212,0.0147766930191455,0,0
CUST01213,0.0424317951136019,0,0
CUST01214,0.0344161060869354,0,0
CUST01215,0.0188228768281726,0,0
CUST01216,0.0002953564955454,0,0
CUST01217,0.0906793833519798,0,0
CUST01218,0.0200398059530453,0,0
CUST01219,0.0200571181340466,0,0
CUST01220,0.0,0,0
CUST01221,0.00150867127396,0,0
CUST01222,0.0,0,0
CUST01223,0.0632578719541911,0,0
CUST01224,0.0023717916448197,0,0
CUST01225,0.0175750025010262,0,0
CUST01226,0.9610258781968608,1,1
CUST01227,0.0002953564955454,0,0
CUST01228,0.0031203141732079,0,0
CUST01229,0.9979047568395129,1,1
CUST01230,0.0171809234697167,0,0
CUST01231,0.005792945522004,0,0
CUST01232,0.0011706181916292,0,0
CUST01233,0.0019565194531907,0,0
CUST01234,0.0284179862442645,0,0
CUST01235,0.0155317188324133,0,0
CUST01236,0.088687614582148,0,0
CUST01237,0.0123071155671476,0,0
CUST01238,0.0123134244709686,0,0
CUST01239,0.0023071155671476,0,0
CUST01240,0.002602472062693,0,0
CUST01241,0.0115525942670103,0,0
CUST01242,0.0176460248496544,0,0
CUST01243,0.0105504226433197,0,0
CUST01244,0.0683863374632957,0,0
CUST01245,0.0752142599691499,0,0
CUST01246,0.0035425945977151,0,0
CUST01247,0.014840627105198,0,0
CUST01248,0.0307924001678945,0,0
CUST01249,0.0029314922895759,0,0
CUST01250,0.0274355365717365,0,0
CUST01251,0.0089011413183615,0,0
CUST01252,0.0314800238407509,0,0
CUST01253,0.0519260503275801,0,0
CUST01254,0.0018040277695055,0,0
CUST01255,0.0277044326493874,0,0
CUST01256,0.0195352413673278,0,0
CUST01257,0.0002953564955454,0,0
CUST01258,0.0194137953812536,0,0
CUST01259,0.0248060646748577,0,0
CUST01260,0.0064194562604031,0,0
CUST01261,0.0081768442545868,0,0
CUST01262,0.0174579720166619,0,0
CUST01263,0.0197220348487565,0,0
CUST01264,0.056296770903755,0,0
CUST01265,0.011749584152427,0,0
CUST01266,0.9905019304534924,1,1
CUST01267,0.007545381908751,0,0
CUST01268,0.0094228234031389,0,0
CUST01269,0.9892921315934464,1,1
CUST01270,0.0196915655828765,0,0
CUST01271,0.0019565194531907,0,0
CUST01272,0.0486760066777611,0,0
CUST01273,0.0055235535131685,0,0
CUST01274,0.0387027200173313,0,0
CUST01275,0.0002953564955454,0,0
CUST01276,0.032034450651963,0,0
CUST01277,0.0068222861627209,0,0
CUST01278,0.0426680550202169,0,0
CUST01279,0.0228349700839815,0,0
CUST01280,0.0448247795347638,0,0
CUST01281,0.0107591391334067,0,0
CUST01282,0.0061900689619178,0,0
CUST01283,0.0513264296055806,0,0
CUST01284,0.0735812614945858,0,0
CUST01285,0.0046654810019336,0,0
CUST01286,0.002602472062693,0,0
CUST01287,0.0033161364287761,0,0
CUST01288,0.0581249462938438,0,0
CUST01289,0.9644907033331224,1,1
CUST01290,0.0567058439865545,0,0
CUST01291,0.0121308164557559,0,0
CUST01292,0.0809072900395328,0,0
CUST01293,0.0194093364995429,0,0
CUST01294,0.0026361357940305,0,0
CUST01295,0.0330179841668293,0,0
CUST01296,0.0256993023579978,0,0
CUST01297,0.0102789650242886,0,0
CUST01298,0.0009064588036846,0,0
CUST01299,0.0219647714947169,0,0
CUST01300,0.0514078701181062,0,0
CUST01301,0.0018122757613296,0,0
CUST01302,0.0300892951035491,0,0
CUST01303,0.9662660221033952,1,1
CUST01304,0.0087035536713498,0,0
CUST01305,0.0413904758462357,0,0
CUST01306,0.0832345904482196,0,0
CUST01307,0.0089683389197061,0,0
CUST01308,0.0077671654665157,0,0
CUST01309,0.0432714148944546,0,0
CUST01310,0.0385706538477705,0,0
CUST01311,0.004617089809398,0,0
CUST01312,0.0023717916448197,0,0
CUST01313,0.0712241442612021,0,0
CUST01314,0.9730913170740092,1,1
CUST01315,0.0400543302685749,0,0
CUST01316,0.9778646835857228,1,1
CUST01317,0.0284720406080306,0,0
CUST01318,0.0237664003491435,0,0
CUST01319,0.9673645950730466,1,1
CUST01320,0.9593492848612656,1,1
CUST01321,0.0100953442182001,0,0
CUST01322,0.004491032185456,0,0
CUST01323,0.0262137124426885,0,0
CUST01324,0.9414514899835592,1,1
CUST01325,0.0238760458659647,0,0
CUST01326,0.002602472062693,0,0
CUST01327,0.0020765439538509,0,0
CUST01328,0.002602472062693,0,0
CUST01329,0.008729588948865,0,0
CUST01330,0.0070062260629575,0,0
CUST01331,0.018196520930974,0,0
CUST01332,0.0104920721660395,0,0
CUST01333,0.9627543109457952,1,1
CUST01334,0.0042636350203384,0,0
CUST01335,0.0307665114042666,0,0
CUST01336,0.035703039511343,0,0
CUST01337,0.0490761204547384,0,0
CUST01338,0.0475931371937624,0,0
CUST01339,0.0014659746871746,0,0
CUST01340,0.0667092820419575,0,0
CUST01341,0.0445725232705344,0,0
CUST01342,0.0526025423062131,0,0
CUST01343,0.0057104010007856,0,0
CUST01344,0.0216896600721389,0,0
CUST01345,0.0002953564955454,0,0
CUST01346,0.0105229109632496,0,0
CUST01347,0.0053450631053121,0,0
CUST01348,0.0131302089362534,0,0
CUST01349,0.0573902854704034,0,0
CUST01350,0.0530599884989801,0,0
CUST01351,0.0285267238475442,0,0
CUST01352,0.0277102919570668,0,0
CUST01353,0.0152623875733881,0,0
CUST01354,0.0042636350203384,0,0
CUST01355,0.0002953564955454,0,0
CUST01356,0.0240182166069339,0,0
CUST01357,0.0019565194531907,0,0
CUST01358,0.0086796699174793,0,0
CUST01359,0.0053599818230699,0,0
CUST01360,0.0162337826936949,0,0
CUST01361,0.0314940443811693,0,0
CUST01362,0.0692905438519672,0,0
CUST01363,0.0823821539318023,0,0
CUST01364,0.0106690163794789,0,0
CUST01365,0.9160976328715688,1,1
CUST01366,0.0252067024560694,0,0
CUST01367,0.9578813721761094,1,1
CUST01368,0.052128089455769,0,0
CUST01369,0.0197509851415818,0,0
CUST01370,0.0075401905594151,0,0
CUST01371,0.0140433031910474,0,0
CUST01372,0.002602472062693,0,0
CUST01373,0.0306133133760621,0,0
CUST01374,0.0078407384042964,0,0
CUST01375,0.03581200283385,0,0
CUST01376,0.0086610291643474,0,0
CUST01377,0.0029705010042159,0,0
CUST01378,0.0218282754391008,0,0
CUST01379,0.0002953564955454,0,0
CUST01380,0.012007083238637,0,0
CUST01381,0.0,0,0
CUST01382,0.9888782646611208,1,1
CUST01383,0.0252639452146991,0,0
CUST01384,0.0547187580795119,0,0
CUST01385,0.0031203141732079,0,0
CUST01386,0.0121611836243969,0,0
CUST01387,0.0744344315683388,0,0
CUST01388,0.0073715639584309,0,0
CUST01389,0.9314306245829288,1,1
CUST01390,0.0002953564955454,0,0
CUST01391,0.9872185045695392,1,1
CUST01392,0.022161608101617,0,0
CUST01393,0.0067693744440261,0,0
CUST01394,0.0179444232975549,0,0
CUST01395,0.0245640169662687,0,0
CUST01396,0.002602472062693,0,0
CUST01397,0.0140937501923951,0,0
CUST01398,0.007533372484662,0,0
CUST01399,0.0067178594141905,0,0
CUST01400,0.9516299836663296,1,1
CUST01401,0.04769381167469,0,0
CUST01402,0.090856883756684,0,0
CUST01403,0.0185110919821736,0,0
CUST01404,0.0315594207089658,0,0
CUST01405,0.0208417358300468,0,0
CUST01406,0.9808113814116948,1,1
CUST01407,0.0024151300776447,0,0
CUST01408,0.0338939131319471,0,0
CUST01409,0.0546644865797777,0,0
CUST01410,0.960773565372592,1,1
CUST01411,0.045076715901916,0,0
CUST01412,0.008564090487684,0,0
CUST01413,0.0147397244133228,0,0
CUST01414,0.0023071155671476,0,0
CUST01415,0.9035157679232236,1,1
CUST01416,0.0390162021746147,0,0
CUST01417,0.0115919651254039,0,0
CUST01418,0.911380369270919,1,1
CUST01419,0.0234616645560547,0,0
CUST01420,0.9644531241139292,1,1
CUST01421,0.0109420724504767,0,0
CUST01422,0.0029705010042159,0,0
CUST01423,0.0018040277695055,0,0
CUST01424,0.0021269685642502,0,0
CUST01425,0.0029823609114959,0,0
CUST01426,0.0115010290245475,0,0
CUST01427,0.0123337904345583,0,0
CUST01428,0.9536262712837608,1,1
CUST01429,0.951313416435331,1,1
CUST01430,0.0544760328475239,0,0
CUST01431,0.9705313221449616,1,1
CUST01432,0.0148049917830923,0,0
CUST01433,0.0070062260629575,0,0
CUST01434,0.0134220104037654,0,0
CUST01435,0.0124840288944263,0,0
CUST01436,0.0312914916027219,0,0
CUST01437,0.0728351546409099,0,0
CUST01438,0.018098877657954,0,0
CUST01439,0.0305286906377347,0,0
CUST01440,0.0665335306179444,0,0
CUST01441,0.9661027328234,1,1
CUST01442,0.002602472062693,0,0
CUST01443,0.9575410189729182,1,1
CUST01444,0.022732143218651,0,0
CUST01445,0.98856834356061,1,1
CUST01446,0.0562884620331094,0,0
CUST01447,0.0002953564955454,0,0
CUST01448,0.0002953564955454,0,0
CUST01449,0.0106275089070994,0,0
CUST01450,0.0014659746871746,0,0
CUST01451,0.0134690459101893,0,0
CUST01452,0.0395243825932613,0,0
CUST01453,0.0288020363444727,0,0
CUST01454,0.0965655981177019,0,0
CUST01455,0.0160410826496984,0,0
CUST01456,0.0622339181359843,0,0
CUST01457,0.0002953564955454,0,0
CUST01458,0.0070117761697931,0,0
CUST01459,0.0058947124663724,0,0
CUST01460,0.8674089211163166,1,1
CUST01461,0.0322886127474731,0,0
CUST01462,0.0,0,0
CUST01464,0.0018040277695055,0,0
CUST01465,0.0046933445184615,0,0
CUST01466,0.0014659746871746,0,0
CUST01467,0.0080202076139826,0,0
CUST01468,0.0058947124663724,0,0
CUST01469,0.0626361062656617,0,0
CUST01470,0.0088524081687435,0,0
CUST01471,0.0094660548383788,0,0
CUST01472,0.0,0,0
CUST01473,0.0072380159891166,0,0
CUST01474,0.0125830790944288,0,0
CUST01475,0.8903320132916616,1,1
CUST01476,0.0063627542930328,0,0
CUST01477,0.0067778327399976,0,0
CUST01478,0.0019565194531907,0,0
CUST01479,0.0021269685642502,0,0
CUST01480,0.0012011734531904,0,0
CUST01481,0.0020927776544703,0,0
CUST01482,0.016991062724887,0,0
CUST01483,0.0296969212121407,0,0
CUST01484,0.0644249895480892,0,0
CUST01485,0.0305310918119676,0,0
CUST01486,0.0229598362752622,0,0
CUST01487,0.0026361357940305,0,0
CUST01488,0.0081136581648334,0,0
CUST01489,0.9682539287691232,1,1
CUST01490,0.0054975890264586,0,0
CUST01491,0.0367607175888893,0,0
CUST01492,0.0160805357006011,0,0
CUST01493,0.0721240458658678,0,0
CUST01494,0.0201809887981788,0,0
CUST01495,0.0067178594141905,0,0
CUST01496,0.023479320070772,0,0
CUST01497,0.0202531322309675,0,0
CUST01498,0.00150867127396,0,0
CUST01499,0.0038659107219574,0,0
CUST01500,0.0038597098341579,0,0
CUST01501,0.002602472062693,0,0
CUST01502,0.0149495602649991,0,0
CUST01503,0.1104505714683944,0,0
CUST01504,0.0028614532324281,0,0
CUST01505,0.0271207010293262,0,0
CUST01506,0.0237403141563693,0,0
CUST01507,0.0822710596571992,0,0
CUST01508,0.002602472062693,0,0
CUST01509,0.9855127776329136,1,1
CUST01510,0.0421390335910121,0,0
CUST01511,0.1190138034306749,0,0
CUST01512,0.0324254804440124,0,0
CUST01513,0.92143323184044,1,1
CUST01514,0.067378059911003,0,0
CUST01515,0.0023071155671476,0,0
CUST01516,0.0179444232975549,0,0
CUST01517,0.9736512386787308,1,1
CUST01518,0.0145032557176132,0,0
CUST01519,0.0189035399326072,0,0
CUST01520,0.0622162623889381,0,0
CUST01521,0.9226011072492792,1,1
CUST01522,0.017141280659221,0,0
CUST01523,0.97683725333617,1,1
CUST01524,0.0256987526712617,0,0
CUST01525,0.9519196587848996,1,1
CUST01526,0.0207888467525103,0,0
CUST01527,0.8375226431887818,1,1
CUST01528,0.9660196511566654,1,1
CUST01529,0.0153102538931914,0,0
CUST01530,0.0252923233984618,0,0
CUST01531,0.0728496974456454,0,0
CUST01532,0.0014659746871746,0,0
CUST01533,0.0148217597720771,0,0
CUST01534,0.0810157348546971,0,0
CUST01535,0.0562400057347338,0,0
CUST01536,0.0012011734531904,0,0
CUST01537,0.0017811874583055,0,0
CUST01538,0.0260153254424448,0,0
CUST01539,0.0002953564955454,0,0
CUST01540,0.0562931398618273,0,0
CUST01541,0.0633624265271282,0,0
CUST01542,0.0455509742108846,0,0
CUST01543,0.9702702778013516,1,1
CUST01544,0.0031167542084716,0,0
CUST01545,0.0009064588036846,0,0
CUST01546,0.005896574809803,0,0
CUST01547,0.0755397785900664,0,0
CUST01548,0.9792620351775292,1,1
CUST01549,0.0351976127889468,0,0
CUST01550,0.0201356892508886,0,0
CUST01551,0.037058900250118,0,0
CUST01552,0.0023717916448197,0,0
CUST01553,0.0063747637171217,0,0
CUST01554,0.0269542228323858,0,0
CUST01555,0.9809154849968452,1,1
CUST01556,0.0497352854214838,0,0
CUST01557,0.002602472062693,0,0
CUST01558,0.0012011734531904,0,0
CUST01559,0.0234499678456685,0,0
CUST01560,0.0146028906808714,0,0
CUST01561,0.9814236124505176,1,1
CUST01562,0.0064708009466576,0,0
CUST01563,0.0517474167276382,0,0
CUST01564,0.9830557361548268,1,1
CUST01565,0.0724880457708462,0,0
CUST01566,0.0374279628584272,0,0
CUST01567,0.0235450550094386,0,0
CUST01568,0.8263399319037515,1,1
CUST01569,0.0576478650045552,0,0
CUST01570,0.0049113230089587,0,0
CUST01571,0.9945668607874442,1,1
CUST01572,0.0045226161900735,0,0
CUST01573,0.0731551155860838,0,0
CUST01574,0.0138157868411077,0,0
CUST01575,0.0017811874583055,0,0
CUST01576,0.0123917168258252,0,0
CUST01577,0.0046998091221973,0,0
CUST01578,0.00312713764482,0,0
CUST01579,0.0229177190398783,0,0
CUST01580,0.0078512319195632,0,0
CUST01581,0.0765072570513582,0,0
CUST01582,0.0296403762830438,0,0
CUST01583,0.0434163140967931,0,0
CUST01584,0.0141938894749531,0,0
CUST01585,0.0235929250129384,0,0
CUST01586,0.0397605242175521,0,0
CUST01587,0.0,0,0
CUST01588,0.0029823609114959,0,0
CUST01589,0.0124156221384681,0,0
CUST01590,0.0221722134828904,0,0
CUST01591,0.0102344735512796,0,0
CUST01592,0.0070819032547968,0,0
CUST01593,0.0011706181916292,0,0
CUST01594,0.018942797611262,0,0
CUST01595,0.960772068947794,1,1
CUST01596,0.0017811874583055,0,0
CUST01597,0.034435727425938,0,0
CUST01598,0.9733728578132664,1,1
CUST01599,0.0154843565123092,0,0
CUST01600,0.0664959850227059,0,0
CUST01601,0.0180135270038816,0,0
CUST01602,0.0576010875128965,0,0
CUST01603,0.002602472062693,0,0
CUST01604,0.0431995474988618,0,0
CUST01605,0.0117299389702865,0,0
CUST01606,0.9346486310131432,1,1
CUST01607,0.0033161364287761,0,0
CUST01608,0.0085017322813719,0,0
CUST01609,0.0103275427802085,0,0
CUST01610,0.1077115265938151,0,0
CUST01611,0.0748445570702035,0,0
CUST01612,0.0059213485447699,0,0
CUST01613,0.0271375712303547,0,0
CUST01614,0.02989535560983,0,0
CUST01615,0.0002953564955454,0,0
CUST01616,0.0130452094043355,0,0
CUST01617,0.002602472062693,0,0
CUST01618,0.0209598195368497,0,0
CUST01619,0.0893475669428894,0,0
CUST01620,0.952720246472588,1,1
CUST01621,0.0702127824581463,0,0
CUST01622,0.0002953564955454,0,0
CUST01623,0.0165518331890577,0,0
CUST01624,0.907742540471603,1,1
CUST01625,0.0221065424381971,0,0
CUST01626,0.0223158925223081,0,0
CUST01627,0.0002953564955454,0,0
CUST01628,0.0147345332855741,0,0
CUST01629,0.015987722697142,0,0
CUST01630,0.0896317270112653,0,0
CUST01631,0.9546933607085386,1,1
CUST01632,0.0023071155671476,0,0
CUST01633,0.0087847941520318,0,0
CUST01634,0.0394460280723551,0,0
CUST01635,0.0058395742105491,0,0
CUST01636,0.0333975110513103,0,0
CUST01637,0.0176673293571901,0,0
CUST01638,0.0274230629059207,0,0
CUST01639,0.0054975890264586,0,0
CUST01640,0.0057609831638431,0,0
CUST01641,0.0055208727918033,0,0
CUST01642,0.0426013726400558,0,0
CUST01643,0.9494826608389344,1,1
CUST01644,0.0519168831681513,0,0
CUST01645,0.0110036066455175,0,0
CUST01646,0.0029746459611347,0,0
CUST01647,0.0089655815403788,0,0
CUST01648,0.0155011643832914,0,0
CUST01649,0.0,0,0
CUST01650,0.0152395717633572,0,0
CUST01651,0.9256917403018888,1,1
CUST01652,0.0042636350203384,0,0
CUST01653,0.0140085433975406,0,0
CUST01654,0.0056066367982464,0,0
CUST01655,0.0139353070810328,0,0
CUST01656,0.0205197721625177,0,0
CUST01657,0.0012011734531904,0,0
CUST01658,0.0095019013619417,0,0
CUST01659,0.9388593389003296,1,1
CUST01660,0.0172975908906545,0,0
CUST01661,0.949851353256193,1,1
CUST01662,0.0597374382424474,0,0
CUST01663,0.015045590228142,0,0
CUST01664,0.0302008054825406,0,0
CUST01665,0.0257414368815947,0,0
CUST01666,0.964698955048204,1,1
CUST01667,0.115806778472851,0,0
CUST01668,0.0023071155671476,0,0
CUST01669,0.00312713764482,0,0
CUST01670,0.0002953564955454,0,0
CUST01671,0.0165749806417221,0,0
CUST01672,0.063797611124128,0,0
CUST01673,0.0002953564955454,0,0
CUST01674,0.00312713764482,0,0
CUST01675,0.0109435897125502,0,0
CUST01676,0.0229949203273163,0,0
CUST01677,0.0097061637460961,0,0
CUST01678,0.0052281970176231,0,0
CUST01679,0.0174667323640819,0,0
CUST01680,0.0259391863517405,0,0
CUST01681,0.9694786112959284,1,1
CUST01682,0.0023071155671476,0,0
CUST01683,0.0002953564955454,0,0
CUST01684,0.9683941763707922,1,1
CUST01685,0.0014659746871746,0,0
CUST01686,0.0202953564955454,0,0
CUST01687,0.0002953564955454,0,0
CUST01688,0.9537051956995494,1,1
CUST01689,0.0351412417705978,0,0
CUST01690,0.0210645389626705,0,0
CUST01691,0.0035425945977151,0,0
CUST01692,0.0174230629059207,0,0
CUST01693,0.0280228226643979,0,0
CUST01694,0.0391805723760202,0,0
CUST01695,0.939277593063286,1,1
CUST01696,0.0002953564955454,0,0
CUST01697,0.0175283481780854,0,0
CUST01698,0.0206222334556468,0,0
CUST01699,0.0074214982545864,0,0
CUST01700,0.0146365599107746,0,0
CUST01701,0.084936423796042,0,0
CUST01702,0.0018040277695055,0,0
CUST01703,0.0014659746871746,0,0
CUST01704,0.0046998091221973,0,0
CUST01705,0.0113993345665944,0,0
CUST01706,0.0460794509503142,0,0
CUST01707,0.0147537860889575,0,0
CUST01708,0.0113974420603934,0,0
CUST01709,0.0262761199401615,0,0
CUST01710,0.0253492685325482,0,0
CUST01711,0.0027886237647625,0,0
CUST01712,0.0072380159891166,0,0
CUST01713,0.0377200111056619,0,0
CUST01714,0.0002953564955454,0,0
CUST01715,0.0052292584145219,0,0
CUST01716,0.0,0,0
CUST01717,0.0326320172865478,0,0
CUST01718,0.0115411587281231,0,0
CUST01719,0.0376604092485598,0,0
CUST01720,0.0141121831747142,0,0
CUST01721,0.0058947124663724,0,0
CUST01722,0.979175114361802,1,1
CUST01723,0.0035425945977151,0,0
CUST01724,0.0464643714264877,0,0
CUST01725,0.0014659746871746,0,0
CUST01726,0.0290790306828732,0,0
CUST01727,0.960852286467868,1,1
CUST01728,0.0290797931331679,0,0
CUST01729,0.0124261729513013,0,0
CUST01730,0.0484420230781265,0,0
CUST01731,0.004361100640784,0,0
CUST01732,0.0,0,0
CUST01733,0.0134526618997877,0,0
CUST01734,0.0161130992932644,0,0
CUST01735,0.0002953564955454,0,0
CUST01736,0.0017811874583055,0,0
CUST01737,0.0632058039069658,0,0
CUST01738,0.0786752921961536,0,0
CUST01739,0.0145032557176132,0,0
CUST01740,0.0488224640524504,0,0
CUST01741,0.0179892527427141,0,0
CUST01742,0.002602472062693,0,0
CUST01743,0.0,0,0
CUST01744,0.0102564188349502,0,0
CUST01745,0.0514320880089448,0,0
CUST01746,0.0080625219620611,0,0
CUST01747,0.9578736200167646,1,1
CUST01748,0.0819033682012634,0,0
CUST01749,0.004361100640784,0,0
CUST01750,0.0250954388323435,0,0
CUST01751,0.0005497742931812,0,0
CUST01752,0.048986045103381,0,0
CUST01753,0.0391157941449607,0,0
CUST01754,0.0097061637460961,0,0
CUST01755,0.0289128931673917,0,0
CUST01756,0.002602472062693,0,0
CUST01757,0.0018040277695055,0,0
CUST01758,0.9477550945405774,1,1
CUST01759,0.0118886071881374,0,0
CUST01760,0.0379203689876933,0,0
CUST01761,0.0634687853464966,0,0
CUST01762,0.0167822723349374,0,0
CUST01763,0.923162896080164,1,1
CUST01764,0.0705195751635651,0,0
CUST01765,0.0088367071623534,0,0
CUST01766,0.0863708621078739,0,0
CUST01767,0.0046998091221973,0,0
CUST01768,0.0613029717751728,0,0
CUST01769,0.0093899572646191,0,0
CUST01770,0.0586006280267898,0,0
CUST01771,0.0055235535131685,0,0
CUST01772,0.9318804165982412,1,1
CUST01773,0.0275185744891918,0,0
CUST01774,0.9783943091853458,1,1
CUST01775,0.0227984977218741,0,0
CUST01776,0.0166445651370049,0,0
CUST01777,0.0582583462977704,0,0
CUST01778,0.0192223941425743,0,0
CUST01779,0.0019565194531907,0,0
CUST01780,0.0171334600619294,0,0
CUST01781,0.0,0,0
CUST01782,0.0023071155671476,0,0
CUST01783,0.0501119445952648,0,0
CUST01784,0.0,0,0
CUST01785,0.0160736420138395,0,0
CUST01786,0.0118141835041942,0,0
CUST01787,0.0210036066455175,0,0
CUST01788,0.0,0,0
CUST01789,0.0029746459611347,0,0
CUST01790,0.0135457872963442,0,0
CUST01791,0.9546906722058396,1,1
CUST01792,0.9899587014774838,1,1
CUST01793,0.025054433634601,0,0
CUST01794,0.0020765439538509,0,0
CUST01795,0.1053836401550965,0,0
CUST01796,0.0190951732420148,0,0
CUST01797,0.0314332318404401,0,0
CUST01798,0.0192290921977556,0,0
CUST01799,0.0261326150363051,0,0
CUST01800,0.9724950816934532,1,1
CUST01801,0.0137483474281397,0,0
CUST01802,0.0026361357940305,0,0
CUST01803,0.0231875669745292,0,0
CUST01804,0.0303509601442874,0,0
CUST01805,0.0089168831689245,0,0
CUST01806,0.0086818792842693,0,0
CUST01807,0.9610282681115776,1,1
CUST01808,0.0290373814320632,0,0
CUST01809,0.0834567234627293,0,0
CUST01810,0.0375570926004426,0,0
CUST01811,0.0034773627832335,0,0
CUST01812,0.0014659746871746,0,0
CUST01813,0.0020765439538509,0,0
CUST01814,0.9559777140539764,1,1
CUST01815,0.0,0,0
CUST01816,0.0458630339875315,0,0
CUST01817,0.0023071155671476,0,0
CUST01818,0.0242129545896591,0,0
CUST01819,0.0293438430859817,0,0
CUST01820,0.9034258869129852,1,1
CUST01821,0.00150867127396,0,0
CUST01822,0.002602472062693,0,0
CUST01823,0.0182199007576817,0,0
CUST01824,0.028030652122239,0,0
CUST01825,0.0324071785035444,0,0
CUST01826,0.0179277001032791,0,0
CUST01827,0.0303807765006218,0,0
CUST01828,0.9690024444119344,1,1
CUST01829,0.0175750025010262,0,0
CUST01830,0.0377709965210898,0,0
CUST01831,0.002602472062693,0,0
CUST01832,0.0310746920068123,0,0
CUST01833,0.9747434988245632,1,1
CUST01834,0.8585915145849288,1,1
CUST01835,0.0002953564955454,0,0
CUST01836,0.0125055490453897,0,0
CUST01837,0.0196912389598682,0,0
CUST01838,0.9602426731978736,1,1
CUST01839,0.0107624211725981,0,0
CUST01840,0.0142151848588889,0,0
CUST01841,0.9427220198837728,1,1
CUST01842,0.002602472062693,0,0
CUST01843,0.002602472062693,0,0
CUST01844,0.00868462740654,0,0
CUST01845,0.0078502641124421,0,0
CUST01846,0.9794885578066104,1,1
CUST01847,0.972355131342552,1,1
CUST01848,0.0239232239661996,0,0
CUST01849,0.9307122093403742,1,1
CUST01850,0.9988782646611208,1,1
CUST01851,0.0245107212475633,0,0
CUST01852,0.8893648444027734,1,1
CUST01853,0.0043433814026025,0,0
CUST01854,0.9064225029186452,1,1
CUST01855,0.0520280129409333,0,0
CUST01856,0.0299242195419657,0,0
CUST01857,0.9466498241719588,1,1
CUST01858,0.011943187546948,0,0
CUST01859,0.0697819383766553,0,0
CUST01860,0.0275492015600532,0,0
CUST01861,0.0169235085790913,0,0
CUST01862,0.0242383423760368,0,0
CUST01863,0.0061445509446302,0,0
CUST01864,0.0002953564955454,0,0
CUST01865,0.0819954269741336,0,0
CUST01866,0.0118406346047496,0,0
CUST01867,0.0,0,0
CUST01868,0.0130570505105434,0,0
CUST01869,0.0597667953859697,0,0
CUST01870,0.0044484115553601,0,0
CUST01871,0.1217239172675589,0,0
CUST01872,0.975437476736546,1,1
CUST01873,0.0784131724102715,0,0
CUST01874,0.985564489100197,1,1
CUST01875,0.0223750050459287,0,0
CUST01876,0.9726184261282032,1,1
CUST01877,0.0398402017560759,0,0
CUST01878,0.0042636350203384,0,0
CUST01879,0.0298975977161995,0,0
CUST01880,0.0803560120186331,0,0
CUST01881,0.8687475499423374,1,1
CUST01882,0.0454219325364944,0,0
CUST01883,0.0094918602002285,0,0
CUST01884,0.0029314922895759,0,0
CUST01885,0.0327972666357668,0,0
CUST01886,0.9757577643830756,1,1
CUST01887,0.06923140180435,0,0
CUST01888,0.0002953564955454,0,0
CUST01889,0.054663057266061,0,0
CUST01890,0.0218926807642291,0,0
CUST01891,0.0055235535131685,0,0
CUST01892,0.0632746582850794,0,0
CUST01893,0.0002953564955454,0,0
CUST01894,0.0375646521169583,0,0
CUST01895,0.0033424989764513,0,0
CUST01896,0.0085694231409048,0,0
CUST01897,0.0038597098341579,0,0
CUST01898,0.0251368902686198,0,0
CUST01899,0.0923913500723056,0,0
CUST01900,0.0400097430604645,0,0
CUST01901,0.00312713764482,0,0
CUST01902,0.0159702565776259,0,0
CUST01903,0.0287009235676441,0,0
CUST01904,0.0177346176597743,0,0
CUST01905,0.0038804629187798,0,0
CUST01906,0.0351714250430857,0,0
CUST01907,0.0089925344448348,0,0
CUST01908,0.984843790561181,1,1
CUST01909,0.002602472062693,0,0
CUST01910,0.929468099147394,1,1
CUST01911,0.0374355559655395,0,0
CUST01912,0.0061445509446302,0,0
CUST01913,0.8431167542084717,1,1
CUST01914,0.0011706181916292,0,0
CUST01915,0.002602472062693,0,0
CUST01916,0.0110358395719369,0,0
CUST01917,0.0014659746871746,0,0
CUST01918,0.0556814050885569,0,0
CUST01919,0.9396572479304456,1,1
CUST01920,0.0282814113731703,0,0
CUST01921,0.0612964440966405,0,0
CUST01922,0.0063627542930328,0,0
CUST01923,0.9216286639214736,1,1
CUST01924,0.0251940471380246,0,0
CUST01925,0.0313652033608736,0,0
CUST01926,0.0268628454867765,0,0
CUST01927,0.0191665163033356,0,0
CUST01928,0.015034000482227,0,0
CUST01929,0.0035480333519218,0,0
CUST01930,0.0328494403507039,0,0
CUST01931,0.0,0,0
CUST01932,0.0332855925139288,0,0
CUST01933,0.9217519684094192,1,1
CUST01934,0.0456403453960769,0,0
CUST01935,0.962097800388692,1,1
CUST01936,0.0517737957465543,0,0
CUST01937,0.0431378232418918,0,0
CUST01938,0.110270011448341,0,0
CUST01939,0.0118812087109523,0,0
CUST01940,0.0029314922895759,0,0
CUST01941,0.0652661514886301,0,0
CUST01942,0.0340311901032185,0,0
CUST01943,0.0018040277695055,0,0
CUST01944,0.9738806300686552,1,1
CUST01945,0.0074514196539218,0,0
CUST01946,0.069130473183103,0,0
CUST01947,0.0090979761757613,0,0
CUST01948,0.0014659746871746,0,0
CUST01949,0.0031203141732079,0,0
CUST01950,0.0058395742105491,0,0
CUST01951,0.0240596479676528,0,0
CUST01952,0.0224238310467784,0,0
CUST01953,0.0080723203173722,0,0
CUST01954,0.0533423123319262,0,0
CUST01955,0.0002953564955454,0,0
CUST01956,0.002602472062693,0,0
CUST01957,0.0176290303128931,0,0
CUST01958,0.9560967366331172,1,1
CUST01959,0.0080422842217223,0,0
CUST01960,0.0002953564955454,0,0
CUST01961,0.0501390880946294,0,0
CUST01962,0.0029781209781209,0,0
CUST01963,0.0014659746871746,0,0
CUST01964,0.0055208727918033,0,0
CUST01965,0.0388740237268956,0,0
CUST01966,0.0014659746871746,0,0
CUST01967,0.9789318953383592,1,1
CUST01968,0.0,0,0
CUST01969,0.9290521856558148,1,1
CUST01970,0.0295952411678767,0,0
CUST01971,0.0088137254552348,0,0
CUST01972,0.0177671654665157,0,0
CUST01973,0.0642648060091891,0,0
CUST01974,0.0018040277695055,0,0
CUST01975,0.0086442401190147,0,0
CUST01976,0.0029781209781209,0,0
CUST01977,0.0157564499672384,0,0
CUST01978,0.0374661545056408,0,0
CUST01979,0.0002953564955454,0,0
CUST01980,0.0968577653565694,0,0
CUST01981,0.0534594104894912,0,0
CUST01982,0.0008451307887266,0,0
CUST01983,0.032767861233526,0,0
CUST01984,0.0002953564955454,0,0
CUST01985,0.004231702837672,0,0
CUST01986,0.0033337817253158,0,0
CUST01987,0.0065178992411912,0,0
CUST01988,0.0630536928999893,0,0
CUST01989,0.0057723062942985,0,0
CUST01990,0.021880416598241,0,0
CUST01991,0.0233266899206652,0,0
CUST01992,0.0023071155671476,0,0
CUST01993,0.0456561090902087,0,0
CUST01994,0.0290508583911966,0,0
CUST01995,0.0070062260629575,0,0
CUST01996,0.0162198652933016,0,0
CUST01997,0.0,0,0
CUST01998,0.0128575260293756,0,0
CUST01999,0.0002953564955454,0,0
CUST02000,0.01190375642334,0,0
CUST02001,0.0481687868094836,0,0
CUST02002,0.0135490403482286,0,0
CUST02003,0.0110954659184786,0,0
CUST02004,0.0292198140374598,0,0
CUST02005,0.0002953564955454,0,0
CUST02006,0.0002953564955454,0,0
CUST02007,0.0068664688427299,0,0
CUST02008,0.0288505899556256,0,0
CUST02009,0.0,0,0
CUST02010,0.0058947124663724,0,0
CUST02011,0.0200961423431773,0,0
CUST02012,0.0809568755237128,0,0
CUST02013,0.0318817066246365,0,0
CUST02014,0.003834665152627,0,0
CUST02015,0.0187035536713498,0,0
CUST02016,0.0,0,0
CUST02017,0.0116417155595315,0,0
CUST02018,0.0417641085976475,0,0
CUST02019,0.0154966372389614,0,0
CUST02020,0.8966324742310485,1,1
CUST02021,0.0392948061331138,0,0
CUST02022,0.9247859904284504,1,1
CUST02023,0.0251603288945498,0,0
CUST02024,0.0014659746871746,0,0
CUST02025,0.0029781209781209,0,0
CUST02026,0.0065156812969414,0,0
CUST02027,0.002602472062693,0,0
CUST02028,0.0002953564955454,0,0
CUST02029,0.019246490514179,0,0
CUST02030,0.014491032185456,0,0
CUST02031,0.0002953564955454,0,0
CUST02032,0.0349203232696852,0,0
CUST02033,0.0388750897843484,0,0
CUST02034,0.0070819032547968,0,0
CUST02035,0.0134670128474212,0,0
CUST02036,0.0274317687187673,0,0
CUST02037,0.0017811874583055,0,0
CUST02038,0.0247482161897881,0,0
CUST02039,0.0964376448002334,0,0
CUST02040,0.0035425945977151,0,0
CUST02041,0.0202792096003901,0,0
CUST02042,0.0534277067505183,0,0
CUST02043,0.0173664276177569,0,0
CUST02044,0.0144040626780909,0,0
CUST02045,0.0100163163359416,0,0
CUST02046,0.0035480333519218,0,0
CUST02047,0.0085866037840229,0,0
CUST02048,0.0079764631977995,0,0
CUST02049,0.002602472062693,0,0
CUST02050,0.0263090957693039,0,0
CUST02051,0.0733281131342716,0,0
CUST02052,0.0224846498300169,0,0
CUST02053,0.0014659746871746,0,0
CUST02054,0.0,0,0
CUST02055,0.0340978422371321,0,0
CUST02056,0.980007898882028,1,1
CUST02057,0.0239233472469515,0,0
CUST02058,0.0422940176170674,0,0
CUST02059,0.0105833968332847,0,0
CUST02060,0.0181641414105477,0,0
CUST02061,0.075520029926366,0,0
CUST02062,0.0998395796960939,0,0
CUST02063,0.0035643533386125,0,0
CUST02064,0.0086818792842693,0,0
CUST02065,0.0002953564955454,0,0
CUST02066,0.0064194562604031,0,0
CUST02067,0.0131454717053251,0,0
CUST02068,0.0378904032490219,0,0
CUST02069,0.0467708493869395,0,0
CUST02070,0.0397605242175521,0,0
CUST02071,0.0413325792920064,0,0
CUST02072,0.0336300007506681,0,0
CUST02073,0.9626730594981788,1,1
CUST02074,0.0093421309712843,0,0
CUST02075,0.0486677840393275,0,0
CUST02076,0.0043870835404022,0,0
CUST02077,0.0091551838004373,0,0
CUST02078,0.9089052760769992,1,1
CUST02079,0.054828233880397,0,0
CUST02080,0.0304221250279223,0,0
CUST02081,0.9588211447156167,1,1
CUST02082,0.01,0,0
CUST02083,0.002602472062693,0,0
CUST02084,0.0014659746871746,0,0
CUST02085,0.00150867127396,0,0
CUST02086,0.040228677019344,0,0
CUST02087,0.952828421720729,1,1
CUST02088,0.0555102602780817,0,0
CUST02089,0.0023071155671476,0,0
CUST02090,0.0760282392922264,0,0
CUST02091,0.0166355869013509,0,0
CUST02092,0.0023071155671476,0,0
CUST02093,0.0020927776544703,0,0
CUST02094,0.032689386821662,0,0
CUST02095,0.9053939304516154,1,1
CUST02096,0.0169153030825727,0,0
CUST02097,0.989857871122232,1,1
CUST02098,0.0198111887284158,0,0
CUST02099,0.0126011476458012,0,0
CUST02100,0.0002953564955454,0,0
CUST02101,0.0042636350203384,0,0
CUST02102,0.0,0,0
CUST02103,0.9657995341828074,1,1
CUST02104,0.0317519684094191,0,0
CUST02105,0.0363782535330185,0,0
CUST02106,0.0253554575306119,0,0
CUST02107,0.007545381908751,0,0
CUST02108,0.02476685697358,0,0
CUST02109,0.0211706181916292,0,0
CUST02110,0.0377884087273099,0,0
CUST02111,0.0210182945231416,0,0
CUST02112,0.935266754714804,1,1
CUST02113,0.0172340764110307,0,0
CUST02114,0.98837996419648,1,1
CUST02115,0.0023717916448197,0,0
CUST02116,0.0086818792842693,0,0
CUST02117,0.0668343731806422,0,0
CUST02118,0.0631491584128605,0,0
CUST02119,0.0178914699090874,0,0
CUST02120,0.090317181845807,0,0
CUST02121,0.0440567527962025,0,0
CUST02122,0.0801150357689981,0,0
CUST02123,0.015681345198366,0,0
CUST02124,0.0002953564955454,0,0
CUST02125,0.0093975772385241,0,0
CUST02126,0.0002953564955454,0,0
CUST02127,0.0127746626156671,0,0
CUST02128,0.030783973894979,0,0
CUST02129,0.0002953564955454,0,0
CUST02130,0.0179136537444365,0,0
CUST02131,0.0089683389197061,0,0
CUST02132,0.0631963740115909,0,0
CUST02133,0.0718553359152161,0,0
CUST02134,0.0081768442545868,0,0
CUST02135,0.0196185776094047,0,0
CUST02136,0.0155794275072244,0,0
CUST02137,0.0023071155671476,0,0
CUST02138,0.9772579297275076,1,1
CUST02139,0.0159862815734633,0,0
CUST02140,0.0014659746871746,0,0
CUST02141,0.0466509254117573,0,0
CUST02142,0.07402267046216,0,0
CUST02143,0.0024151300776447,0,0
CUST02144,0.0239233472469515,0,0
CUST02145,0.0002953564955454,0,0
CUST02146,0.9431289705301772,1,1
CUST02147,0.0613756285062884,0,0
CUST02148,0.0107224026295968,0,0
CUST02149,0.0136728599099331,0,0
CUST02150,0.0160028162003155,0,0
CUST02151,0.0130883846836251,0,0
CUST02152,0.0640255607913622,0,0
CUST02153,0.0131454717053251,0,0
CUST02154,0.0023071155671476,0,0
CUST02155,0.002602472062693,0,0
CUST02156,0.031967278948741,0,0
CUST02157,0.0544297793234842,0,0
CUST02158,0.0202783156893099,0,0
CUST02159,0.0002953564955454,0,0
CUST02160,0.0002953564955454,0,0
CUST02161,0.0020927776544703,0,0
CUST02162,0.0084331939040449,0,0
CUST02163,0.0296374099465462,0,0
CUST02164,0.0,0,0
CUST02165,0.0123812905665745,0,0
CUST02166,0.849921755649612,1,1
CUST02167,0.0663190956525249,0,0
CUST02168,0.0008451307887266,0,0
CUST02169,0.0491517259654118,0,0
CUST02170,0.0276678515234395,0,0
CUST02171,0.0126036928886735,0,0
CUST02172,0.025212299758837,0,0
CUST02173,0.9818241629105574,1,1
CUST02174,0.0023071155671476,0,0
CUST02175,0.1070035862101063,0,0
CUST02176,0.002602472062693,0,0
CUST02177,0.9225122676827904,1,1
CUST02178,0.9384630991001928,1,1
CUST02179,0.0316056510515281,0,0
CUST02180,0.0088137254552348,0,0
CUST02181,0.9501644481476564,1,1
CUST02182,0.0413593812541565,0,0
CUST02183,0.0369568838445837,0,0
CUST02184,0.0818902200873472,0,0
CUST02185,0.0041111433366531,0,0
CUST02186,0.0894303594710337,0,0
CUST02187,0.0023717916448197,0,0
CUST02188,0.0275421482180468,0,0
CUST02189,0.9685681536157512,1,1
CUST02190,0.0945712395847206,0,0
CUST02191,0.0340847278914476,0,0
CUST02192,0.0208201311667936,0,0
CUST02193,0.002602472062693,0,0
CUST02194,0.0058947124663724,0,0
CUST02195,0.0002953564955454,0,0
CUST02196,0.9907558740895576,1,1
CUST02197,0.0158028370333705,0,0
CUST02198,0.0009064588036846,0,0
CUST02199,0.012007083238637,0,0
CUST02200,0.0064225029186451,0,0
CUST02201,0.0356089727165557,0,0
CUST02202,0.0272577888725736,0,0
CUST02203,0.0023071155671476,0,0
CUST02204,0.0014659746871746,0,0
CUST02205,0.9650445058342554,1,1
CUST02206,0.001749584152427,0,0
CUST02207,0.0143189459813328,0,0
CUST02208,0.9335621076703228,1,1
CUST02209,0.0357206367511498,0,0
CUST02210,0.0278695377302504,0,0
CUST02211,0.0017811874583055,0,0
CUST02212,0.0562580828099687,0,0
CUST02213,0.0056799214531173,0,0
CUST02214,0.0514545577123174,0,0
CUST02215,0.0082234058180049,0,0
CUST02216,0.0357413489161271,0,0
CUST02217,0.0,0,0
CUST02218,0.0836580272827137,0,0
CUST02219,0.0324838971073458,0,0
CUST02220,0.0061651284102895,0,0
CUST02221,0.0104759366693159,0,0
CUST02222,0.0460692645010569,0,0
CUST02223,0.0146472805710428,0,0
CUST02224,0.0294125145699659,0,0
CUST02225,0.0132819268778854,0,0
CUST02226,0.0080054265034043,0,0
CUST02227,0.9220292070931672,1,1
CUST02228,0.8869157078815839,1,1
CUST02229,0.0276323430068774,0,0
CUST02230,0.0133660511154372,0,0
CUST02231,0.0009064588036846,0,0
CUST02232,0.0023071155671476,0,0
CUST02233,0.9684663887920122,1,1
CUST02234,0.0,0,0
CUST02235,0.027281779327087,0,0
CUST02236,0.0060673977974874,0,0
CUST02237,0.00150867127396,0,0
CUST02238,0.0458454976762485,0,0
CUST02239,0.1105966558885751,0,0
CUST02240,0.0097509851415818,0,0
CUST02241,0.0438249283686426,0,0
CUST02242,0.0026052121159938,0,0
CUST02243,0.022540986407632,0,0
CUST02244,0.0230440492297509,0,0
CUST02245,0.0143807335610453,0,0
CUST02246,0.9469910627248872,1,1
CUST02247,0.0223071155671476,0,0
CUST02248,0.0419618797476999,0,0
CUST02249,0.0229884416372528,0,0
CUST02250,0.0050282485875706,0,0
CUST02251,0.0997331167708485,0,0
CUST02252,0.009842791100169,0,0
CUST02253,0.017100847460594,0,0
CUST02254,0.0,0,0
CUST02255,0.0002953564955454,0,0
CUST02256,0.0,0,0
CUST02257,0.0331132863664943,0,0
CUST02258,0.9553858787357988,1,1
CUST02259,0.09468954371913,0,0
CUST02260,0.0380472527728216,0,0
CUST02261,0.0940866411932064,0,0
CUST02262,0.0071560631583764,0,0
CUST02263,0.0,0,0
CUST02264,0.0029823609114959,0,0
CUST02265,0.0208332930093565,0,0
CUST02266,0.1065271342830395,0,0
CUST02267,0.0173551655818733,0,0
CUST02268,0.0009064588036846,0,0
CUST02269,0.0249457774700033,0,0
CUST02270,0.0114430038955808,0,0
CUST02271,0.0084749840307379,0,0
CUST02272,0.0074214982545864,0,0
CUST02273,0.9466459715671912,1,1
CUST02274,0.0145649512930932,0,0
CUST02275,0.0050282485875706,0,0
CUST02276,0.0224044742405195,0,0
CUST02277,0.0026361357940305,0,0
CUST02278,0.0002953564955454,0,0
CUST02279,0.0197403160102082,0,0
CUST02280,0.0178921971048647,0,0
CUST02281,0.0,0,0
CUST02282,0.9134588388638362,1,1
CUST02283,0.024468071309665,0,0
CUST02284,0.0014659746871746,0,0
CUST02285,0.0002953564955454,0,0
CUST02286,0.9783212755946896,1,1
CUST02287,0.9351530192897772,1,1
CUST02288,0.9816665280631662,1,1
CUST02289,0.0182223540706515,0,0
CUST02290,0.0529013473609101,0,0
CUST02291,0.0,0,0
CUST02292,0.0099764341885179,0,0
CUST02293,0.016820506969403,0,0
CUST02294,0.0212315486189406,0,0
CUST02295,0.0583189545434612,0,0
CUST02296,0.004491032185456,0,0
CUST02297,0.1023245754720805,0,0
CUST02298,0.0405929828447759,0,0
CUST02299,0.0079399352792342,0,0
CUST02300,0.035298269182518,0,0
CUST02301,0.0029186216638918,0,0
CUST02302,0.00150867127396,0,0
CUST02303,0.896356433249291,1,1
CUST02304,0.0156143153883253,0,0
CUST02305,0.0053844828419728,0,0
CUST02306,0.0150317096922018,0,0
CUST02307,0.0017811874583055,0,0
CUST02308,0.0247842568013806,0,0
CUST02309,0.0023717916448197,0,0
CUST02310,0.0017974211589249,0,0
CUST02311,0.00150867127396,0,0
CUST02312,0.0002953564955454,0,0
CUST02313,0.01,0,0
CUST02314,0.0137686841237818,0,0
CUST02315,0.0018040277695055,0,0
CUST02316,0.0142910230094242,0,0
CUST02317,0.0088932261362518,0,0
CUST02318,0.0160272532448026,0,0
CUST02319,0.0027232124586396,0,0
CUST02320,0.9548634941304076,1,1
CUST02321,0.0135997675057236,0,0
CUST02322,0.0002953564955454,0,0
CUST02323,0.0502817808841657,0,0
CUST02324,0.0179131762294716,0,0
CUST02325,0.025285626157125,0,0
CUST02326,0.0042395986829609,0,0
CUST02327,0.0331443507009237,0,0
CUST02328,0.0041249906581714,0,0
CUST02329,0.0310116170593366,0,0
CUST02330,0.923982631500597,1,1
CUST02331,0.0245529893636907,0,0
CUST02332,0.959094415035547,1,1
CUST02333,0.975419431137997,1,1
CUST02334,0.0038659107219574,0,0
CUST02335,0.79,1,1
CUST02336,0.0177451238191256,0,0
CUST02337,0.0115633152382811,0,0
CUST02338,0.002602472062693,0,0
CUST02339,0.9552325825447398,1,1
CUST02340,0.0955769284369262,0,0
CUST02341,0.0274317687187673,0,0
CUST02342,0.0520188340756501,0,0
CUST02343,0.0107508649479617,0,0
CUST02344,0.0785802320698182,0,0
CUST02345,0.9639046162618784,1,1
CUST02346,0.0197559537181186,0,0
CUST02347,0.0106275089070994,0,0
CUST02348,0.0067778327399976,0,0
CUST02349,0.0703933068123924,0,0
CUST02350,0.0372318464232771,0,0
CUST02351,0.1207351342364404,0,0
CUST02352,0.9424305794894176,1,1
CUST02353,0.0174825606462122,0,0
CUST02354,0.9606448285480604,1,1
CUST02355,0.0018122757613296,0,0
CUST02356,0.0075495694173913,0,0
CUST02357,0.0018040277695055,0,0
CUST02358,0.0208130950620428,0,0
CUST02359,0.0029314922895759,0,0
CUST02360,0.0845078914564548,0,0
CUST02361,0.9135191816273672,1,1
CUST02362,0.0029314922895759,0,0
CUST02363,0.0,0,0
CUST02364,0.9519486902593242,1,1
CUST02365,0.9950353093926853,1,1
CUST02366,0.0225332457471365,0,0
CUST02367,0.0254823914509269,0,0
CUST02368,0.0803536254884332,0,0
CUST02369,0.0167148093139226,0,0
CUST02370,0.0332102324517471,0,0
CUST02371,0.0032526768563764,0,0
CUST02372,0.9341451108884812,1,1
CUST02373,0.0307271463940371,0,0
CUST02374,0.0520188340756501,0,0
CUST02375,0.002602472062693,0,0
CUST02376,0.0171759561325799,0,0
CUST02377,0.0227147653493903,0,0
CUST02378,0.0275356051150348,0,0
CUST02379,0.0648053906027767,0,0
CUST02380,0.0151802559940622,0,0
CUST02381,0.0218291641923321,0,0
CUST02382,0.0155984128104563,0,0
CUST02383,0.002602472062693,0,0
CUST02384,0.0023071155671476,0,0
CUST02385,0.0310143577825567,0,0
CUST02386,0.0110956476894524,0,0
CUST02387,0.07218669086841,0,0
CUST02388,0.0202270916920618,0,0
CUST02389,0.9671800036616284,1,1
CUST02390,0.0173047099671597,0,0
CUST02391,0.0166242310955669,0,0
CUST02392,0.0,0,0
CUST02393,0.0,0,0
CUST02394,0.0225651176609638,0,0
CUST02395,0.9202946724554592,1,1
CUST02396,0.0463148927964497,0,0
CUST02397,0.0225359653547797,0,0
CUST02398,0.0447103832240552,0,0
CUST02399,0.9318357957345728,1,1
CUST02400,0.0216022610775336,0,0
CUST02401,0.020496749610197,0,0
CUST02402,0.0026361357940305,0,0
CUST02403,0.0,0,0
CUST02404,0.0453371614225625,0,0
CUST02405,0.0,0,0
CUST02406,0.8549777667894729,1,1
CUST02407,0.015183025996879,0,0
CUST02408,0.0149764154799548,0,0
CUST02409,0.0,0,0
CUST02410,0.034213259323246,0,0
CUST02411,0.8644517772958689,1,1
CUST02412,0.0014659746871746,0,0
CUST02413,0.0289564672402994,0,0
CUST02414,0.0932670781654921,0,0
CUST02415,0.002602472062693,0,0
CUST02416,0.0235808173350554,0,0
CUST02417,0.0188437312599536,0,0
CUST02418,0.0106383987374601,0,0
CUST02419,0.978442632026334,1,1
CUST02420,0.0286744346383425,0,0
CUST02421,0.0578331757452615,0,0
CUST02422,0.0044712159309021,0,0
CUST02423,0.0097509851415818,0,0
CUST02424,0.0445593925520704,0,0
CUST02425,0.0705198377685198,0,0
CUST02426,0.0278323569184795,0,0
CUST02427,0.0328481058754273,0,0
CUST02428,0.0124151300776447,0,0
CUST02429,0.0365761171491236,0,0
CUST02430,0.0075401905594151,0,0
CUST02431,0.9405136044379196,1,1
CUST02432,0.0150391256244063,0,0
CUST02433,0.002602472062693,0,0
CUST02434,0.0897364404388625,0,0
CUST02435,0.0106383987374601,0,0
CUST02436,0.0240890829502629,0,0
CUST02437,0.0029314922895759,0,0
CUST02438,0.9713061911997216,1,1
CUST02439,0.9430648296602075,1,1
CUST02440,0.00312713764482,0,0
CUST02441,0.042145362925726,0,0
CUST02442,0.0050197003475989,0,0
CUST02443,0.0011706181916292,0,0
CUST02444,0.9551153402177406,1,1
CUST02445,0.0023071155671476,0,0
CUST02446,0.0547174554430928,0,0
CUST02447,0.0990973604507292,0,0
CUST02448,0.0679028536651901,0,0
CUST02449,0.0014659746871746,0,0
CUST02450,0.0272201817853218,0,0
CUST02451,0.002602472062693,0,0
CUST02452,0.0092666774225966,0,0
CUST02453,0.0393335620483082,0,0
CUST02454,0.02,0,0
CUST02455,0.9405888424951028,1,1
CUST02456,0.0340996161202279,0,0
CUST02457,0.0,0,0
CUST02458,0.8938659107219574,1,1
CUST02459,0.0225170390808086,0,0
CUST02460,0.974185122599905,1,1
CUST02461,0.0318006588169691,0,0
CUST02462,0.0163202276625749,0,0
CUST02463,0.0306987657793388,0,0
CUST02464,0.0340164694525812,0,0
CUST02465,0.1005786538543105,0,0
CUST02466,0.9549922869957472,1,1
CUST02467,0.0135521195139865,0,0
CUST02468,0.0211140272666851,0,0
CUST02469,0.0465156745608065,0,0
CUST02470,0.003834665152627,0,0
CUST02471,0.0214964835903702,0,0
CUST02472,0.0029781209781209,0,0
CUST02473,0.032785830734963,0,0
CUST02474,0.0023071155671476,0,0
CUST02475,0.0771004882452527,0,0
CUST02476,0.0046654810019336,0,0
CUST02477,0.0134269259590613,0,0
CUST02478,0.0079694172751067,0,0
CUST02479,0.0232720353405689,0,0
CUST02480,0.0085017322813719,0,0
CUST02481,0.0429087323462984,0,0
CUST02482,0.0018040277695055,0,0
CUST02483,0.04173325476485,0,0
CUST02484,0.0289270405193203,0,0
CUST02485,0.0018040277695055,0,0
CUST02486,0.0541419402744496,0,0
CUST02487,0.01,0,0
CUST02488,0.0438205080997745,0,0
CUST02489,0.0060673977974874,0,0
CUST02490,0.9573134416850694,1,1
CUST02491,0.9752255833333427,1,1
CUST02492,0.0417871002696604,0,0
CUST02493,0.0149760393799733,0,0
CUST02494,0.029041899667995,0,0
CUST02495,0.0485350709558744,0,0
CUST02496,0.0253272926764483,0,0
CUST02497,0.0057926952761674,0,0
CUST02498,0.0115411231499075,0,0
CUST02499,0.0188416544951768,0,0
CUST02500,0.0020927776544703,0,0
CUST02501,0.0020927776544703,0,0
CUST02502,0.0597057508380609,0,0
CUST02503,0.0370537546290872,0,0
CUST02504,0.0018040277695055,0,0
CUST02505,0.0061633779772917,0,0
CUST02506,0.0014659746871746,0,0
CUST02507,0.0612029775003854,0,0
CUST02508,0.0023071155671476,0,0
CUST02509,0.0180216801598578,0,0
CUST02510,0.0214026806061619,0,0
CUST02511,0.0152976405488194,0,0
CUST02512,0.0123071155671476,0,0
CUST02513,0.0067623761009933,0,0
CUST02514,0.0138157868411077,0,0
CUST02515,0.0582503599469831,0,0
CUST02516,0.0460769300297488,0,0
CUST02517,0.0293457599434484,0,0
CUST02518,0.0012011734531904,0,0
CUST02519,0.019293172690763,0,0
CUST02520,0.0063627542930328,0,0
CUST02521,0.1011838294710702,0,0
CUST02522,0.0128614532324281,0,0
CUST02523,0.0244789944612829,0,0
CUST02524,0.0072380159891166,0,0
CUST02525,0.0023071155671476,0,0
CUST02526,0.0215249518384609,0,0
CUST02527,0.0666568124291163,0,0
CUST02528,0.9659666517694814,1,1
CUST02529,0.0029746459611347,0,0
CUST02530,0.017450581232658,0,0
CUST02531,0.0177622031715865,0,0
CUST02532,0.0208201311667936,0,0
CUST02533,0.0261472296786442,0,0
CUST02534,0.0137096128764777,0,0
CUST02535,0.0402429233784592,0,0
CUST02536,0.0288913124692183,0,0
CUST02537,0.0259944766327874,0,0
CUST02538,0.0188946733739362,0,0
CUST02539,0.1196028557711819,0,0
CUST02540,0.0123009818274513,0,0
CUST02541,0.9644855845950542,1,1
CUST02542,0.0492404143387487,0,0
CUST02543,0.0394373626311317,0,0
CUST02544,0.002602472062693,0,0
CUST02545,0.0172069367555347,0,0
CUST02546,0.0118562330276003,0,0
CUST02547,0.0017811874583055,0,0
CUST02548,0.0841469239800236,0,0
CUST02549,0.0033383980579438,0,0
CUST02550,0.0,0,0
CUST02551,0.9697844219366292,1,1
CUST02552,0.0002953564955454,0,0
CUST02553,0.0367067587890644,0,0
CUST02554,0.993555632186916,1,1
CUST02555,0.9622701356219984,1,1
CUST02556,0.0020765439538509,0,0
CUST02557,0.0126997569258078,0,0
CUST02558,0.0067148127559485,0,0
CUST02559,0.9366323190748168,1,1
CUST02560,0.9295456997473258,1,1
CUST02561,0.0064708009466576,0,0
CUST02562,0.0122421322568067,0,0
CUST02563,0.0072958548388886,0,0
CUST02564,0.030185942600827,0,0
CUST02565,0.0253902932608793,0,0
CUST02566,0.0146553063897354,0,0
CUST02567,0.931761891149376,1,1
CUST02568,0.0348348066467485,0,0
CUST02569,0.0053599818230699,0,0
CUST02570,0.0217533977211981,0,0
CUST02571,0.0018040277695055,0,0
CUST02572,0.0064708009466576,0,0
CUST02573,0.0732329867185042,0,0
CUST02574,0.0603388602849939,0,0
CUST02575,0.0041111433366531,0,0
CUST02576,0.0160060810306849,0,0
CUST02577,0.0244092819198193,0,0
CUST02578,0.0018040277695055,0,0
CUST02579,0.0310746920068123,0,0
CUST02580,0.969014687363683,1,1
CUST02581,0.0002953564955454,0,0
CUST02582,0.0566954322611169,0,0
CUST02583,0.0379764772542114,0,0
CUST02584,0.0237732470308929,0,0
CUST02585,0.0164743088507303,0,0
CUST02586,0.9658155614580668,1,1
CUST02587,0.9879047568395128,1,1
CUST02588,0.0078407384042964,0,0
CUST02589,0.0179892527427141,0,0
CUST02590,0.0267306700615659,0,0
CUST02591,0.921264584873706,1,1
CUST02592,0.0165694073156937,0,0
CUST02593,0.0056066367982464,0,0
CUST02594,0.017884219708666,0,0
CUST02595,0.0106169729452726,0,0
CUST02596,0.001749584152427,0,0
CUST02597,0.0171809234697167,0,0
CUST02598,0.0308691606122562,0,0
CUST02599,0.966849222729873,1,1
CUST02600,0.0019565194531907,0,0
CUST02601,0.0228877901517762,0,0
CUST02602,0.0491455989116802,0,0
CUST02603,0.1187892703841903,0,0
CUST02604,0.0019565194531907,0,0
CUST02605,0.0843904244265,0,0
CUST02606,0.0,0,0
CUST02607,0.0002953564955454,0,0
CUST02608,0.039410715987877,0,0
CUST02609,0.012355400173563,0,0
CUST02610,0.014300901234018,0,0
CUST02611,0.0433564817084744,0,0
CUST02612,0.0362313446910604,0,0
CUST02613,0.0,0,0
CUST02614,0.0360006889302937,0,0
CUST02615,0.0403540204055991,0,0
CUST02616,0.106965276871774,0,0
CUST02617,0.0040917270448568,0,0
CUST02618,0.0092065448663963,0,0
CUST02619,0.0412763452608925,0,0
CUST02620,0.0167905255740018,0,0
CUST02621,0.0016611629576453,0,0
CUST02622,0.022161608101617,0,0
CUST02623,0.9928244825054116,1,1
CUST02624,0.007942792708649,0,0
CUST02625,0.0570427963972104,0,0
CUST02626,0.002602472062693,0,0
CUST02627,0.0229879413752151,0,0
CUST02628,0.0049989472629771,0,0
CUST02629,0.0228337530343821,0,0
CUST02630,0.00150867127396,0,0
CUST02631,0.002602472062693,0,0
CUST02632,0.0042552408973887,0,0
CUST02633,0.0,0,0
CUST02634,0.0043701245063882,0,0
CUST02635,0.0023071155671476,0,0
CUST02636,0.0002953564955454,0,0
CUST02637,0.0362196499473342,0,0
CUST02638,0.0481295041972242,0,0
CUST02639,0.0950066145003054,0,0
CUST02640,0.9841532178504016,1,1
CUST02641,0.0088137254552348,0,0
CUST02642,0.0897653640829914,0,0
CUST02643,0.0063998766061512,0,0
CUST02644,0.0561048001683982,0,0
CUST02645,0.0289204656171033,0,0
CUST02646,0.0190655372192207,0,0
CUST02647,0.0015525942670103,0,0
CUST02648,0.0014659746871746,0,0
CUST02649,0.0296357641033794,0,0
CUST02650,0.0161181545422011,0,0
CUST02651,0.0,0,0
CUST02652,0.9510651500856296,1,1
CUST02653,0.9273303347446672,1,1
CUST02654,0.0095946497778291,0,0
CUST02655,0.0023717916448197,0,0
CUST02656,0.0005497742931812,0,0
CUST02657,0.0204573131930794,0,0
CUST02658,0.0014659746871746,0,0
CUST02659,0.0023071155671476,0,0
CUST02660,0.0063676389653274,0,0
CUST02661,0.0538251405329809,0,0
CUST02662,0.0190414873366951,0,0
CUST02663,0.8863469992746695,1,1
CUST02664,0.0395420098740486,0,0
CUST02665,0.0248897146530405,0,0
CUST02666,0.0029823609114959,0,0
CUST02667,0.9660709275428674,1,1
CUST02668,0.0222254572138236,0,0
CUST02669,0.0410531094398059,0,0
CUST02670,0.0366885798317327,0,0
CUST02671,0.009360333567396,0,0
CUST02672,0.0112377442495194,0,0
CUST02673,0.0240298486506182,0,0
CUST02674,0.0036114929243215,0,0
CUST02675,0.0431468081134982,0,0
CUST02676,0.002602472062693,0,0
CUST02677,0.957732223388858,1,1
CUST02678,0.921737114121815,1,1
CUST02679,0.9631603839550876,1,1
CUST02680,0.0153321557953207,0,0
CUST02681,0.0067015457667743,0,0
CUST02682,0.0086818792842693,0,0
CUST02683,0.0,0,0
CUST02684,0.0142540177530561,0,0
CUST02685,0.0158106838567019,0,0
CUST02686,0.0038597098341579,0,0
CUST02687,0.0005497742931812,0,0
CUST02688,0.002602472062693,0,0
CUST02689,0.0093975772385241,0,0
CUST02690,0.0593941938524599,0,0
CUST02691,0.0199261415846277,0,0
CUST02692,0.0027098447271505,0,0
CUST02693,0.0027232124586396,0,0
CUST02694,0.0065062185631166,0,0
CUST02695,0.0088137254552348,0,0
CUST02696,0.9790376768842036,1,1
CUST02697,0.9787947056864772,1,1
CUST02698,0.0035480333519218,0,0
CUST02699,0.016609678900531,0,0
CUST02700,0.9465201403790562,1,1
CUST02701,0.0329087323462984,0,0
CUST02702,0.0218108480839205,0,0
CUST02703,0.9641033243077336,1,1
CUST02704,0.038152351254227,0,0
CUST02705,0.0409881722491007,0,0
CUST02706,0.002602472062693,0,0
CUST02707,0.0275825954088859,0,0
CUST02708,0.0257633178526749,0,0
CUST02709,0.0157775250999652,0,0
CUST02710,0.937248624372388,1,1
CUST02711,0.044143686249475,0,0
CUST02712,0.0046358089187801,0,0
CUST02713,0.0544748176598846,0,0
CUST02714,0.0799356062823459,0,0
CUST02715,0.0623922961367563,0,0
CUST02716,0.0300605052037643,0,0
CUST02717,0.005792945522004,0,0
CUST02718,0.0277679830642308,0,0
CUST02719,0.0,0,0
CUST02720,0.9594486055250054,1,1
CUST02721,0.0810157348546971,0,0
CUST02722,0.0027232124586396,0,0
CUST02723,0.0702672684683528,0,0
CUST02724,0.0164364938480409,0,0
CUST02725,0.0464524423147601,0,0
CUST02726,0.0018040277695055,0,0
CUST02727,0.03653246562811,0,0
CUST02728,0.0149701977824682,0,0
CUST02729,0.0060394587570616,0,0
CUST02730,0.0018040277695055,0,0
CUST02731,0.0038664247863655,0,0
CUST02732,0.04066711529273,0,0
CUST02733,0.0012011734531904,0,0
CUST02734,0.0160060810306849,0,0
CUST02735,0.0014659746871746,0,0
CUST02736,0.9784739632424294,1,1
CUST02737,0.0171809234697167,0,0
CUST02738,0.0106911906198628,0,0
CUST02739,0.9170077238424104,1,1
CUST02740,0.0180237911230488,0,0
CUST02741,0.9398960475399613,1,1
CUST02742,0.0074214982545864,0,0
CUST02743,0.0682138115250846,0,0
CUST02744,0.0212799150915887,0,0
CUST02745,0.0002953564955454,0,0
CUST02746,0.0337305345530049,0,0
CUST02747,0.0758094827702795,0,0
CUST02748,0.0018040277695055,0,0
CUST02749,0.0043701245063882,0,0
CUST02750,0.0053618326612799,0,0
CUST02751,0.0172705231536651,0,0
CUST02752,0.0068664688427299,0,0
CUST02753,0.0041111433366531,0,0
CUST02754,0.0332919885056369,0,0
CUST02755,0.0023071155671476,0,0
CUST02756,0.0105850816101593,0,0
CUST02757,0.0269296454651384,0,0
CUST02758,0.9050583487491368,1,1
CUST02759,0.0193383807345979,0,0
CUST02760,0.0152395717633572,0,0
CUST02761,0.0186915457847219,0,0
CUST02762,0.0393633630567237,0,0
CUST02763,0.0,0,0
CUST02764,0.0611254906459885,0,0
CUST02765,0.0029823609114959,0,0
CUST02766,0.978117487235338,1,1
CUST02767,0.0428248327297404,0,0
CUST02768,0.9552581544412752,1,1
CUST02769,0.0502367747315705,0,0
CUST02770,0.0903443281829028,0,0
CUST02771,0.0284699241292118,0,0
CUST02772,0.9110248786833725,1,1
CUST02773,0.00150867127396,0,0
CUST02774,0.0011706181916292,0,0
CUST02775,0.0026361357940305,0,0
CUST02776,0.0433448881011143,0,0
CUST02777,0.0,0,0
CUST02778,0.988511903295592,1,1
CUST02779,0.9831375901856808,1,1
CUST02780,0.0009064588036846,0,0
CUST02781,0.0172989238296649,0,0
CUST02782,0.0012011734531904,0,0
CUST02783,0.0437210506693623,0,0
CUST02784,0.0280228570540487,0,0
CUST02785,0.9377023976598704,1,1
CUST02786,0.0014659746871746,0,0
CUST02787,0.0107497939588639,0,0
CUST02788,0.0181078820563226,0,0
CUST02789,0.0052603114376137,0,0
CUST02790,0.0060673977974874,0,0
CUST02791,0.0142603760975087,0,0
CUST02792,0.012602472062693,0,0
CUST02793,0.0434730050188081,0,0
CUST02794,0.0121372140928957,0,0
CUST02795,0.0176768880668976,0,0
CUST02796,0.9258180693179716,1,1
CUST02797,0.1051230982592655,0,0
CUST02798,0.015681345198366,0,0
CUST02799,0.0253015082350867,0,0
CUST02800,0.0067124016937546,0,0
CUST02801,0.0311502494771898,0,0
CUST02802,0.0035425945977151,0,0
CUST02803,0.0687379415897188,0,0
CUST02804,0.0493269835266213,0,0
CUST02805,0.0212251208738303,0,0
CUST02806,0.0018040277695055,0,0
CUST02807,0.0787424930472824,0,0
CUST02808,0.0479255597372848,0,0
CUST02809,0.0011706181916292,0,0
CUST02810,0.0108902551554009,0,0
CUST02811,0.0235808173350554,0,0
CUST02812,0.0129989845731091,0,0
CUST02813,0.0709628048171781,0,0
CUST02814,0.8939232239661996,1,1
CUST02815,0.0038597098341579,0,0
CUST02816,0.0156660475886833,0,0
CUST02817,0.0297527395335768,0,0
CUST02818,0.0009064588036846,0,0
CUST02819,0.0346953025882012,0,0
CUST02820,0.0865051379805006,0,0
CUST02821,0.0131976747536492,0,0
CUST02822,0.0184852916509331,0,0
CUST02823,0.0649225838151659,0,0
CUST02824,0.0053450631053121,0,0
CUST02825,0.0127618247079141,0,0
CUST02826,0.0049653049741809,0,0
CUST02827,0.0,0,0
CUST02828,0.0093898366677642,0,0
CUST02829,0.0263640698309298,0,0
CUST02830,0.0162198652933016,0,0
CUST02831,0.9445867717427174,1,1
CUST02832,0.0014659746871746,0,0
CUST02833,0.959046510424246,1,1
CUST02834,0.0147923467126624,0,0
CUST02835,0.0002953564955454,0,0
CUST02836,0.9760878707301848,1,1
CUST02837,0.002602472062693,0,0
CUST02838,0.0045739036252672,0,0
CUST02839,0.0217870049378442,0,0
CUST02840,0.0,0,0
CUST02841,0.0168664688427299,0,0
CUST02842,0.030204094085351,0,0
CUST02843,0.0002953564955454,0,0
CUST02844,0.0331243359708444,0,0
CUST02845,0.0340785512245699,0,0
CUST02846,0.0707037460489907,0,0
CUST02847,0.0211413430226954,0,0
CUST02848,0.0044484115553601,0,0
CUST02849,0.9488889588014215,1,1
CUST02850,0.002602472062693,0,0
CUST02851,0.0809419671003092,0,0
CUST02852,0.0029314922895759,0,0
CUST02853,0.007533372484662,0,0
CUST02854,0.0356981904743094,0,0
CUST02855,0.01,0,0
CUST02856,0.0148272402616714,0,0
CUST02857,0.0093975772385241,0,0
CUST02858,0.0428125657803175,0,0
CUST02859,0.0018040277695055,0,0
CUST02860,0.0356088957834084,0,0
CUST02861,0.0471206122646782,0,0
CUST02862,0.9752712548230746,1,1
CUST02863,0.0288395423243269,0,0
CUST02864,0.9474720324198675,1,1
CUST02865,0.0744709029289121,0,0
CUST02866,0.0384010987760985,0,0
CUST02867,0.0015525942670103,0,0
CUST02868,0.0023717916448197,0,0
CUST02869,0.002602472062693,0,0
CUST02870,0.0507902437149369,0,0
CUST02871,0.021905934892768,0,0
CUST02872,0.0567704112515908,0,0
CUST02873,0.0351930379364264,0,0
CUST02874,0.0467828617659281,0,0
CUST02875,0.8897849458566146,1,1
CUST02876,0.0,0,0
CUST02877,0.0023071155671476,0,0
CUST02878,0.021024708309187,0,0
CUST02879,0.0014659746871746,0,0
CUST02880,0.0608413775460347,0,0
CUST02881,0.0261326150363051,0,0
CUST02882,0.9859695261285718,1,1
CUST02883,0.028904847588578,0,0
CUST02884,0.0796448601735216,0,0
CUST02885,0.9617557127076082,1,1
CUST02886,0.0067783314980498,0,0
CUST02887,0.009293172690763,0,0
CUST02888,0.1141898932615106,0,0
CUST02889,0.0,0,0
CUST02890,0.0902737258892238,0,0
CUST02891,0.0504109671020039,0,0
CUST02892,0.0461345502683693,0,0
CUST02893,0.0029781209781209,0,0
CUST02894,0.0089179027578236,0,0
CUST02895,0.0029781209781209,0,0
CUST02896,0.0104955036873459,0,0
CUST02897,0.0172082740458098,0,0
CUST02898,0.0046564571363294,0,0
CUST02899,0.019664101827408,0,0
CUST02900,0.0066682162079316,0,0
CUST02901,0.002602472062693,0,0
CUST02902,0.0289597043135902,0,0
CUST02903,0.0034651907271508,0,0
CUST02904,0.0261270001604261,0,0
CUST02905,0.9675570926004426,1,1
CUST02906,0.0034032854336379,0,0
CUST02907,0.0156259117186233,0,0
CUST02908,0.0191526561017574,0,0
CUST02909,0.0760049372442998,0,0
CUST02910,0.0240702224223282,0,0
CUST02911,0.0276138554802147,0,0
CUST02912,0.0693689003920181,0,0
CUST02913,0.002602472062693,0,0
CUST02914,0.0177237554902363,0,0
CUST02915,0.9468466209509266,1,1
CUST02916,0.9577896845207858,1,1
CUST02917,0.0107874286615849,0,0
CUST02918,0.0063627542930328,0,0
CUST02919,0.0430355053088855,0,0
CUST02920,0.0002953564955454,0,0
CUST02921,0.9622235171773468,1,1
CUST02922,0.966355314128586,1,1
CUST02923,0.002602472062693,0,0
CUST02924,0.0368519106466187,0,0
CUST02925,0.0109420724504767,0,0
CUST02926,0.0023717916448197,0,0
CUST02927,0.0038597098341579,0,0
CUST02928,0.0086818792842693,0,0
CUST02929,0.0307879052423654,0,0
CUST02930,0.0086818792842693,0,0
CUST02931,0.0047909407775061,0,0
CUST02932,0.0166894115452159,0,0
CUST02933,0.002602472062693,0,0
CUST02934,0.0131107461735633,0,0
CUST02935,0.0338097637396296,0,0
CUST02936,0.983787706446457,1,1
CUST02937,0.0306377189889656,0,0
CUST02938,0.0179957512722798,0,0
CUST02939,0.0747685147815124,0,0
CUST02940,0.005792945522004,0,0
CUST02941,0.0067178594141905,0,0
CUST02942,0.0123916322292996,0,0
CUST02943,0.0034651907271508,0,0
CUST02944,0.0376784173455361,0,0
CUST02945,0.002602472062693,0,0
CUST02946,0.0014659746871746,0,0
CUST02947,0.943010666318298,1,1
CUST02948,0.9351817351556428,1,1
CUST02949,0.021905934892768,0,0
CUST02950,0.0223217767341354,0,0
CUST02951,0.0389107436260335,0,0
CUST02952,0.0014659746871746,0,0
CUST02953,0.0143288886322212,0,0
CUST02954,0.0294246404476591,0,0
CUST02955,0.0130609523658046,0,0
CUST02956,0.0147537860889575,0,0
CUST02957,0.0041111433366531,0,0
CUST02958,0.0027232124586396,0,0
CUST02959,0.0701411596177728,0,0
CUST02960,0.018098877657954,0,0
CUST02961,0.0086818792842693,0,0
CUST02962,0.0128357672884782,0,0
CUST02963,0.0064225029186451,0,0
CUST02964,0.0089655815403788,0,0
CUST02965,0.0401965260960712,0,0
CUST02966,0.0523347794020468,0,0
CUST02967,0.0139118790562214,0,0
CUST02968,0.0199936789741813,0,0
CUST02969,0.0191048777390949,0,0
CUST02970,0.039887096541203,0,0
CUST02971,0.0114124609027995,0,0
CUST02972,0.0171185256775413,0,0
CUST02973,0.0122093625650279,0,0
CUST02974,0.0844000447917127,0,0
CUST02975,0.9634687895006624,1,1
CUST02976,0.0052066756740571,0,0
CUST02977,0.9763463545388732,1,1
CUST02978,0.002602472062693,0,0
CUST02979,0.0114495832159179,0,0
CUST02980,0.9412472024037756,1,1
CUST02981,0.0246333617337246,0,0
CUST02982,0.0236127797062384,0,0
CUST02983,0.0118494149528472,0,0
CUST02984,0.011943187546948,0,0
CUST02985,0.027569133385058,0,0
CUST02986,0.0002953564955454,0,0
CUST02987,0.052835608250105,0,0
CUST02988,0.0253492532038906,0,0
CUST02989,0.0114659746871746,0,0
CUST02990,0.0042636350203384,0,0
CUST02991,0.002602472062693,0,0
CUST02992,0.0281205469669732,0,0
CUST02993,0.0002953564955454,0,0
CUST02994,0.0197369613187311,0,0
CUST02995,0.0103275427802085,0,0
CUST02996,0.0550662747279313,0,0
CUST02997,0.0255741112334112,0,0
CUST02998,0.0442396668542445,0,0
CUST02999,0.0110953440958754,0,0
CUST03000,0.0057195713010509,0,0
CUST03001,0.0469366849785964,0,0
CUST03002,0.967135897963839,1,1
CUST03003,0.9895656902018014,1,1
CUST03004,0.0090399333783371,0,0
CUST03005,0.0064708009466576,0,0
CUST03006,0.01,0,0
CUST03007,0.0020765439538509,0,0
CUST03008,0.9869220102327052,1,1
CUST03009,0.0484230444951974,0,0
CUST03010,0.0052281970176231,0,0
CUST03011,0.0137110406476743,0,0
CUST03012,0.9568802708001208,1,1
CUST03013,0.0029746459611347,0,0
CUST03014,0.0852370140028766,0,0
CUST03015,0.0072190722747457,0,0
CUST03016,0.0032898587322656,0,0
CUST03017,0.042443335665594,0,0
CUST03018,0.0086818792842693,0,0
CUST03019,0.01,0,0
CUST03020,0.0058270753279587,0,0
CUST03021,0.0163841533988557,0,0
CUST03022,0.0535042531845109,0,0
CUST03023,0.00150867127396,0,0
CUST03024,0.0014659746871746,0,0
CUST03025,0.0094080305869042,0,0
CUST03026,0.0234306323598303,0,0
CUST03027,0.972778713323864,1,1
CUST03028,0.0167040494448457,0,0
CUST03029,0.0076531807937238,0,0
CUST03030,0.111596304485614,0,0
CUST03031,0.0317613566502063,0,0
CUST03032,0.0002953564955454,0,0
CUST03033,0.0688435663155538,0,0
CUST03034,0.0335345789407884,0,0
CUST03035,0.0610787844238066,0,0
CUST03036,0.0330708216913403,0,0
CUST03037,0.9365857118703288,1,1
CUST03038,0.0629371516166642,0,0
CUST03039,0.013276685408329,0,0
CUST03040,0.0058947124663724,0,0
CUST03041,0.0287009235676441,0,0
CUST03042,0.0108318389209374,0,0
CUST03043,0.0711492499202303,0,0
CUST03044,0.0122265136978588,0,0
CUST03045,0.0018040277695055,0,0
CUST03046,0.0020765439538509,0,0
CUST03047,0.0277861193635358,0,0
CUST03048,0.0218943410008337,0,0
CUST03049,0.0908146994840415,0,0
CUST03050,0.0375992501364621,0,0
CUST03051,0.9033284822229368,1,1
CUST03052,0.0372465292432983,0,0
CUST03053,0.0398827307919907,0,0
CUST03054,0.0370335150441902,0,0
CUST03055,0.0097509851415818,0,0
CUST03056,0.9664421768615844,1,1
CUST03057,0.0020765439538509,0,0
CUST03058,0.0035480333519218,0,0
CUST03059,0.0045226161900735,0,0
CUST03060,0.007545381908751,0,0
CUST03061,0.0030839802603079,0,0
CUST03062,0.0065174296352026,0,0
CUST03063,0.0076664599462675,0,0
CUST03064,0.0522988006097093,0,0
CUST03065,0.0085566314651316,0,0
CUST03066,0.0205597580653406,0,0
CUST03067,0.9758341950256362,1,1
CUST03068,0.0798060528408817,0,0
CUST03069,0.9643918469924144,1,1
CUST03070,0.0182093343484989,0,0
CUST03071,0.0337885571865513,0,0
CUST03072,0.0383419305276784,0,0
CUST03073,0.0388667644001494,0,0
CUST03074,0.0150897532062401,0,0
CUST03075,0.0492887575539304,0,0
CUST03076,0.954405792812476,1,1
CUST03077,0.0309777253462582,0,0
CUST03078,0.0331845465679153,0,0
CUST03079,0.0164225029186451,0,0
CUST03080,0.0301185173633352,0,0
CUST03081,0.0305971372239654,0,0
CUST03082,0.0053450631053121,0,0
CUST03083,0.0029705010042159,0,0
CUST03084,0.0095500570766597,0,0
CUST03085,0.9436318485054548,1,1
CUST03086,0.045854839174891,0,0
CUST03087,0.0180156720320498,0,0
CUST03088,0.0159226028014656,0,0
CUST03089,0.0012011734531904,0,0
CUST03090,0.0392837450897706,0,0
CUST03091,0.0020927776544703,0,0
CUST03092,0.0304794578876513,0,0
CUST03093,0.0945219766912481,0,0
CUST03094,0.0018040277695054,0,0
CUST03095,0.0127257100239433,0,0
CUST03096,0.0467211355491902,0,0
CUST03097,0.0180836519156822,0,0
CUST03098,0.0064708009466576,0,0
CUST03099,0.0343897033385793,0,0
CUST03100,0.0313994250492097,0,0
CUST03101,0.0377562184771143,0,0
CUST03102,0.0,0,0
CUST03103,0.940698071285834,1,1
CUST03104,0.0096392859724258,0,0
CUST03105,0.0239252826389324,0,0
CUST03106,0.0482345566646023,0,0
CUST03107,0.9670408236817132,1,1
CUST03108,0.0014659746871746,0,0
CUST03109,0.0350282485875706,0,0
CUST03110,0.014185442360401,0,0
CUST03111,0.0798201160959363,0,0
CUST03112,0.0086818792842693,0,0
CUST03113,0.0225465005113399,0,0
CUST03114,0.0101406037158749,0,0
CUST03115,0.0296374099465462,0,0
CUST03116,0.0023071155671476,0,0
CUST03117,0.0014659746871746,0,0
CUST03118,0.0328434274481174,0,0
CUST03119,0.0,0,0
CUST03120,0.0259098392527119,0,0
CUST03121,0.0734151937577956,0,0
CUST03122,0.0042636350203384,0,0
CUST03123,0.0246058348932989,0,0
CUST03124,0.0197279220751581,0,0
CUST03125,0.002602472062693,0,0
CUST03126,0.0215765152629171,0,0
CUST03127,0.0445099129489919,0,0
CUST03128,0.0305755546230797,0,0
CUST03129,0.0430861014266667,0,0
CUST03130,0.0991308650717808,0,0
CUST03131,0.917793461420243,1,1
CUST03132,0.0383128093541971,0,0
CUST03133,0.9614040336339786,1,1
CUST03134,0.0260180561204567,0,0
CUST03135,0.0641430348088768,0,0
CUST03136,0.0014659746871746,0,0
CUST03137,0.0144515063965249,0,0
CUST03138,0.0057723062942985,0,0
CUST03139,0.0349666778978564,0,0
CUST03140,0.0027886237647625,0,0
CUST03141,0.002602472062693,0,0
CUST03142,0.0018040277695055,0,0
CUST03143,0.0216439860622036,0,0
CUST03144,0.0078384634240175,0,0
CUST03145,0.9277795997020692,1,1
CUST03146,0.0703706860220858,0,0
CUST03147,0.039287460256927,0,0
CUST03148,0.0139559911300361,0,0
CUST03149,0.0335612980817587,0,0
CUST03150,0.0038597098341579,0,0
CUST03151,0.0513414255294983,0,0
CUST03152,0.9932487439478932,1,1
CUST03153,0.0,0,0
CUST03154,0.0266399088699988,0,0
CUST03155,0.0017811874583055,0,0
CUST03156,0.0480417357999514,0,0
CUST03157,0.9727851558662336,1,1
CUST03158,0.0095019013619417,0,0
CUST03159,0.0231774761330177,0,0
CUST03160,0.0237174062866325,0,0
CUST03161,0.0014555912508263,0,0
CUST03162,0.0754960944697208,0,0
CUST03163,0.0201723848363953,0,0
CUST03164,0.0289093153271873,0,0
CUST03165,0.009584054290286,0,0
CUST03166,0.9886835941145132,1,1
CUST03167,0.0002953564955454,0,0
CUST03168,0.0434701629566802,0,0
CUST03169,0.1212599310816002,0,0
CUST03170,0.0233958625019181,0,0
CUST03171,0.0094730331675669,0,0
CUST03172,0.0598445104950638,0,0
CUST03173,0.0014659746871746,0,0
CUST03174,0.0484715362678693,0,0
CUST03175,0.03,0,0
CUST03176,0.0455054503565354,0,0
CUST03177,0.9772675656246456,1,1
CUST03178,0.0208417358300468,0,0
CUST03179,0.044088435418347,0,0
CUST03180,0.0175750025010262,0,0
CUST03181,0.0043845963510665,0,0
CUST03182,0.0090979761757613,0,0
CUST03183,0.9685400016046812,1,1
CUST03184,0.9290008741794574,1,1
CUST03185,0.0129781209781209,0,0
CUST03186,0.002602472062693,0,0
CUST03187,0.0031203141732079,0,0
CUST03188,0.0084331939040449,0,0
CUST03189,0.0169235085790913,0,0
CUST03190,0.0241351931625056,0,0
CUST03191,0.0205309856855063,0,0
CUST03192,0.0380281437001672,0,0
CUST03193,0.963687266096146,1,1
CUST03194,0.0137223165232479,0,0
CUST03195,0.000905816957645,0,0
CUST03196,0.0794784028099852,0,0
CUST03197,0.0203170618405889,0,0
CUST03198,0.0198908579018356,0,0
CUST03199,0.0,0,0
CUST03200,0.0078964472316443,0,0
CUST03201,0.0023071155671476,0,0
CUST03202,0.0012011734531904,0,0
CUST03203,0.017460240563805,0,0
CUST03204,0.0380224078792183,0,0
CUST03205,0.0002953564955454,0,0
CUST03206,0.0064829750025044,0,0
CUST03207,0.0301875570053776,0,0
CUST03208,0.9885463699453664,1,1
CUST03209,0.0687551609717807,0,0
CUST03210,0.0050282485875706,0,0
CUST03211,0.9197785364865916,1,1
CUST03212,0.0300357427557984,0,0
CUST03213,0.9790865948430344,1,1
CUST03214,0.0002953564955454,0,0
CUST03215,0.0122869577820224,0,0
CUST03216,0.0027098447271505,0,0
CUST03217,0.9805011144079168,1,1
CUST03218,0.9184967563501938,1,1
CUST03219,0.9679634992611308,1,1
CUST03220,0.076741546789974,0,0
CUST03221,0.0346785531783576,0,0
CUST03222,0.0008451307887266,0,0
CUST03223,0.002602472062693,0,0
CUST03224,0.0112452647446657,0,0
CUST03225,0.0276234782169361,0,0
CUST03226,0.0107591391334067,0,0
CUST03227,0.0148362424067045,0,0
CUST03228,0.0036114929243215,0,0
CUST03229,0.8839823339918922,1,1
CUST03230,0.0593733564651958,0,0
CUST03231,0.0064037975843066,0,0
CUST03232,0.0084449309926154,0,0
CUST03233,0.0175873036252232,0,0
CUST03234,0.0158270753279587,0,0
CUST03235,0.0305682877963064,0,0
CUST03236,0.0035425945977151,0,0
CUST03237,0.0,0,0
CUST03238,0.945509140800753,1,1
CUST03239,0.0086091289506352,0,0
CUST03240,0.0659903233487234,0,0
CUST03241,0.0463658096065074,0,0
CUST03242,0.0669533101847752,0,0
CUST03243,0.9627192013038344,1,1
CUST03244,0.0880735666125444,0,0
CUST03245,0.9195996925120502,1,1
CUST03246,0.0,0,0
CUST03247,0.0023071155671476,0,0
CUST03248,0.950929486982896,1,1
CUST03249,0.002602472062693,0,0
CUST03250,0.0,0,0
CUST03251,0.0359227045206349,0,0
CUST03252,0.0791308650717808,0,0
CUST03253,0.0274489013970501,0,0
CUST03254,0.0193266537361189,0,0
CUST03255,0.0014659746871746,0,0
CUST03256,0.022254742836488,0,0
CUST03257,0.0185653251420825,0,0
CUST03258,0.0673413331415298,0,0
CUST03259,0.0931527215262708,0,0
CUST03260,0.9372243532406648,1,1
CUST03261,0.0012572377714649,0,0
CUST03262,0.0459008742554258,0,0
CUST03263,0.0285340877933574,0,0
CUST03264,0.0464279142710938,0,0
CUST03265,0.0338974262235388,0,0
CUST03266,0.965482053157513,1,1
CUST03267,0.0175780814083892,0,0
CUST03268,0.9095520982567448,1,1
CUST03269,0.0112908151407972,0,0
CUST03270,0.012602472062693,0,0
CUST03271,0.0066987624796491,0,0
CUST03272,0.9663725505244978,1,1
CUST03273,0.0563236555381056,0,0
CUST03274,0.0166190877548508,0,0
CUST03275,0.0887074601981888,0,0
CUST03276,0.0052603114376137,0,0
CUST03277,0.0002953564955454,0,0
CUST03278,0.9751160389682936,1,1
CUST03279,0.0052776165713635,0,0
CUST03280,0.011749584152427,0,0
CUST03281,0.0005497742931812,0,0
CUST03282,0.0068664688427299,0,0
CUST03283,0.009499780743205,0,0
CUST03284,0.002602472062693,0,0
CUST03285,0.0202911390730383,0,0
CUST03286,0.0441808513993302,0,0
CUST03287,0.0031568097279735,0,0
CUST03288,0.0728562849105851,0,0
CUST03289,0.0497449776015312,0,0
CUST03290,0.0002953564955454,0,0
CUST03291,0.0231636387960171,0,0
CUST03292,0.0755408780963831,0,0
CUST03293,0.0015525942670103,0,0
CUST03294,0.0081792831336181,0,0
CUST03295,0.0002953564955454,0,0
CUST03296,0.0592785236109349,0,0
CUST03297,0.002602472062693,0,0
CUST03298,0.0105497742931812,0,0
CUST03299,0.057651892361405,0,0
CUST03300,0.0251741580630098,0,0
CUST03301,0.0,0,0
CUST03302,0.0899818039730621,0,0
CUST03303,0.0179903101144648,0,0
CUST03304,0.9536035498190596,1,1
CUST03305,0.0014659746871746,0,0
CUST03306,0.0155000843436875,0,0
CUST03307,0.0088137254552348,0,0
CUST03308,0.0052606614697263,0,0
CUST03309,0.0123717916448197,0,0
CUST03310,0.894499100414566,1,1
CUST03311,0.0040890829502629,0,0
CUST03312,0.0021269685642502,0,0
CUST03313,0.0468807882092183,0,0
CUST03314,0.9742330119445876,1,1
CUST03315,0.980505878501469,1,1
CUST03316,0.0202380891774112,0,0
CUST03317,0.0049649549420683,0,0
CUST03318,0.0352415021181989,0,0
CUST03319,0.0159730435128252,0,0
CUST03320,0.0428524885965769,0,0
CUST03321,0.0052281970176231,0,0
CUST03322,0.0325026728811979,0,0
CUST03323,0.0943403366799583,0,0
CUST03324,0.0077671654665157,0,0
CUST03325,0.0649901771807873,0,0
CUST03326,0.961258691745691,1,1
CUST03327,0.0018040277695055,0,0
CUST03328,0.0002953564955454,0,0
CUST03329,0.00312713764482,0,0
CUST03330,0.0196394167674333,0,0
CUST03331,0.1266503790136481,0,0
CUST03332,0.0038597098341579,0,0
CUST03333,0.9772494291561898,1,1
CUST03334,0.0328288694102489,0,0
CUST03335,0.0187973378724934,0,0
CUST03336,0.9378923017513716,1,1
CUST03337,0.0137829717108581,0,0
CUST03338,0.0847507963236694,0,0
CUST03339,0.0238409353912495,0,0
CUST03340,0.0107624211725981,0,0
CUST03341,0.0224022206399047,0,0
CUST03342,0.0262761199401615,0,0
CUST03343,0.0091473876951542,0,0
CUST03344,0.0125454752927618,0,0
CUST03345,0.0002953564955454,0,0
CUST03346,0.0029314922895759,0,0
CUST03347,0.015788494073023,0,0
CUST03348,0.9476634533927782,1,1
CUST03349,0.0503583245748403,0,0
CUST03350,0.0163876675740811,0,0
CUST03351,0.0501549293793989,0,0
CUST03352,0.0198563016273574,0,0
CUST03353,0.0530648296602075,0,0
CUST03354,0.0199238040653504,0,0
CUST03355,0.0008451307887266,0,0
CUST03356,0.0869546522785004,0,0
CUST03357,0.9781983275439669,1,1
CUST03358,0.0153680913707161,0,0
CUST03359,0.0981602194688751,0,0
CUST03360,0.0239766960228265,0,0
CUST03361,0.031880416598241,0,0
CUST03362,0.1065240005755543,0,0
CUST03363,0.9957178926032144,1,1
CUST03364,0.0018040277695055,0,0
CUST03365,0.0038597098341579,0,0
CUST03366,0.0002953564955454,0,0
CUST03367,0.0066682162079316,0,0
CUST03368,0.0,0,0
CUST03369,0.0207515775554085,0,0
CUST03370,0.0510338187141022,0,0
CUST03371,0.9769584241613284,1,1
CUST03372,0.0002953564955454,0,0
CUST03373,0.0107716623359419,0,0
CUST03374,0.0035643533386125,0,0
CUST03375,0.0041758594353567,0,0
CUST03376,0.0042636350203384,0,0
CUST03377,0.0059954258943655,0,0
CUST03378,0.0439645213297209,0,0
CUST03379,0.0233165016389311,0,0
CUST03380,0.0455824116857232,0,0
CUST03381,0.0102953564955454,0,0
CUST03382,0.1232985241530858,0,0
CUST03383,0.0002953564955454,0,0
CUST03384,0.0029746459611347,0,0
CUST03385,0.0231970838266949,0,0
CUST03386,0.0129823609114959,0,0
CUST03387,0.0054975890264586,0,0
CUST03388,0.0033424989764513,0,0
CUST03389,0.0107591391334067,0,0
CUST03390,0.0052776165713635,0,0
CUST03391,0.953759977811766,1,1
CUST03392,0.0064708009466576,0,0
CUST03393,0.9641251048639906,1,1
CUST03394,0.014491032185456,0,0
CUST03395,0.0476050492566184,0,0
CUST03396,0.0018040277695055,0,0
CUST03397,0.0117926145609659,0,0
CUST03398,0.0046654810019336,0,0
CUST03399,0.0556691834936157,0,0
CUST03400,0.0202644427900016,0,0
CUST03401,0.007533372484662,0,0
CUST03402,0.0173207389584756,0,0
CUST03403,0.9789660246164096,1,1
CUST03404,0.003834665152627,0,0
CUST03405,0.0773940164372782,0,0
CUST03406,0.0050519245540165,0,0
CUST03407,0.0198702403745523,0,0
CUST03408,0.002602472062693,0,0
CUST03409,0.0330709606170644,0,0
CUST03410,0.016710763614025,0,0
CUST03411,0.0018040277695055,0,0
CUST03412,0.9758729984113133,1,1
CUST03413,0.0201356892508886,0,0
CUST03414,0.0118618258007706,0,0
CUST03415,0.9385514500528304,1,1
CUST03416,0.0676852588871447,0,0
CUST03417,0.02,0,0
CUST03418,0.0186820775141687,0,0
CUST03419,0.0029746459611347,0,0
CUST03420,0.0261148454115877,0,0
CUST03421,0.0286973621044303,0,0
CUST03422,0.0058874816195399,0,0
CUST03423,0.0140462170475635,0,0
CUST03424,0.0212819802814483,0,0
CUST03425,0.0735028427899316,0,0
CUST03426,0.0052281970176231,0,0
CUST03427,0.0246490350436359,0,0
CUST03428,0.0031859100872118,0,0
CUST03429,0.0339993551689646,0,0
CUST03430,0.0386455141643204,0,0
CUST03431,0.0346122680330729,0,0
CUST03432,0.0102953564955454,0,0
CUST03433,0.0161700596553223,0,0
CUST03434,0.0696153179367367,0,0
CUST03435,0.0193649956841819,0,0
CUST03436,0.9591724582203836,1,1
CUST03437,0.9108617958639458,1,1
CUST03438,0.0071809234697167,0,0
CUST03439,0.0042636350203384,0,0
CUST03440,0.0247898776327705,0,0
CUST03441,0.0577472729270609,0,0
CUST03442,0.0101809887981788,0,0
CUST03443,0.041905671733227,0,0
CUST03444,0.9944834202347016,1,1
CUST03445,0.0061919313053484,0,0
CUST03446,0.0106275089070994,0,0
CUST03447,0.0042395986829609,0,0
CUST03448,0.9869113286940052,1,1
CUST03449,0.0674793325075913,0,0
CUST03450,0.0216637931156758,0,0
CUST03451,0.9070436662982696,1,1
CUST03452,0.0280836513057966,0,0
CUST03453,0.0062508800629571,0,0
CUST03454,0.0083867391536083,0,0
CUST03455,0.0306479497364561,0,0
CUST03456,0.9313994250492098,1,1
CUST03457,0.0617415085862583,0,0
CUST03458,0.0659786753510468,0,0
CUST03459,0.93268800935019,1,1
CUST03460,0.0098005002493016,0,0
CUST03461,0.0177451238191256,0,0
CUST03462,0.002602472062693,0,0
CUST03463,0.0522988006097093,0,0
CUST03464,0.0236388263153625,0,0
CUST03465,0.0304406987624846,0,0
CUST03466,0.9344590468720212,1,1
CUST03467,0.0114659746871746,0,0
CUST03468,0.02598110181228,0,0
CUST03469,0.0065066657845115,0,0
CUST03470,0.0029314922895759,0,0
CUST03471,0.0027886237647625,0,0
CUST03472,0.0189328907178411,0,0
CUST03473,0.0263090957693039,0,0
CUST03474,0.0655252269928758,0,0
CUST03475,0.0151113839666738,0,0
CUST03476,0.0086818792842693,0,0
CUST03477,0.0055317188324133,0,0
CUST03478,0.0166445651370049,0,0
CUST03479,0.037282250080225,0,0
CUST03480,0.0029746459611347,0,0
CUST03481,0.042315981473892,0,0
CUST03482,0.0106383987374601,0,0
CUST03483,0.0052642280869906,0,0
CUST03484,0.0585724241937837,0,0
CUST03485,0.9844717734311856,1,1
CUST03486,0.0216828082435232,0,0
CUST03487,0.0156512911160576,0,0
CUST03488,0.0148217597720771,0,0
CUST03489,0.0392004929862258,0,0
CUST03490,0.0011706181916292,0,0
CUST03491,0.0791012298442055,0,0
CUST03492,0.0097231011595412,0,0
CUST03493,0.0011706181916292,0,0
CUST03494,0.002602472062693,0,0
CUST03495,0.0042960471567926,0,0
CUST03496,0.060903337055769,0,0
CUST03497,0.0647570037056234,0,0
CUST03498,0.0018040277695055,0,0
CUST03499,0.0290990453332036,0,0
CUST03500,0.0833157851033476,0,0
CUST03501,0.0214073139808409,0,0
CUST03502,0.0142742401357685,0,0
CUST03503,0.9259470522066006,1,1
CUST03504,0.0102564188349502,0,0
CUST03505,0.0173047099671597,0,0
CUST03506,0.0200274338931022,0,0
CUST03507,0.0150868048395124,0,0
CUST03508,0.0086661588877816,0,0
CUST03509,0.0,0,0
CUST03510,0.0358490871238461,0,0
CUST03511,0.0172243532406647,0,0
CUST03512,0.9310644896626664,1,1
CUST03513,0.0834735846520454,0,0
CUST03514,0.969729491640788,1,1
CUST03515,0.0048904278371799,0,0
CUST03516,0.0002953564955454,0,0
CUST03517,0.9851115402288366,1,1
CUST03518,0.0385627215743945,0,0
CUST03519,0.0998552659980125,0,0
CUST03520,0.0014659746871746,0,0
CUST03521,0.9342367441292744,1,1
CUST03522,0.0009064588036846,0,0
CUST03523,0.0177671654665157,0,0
CUST03524,0.943021975865194,1,1
CUST03525,0.962448913923412,1,1
CUST03526,0.0009064588036846,0,0
CUST03527,0.9831987862516172,1,1
CUST03528,0.0217145509645443,0,0
CUST03529,0.0676806828009063,0,0
CUST03530,0.0099534346034803,0,0
CUST03531,0.0562367700207067,0,0
CUST03532,0.0026052121159938,0,0
CUST03533,0.0018040277695055,0,0
CUST03534,0.0512622375077456,0,0
CUST03535,0.0019565194531907,0,0
CUST03536,0.054842707496159,0,0
CUST03537,0.0603249272030938,0,0
CUST03538,0.003834665152627,0,0
CUST03539,0.0325181271451395,0,0
CUST03540,0.0071759561325799,0,0
CUST03541,0.0462768591995521,0,0
CUST03542,0.0296746691480024,0,0
CUST03543,0.0019565194531907,0,0
CUST03544,0.0685291557210805,0,0
CUST03545,0.0058270753279587,0,0
CUST03546,0.0331087756955834,0,0
CUST03547,0.0023071155671476,0,0
CUST03548,0.019439694188168,0,0
CUST03549,0.8223071155671476,1,1
CUST03550,0.9170708926012556,1,1
CUST03551,0.0017811874583055,0,0
CUST03552,0.0061651284102895,0,0
CUST03553,0.0105131652582537,0,0
CUST03554,0.1070012709468782,0,0
CUST03555,0.0090959299905156,0,0
CUST03556,0.0029823609114959,0,0
CUST03557,0.0070062260629575,0,0
CUST03558,0.0207606367937192,0,0
CUST03559,0.019892183403414,0,0
CUST03560,0.0140937501923951,0,0
CUST03561,0.0445905085966421,0,0
CUST03562,0.0332748828108473,0,0
CUST03563,0.0214177600100427,0,0
CUST03564,0.1306485273934427,0,0
CUST03565,0.0019565194531907,0,0
CUST03566,0.0832903512166775,0,0
CUST03567,0.00312713764482,0,0
CUST03568,0.0859082306158223,0,0
CUST03569,0.0089683389197061,0,0
CUST03570,0.0630397430774693,0,0
CUST03571,0.0285777655065514,0,0
CUST03572,0.0299554140610274,0,0
CUST03573,0.0078561731288133,0,0
CUST03574,0.0159058632282171,0,0
CUST03575,0.0142603760975087,0,0
CUST03576,0.0404327308114313,0,0
CUST03577,0.0221722134828904,0,0
CUST03578,0.0247299507244292,0,0
CUST03579,0.048008496913873,0,0
CUST03580,0.0018040277695055,0,0
CUST03581,0.975131903705327,1,1
CUST03582,0.0202912264385665,0,0
CUST03583,0.0155124346756737,0,0
CUST03584,0.0794363044738351,0,0
CUST03585,0.0159026196170096,0,0
CUST03586,0.0023071155671476,0,0
CUST03587,0.0227319808191163,0,0
CUST03588,0.0023717916448197,0,0
CUST03589,0.0064194562604031,0,0
CUST03590,0.9478686946126794,1,1
CUST03591,0.0695022910522116,0,0
CUST03592,0.0438132999877894,0,0
CUST03593,0.0174076413519882,0,0
CUST03594,0.0019565194531907,0,0
CUST03595,0.9929469259961592,1,1
CUST03596,0.9127597548796332,1,1
CUST03597,0.9578603353952873,1,1
CUST03598,0.0232982174813012,0,0
CUST03599,0.0052603114376137,0,0
CUST03600,0.0183329433927853,0,0
CUST03601,0.9560107587780082,1,1
CUST03602,0.0221239239987229,0,0
CUST03603,0.9540968881201856,1,1
CUST03604,0.0639049802966276,0,0
CUST03605,0.0137798773747767,0,0
CUST03606,0.0123071155671476,0,0
CUST03607,0.9846670814579346,1,1
CUST03608,0.029921755649612,0,0
CUST03609,0.9157589048390752,1,1
CUST03610,0.0267609783354429,0,0
CUST03611,0.0082732351114726,0,0
CUST03612,0.0711981716929863,0,0
CUST03613,0.002602472062693,0,0
CUST03614,0.0075391140349703,0,0
CUST03615,0.0540460923705585,0,0
CUST03616,0.0210436473194455,0,0
CUST03617,0.0343023477368702,0,0
CUST03618,0.0018040277695054,0,0
CUST03619,0.0288186783968768,0,0
CUST03620,0.0220733179500975,0,0
CUST03621,0.0033337817253158,0,0
CUST03622,0.0107454094125033,0,0
CUST03623,0.0038597098341579,0,0
CUST03624,0.9344748176598848,1,1
CUST03625,0.0058874816195399,0,0
CUST03626,0.0044340841313978,0,0
CUST03627,0.0550935131840211,0,0
CUST03628,0.1075167345366226,0,0
CUST03629,0.0107508649479617,0,0
CUST03630,0.0163492086414595,0,0
CUST03631,0.0318772879681141,0,0
CUST03632,0.0483851524877599,0,0
CUST03633,0.8175555702828512,1,1
CUST03634,0.0337438101702412,0,0
CUST03635,0.002602472062693,0,0
CUST03636,0.001749584152427,0,0
CUST03637,0.0020765439538509,0,0
CUST03638,0.0404589098815194,0,0
CUST03639,0.9896711675983494,1,1
CUST03640,0.0035643533386125,0,0
CUST03641,0.0455049466966274,0,0
CUST03642,0.0243560036510975,0,0
CUST03643,0.0233282589672886,0,0
CUST03644,0.0370536741876942,0,0
CUST03645,0.0140691432733575,0,0
CUST03646,0.0042210871944545,0,0
CUST03647,0.0703237785956181,0,0
CUST03648,0.0,0,0
CUST03649,0.00150867127396,0,0
CUST03650,0.0106383987374601,0,0
CUST03651,0.0171185256775413,0,0
CUST03652,0.012609391715768,0,0
CUST03653,0.0,0,0
CUST03654,0.0,0,0
CUST03655,0.0,0,0
CUST03656,0.0,0,0
CUST03657,0.0009064588036846,0,0
CUST03658,0.0002953564955454,0,0
CUST03659,0.0077515064837156,0,0
CUST03660,0.8872736883312347,1,1
CUST03661,0.048424841151746,0,0
CUST03662,0.0016611629576453,0,0
CUST03663,0.9654479993325482,1,1
CUST03664,0.0064194562604031,0,0
CUST03665,0.0074473067333827,0,0
CUST03666,0.0023071155671476,0,0
CUST03667,0.0045226161900735,0,0
CUST03668,0.0631369748600764,0,0
CUST03669,0.0020765439538509,0,0
CUST03670,0.0,0,0
CUST03671,0.0014659746871746,0,0
CUST03672,0.0079764631977995,0,0
CUST03673,0.0776067925253077,0,0
CUST03674,0.9908616966884092,1,1
CUST03675,0.0043701245063882,0,0
CUST03676,0.9549996070002904,1,1
CUST03677,0.0607465159269665,0,0
CUST03678,0.9504519788984136,1,1
CUST03679,0.0754991990701495,0,0
CUST03680,0.0645373675634947,0,0
CUST03681,0.0422539294627864,0,0
CUST03682,0.0156799214531173,0,0
CUST03683,0.0021269685642502,0,0
CUST03684,0.0084722439774371,0,0
CUST03685,0.0190234146831593,0,0
CUST03686,0.9502454904770627,1,1
CUST03687,0.0154733154322073,0,0
CUST03688,0.0090879695152293,0,0
CUST03689,0.0061899354553648,0,0
CUST03690,0.0029314922895759,0,0
CUST03691,0.0023071155671476,0,0
CUST03692,0.0244329356625777,0,0
CUST03693,0.0014659746871746,0,0
CUST03694,0.9723787890929896,1,1
CUST03695,0.0294973266185124,0,0
CUST03696,0.0731499122321666,0,0
CUST03697,0.01,0,0
CUST03698,0.0018122757613296,0,0
CUST03699,0.0161504035805233,0,0
CUST03700,0.0810974285869743,0,0
CUST03701,0.0,0,0
CUST03702,0.0321535471817774,0,0
CUST03703,0.0471066730737665,0,0
CUST03704,0.0050535715863994,0,0
CUST03705,0.0063631174765622,0,0
CUST03706,0.0002953564955454,0,0
CUST03707,0.0023071155671476,0,0
CUST03708,0.0015525942670103,0,0
CUST03709,0.0159185037429716,0,0
CUST03710,0.0142636350203384,0,0
CUST03711,0.9739606571893482,1,1
CUST03712,0.978443851258509,1,1
CUST03713,0.0187405924276744,0,0
CUST03714,0.0033161364287761,0,0
CUST03715,0.9243066653852916,1,1
CUST03716,0.0014659746871746,0,0
CUST03717,0.0333133890003945,0,0
CUST03718,0.0023071155671476,0,0
CUST03719,0.0391836867854577,0,0
CUST03720,0.0,0,0
CUST03721,0.0424746149491604,0,0
CUST03722,0.0116417155595315,0,0
CUST03723,0.9583093748653778,1,1
CUST03724,0.0011706181916292,0,0
CUST03725,0.0227400323364639,0,0
CUST03726,0.9858083783559208,1,1
CUST03727,0.0095019013619417,0,0
CUST03728,0.0209584965472172,0,0
CUST03729,0.0200767210378253,0,0
CUST03730,0.0064194562604031,0,0
CUST03731,0.0148808754573697,0,0
CUST03732,0.0058697719147441,0,0
CUST03733,0.0140897216558114,0,0
CUST03734,0.0234502702158123,0,0
CUST03735,0.0356218674535821,0,0
CUST03736,0.0011706181916292,0,0
CUST03737,0.955555146623783,1,1
CUST03738,0.0017811874583055,0,0
CUST03739,0.0,0,0
CUST03740,0.9762427071437004,1,1
CUST03741,0.0189772357798147,0,0
CUST03742,0.0363826490729578,0,0
CUST03743,0.9867357608662466,1,1
CUST03744,0.00150867127396,0,0
CUST03745,0.0215364214453272,0,0
CUST03746,0.004499100414566,0,0
CUST03747,0.0620251096232122,0,0
CUST03748,0.0219048362571327,0,0
CUST03749,0.0179832026860533,0,0
CUST03750,0.0276575799625493,0,0
CUST03751,0.8832390049966299,1,1
CUST03752,0.0082732351114726,0,0
CUST03753,0.0289856924472254,0,0
CUST03754,0.0603402041398049,0,0
CUST03755,0.0430581758490635,0,0
CUST03756,0.0327295521628959,0,0
CUST03757,0.0019565194531907,0,0
CUST03758,0.0295304131752236,0,0
CUST03759,0.0018040277695055,0,0
CUST03760,0.0731414461792062,0,0
CUST03761,0.9188133213742132,1,1
CUST03762,0.0053450631053121,0,0
CUST03763,0.1070726801645193,0,0
CUST03764,0.9859395975929808,1,1
CUST03765,0.0376645248510966,0,0
CUST03766,0.0020927776544703,0,0
CUST03767,0.0009064588036846,0,0
CUST03768,0.0002953564955454,0,0
CUST03769,0.0752444617501422,0,0
CUST03770,0.001749584152427,0,0
CUST03771,0.9416419137894309,1,1
CUST03772,0.0346023864665568,0,0
CUST03773,0.0128942072083911,0,0
CUST03774,0.0008451307887266,0,0
CUST03775,0.1103191774924725,0,0
CUST03776,0.0316280903728287,0,0
CUST03777,0.0081406173125978,0,0
CUST03778,0.0598290536354087,0,0
CUST03779,0.002602472062693,0,0
CUST03780,0.04,0,0
CUST03781,0.0239232239661996,0,0
CUST03782,0.0270216321251803,0,0
CUST03783,0.0194337164800139,0,0
CUST03784,0.01560693401889,0,0
CUST03785,0.0102953564955454,0,0
CUST03786,0.041816459849993,0,0
CUST03787,0.9719261542098834,1,1
CUST03788,0.0526506561489506,0,0
CUST03789,0.0153323405564727,0,0
CUST03790,0.0590908637963271,0,0
CUST03791,0.0002953564955454,0,0
CUST03792,0.0337347943093177,0,0
CUST03793,0.0756082719619945,0,0
CUST03794,0.01,0,0
CUST03795,0.0138672890062808,0,0
CUST03796,0.9580152422432786,1,1
CUST03797,0.0023717916448197,0,0
CUST03798,0.002602472062693,0,0
CUST03799,0.0216970718807161,0,0
CUST03800,0.9511648405775844,1,1
CUST03801,0.0002953564955454,0,0
CUST03802,0.0067537008737337,0,0
CUST03803,0.979143334447957,1,1
CUST03804,0.0026792894655893,0,0
CUST03805,0.0198501886352401,0,0
CUST03806,0.0785039414172954,0,0
CUST03807,0.0094730331675669,0,0
CUST03808,0.0043845963510665,0,0
CUST03809,0.0127269436793269,0,0
CUST03810,0.0211409757345433,0,0
CUST03811,0.0088137254552348,0,0
CUST03812,0.0060673977974874,0,0
CUST03813,0.0186233605629919,0,0
CUST03814,0.0583322539937695,0,0
CUST03815,0.0262382003074794,0,0
CUST03816,0.0221391695606102,0,0
CUST03817,0.0628937044710235,0,0
CUST03818,0.0094330023335425,0,0
CUST03819,0.9440205636348116,1,1
CUST03820,0.9063330914744134,1,1
CUST03821,0.0012011734531904,0,0
CUST03822,0.0716956967843933,0,0
CUST03823,0.0014659746871746,0,0
CUST03824,0.8226417582923219,1,1
CUST03825,0.9631021331381412,1,1
CUST03826,0.0029746459611347,0,0
CUST03827,0.0193236999363091,0,0
CUST03828,0.0081671623842008,0,0
CUST03829,0.0140647696857343,0,0
CUST03830,0.0282043932495578,0,0
CUST03831,0.0350459207815174,0,0
CUST03832,0.0178150229434445,0,0
CUST03833,0.9344420981140712,1,1
CUST03834,0.0002953564955454,0,0
CUST03835,0.0322588157534355,0,0
CUST03836,0.0289390696244359,0,0
CUST03837,0.0,0,0
CUST03838,0.0,0,0
CUST03839,0.0125807671919124,0,0
CUST03840,0.0018040277695055,0,0
CUST03841,0.0287490636236001,0,0
CUST03842,0.0020927776544703,0,0
CUST03843,0.0461827099798326,0,0
CUST03844,0.0329745539563622,0,0
CUST03845,0.0542571709085328,0,0
CUST03846,0.002602472062693,0,0
CUST03847,0.0106383987374601,0,0
CUST03848,0.0356775572794541,0,0
CUST03849,0.0214932775491403,0,0
CUST03850,0.0029746459611347,0,0
CUST03851,0.0029314922895759,0,0
CUST03852,0.002602472062693,0,0
CUST03853,0.0333352657650749,0,0
CUST03854,0.0,0,0
CUST03855,0.0050391256244063,0,0
CUST03856,0.0468825657455938,0,0
CUST03857,0.9225163693928138,1,1
CUST03858,0.01,0,0
CUST03859,0.0,0,0
CUST03860,0.0066682162079316,0,0
CUST03861,0.0199417171484213,0,0
CUST03862,0.0002953564955454,0,0
CUST03863,0.0064194562604031,0,0
CUST03864,0.0538860449014952,0,0
CUST03865,0.9806680533357666,1,1
CUST03866,0.0293947457627964,0,0
CUST03867,0.9504965412211096,1,1
CUST03868,0.0014659746871746,0,0
CUST03869,0.0136035589925358,0,0
CUST03870,0.0061900689619178,0,0
CUST03871,0.0067148127559485,0,0
CUST03872,0.0280965710286913,0,0
CUST03873,0.0029781209781209,0,0
CUST03874,0.0782514658093258,0,0
CUST03875,0.0354227853581432,0,0
CUST03876,0.0196394167674333,0,0
CUST03877,0.0562985189069869,0,0
CUST03878,0.0102953564955454,0,0
CUST03879,0.0277861193635358,0,0
CUST03880,0.0467610701315514,0,0
CUST03881,0.0049989472629771,0,0
CUST03882,0.9462249585805382,1,1
CUST03883,0.002602472062693,0,0
CUST03884,0.0055878185199293,0,0
CUST03885,0.957700857987242,1,1
CUST03886,0.0002953564955454,0,0
CUST03887,0.0034107471100724,0,0
CUST03888,0.1217458740686542,0,0
CUST03889,0.0136728599099331,0,0
CUST03890,0.0117509477463717,0,0
CUST03891,0.020775228132647,0,0
CUST03892,0.0314940443811693,0,0
CUST03893,0.9527867775465092,1,1
CUST03894,0.0014659746871746,0,0
CUST03895,0.986194095439944,1,1
CUST03896,0.9779417050950086,1,1
CUST03897,0.0087035536713498,0,0
CUST03898,0.002602472062693,0,0
CUST03899,0.0181931578576081,0,0
CUST03900,0.0012011734531904,0,0
CUST03901,0.9317058031244558,1,1
CUST03902,0.0378262417902563,0,0
CUST03903,0.0002953564955454,0,0
CUST03904,0.0095762659883767,0,0
CUST03905,0.0019565194531907,0,0
CUST03906,0.9581088172948636,1,1
CUST03907,0.017380687957344,0,0
CUST03908,0.0845620954211538,0,0
CUST03909,0.0288554073875494,0,0
CUST03910,0.9425367336606704,1,1
CUST03911,0.0029746459611347,0,0
CUST03912,0.0044712159309021,0,0
CUST03913,0.9578102640655336,1,1
CUST03914,0.007533372484662,0,0
CUST03915,0.0365323338914073,0,0
CUST03916,0.9447402733810136,1,1
CUST03917,0.0150282485875706,0,0
CUST03918,0.0261412339498302,0,0
CUST03919,0.0105605754562483,0,0
CUST03920,0.0002953564955454,0,0
CUST03921,0.0083074539185197,0,0
CUST03922,0.0762480124516441,0,0
CUST03923,0.1073636231284167,0,0
CUST03924,0.0014659746871746,0,0
CUST03925,0.0569403399650825,0,0
CUST03926,0.0189268950333931,0,0
CUST03927,0.0,0,0
CUST03928,0.0304504639840265,0,0
CUST03929,0.0053450631053121,0,0
CUST03930,0.0224433486251521,0,0
CUST03931,0.0070819032547968,0,0
CUST03932,0.031839110669284,0,0
CUST03933,0.0049951656177427,0,0
CUST03934,0.0315882946129344,0,0
CUST03935,0.0199038213446649,0,0
CUST03936,0.0288971520016126,0,0
CUST03937,0.0083074539185197,0,0
CUST03938,0.9332365326820384,1,1
CUST03939,0.0052066795045041,0,0
CUST03940,0.0031568097279735,0,0
CUST03941,0.040974395466293,0,0
CUST03942,0.0067178594141905,0,0
CUST03943,0.0206275089070994,0,0
CUST03944,0.041816459849993,0,0
CUST03945,0.0014659746871746,0,0
CUST03946,0.008568591607018,0,0
CUST03947,0.076935616980899,0,0
CUST03948,0.0359792521737797,0,0
CUST03949,0.0042636350203384,0,0
CUST03950,0.0301185173633352,0,0
CUST03951,0.0154823914509269,0,0
CUST03952,0.0018040277695055,0,0
CUST03953,0.0089772357798147,0,0
CUST03954,0.0019565194531907,0,0
CUST03955,0.00150867127396,0,0
CUST03956,0.0,0,0
CUST03957,0.04574219268714,0,0
CUST03958,0.0027232124586396,0,0
CUST03959,0.0349680159317554,0,0
CUST03960,0.0,0,0
CUST03961,0.0023071155671476,0,0
CUST03962,0.9807569758809064,1,1
CUST03963,0.9339214747238224,1,1
CUST03964,0.0467864928918919,0,0
CUST03965,0.0770137479916401,0,0
CUST03966,0.0230637898565925,0,0
CUST03967,0.0038597098341579,0,0
CUST03968,0.0103275427802085,0,0
CUST03969,0.9390286819765432,1,1
CUST03970,0.0,0,0
CUST03971,0.0946313660293543,0,0
CUST03972,0.0456945029026632,0,0
CUST03973,0.0151652915818646,0,0
CUST03974,0.0092017593908802,0,0
CUST03975,0.9603197482766233,1,1
CUST03976,0.8980182408007057,1,1
CUST03977,0.0014659746871746,0,0
CUST03978,0.0081768442545868,0,0
CUST03979,0.9609514372288236,1,1
CUST03980,0.0470236431152678,0,0
CUST03981,0.0067148127559485,0,0
CUST03982,0.0140203735434673,0,0
CUST03983,0.0106383987374601,0,0
CUST03984,0.0678613309003683,0,0
CUST03985,0.0018040277695055,0,0
CUST03986,0.0182983924954597,0,0
CUST03987,0.983588171758486,1,1
CUST03988,0.0105664982120534,0,0
CUST03989,0.9709230942402952,1,1
CUST03990,0.0360952726749704,0,0
CUST03991,0.002602472062693,0,0
CUST03992,0.9855677085581422,1,1
CUST03993,0.0274053018113044,0,0
CUST03994,0.0416294579539397,0,0
CUST03995,0.0002953564955454,0,0
CUST03996,0.0325955945683353,0,0
CUST03997,0.0328068312833315,0,0
CUST03998,0.0075481300310217,0,0
CUST03999,0.0078407384042964,0,0
CUST04000,0.00150867127396,0,0
CUST04001,0.0105239145304862,0,0
CUST04002,0.0290004253026934,0,0
CUST04003,0.0303807765006218,0,0
CUST04004,0.968479368378464,1,1
CUST04005,0.0147208554276414,0,0
CUST04006,0.0133022547807059,0,0
CUST04007,0.0198802381574165,0,0
CUST04008,0.0286731506055935,0,0
CUST04009,0.0002953564955454,0,0
CUST04010,0.0043404524232347,0,0
CUST04011,0.0029746459611347,0,0
CUST04012,0.9783898218943956,1,1
CUST04013,0.9737463369710756,1,1
CUST04014,0.0008451307887266,0,0
CUST04015,0.0002953564955454,0,0
CUST04016,0.0014659746871746,0,0
CUST04017,0.0023071155671476,0,0
CUST04018,0.0289463394769125,0,0
CUST04019,0.0032139781594372,0,0
CUST04020,0.0216417155595315,0,0
CUST04021,0.0346695362190601,0,0
CUST04022,0.024012437557936,0,0
CUST04023,0.047642795065776,0,0
CUST04024,0.0139195831252162,0,0
CUST04025,0.001749584152427,0,0
CUST04026,0.0285778420881259,0,0
CUST04027,0.0111045438980277,0,0
CUST04028,0.0233110519196638,0,0
CUST04029,0.0058697719147441,0,0
CUST04030,0.0191525365434221,0,0
CUST04031,0.9423166517979692,1,1
CUST04032,0.0002953564955454,0,0
CUST04033,0.0351614027939132,0,0
CUST04034,0.0155235535131685,0,0
CUST04035,0.0175774654340399,0,0
CUST04036,0.9937130564396556,1,1
CUST04037,0.0242166897098574,0,0
CUST04038,0.00150867127396,0,0
CUST04039,0.0,0,0
CUST04040,0.0419196191412313,0,0
CUST04041,0.0035425945977151,0,0
CUST04042,0.0119511750928164,0,0
CUST04043,0.0445295711883807,0,0
CUST04044,0.9502355693372082,1,1
CUST04045,0.0026052121159938,0,0
CUST04046,0.0063676389653274,0,0
CUST04047,0.0360494328651241,0,0
CUST04048,0.873057415763185,1,1
CUST04049,0.9724121976234612,1,1
CUST04050,0.0600817960386178,0,0
CUST04051,0.0900001276158077,0,0
CUST04052,0.01,0,0
CUST04053,0.0024151300776447,0,0
CUST04054,0.0128458361147506,0,0
CUST04055,0.0,0,0
CUST04056,0.018743540139774,0,0
CUST04057,0.0005497742931812,0,0
CUST04058,0.0130429799250533,0,0
CUST04059,0.0017811874583055,0,0
CUST04060,0.0151035149718937,0,0
CUST04061,0.0466478800069947,0,0
CUST04062,0.9120647272688214,1,1
CUST04063,0.0042636350203384,0,0
CUST04064,0.9533777531774856,1,1
CUST04065,0.0155963953181884,0,0
CUST04066,0.002602472062693,0,0
CUST04067,0.0,0,0
CUST04068,0.005792945522004,0,0
CUST04069,0.0091971730506991,0,0
CUST04070,0.0114124609027995,0,0
CUST04071,0.0552523022294438,0,0
CUST04072,0.0304508640956505,0,0
CUST04073,0.0053593443791199,0,0
CUST04074,0.0031203141732079,0,0
CUST04075,0.0611012908261768,0,0
CUST04076,0.930273748836725,1,1
CUST04077,0.0081768442545868,0,0
CUST04078,0.0042636350203384,0,0
CUST04079,0.0064194562604031,0,0
CUST04080,0.0081768874818917,0,0
CUST04081,0.9285338515120042,1,1
CUST04082,0.0340527311216119,0,0
CUST04083,0.0303659279054322,0,0
CUST04084,0.9452681743786988,1,1
CUST04085,0.0002953564955454,0,0
CUST04086,0.0041111433366531,0,0
CUST04087,0.0070062260629575,0,0
CUST04088,0.9071977096375308,1,1
CUST04089,0.0029746459611347,0,0
CUST04090,0.938272545277389,1,1
CUST04091,0.0255094651995736,0,0
CUST04092,0.0078502641124421,0,0
CUST04093,0.0086818792842693,0,0
CUST04094,0.0079086118728453,0,0
CUST04095,0.0180625088947324,0,0
CUST04096,0.0698296186911059,0,0
CUST04097,0.9897487807379826,1,1
CUST04098,0.0314005369532683,0,0
CUST04099,0.0043701245063882,0,0
CUST04100,0.0005497742931812,0,0
CUST04101,0.0035480333519218,0,0
CUST04102,0.0173039159594561,0,0
CUST04103,0.0209705356082247,0,0
CUST04104,0.0222662480182027,0,0
CUST04105,0.0142395986829609,0,0
CUST04106,0.012585078918435,0,0
CUST04107,0.8830027855672407,1,1
CUST04108,0.0019565194531907,0,0
CUST04109,0.0948607057813137,0,0
CUST04110,0.0154214603858359,0,0
CUST04111,0.0807675148559491,0,0
CUST04112,0.0018040277695055,0,0
CUST04113,0.9853249190053764,1,1
CUST04114,0.0,0,0
CUST04115,0.037507614617299,0,0
CUST04116,0.0167656192825837,0,0
CUST04117,0.041854433231783,0,0
CUST04118,0.0315747912100749,0,0
CUST04119,0.928958634941768,1,1
CUST04120,0.9039057610709909,1,1
CUST04121,0.9854514067048123,1,1
CUST04122,0.0085607356834056,0,0
CUST04123,0.0034651907271508,0,0
CUST04124,0.0288785877581215,0,0
CUST04125,0.012602472062693,0,0
CUST04126,0.0614297889630689,0,0
CUST04127,0.0122621569352654,0,0
CUST04128,0.0043701245063882,0,0
CUST04129,0.0400097430604645,0,0
CUST04130,0.0279200071914953,0,0
CUST04131,0.0002953564955454,0,0
CUST04132,0.002602472062693,0,0
CUST04133,0.0482843802570338,0,0
CUST04134,0.0153680913707161,0,0
CUST04135,0.0299045953943016,0,0
CUST04136,0.0201974399563948,0,0
CUST04137,0.0076531807937238,0,0
CUST04138,0.0023071155671476,0,0
CUST04139,0.0816020161505226,0,0
CUST04140,0.045588122358468,0,0
CUST04141,0.0002953564955454,0,0
CUST04142,0.002602472062693,0,0
CUST04143,0.0095019013619417,0,0
CUST04144,0.9560599038550692,1,1
CUST04145,0.022663478285278,0,0
CUST04146,0.0140260967246388,0,0
CUST04147,0.9689066057995784,1,1
CUST04148,0.0052914638928819,0,0
CUST04149,0.0053599818230699,0,0
CUST04150,0.01,0,0
CUST04151,0.9597981458129462,1,1
CUST04152,0.050141174829076,0,0
CUST04153,0.0044528876951753,0,0
CUST04154,0.9148310859752712,1,1
CUST04155,0.0480874343828476,0,0
CUST04156,0.0015525942670103,0,0
CUST04157,0.0002953564955454,0,0
CUST04158,0.0441144369343003,0,0
CUST04159,0.0295010807069903,0,0
CUST04160,0.0169745691361509,0,0
CUST04161,0.9068807882092184,1,1
CUST04162,0.0272722748771823,0,0
CUST04163,0.003282269503546,0,0
CUST04164,0.0002953564955454,0,0
CUST04165,0.0134946376023821,0,0
CUST04166,0.0398928109733913,0,0
CUST04167,0.0558395884002588,0,0
CUST04168,0.0017811874583055,0,0
CUST04169,0.0070819032547968,0,0
CUST04170,0.0,0,0
CUST04171,0.9244554991999382,1,1
CUST04172,0.0397623497179301,0,0
CUST04173,0.8562354477733183,1,1
CUST04174,0.0534509044259598,0,0
CUST04175,0.0014659746871746,0,0
CUST04176,0.0233803536769141,0,0
CUST04177,0.9252545658950052,1,1
CUST04178,0.0698167864737331,0,0
CUST04179,0.0801969139059201,0,0
CUST04180,0.0192202637317151,0,0
CUST04181,0.9661461088337664,1,1
CUST04182,0.0187509141185301,0,0
CUST04183,0.0014659746871746,0,0
CUST04184,0.0173181530676786,0,0
CUST04185,0.034060267946764,0,0
CUST04186,0.0446429421925103,0,0
CUST04187,0.0146472805710428,0,0
CUST04188,0.958118076501602,1,1
CUST04189,0.9649864245930972,1,1
CUST04190,0.971971036411314,1,1
CUST04191,0.0074089211163167,0,0
CUST04192,0.0118040277695055,0,0
CUST04193,0.0087035536713498,0,0
CUST04194,0.0014659746871746,0,0
CUST04195,0.0579866151024424,0,0
CUST04196,0.0059213485447699,0,0
CUST04197,0.8760394587570617,1,1
CUST04198,0.0231586575928748,0,0
CUST04199,0.0172069367555347,0,0
CUST04200,0.0023071155671476,0,0
CUST04201,0.9179185128406748,1,1
CUST04202,0.0452639071720691,0,0
CUST04203,0.0161346558213077,0,0
CUST04204,0.0,0,0
CUST04205,0.002602472062693,0,0
CUST04206,0.0038157868411077,0,0
CUST04207,0.0327972666357668,0,0
CUST04208,0.0660819130013062,0,0
CUST04209,0.9905118720132812,1,1
CUST04210,0.0057564499672384,0,0
CUST04211,0.0256772853519815,0,0
CUST04212,0.0206152527247628,0,0
CUST04213,0.0032898587322656,0,0
CUST04214,0.0162321487169622,0,0
CUST04215,0.0365339748425684,0,0
CUST04216,0.0224005169649607,0,0
CUST04217,0.0035425945977151,0,0
CUST04218,0.01,0,0
CUST04219,0.0286841922280248,0,0
CUST04220,0.0261397392536045,0,0
CUST04221,0.0491941955206863,0,0
CUST04222,0.0065486575540595,0,0
CUST04223,0.9567880256232442,1,1
CUST04224,0.0240182166069339,0,0
CUST04225,0.0018040277695055,0,0
CUST04226,0.0075900744520324,0,0
CUST04227,0.0198862604361423,0,0
CUST04228,0.0568133579731027,0,0
CUST04229,0.0251111067402523,0,0
CUST04230,0.0161473384855416,0,0
CUST04231,0.0143653131718155,0,0
CUST04232,0.0308691606122562,0,0
CUST04233,0.937745353789297,1,1
CUST04234,0.9843096968023992,1,1
CUST04235,0.0836684303190128,0,0
CUST04236,0.035390512008227,0,0
CUST04237,0.0501705144825099,0,0
CUST04238,0.9773271835366968,1,1
CUST04239,0.0437042539155922,0,0
CUST04240,0.011895636508925,0,0
CUST04241,0.0320082421568771,0,0
CUST04242,0.0411930201377151,0,0
CUST04243,0.0049989472629771,0,0
CUST04244,0.0052292584145219,0,0
CUST04245,0.0395066043174491,0,0
CUST04246,0.0668992398347806,0,0
CUST04247,0.0091525365434221,0,0
CUST04248,0.0097723825425878,0,0
CUST04249,0.0108451307887266,0,0
CUST04250,0.0,0,0
CUST04251,0.0339973997805509,0,0
CUST04252,0.0335314639724205,0,0
CUST04253,0.0063627542930328,0,0
CUST04254,0.1129246125636101,0,0
CUST04255,0.0038922732696326,0,0
CUST04256,0.0105497742931812,0,0
CUST04257,0.0241900374001697,0,0
CUST04258,0.0,0,0
CUST04259,0.1189224165369741,0,0
CUST04260,0.9428590626026592,1,1
CUST04261,0.0056872940884983,0,0
CUST04262,0.0754205382752477,0,0
CUST04263,0.0107836035594291,0,0
CUST04264,0.0161752841449782,0,0
CUST04265,0.9674466055112072,1,1
CUST04266,0.0033747542125291,0,0
CUST04267,0.0081768442545868,0,0
CUST04268,0.0327114273179134,0,0
CUST04269,0.0052257372310394,0,0
CUST04270,0.022155105799292,0,0
CUST04271,0.0019565194531907,0,0
CUST04272,0.0196303369577144,0,0
CUST04273,0.8824028554053527,1,1
CUST04274,0.055518877575274,0,0
CUST04275,0.035273029076376,0,0
CUST04276,0.022912157060156,0,0
CUST04277,0.0826883660998682,0,0
CUST04278,0.0106243370618254,0,0
CUST04279,0.8302953564955453,1,1
CUST04280,0.0184152589028533,0,0
CUST04281,0.0019565194531907,0,0
CUST04282,0.0058947124663724,0,0
CUST04283,0.0327945153994699,0,0
CUST04284,0.0,0,0
CUST04285,0.0238760458659647,0,0
CUST04286,0.0397686113735395,0,0
CUST04287,0.0005497742931812,0,0
CUST04288,0.0002953564955454,0,0
CUST04289,0.0029781209781209,0,0
CUST04290,0.0530903872834081,0,0
CUST04291,0.0231704020006599,0,0
CUST04292,0.0105239145304862,0,0
CUST04293,0.0415525942670103,0,0
CUST04294,0.0607704227210693,0,0
CUST04295,0.0602527969519887,0,0
CUST04296,0.0219789856786833,0,0
CUST04297,0.012826243964032,0,0
CUST04298,0.036227516702592,0,0
CUST04299,0.0229459840188719,0,0
CUST04300,0.0020765439538509,0,0
CUST04301,0.0213413971264968,0,0
CUST04302,0.0227619894855331,0,0
CUST04303,0.0107789570591791,0,0
CUST04304,0.0044340841313978,0,0
CUST04305,0.00312713764482,0,0
CUST04306,0.0140867856175933,0,0
CUST04307,0.0107381409955539,0,0
CUST04308,0.0,0,0
CUST04309,0.910840606417716,1,1
CUST04310,0.016501587249227,0,0
CUST04311,0.0701598007712976,0,0
CUST04312,0.0002953564955454,0,0
CUST04313,0.0307881594813797,0,0
CUST04314,0.0018040277695055,0,0
CUST04315,0.0078561731288133,0,0
CUST04316,0.9838297641584512,1,1
CUST04317,0.0,0,0
CUST04318,0.0663094793719856,0,0
CUST04319,0.0002953564955454,0,0
CUST04320,0.0077454530827958,0,0
CUST04321,0.0805960381407765,0,0
CUST04322,0.0070062260629575,0,0
CUST04323,0.0050535715863994,0,0
CUST04324,0.0268398971092908,0,0
CUST04325,0.0109175835635603,0,0
CUST04326,0.0150282485875706,0,0
CUST04327,0.0207398522120187,0,0
CUST04328,0.0002953564955454,0,0
CUST04329,0.0240590739592663,0,0
CUST04330,0.0439840827748951,0,0
CUST04331,0.1017047197496376,0,0
CUST04332,0.0147372051046235,0,0
CUST04333,0.9635335045341116,1,1
CUST04334,0.002602472062693,0,0
CUST04335,0.0050282485875706,0,0
CUST04336,0.0002953564955454,0,0
CUST04337,0.0222086143799249,0,0
CUST04338,0.0002953564955454,0,0
CUST04339,0.9619099386354188,1,1
CUST04340,0.0097693637059161,0,0
CUST04341,0.102646137249554,0,0
CUST04342,0.0310744171785836,0,0
CUST04343,0.0263090957693039,0,0
CUST04344,0.0143186013130378,0,0
CUST04345,0.0352422336716092,0,0
CUST04346,0.0511806780307914,0,0
CUST04347,0.9726828910891246,1,1
CUST04348,0.9459299231632712,1,1
CUST04349,0.0023717916448197,0,0
CUST04350,0.002602472062693,0,0
CUST04351,0.9730747730810724,1,1
CUST04352,0.0122072131758765,0,0
CUST04353,0.0525085095838105,0,0
CUST04354,0.1306918539708479,0,0
CUST04355,0.0019565194531907,0,0
CUST04356,0.8964816388405046,1,1
CUST04357,0.0663221739426188,0,0
CUST04358,0.002602472062693,0,0
CUST04359,0.0835982709926581,0,0
CUST04360,0.0002953564955454,0,0
CUST04361,0.0002953564955454,0,0
CUST04362,0.0063517018306783,0,0
CUST04363,0.0393828278048264,0,0
CUST04364,0.8966715078242012,1,1
CUST04365,0.0144916371211471,0,0
CUST04366,0.0014659746871746,0,0
CUST04367,0.0002953564955454,0,0
CUST04368,0.02,0,0
CUST04369,0.002602472062693,0,0
CUST04370,0.0014659746871746,0,0
CUST04371,0.0192257691654854,0,0
CUST04372,0.9905961932290138,1,1
CUST04373,0.0008451307887266,0,0
CUST04374,0.0296297758745744,0,0
CUST04375,0.0023071155671476,0,0
CUST04376,0.977954593770768,1,1
CUST04377,0.0164072960596404,0,0
CUST04378,0.0174893864884272,0,0
CUST04379,0.9820497345521344,1,1
CUST04380,0.0291515374501635,0,0
CUST04381,0.9896951467050537,1,1
CUST04382,0.0023071155671476,0,0
CUST04383,0.9596312582832216,1,1
CUST04384,0.0586455263510414,0,0
CUST04385,0.9398316242480113,1,1
CUST04386,0.8928708104963686,1,1
CUST04387,0.0333396726746697,0,0
CUST04388,0.0029515131901487,0,0
CUST04389,0.0020765439538509,0,0
CUST04390,0.0784719946611854,0,0
CUST04391,0.0313694309674533,0,0
CUST04392,0.024348660535849,0,0
CUST04393,0.0018040277695055,0,0
CUST04394,0.0114430038955808,0,0
CUST04395,0.0491211614119051,0,0
CUST04396,0.0,0,0
CUST04397,0.0282915992302106,0,0
CUST04398,0.0131382820558536,0,0
CUST04399,0.0171310980736349,0,0
CUST04400,0.0035480333519218,0,0
CUST04401,0.001749584152427,0,0
CUST04402,0.9815606599823552,1,1
CUST04403,0.0257504860839603,0,0
CUST04404,0.0040890829502629,0,0
CUST04405,0.0027098447271505,0,0
CUST04406,0.0438787886472723,0,0
CUST04407,0.0176829197112377,0,0
CUST04408,0.0285627754743551,0,0
CUST04409,0.9674773894496362,1,1
CUST04410,0.0100713332480903,0,0
CUST04411,0.050999323754638,0,0
CUST04412,0.0613467536943108,0,0
CUST04413,0.0153976251545506,0,0
CUST04414,0.0081557874233356,0,0
CUST04415,0.005045590228142,0,0
CUST04416,0.0169554714984229,0,0
CUST04417,0.0177604294453839,0,0
CUST04418,0.0318616542414801,0,0
CUST04419,0.9836759846404955,1,1
CUST04420,0.0539445569865938,0,0
CUST04421,0.0031568097279735,0,0
CUST04422,0.941467280724825,1,1
CUST04423,0.007545381908751,0,0
CUST04424,0.0070062260629575,0,0
CUST04425,0.9585635097485412,1,1
CUST04426,0.0208988031428029,0,0
CUST04427,0.0086818792842693,0,0
CUST04428,0.0117811874583055,0,0
CUST04429,0.0126683746930107,0,0
CUST04430,0.983591171840544,1,1
CUST04431,0.0023071155671476,0,0
CUST04432,0.0314308466254593,0,0
CUST04433,0.0294604746824352,0,0
CUST04434,0.0009064588036846,0,0
CUST04435,0.0,0,0
CUST04436,0.0038624498874587,0,0
CUST04437,0.002602472062693,0,0
CUST04438,0.0084331939040449,0,0
CUST04439,0.002602472062693,0,0
CUST04440,0.0068664688427299,0,0
CUST04441,0.0038157868411077,0,0
CUST04442,0.0002953564955454,0,0
CUST04443,0.0922792679586824,0,0
CUST04444,0.0002953564955454,0,0
CUST04445,0.9608108024346932,1,1
CUST04446,0.9707035544262916,1,1
CUST04447,0.0191337821754548,0,0
CUST04448,0.0132872168363695,0,0
CUST04449,0.9296986598272468,1,1
CUST04450,0.0230928826064238,0,0
CUST04451,0.9151631596449312,1,1
CUST04452,0.0061651284102895,0,0
CUST04453,0.0107874286615849,0,0
CUST04454,0.0050497066097667,0,0
CUST04455,0.0027232124586396,0,0
CUST04456,0.958394945676836,1,1
CUST04457,0.0597766109653246,0,0
CUST04458,0.0628085526369484,0,0
CUST04459,0.9972798192481008,1,1
CUST04460,0.0050282485875706,0,0
CUST04461,0.0323928765486306,0,0
CUST04462,0.0569337334991261,0,0
CUST04463,0.0027098447271505,0,0
CUST04464,0.0324414554147143,0,0
CUST04465,0.0563893571251791,0,0
CUST04466,0.9587449438921466,1,1
CUST04467,0.0680200575058728,0,0
CUST04468,0.0181906488554588,0,0
CUST04469,0.005792945522004,0,0
CUST04470,0.0256584984037544,0,0
CUST04471,0.9516545634334024,1,1
CUST04472,0.9361991546360136,1,1
CUST04473,0.0142358953905692,0,0
CUST04474,0.0046933445184615,0,0
CUST04475,0.0268930244771075,0,0
CUST04476,0.0,0,0
CUST04477,0.0002953564955454,0,0
CUST04478,0.0497170639093247,0,0
CUST04479,0.0474188987137854,0,0
CUST04480,0.0380545703879608,0,0
CUST04481,0.9793200435841206,1,1
CUST04482,0.9394460280723552,1,1
CUST04483,0.0023071155671476,0,0
CUST04484,0.9493916755316986,1,1
CUST04485,0.0095762659883767,0,0
CUST04486,0.0291010702250924,0,0
CUST04487,0.0094881716410383,0,0
CUST04488,0.9806032956336918,1,1
CUST04489,0.0193804566303393,0,0
CUST04490,0.0448866599119938,0,0
CUST04491,0.0018040277695055,0,0
CUST04492,0.9723694681274376,1,1
CUST04493,0.0423613222759227,0,0
CUST04494,0.0301078277270905,0,0
CUST04495,0.9569697923049748,1,1
CUST04496,0.9831463339612544,1,1
CUST04497,0.025212299758837,0,0
CUST04498,0.0519649157506241,0,0
CUST04499,0.0695564191562899,0,0
CUST04500,0.0011706181916292,0,0
CUST04501,0.0038157868411077,0,0
CUST04502,0.034791413042506,0,0
CUST04503,0.002602472062693,0,0
CUST04504,0.0290576973950165,0,0
CUST04505,0.0035425945977151,0,0
CUST04506,0.0027886237647625,0,0
CUST04507,0.0129640339292568,0,0
CUST04508,0.9478493105622684,1,1
CUST04509,0.0229738404724888,0,0
CUST04510,0.0020765439538509,0,0
CUST04511,0.0153696241307408,0,0
CUST04512,0.0088137254552348,0,0
CUST04513,0.0035278952713022,0,0
CUST04514,0.9867917543051752,1,1
CUST04515,0.0147988458742632,0,0
CUST04516,0.0221601089095914,0,0
CUST04517,0.0203592004232892,0,0
CUST04518,0.0164001096240996,0,0
CUST04519,0.0269277523225036,0,0
CUST04520,0.0175774654340399,0,0
CUST04521,0.0333931609098797,0,0
CUST04522,0.0138832729204575,0,0
CUST04523,0.0311314448499435,0,0
CUST04524,0.0215411231499075,0,0
CUST04525,0.0167961625341615,0,0
CUST04526,0.0237903004057167,0,0
CUST04527,0.0657585363588229,0,0
CUST04528,0.0064708009466576,0,0
CUST04529,0.0029314922895759,0,0
CUST04530,0.0019565194531907,0,0
CUST04531,0.0086796699174793,0,0
CUST04532,0.0186915457847219,0,0
CUST04533,0.0539493690737812,0,0
CUST04534,0.0512076751041809,0,0
CUST04535,0.8854297272276745,1,1
CUST04536,0.0077671654665157,0,0
CUST04537,0.0242425174482464,0,0
CUST04538,0.0117564123074531,0,0
CUST04539,0.0110249845584294,0,0
CUST04540,0.0020765439538509,0,0
CUST04541,0.0635425521108146,0,0
CUST04542,0.0221015812125684,0,0
CUST04543,0.0086303935112298,0,0
CUST04544,0.0065633745309459,0,0
CUST04545,0.0212846716645671,0,0
CUST04546,0.0029598362752622,0,0
CUST04547,0.00150867127396,0,0
CUST04548,0.0,0,0
CUST04549,0.002602472062693,0,0
CUST04550,0.0063676389653274,0,0
CUST04551,0.9787498666224408,1,1
CUST04552,0.0023071155671476,0,0
CUST04553,0.0014659746871746,0,0
CUST04554,0.0245310892219604,0,0
CUST04555,0.0042636350203384,0,0
CUST04556,0.0174991891155068,0,0
CUST04557,0.0723356235344257,0,0
CUST04558,0.002602472062693,0,0
CUST04559,0.0169345146122869,0,0
CUST04560,0.00879742833088,0,0
CUST04561,0.0345295227727306,0,0
CUST04562,0.0092809094928313,0,0
CUST04563,0.0122072131758765,0,0
CUST04564,0.0170030311930302,0,0
CUST04565,0.9934861185353177,1,1
CUST04566,0.0349496546095957,0,0
CUST04567,0.9227098447271506,1,1
CUST04568,0.0014659746871746,0,0
CUST04569,0.0195122613261479,0,0
CUST04570,0.0131454717053251,0,0
CUST04571,0.0160410826496984,0,0
CUST04572,0.0364048783399758,0,0
CUST04573,0.0086726099134812,0,0
CUST04574,0.0529780032336802,0,0
CUST04575,0.0206880297627836,0,0
CUST04576,0.004361100640784,0,0
CUST04577,0.0020765439538509,0,0
CUST04578,0.0608334813140542,0,0
CUST04579,0.0293419072035806,0,0
CUST04580,0.0020927776544703,0,0
CUST04581,0.0379577472882981,0,0
CUST04582,0.0029314922895759,0,0
CUST04583,0.0009064588036846,0,0
CUST04584,0.002602472062693,0,0
CUST04585,0.002602472062693,0,0
CUST04586,0.9792170662240984,1,1
CUST04587,0.0020927776544703,0,0
CUST04588,0.0108902551554009,0,0
CUST04589,0.002602472062693,0,0
CUST04590,0.0678994011365835,0,0
CUST04591,0.009307892033967,0,0
CUST04592,0.0081768442545868,0,0
CUST04593,0.0281205469669732,0,0
CUST04594,0.0002953564955454,0,0
CUST04595,0.0344127030424497,0,0
CUST04596,0.1029464321424698,0,0
CUST04597,0.0296659317750154,0,0
CUST04598,0.0184187651470217,0,0
CUST04599,0.0156799214531173,0,0
CUST04600,0.0306561814687833,0,0
CUST04601,0.0014659746871746,0,0
CUST04602,0.0017974211589249,0,0
CUST04603,0.0018040277695055,0,0
CUST04604,0.0152570187020998,0,0
CUST04605,0.9563299816529536,1,1
CUST04606,0.0143189459813328,0,0
CUST04607,0.9747507963236696,1,1
CUST04608,0.0008451307887266,0,0
CUST04609,0.0062337826936948,0,0
CUST04610,0.028280393981958,0,0
CUST04611,0.0042636350203384,0,0
CUST04612,0.0458631410816824,0,0
CUST04613,0.8996411642618631,1,1
CUST04614,0.0523518151776578,0,0
CUST04615,0.0449041993958549,0,0
CUST04616,0.0187560542836963,0,0
CUST04617,0.0161050113817324,0,0
CUST04618,0.0015525942670103,0,0
CUST04619,0.958197532972367,1,1
CUST04620,0.9742216925403308,1,1
CUST04621,0.0218455166972849,0,0
CUST04622,0.0245120004808773,0,0
CUST04623,0.0,0,0
CUST04624,0.0241301701044444,0,0
CUST04625,0.0086818792842693,0,0
CUST04626,0.0378112407221443,0,0
CUST04627,0.004491032185456,0,0
CUST04628,0.0210213295900923,0,0
CUST04629,0.0032898587322656,0,0
CUST04630,0.0012011734531904,0,0
CUST04631,0.0297433854359449,0,0
CUST04632,0.0478530616518922,0,0
CUST04633,0.0660530684371179,0,0
CUST04634,0.0416422346309598,0,0
CUST04635,0.0171789038262668,0,0
CUST04636,0.0212760792554499,0,0
CUST04637,0.0253052765819741,0,0
CUST04638,0.0160710054307607,0,0
CUST04639,0.0020927776544703,0,0
CUST04640,0.0382742215824546,0,0
CUST04641,0.0035393086570816,0,0
CUST04642,0.0362744590330555,0,0
CUST04643,0.0,0,0
CUST04644,0.1112440984748727,0,0
CUST04645,0.01919930830924,0,0
CUST04646,0.05747865126216,0,0
CUST04647,0.0088026196802159,0,0
CUST04648,0.040228677019344,0,0
CUST04649,0.0105664982120534,0,0
CUST04650,0.0380383282626334,0,0
CUST04651,0.0387858321899149,0,0
CUST04652,0.0171124062668596,0,0
CUST04653,0.0596361084502901,0,0
CUST04654,0.1060169180481836,0,0
CUST04655,0.0024151300776447,0,0
CUST04656,0.0284699241292118,0,0
CUST04657,0.0002953564955454,0,0
CUST04658,0.0018040277695055,0,0
CUST04659,0.0150660229457083,0,0
CUST04660,0.0029781209781209,0,0
CUST04661,0.0692696905687233,0,0
CUST04662,0.0247842568013806,0,0
CUST04663,0.9713398882332688,1,1
CUST04664,0.0101716306161255,0,0
CUST04665,0.002602472062693,0,0
CUST04666,0.0231636387960171,0,0
CUST04667,0.0424047399512605,0,0
CUST04668,0.9255791901456768,1,1
CUST04669,0.9781421534130894,1,1
CUST04670,0.0130429799250533,0,0
CUST04671,0.0160965044262086,0,0
CUST04672,0.0205923173404208,0,0
CUST04673,0.0020765439538509,0,0
CUST04674,0.0658671306419665,0,0
CUST04675,0.005045590228142,0,0
CUST04676,0.9869262023783196,1,1
CUST04677,0.022538198744145,0,0
CUST04678,0.0276991641159777,0,0
CUST04679,0.0260330267750453,0,0
CUST04680,0.0307270841966058,0,0
CUST04681,0.0266070159394822,0,0
CUST04682,0.0247565507420096,0,0
CUST04683,0.0284253903556872,0,0
CUST04684,0.0074991891155068,0,0
CUST04685,0.0286174865647642,0,0
CUST04686,0.0166242310955669,0,0
CUST04687,0.0156209366180142,0,0
CUST04688,0.9477215540877916,1,1
CUST04689,0.0114659746871746,0,0
CUST04690,0.0633389170771878,0,0
CUST04691,0.0171351452770864,0,0
CUST04692,0.0139081362017838,0,0
CUST04693,0.0015525942670103,0,0
CUST04694,0.9462397946702708,1,1
CUST04695,0.0064194562604031,0,0
CUST04696,0.0033424989764513,0,0
CUST04697,0.0191415455158511,0,0
CUST04698,0.010207710779816,0,0
CUST04699,0.0002953564955454,0,0
CUST04700,0.102483720416212,0,0
CUST04701,0.0176010907360989,0,0
CUST04702,0.0361776717400267,0,0
CUST04703,0.0019565194531907,0,0
CUST04704,0.0080806192180485,0,0
CUST04705,0.0150401290121274,0,0
CUST04706,0.0035393086570816,0,0
CUST04707,0.0379375439100743,0,0
CUST04708,0.0074159855923936,0,0
CUST04709,0.0139228723887337,0,0
CUST04710,0.0038597098341579,0,0
CUST04711,0.0023071155671476,0,0
CUST04712,0.0330784542834957,0,0
CUST04713,0.0337305345530049,0,0
CUST04714,0.0002953564955454,0,0
CUST04715,0.0020765439538509,0,0
CUST04716,0.0457894961434192,0,0
CUST04717,0.0731123214416134,0,0
CUST04718,0.0084541067024132,0,0
CUST04719,0.0447577805067189,0,0
CUST04720,0.0346503986813446,0,0
CUST04721,0.082132821871653,0,0
CUST04722,0.9764410959296004,1,1
CUST04723,0.0180395101064024,0,0
CUST04724,0.0002953564955454,0,0
CUST04725,0.0257633178526749,0,0
CUST04726,0.0053450631053121,0,0
CUST04727,0.0146735374117663,0,0
CUST04728,0.0661970170769933,0,0
CUST04729,0.0210494349700618,0,0
CUST04730,0.0488851426075355,0,0
CUST04731,0.1048247421992428,0,0
CUST04732,0.0462661704978146,0,0
CUST04733,0.0029781209781209,0,0
CUST04734,0.0002953564955454,0,0
CUST04735,0.0023071155671476,0,0
CUST04736,0.0317976285309019,0,0
CUST04737,0.0422606587830966,0,0
CUST04738,0.0271185971779098,0,0
CUST04739,0.053934531179001,0,0
CUST04740,0.0002953564955454,0,0
CUST04741,0.0058270753279587,0,0
CUST04742,0.0033161364287761,0,0
CUST04743,0.0029746459611347,0,0
CUST04744,0.0285983493757497,0,0
CUST04745,0.9635236762175104,1,1
CUST04746,0.014615166225764,0,0
CUST04747,0.0020765439538509,0,0
CUST04748,0.995826389570758,1,1
CUST04749,0.0165299365071691,0,0
CUST04750,0.0002953564955454,0,0
CUST04751,0.0002953564955454,0,0
CUST04752,0.002602472062693,0,0
CUST04753,0.0002953564955454,0,0
CUST04754,0.0195654701738724,0,0
CUST04755,0.0053450631053121,0,0
CUST04756,0.0222585856700963,0,0
CUST04757,0.0002953564955454,0,0
CUST04758,0.0461065916157358,0,0
CUST04759,0.9526494178643417,1,1
CUST04760,0.0002953564955454,0,0
CUST04761,0.0282190446549856,0,0
CUST04762,0.0335670807650437,0,0
CUST04763,0.0636341221491361,0,0
CUST04764,0.0480327246055084,0,0
CUST04765,0.0154119964480705,0,0
CUST04766,0.0493896517731,0,0
CUST04767,0.0171185256775413,0,0
CUST04768,0.0172082740458098,0,0
CUST04769,0.0044484115553601,0,0
CUST04770,0.0032472381021697,0,0
CUST04771,0.0243560036510975,0,0
CUST04772,0.8601680007122663,1,1
CUST04773,0.0130594207679018,0,0
CUST04774,0.0123071155671476,0,0
CUST04775,0.0118527851311062,0,0
CUST04776,0.0063747637171217,0,0
CUST04777,0.0026163193842113,0,0
CUST04778,0.0272638351174841,0,0
CUST04779,0.0404918546910296,0,0
CUST04780,0.9830041157902072,1,1
CUST04781,0.0306879872296445,0,0
CUST04782,0.9887416488177352,1,1
CUST04783,0.0243625168814241,0,0
CUST04784,0.065079232592568,0,0
CUST04785,0.0157397482704886,0,0
CUST04786,0.0247373206300503,0,0
CUST04787,0.0040890829502629,0,0
CUST04788,0.8713465518985823,1,1
CUST04789,0.0220328121921506,0,0
CUST04790,0.9593485918570266,1,1
CUST04791,0.0321766407633384,0,0
CUST04792,0.0295977028827801,0,0
CUST04793,0.0014659746871746,0,0
CUST04794,0.0226808541729328,0,0
CUST04795,0.0017974211589249,0,0
CUST04796,0.0148503628626916,0,0
CUST04797,0.0038597098341579,0,0
CUST04798,0.0351503806412331,0,0
CUST04799,0.0375724088051181,0,0
CUST04800,0.0481330619741797,0,0
CUST04801,0.0431762795885819,0,0
CUST04802,0.007533372484662,0,0
CUST04803,0.0378582078327241,0,0
CUST04804,0.9801466904276824,1,1
CUST04805,0.0075481300310217,0,0
CUST04806,0.9553093956239614,1,1
CUST04807,0.0102103608083465,0,0
CUST04808,0.0085204474437532,0,0
CUST04809,0.0054975890264586,0,0
CUST04810,0.9937732470308928,1,1
CUST04811,0.0179492791153945,0,0
CUST04812,0.01,0,0
CUST04813,0.0014659746871746,0,0
CUST04814,0.0017811874583055,0,0
CUST04815,0.0029746459611347,0,0
CUST04816,0.0,0,0
CUST04817,0.0087035536713498,0,0
CUST04818,0.0804005972669104,0,0
CUST04819,0.0832852933543085,0,0
CUST04820,0.0104046254666191,0,0
CUST04821,0.0011706181916292,0,0
CUST04822,0.0029823609114959,0,0
CUST04823,0.9958094827702796,1,1
CUST04824,0.9737802320844314,1,1
CUST04825,0.0,0,0
CUST04826,0.0213730917992685,0,0
CUST04827,0.0148217597720771,0,0
CUST04828,0.0042225952324607,0,0
CUST04829,0.0384726307456142,0,0
CUST04830,0.0232741312166748,0,0
CUST04831,0.9237486683767686,1,1
CUST04832,0.0464213429876488,0,0
CUST04833,0.0019565194531907,0,0
CUST04834,0.0205054164139126,0,0
CUST04835,0.0011706181916292,0,0
CUST04836,0.0367708493869394,0,0
CUST04837,0.0,0,0
CUST04838,0.0078407384042964,0,0
CUST04839,0.0617518543933287,0,0
CUST04840,0.0052603114376137,0,0
CUST04841,0.0018040277695055,0,0
CUST04842,0.0262227534712,0,0
CUST04843,0.0,0,0
CUST04844,0.7009300918393012,1,1
CUST04845,0.0113514192349051,0,0
CUST04846,0.002602472062693,0,0
CUST04847,0.0137230500712788,0,0
CUST04848,0.0527228705214455,0,0
CUST04849,0.0204468345270253,0,0
CUST04850,0.9641532178504016,1,1
CUST04851,0.0204985427799625,0,0
CUST04852,0.044667429129347,0,0
CUST04853,0.1000953502590429,0,0
CUST04854,0.0002953564955454,0,0
CUST04855,0.002602472062693,0,0
CUST04856,0.0,0,0
CUST04857,0.9944388923776668,1,1
CUST04858,0.002602472062693,0,0
CUST04859,0.0113021243497758,0,0
CUST04860,0.0211365515714013,0,0
CUST04861,0.0002953564955454,0,0
CUST04862,0.0609947844247579,0,0
CUST04863,0.0204490811603596,0,0
CUST04864,0.043131382848027,0,0
CUST04865,0.0009064588036846,0,0
CUST04866,0.9632253282845876,1,1
CUST04867,0.0061919313053484,0,0
CUST04868,0.0117015156070111,0,0
CUST04869,0.017100847460594,0,0
CUST04870,0.934756884779162,1,1
CUST04871,0.0096929770401361,0,0
CUST04872,0.0008451307887266,0,0
CUST04873,0.0211766744513678,0,0
CUST04874,0.0176600727480226,0,0
CUST04875,0.0407304109642774,0,0
CUST04876,0.020292498871942,0,0
CUST04877,0.0064708009466576,0,0
CUST04878,0.0041111433366531,0,0
CUST04879,0.009307892033967,0,0
CUST04880,0.9111409757345432,1,1
CUST04881,0.008564090487684,0,0
CUST04882,0.9516623483569484,1,1
CUST04883,0.0345243338145218,0,0
CUST04884,0.0096280524831938,0,0
CUST04885,0.0086818792842693,0,0
CUST04886,0.0029781209781209,0,0
CUST04887,0.1652102193483093,0,0
CUST04888,0.0174865683317671,0,0
CUST04889,0.002602472062693,0,0
CUST04890,0.0682580456390636,0,0
CUST04891,0.0038597098341579,0,0
CUST04892,0.8739600054596411,1,1
CUST04893,0.0034773627832335,0,0
CUST04894,0.96468954371913,1,1
CUST04895,0.01,0,0
CUST04896,0.0576318673978923,0,0
CUST04897,0.001749584152427,0,0
CUST04898,0.0222621569352654,0,0
CUST04899,0.1018464262497584,0,0
CUST04900,0.0048430305567182,0,0
CUST04901,0.0277620594203597,0,0
CUST04902,0.018134608851156,0,0
CUST04903,0.0002953564955454,0,0
CUST04904,0.9587528152395494,1,1
CUST04905,0.0,0,0
CUST04906,0.002602472062693,0,0
CUST04907,0.9815066937817306,1,1
CUST04908,0.0222238315265365,0,0
CUST04909,0.0123829735445077,0,0
CUST04910,0.03,0,0
CUST04911,0.0063627542930328,0,0
CUST04912,0.0050657205812031,0,0
CUST04913,0.007545381908751,0,0
CUST04914,0.9567704112515912,1,1
CUST04915,0.0014659746871746,0,0
CUST04916,0.0011706181916292,0,0
CUST04917,0.0074214982545864,0,0
CUST04918,0.0014555912508263,0,0
CUST04919,0.0406069336070361,0,0
CUST04920,0.0302005284183195,0,0
CUST04921,0.0009064588036846,0,0
CUST04922,0.0383955306141326,0,0
CUST04923,0.0014659746871746,0,0
CUST04924,0.0,0,0
CUST04925,0.0014659746871746,0,0
CUST04926,0.119293172690763,0,0
CUST04927,0.0732115132840099,0,0
CUST04928,0.057369392850917,0,0
CUST04929,0.0369631688894226,0,0
CUST04930,0.0002953564955454,0,0
CUST04931,0.0020927776544703,0,0
CUST04932,0.0133383980579438,0,0
CUST04933,0.0166445651370049,0,0
CUST04934,0.0980990363683117,0,0
CUST04935,0.0114430038955808,0,0
CUST04936,0.0014659746871746,0,0
CUST04937,0.029663885720108,0,0
CUST04938,0.0106383987374601,0,0
CUST04939,0.0234864077335401,0,0
CUST04940,0.0029314922895759,0,0
CUST04941,0.0198835911728552,0,0
CUST04942,0.0272469857882476,0,0
CUST04943,0.0101258061408929,0,0
CUST04944,0.0002953564955454,0,0
CUST04945,0.0023071155671476,0,0
CUST04946,0.9434459308779668,1,1
CUST04947,0.9837373169675604,1,1
CUST04948,0.968293721253808,1,1
CUST04949,0.023348597121834,0,0
CUST04950,0.0168851361339358,0,0
CUST04951,0.0023071155671476,0,0
CUST04952,0.9507847002953592,1,1
CUST04953,0.0506925402511093,0,0
CUST04954,0.002602472062693,0,0
CUST04955,0.0,0,0
CUST04956,0.9046345177116216,1,1
CUST04957,0.0073877057789479,0,0
CUST04958,0.0148044342250338,0,0
CUST04959,0.0102389638989611,0,0
CUST04960,0.0807675148559491,0,0
CUST04961,0.0883151488716196,0,0
CUST04962,0.0371853903126074,0,0
CUST04963,0.0439269446116144,0,0
CUST04964,0.0640885230164346,0,0
CUST04965,0.0134835526357323,0,0
CUST04966,0.924804315496528,1,1
CUST04967,0.0549078388265938,0,0
CUST04968,0.0023071155671476,0,0
CUST04969,0.0396442289129858,0,0
CUST04970,0.0072380159891166,0,0
CUST04971,0.9691638643585498,1,1
CUST04972,0.958168670690498,1,1
CUST04973,0.002602472062693,0,0
CUST04974,0.0026361357940305,0,0
CUST04975,0.0158947124663724,0,0
CUST04976,0.0189406565095765,0,0
CUST04977,0.0023071155671476,0,0
CUST04978,0.0343705241379593,0,0
CUST04979,0.0488952776109248,0,0
CUST04980,0.0015525942670103,0,0
CUST04981,0.8898458201751227,1,1
CUST04982,0.0624908469319982,0,0
CUST04983,0.0261270001604261,0,0
CUST04984,0.0067932985771849,0,0
CUST04985,0.0767174999331668,0,0
CUST04986,0.9760963525988744,1,1
CUST04987,0.0014659746871746,0,0
CUST04988,0.0553457038724102,0,0
CUST04989,0.00150867127396,0,0
CUST04990,0.0373812133445487,0,0
CUST04991,0.0230442035273885,0,0
CUST04992,0.0640983081647593,0,0
CUST04993,0.0613978064612719,0,0
CUST04994,0.0208837171388503,0,0
CUST04995,0.0018040277695055,0,0
CUST04996,0.9584131724102716,1,1
CUST04997,0.9738520775602804,1,1
CUST04998,0.0178407384042964,0,0
CUST04999,0.027464319991511,0,0
CUST05000,0.0107289350056752,0,0
