customer_id,recency,frequency,monetary,r_score,f_score,m_score,rfm_score,customer_segment
CUST02286,832,2,2145.8,1,1,1,3,Lost
CUST01229,813,1,157.87,1,1,1,3,Lost
CUST01564,757,2,1657.38,1,1,1,3,Lost
CUST02258,694,3,1094.93,1,1,1,3,Lost
CUST02663,692,2,387.74,1,1,1,3,Lost
CUST00445,685,8,16229.29,1,2,4,7,Potential Loyalists
CUST02587,682,2,592.94,1,1,1,3,Lost
CUST00716,649,5,5525.9,1,1,1,3,Lost
CUST03676,643,5,8760.14,1,1,1,3,Lost
CUST03278,625,3,5776.49,1,1,1,3,Lost
CUST03865,612,10,16360.59,1,3,4,8,Potential Loyalists
CUST04459,604,5,6744.74,1,1,1,3,Lost
CUST04866,602,4,7923.19,1,1,1,3,Lost
CUST02975,598,2,893.87,1,1,1,3,Lost
CUST02189,596,4,7618.36,1,1,1,3,Lost
CUST01833,595,7,10606.54,1,1,2,4,Lost
CUST03989,595,6,12627.8,1,1,3,5,Lost
CUST03639,592,8,14295.03,1,2,3,6,Lost
CUST03987,589,9,16654.75,1,3,4,8,Potential Loyalists
CUST02580,568,4,9279.87,1,1,2,4,Lost
CUST00205,554,4,5941.6,1,1,1,3,Lost
CUST03723,544,5,2633.83,1,1,1,3,Lost
CUST03069,540,6,13326.97,1,1,3,5,Lost
CUST03803,538,4,3712.66,1,1,1,3,Lost
CUST04586,538,5,5785.23,1,1,1,3,Lost
CUST01111,530,8,7133.77,1,2,1,4,Lost
CUST00866,519,5,2911.02,1,1,1,3,Lost
CUST03448,518,3,1974.79,1,1,1,3,Lost
CUST04177,516,4,7700.24,1,1,1,3,Lost
CUST00257,516,6,7188.54,1,1,1,3,Lost
CUST03152,514,6,7347.36,1,1,1,3,Lost
CUST04551,511,5,10539.91,1,1,2,4,Lost
CUST00453,511,3,3006.61,1,1,1,3,Lost
CUST02778,509,4,2720.85,1,1,1,3,Lost
CUST00536,504,9,12901.91,1,2,3,6,Lost
CUST01838,500,7,11593.29,1,1,2,4,Lost
CUST03403,498,6,11311.01,1,1,2,4,Lost
CUST00056,496,7,5253.71,1,2,1,4,Lost
CUST03315,493,10,12562.52,1,3,3,7,Potential Loyalists
CUST00333,489,4,8043.3,1,1,1,3,Lost
CUST00044,487,10,17562.69,1,3,4,8,Potential Loyalists
CUST01944,485,3,6826.28,1,1,1,3,Lost
CUST03517,481,6,7264.37,1,1,1,3,Lost
CUST04605,476,10,8206.81,1,3,1,5,Lost
CUST01571,476,6,6959.03,1,1,1,3,Lost
CUST00882,473,2,1452.49,1,1,1,3,Lost
CUST01089,469,8,10901.38,1,2,2,5,Lost
CUST01201,467,5,4284.4,1,1,1,3,Lost
CUST01115,462,7,6386.5,1,1,1,3,Lost
CUST03916,456,3,3299.75,1,1,1,3,Lost
CUST04446,455,3,2297.57,1,1,1,3,Lost
CUST03393,455,11,16967.93,1,4,4,9,Potential Loyalists
CUST04607,453,6,4979.92,1,1,1,3,Lost
CUST04780,446,9,9367.1,1,2,2,5,Lost
CUST03607,442,5,2932.28,1,1,1,3,Lost
CUST01410,440,5,7078.04,1,1,1,3,Lost
CUST01117,432,7,12817.95,1,2,3,6,Lost
CUST02419,431,8,6864.67,1,2,1,4,Lost
CUST04381,426,4,5556.76,1,1,1,3,Lost
CUST02173,425,8,8362.79,1,2,1,4,Lost
CUST03896,425,4,4240.08,1,1,1,3,Lost
CUST04088,424,4,7935.91,1,1,1,3,Lost
CUST01382,421,3,4143.49,1,1,1,3,Lost
CUST04316,419,5,9354.25,1,1,2,4,Lost
CUST04514,418,7,6923.38,1,2,1,4,Lost
CUST04376,417,9,13939.68,1,2,3,6,Lost
CUST03357,417,6,6523.53,1,1,1,3,Lost
CUST02947,412,2,1808.16,1,1,1,3,Lost
CUST04372,412,4,3885.13,1,1,1,3,Lost
CUST03183,412,8,7842.69,1,2,1,4,Lost
CUST03715,406,12,14687.14,1,4,4,9,Potential Loyalists
CUST04484,405,4,3973.24,1,1,1,3,Lost
CUST03895,403,7,8505.85,1,1,1,3,Lost
CUST03333,399,6,9503.37,1,1,2,4,Lost
CUST01555,398,3,6104.26,1,1,1,3,Lost
CUST02779,397,5,9052.55,1,1,2,4,Lost
CUST00357,396,6,6591.92,1,1,1,3,Lost
CUST00878,396,10,12595.44,1,3,3,7,Potential Loyalists
CUST01420,392,10,10275.31,1,3,2,6,Lost
CUST02233,389,7,13697.31,1,1,3,5,Lost
CUST02623,387,5,5207.15,1,1,1,3,Lost
CUST04144,386,10,20298.24,1,3,5,9,Potential Loyalists
CUST00378,384,6,7945.18,1,1,1,3,Lost
CUST01078,380,10,16307.14,1,3,4,8,Potential Loyalists
CUST00784,380,7,11383.0,1,1,2,4,Lost
CUST01763,380,2,2427.19,1,1,1,3,Lost
CUST01643,375,7,10113.06,1,2,2,5,Lost
CUST03166,375,10,13098.14,1,3,3,7,Potential Loyalists
CUST03527,375,4,7055.08,1,1,1,3,Lost
CUST03336,372,7,11622.0,1,1,2,4,Lost
CUST01908,371,7,7182.11,1,2,1,4,Lost
CUST04044,370,11,15598.09,1,4,4,9,Potential Loyalists
CUST02586,368,3,7253.51,1,1,1,3,Lost
CUST04031,368,10,8952.12,1,3,2,6,Lost
CUST03012,365,11,15918.96,1,4,4,9,Potential Loyalists
CUST00104,365,10,16144.58,1,3,4,8,Potential Loyalists
CUST01800,360,6,16366.25,1,1,4,6,Lost
CUST00940,360,10,14933.38,1,3,4,8,Potential Loyalists
CUST01774,359,9,15175.44,1,3,4,8,Potential Loyalists
CUST00720,359,7,5377.3,1,2,1,4,Lost
CUST00780,357,10,8041.28,1,3,1,5,Lost
CUST03103,356,10,14267.46,1,3,3,7,Potential Loyalists
CUST04223,356,7,9607.85,1,1,2,4,Lost
CUST03711,356,10,13900.13,1,3,3,7,Potential Loyalists
CUST04430,356,5,5227.87,1,1,1,3,Lost
CUST00228,355,7,16176.12,1,1,4,6,Lost
CUST00375,354,11,17117.03,1,4,4,9,Potential Loyalists
CUST03595,353,4,3197.99,1,1,1,3,Lost
CUST01098,353,7,7007.61,1,2,1,4,Lost
CUST00316,353,3,5068.35,1,1,1,3,Lost
CUST00404,352,12,24809.19,1,4,5,10,Loyal Customers
CUST00516,352,7,9405.67,1,1,2,4,Lost
CUST04952,351,7,9805.71,1,1,2,4,Lost
CUST04339,350,9,13822.96,1,2,3,6,Lost
CUST02882,349,6,14227.67,1,1,3,5,Lost
CUST03796,349,13,16786.11,1,5,4,10,Loyal Customers
CUST02599,347,5,7511.96,1,1,1,3,Lost
CUST04048,347,9,10666.0,1,3,2,6,Lost
CUST01886,347,7,10071.06,1,2,2,5,Lost
CUST00233,345,6,6542.19,1,1,1,3,Lost
CUST01136,345,4,5004.16,1,1,1,3,Lost
CUST04481,345,7,8182.47,1,1,1,3,Lost
CUST03819,345,7,8850.61,1,1,2,4,Lost
CUST04466,344,6,10006.39,1,1,2,4,Lost
CUST03867,344,7,10720.16,1,1,2,4,Lost
CUST04722,344,6,6911.53,1,1,1,3,Lost
CUST04265,343,11,18546.16,1,4,5,10,Loyal Customers
CUST01445,342,4,3293.14,1,1,1,3,Lost
CUST03524,341,8,6669.59,1,2,1,4,Lost
CUST04471,340,7,9162.18,1,1,2,4,Lost
CUST01443,339,11,15421.35,1,4,4,9,Potential Loyalists
CUST02146,339,7,9004.57,1,1,2,4,Lost
CUST00959,339,7,8379.81,1,1,1,3,Lost
CUST03885,338,5,9511.87,1,1,2,4,Lost
CUST01083,337,4,7974.6,1,1,1,3,Lost
CUST03787,334,11,16253.43,1,3,4,8,Potential Loyalists
CUST03217,334,7,7806.08,1,1,1,3,Lost
CUST04565,333,3,4739.88,1,1,1,3,Lost
CUST01747,333,9,15935.48,1,3,4,8,Potential Loyalists
CUST03660,332,9,18420.99,1,2,5,8,Potential Loyalists
CUST03412,331,7,10641.3,1,1,2,4,Lost
CUST01367,331,7,10882.2,1,1,2,4,Lost
CUST01881,329,10,8434.84,1,3,1,5,Lost
CUST02196,327,6,8550.12,1,1,1,3,Lost
CUST00052,326,11,16294.45,1,3,4,8,Potential Loyalists
CUST00402,324,6,10575.59,1,1,2,4,Lost
CUST04333,324,6,7661.35,1,1,1,3,Lost
CUST01316,324,7,6643.14,1,1,1,3,Lost
CUST03686,322,12,24689.44,1,4,5,10,Loyal Customers
CUST01548,322,4,4796.87,1,1,1,3,Lost
CUST00282,316,3,7299.23,1,1,1,3,Lost
CUST03525,315,7,7099.03,1,2,1,4,Lost
CUST00743,315,5,7197.48,1,1,1,3,Lost
CUST03177,313,7,7947.01,1,1,1,3,Lost
CUST00302,313,3,6015.76,1,1,1,3,Lost
CUST02703,313,3,3375.12,1,1,1,3,Lost
CUST04748,313,5,5920.27,1,1,1,3,Lost
CUST04782,312,7,6517.1,1,1,1,3,Lost
CUST02406,310,10,8718.56,1,3,1,5,Lost
CUST04181,309,5,8243.39,1,1,1,3,Lost
CUST00669,309,10,9497.64,1,3,2,6,Lost
CUST01319,308,5,4371.9,1,1,1,3,Lost
CUST00037,307,9,14142.22,1,2,3,6,Lost
CUST04676,307,11,19618.23,1,4,5,10,Loyal Customers
CUST01814,307,7,9335.43,1,1,2,4,Lost
CUST04488,306,6,11209.03,1,1,2,4,Lost
CUST03761,304,4,1027.83,1,1,1,3,Lost
CUST02640,304,3,3850.04,1,1,1,3,Lost
CUST04870,304,8,13612.93,1,2,3,6,Lost
CUST02352,304,9,18965.95,1,2,5,8,Potential Loyalists
CUST02389,304,5,6627.08,1,1,1,3,Lost
CUST03208,304,5,7849.05,1,1,1,3,Lost
CUST02720,303,9,12387.96,1,3,3,7,Potential Loyalists
CUST00925,303,6,17837.32,1,1,4,6,Lost
CUST03067,302,9,11761.92,1,3,2,6,Lost
CUST00633,301,10,20376.97,1,3,5,9,Potential Loyalists
CUST03901,301,7,13384.98,1,1,3,5,Lost
CUST04824,301,6,4749.8,1,1,1,3,Lost
CUST01695,300,14,15852.04,1,5,4,10,Loyal Customers
CUST03674,300,6,8265.8,1,1,1,3,Lost
CUST02922,299,9,13294.7,1,2,3,6,Lost
CUST02097,299,4,3788.31,1,1,1,3,Lost
CUST03268,299,8,12443.26,1,2,3,6,Lost
CUST01289,299,7,8952.4,1,1,2,4,Lost
CUST01197,299,7,10491.36,1,1,2,4,Lost
CUST00559,298,12,17217.7,1,4,4,9,Potential Loyalists
CUST00594,297,4,5919.84,1,1,1,3,Lost
CUST04914,297,7,7451.51,1,1,1,3,Lost
CUST02287,297,12,12531.86,1,4,3,8,Potential Loyalists
CUST00604,297,5,4063.25,1,1,1,3,Lost
CUST01792,296,8,12253.95,1,2,3,6,Lost
CUST04831,296,15,13488.48,1,5,3,9,Potential Loyalists
CUST04907,295,7,9926.1,1,1,2,4,Lost
CUST02246,295,10,11303.73,1,3,2,6,Lost
CUST01149,294,6,8190.66,1,1,1,3,Lost
CUST03893,293,5,8895.27,1,1,2,4,Lost
CUST04972,293,9,8135.07,1,2,1,4,Lost
CUST03751,293,11,13144.67,1,3,3,7,Potential Loyalists
CUST00272,292,6,7187.9,1,1,1,3,Lost
CUST01684,292,7,10220.75,1,2,2,5,Lost
CUST00354,292,9,11467.7,1,3,2,6,Lost
CUST00434,291,5,3853.98,1,1,1,3,Lost
CUST03906,291,11,19680.73,1,4,5,10,Loyal Customers
CUST00766,291,9,13514.3,1,2,3,6,Lost
CUST04347,291,3,3187.08,1,1,1,3,Lost
CUST02905,291,5,5999.04,1,1,1,3,Lost
CUST04113,290,10,14129.8,1,3,3,7,Potential Loyalists
CUST01606,290,4,4435.66,1,1,1,3,Lost
CUST03514,290,8,6337.05,1,2,1,4,Lost
CUST02677,290,6,4690.68,1,1,1,3,Lost
CUST03437,289,9,9406.16,1,2,2,5,Lost
CUST01681,289,10,16460.6,1,3,4,8,Potential Loyalists
CUST00951,289,7,9836.71,1,1,2,4,Lost
CUST03076,288,10,17598.97,1,3,4,8,Potential Loyalists
CUST01269,288,5,7128.11,1,1,1,3,Lost
CUST04356,288,9,14014.63,1,2,3,6,Lost
CUST04966,287,6,9487.7,1,1,2,4,Lost
CUST01365,286,10,10880.34,1,3,2,6,Lost
CUST03219,286,12,17912.49,1,4,4,9,Potential Loyalists
CUST03726,286,11,11006.14,1,4,2,7,Potential Loyalists
CUST02354,285,10,10018.7,1,3,2,6,Lost
CUST01722,285,8,10341.76,1,2,2,5,Lost
CUST02678,285,7,11968.7,1,2,3,6,Lost
CUST02862,285,10,21301.34,1,3,5,9,Potential Loyalists
CUST04190,284,5,3528.06,1,1,1,3,Lost
CUST02555,280,7,8346.2,1,1,1,3,Lost
CUST03310,280,10,13519.84,1,3,3,7,Potential Loyalists
CUST00967,279,6,5826.62,1,1,1,3,Lost
CUST02208,278,11,15653.41,1,4,4,9,Potential Loyalists
CUST03466,278,9,10689.65,1,3,2,6,Lost
CUST04064,277,8,10696.97,1,2,2,5,Lost
CUST02205,277,9,10500.21,1,3,2,6,Lost
CUST00575,277,7,7021.61,1,2,1,4,Lost
CUST04663,276,6,5606.56,1,1,1,3,Lost
CUST04036,276,11,12948.24,1,4,3,8,Potential Loyalists
CUST04790,276,8,11494.32,1,2,2,5,Lost
CUST04173,276,7,4884.53,1,1,1,3,Lost
CUST04892,276,14,9552.96,1,5,2,8,Potential Loyalists
CUST02455,276,13,9520.82,1,5,2,8,Potential Loyalists
CUST03238,275,9,13360.55,1,2,3,6,Lost
CUST00480,275,8,12402.23,1,2,3,6,Lost
CUST01935,275,10,15037.15,1,3,4,8,Potential Loyalists
CUST00976,275,5,3651.22,1,1,1,3,Lost
CUST00737,274,7,7618.45,1,1,1,3,Lost
CUST03979,274,7,6172.69,1,1,1,3,Lost
CUST01400,274,7,11040.27,1,1,2,4,Lost
CUST01002,274,6,11078.46,1,1,2,4,Lost
CUST04694,274,10,12767.6,1,3,3,7,Potential Loyalists
CUST00447,274,6,5432.29,1,1,1,3,Lost
CUST01661,273,11,15785.96,1,4,4,9,Potential Loyalists
CUST04189,273,6,7781.96,1,1,1,3,Lost
CUST03456,272,8,9560.8,1,2,2,5,Lost
CUST01598,272,5,4680.21,1,1,1,3,Lost
CUST01874,269,4,2085.19,1,1,1,3,Lost
CUST03436,269,13,23984.95,1,5,5,11,Loyal Customers
CUST03938,268,5,10688.86,1,1,2,4,Lost
CUST01876,267,9,13886.38,1,2,3,6,Lost
CUST01475,267,10,21917.72,1,3,5,9,Potential Loyalists
CUST04669,267,9,15136.72,1,3,4,8,Potential Loyalists
CUST01431,267,10,10750.97,1,3,2,6,Lost
CUST04121,267,5,7240.16,1,1,1,3,Lost
CUST04688,266,8,15007.74,1,2,4,7,Potential Loyalists
CUST00102,266,11,15855.19,1,4,4,9,Potential Loyalists
CUST03304,266,10,13753.26,1,3,3,7,Potential Loyalists
CUST03008,266,7,7176.9,1,2,1,4,Lost
CUST03910,265,8,13530.46,1,2,3,6,Lost
CUST01595,265,7,7772.07,1,1,1,3,Lost
CUST01513,264,10,21084.67,1,3,5,9,Potential Loyalists
CUST01791,264,6,9844.43,1,1,2,4,Lost
CUST00853,263,6,6544.96,1,1,1,3,Lost
CUST02836,263,8,12762.02,1,2,3,6,Lost
CUST00533,263,8,15363.01,1,2,4,7,Potential Loyalists
CUST03371,263,7,9877.21,1,1,2,4,Lost
CUST04013,263,7,6161.17,1,1,1,3,Lost
CUST02073,263,7,8138.29,1,1,1,3,Lost
CUST01850,263,2,2192.19,1,1,1,3,Lost
CUST00984,262,7,7396.32,1,2,1,4,Lost
CUST04904,262,11,17078.85,1,4,4,9,Potential Loyalists
CUST01523,262,5,9645.05,1,1,2,4,Lost
CUST02554,261,10,17286.82,1,3,4,8,Potential Loyalists
CUST04620,261,10,15575.78,1,3,4,8,Potential Loyalists
CUST02399,260,4,2374.05,1,1,1,3,Lost
CUST03800,260,9,13568.81,1,2,3,6,Lost
CUST03027,259,7,10129.03,1,2,2,5,Lost
CUST00429,259,7,5977.0,1,2,1,4,Lost
CUST03363,259,8,15455.55,1,2,4,7,Potential Loyalists
CUST02330,259,9,9992.39,1,2,2,5,Lost
CUST04492,258,8,15963.12,1,2,4,7,Potential Loyalists
CUST04823,258,10,20437.09,1,3,5,9,Potential Loyalists
CUST02332,258,9,19581.14,1,2,5,8,Potential Loyalists
CUST04147,257,8,14036.1,1,2,3,6,Lost
CUST03694,257,12,18336.34,1,4,5,10,Loyal Customers
CUST01064,256,14,22333.95,1,5,5,11,Loyal Customers
CUST00873,256,16,22405.61,1,5,5,11,Loyal Customers
CUST02491,256,5,6306.72,1,1,1,3,Lost
CUST00640,256,10,12502.96,1,3,3,7,Potential Loyalists
CUST04745,255,10,9259.01,1,3,2,6,Lost
CUST01116,255,12,19785.11,1,4,5,10,Loyal Customers
CUST00885,255,6,6036.45,1,1,1,3,Lost
CUST03740,255,5,4540.04,1,1,1,3,Lost
CUST03266,255,6,6560.72,1,1,1,3,Lost
CUST00174,254,10,18885.61,1,3,5,9,Potential Loyalists
CUST04759,253,10,10600.03,1,3,2,6,Lost
CUST02766,253,9,12477.58,1,3,3,7,Potential Loyalists
CUST00471,253,12,21270.94,1,4,5,10,Loyal Customers
CUST04348,252,9,14700.25,1,3,4,8,Potential Loyalists
CUST02541,252,8,9349.66,1,2,2,5,Lost
CUST00358,252,9,5167.11,1,3,1,5,Lost
CUST04049,252,6,7850.15,1,1,1,3,Lost
CUST01659,252,6,6520.25,1,1,1,3,Lost
CUST01073,252,7,9966.82,1,1,2,4,Lost
CUST03157,251,7,8521.23,1,1,1,3,Lost
CUST00473,251,5,9228.89,1,1,2,4,Lost
CUST04084,250,9,5865.47,1,2,1,4,Lost
CUST03003,250,4,4927.04,1,1,1,3,Lost
CUST02768,250,11,11015.55,1,4,2,7,Potential Loyalists
CUST03603,250,6,9122.65,1,1,2,4,Lost
CUST04948,249,6,6342.63,1,1,1,3,Lost
CUST04119,249,11,12477.52,1,4,3,8,Potential Loyalists
CUST01489,249,6,9025.75,1,1,2,4,Lost
CUST03712,249,8,9514.03,1,2,2,5,Lost
CUST02333,249,7,6846.5,1,1,1,3,Lost
CUST02227,249,15,13852.69,1,5,3,9,Potential Loyalists
CUST00750,249,12,12653.0,1,4,3,8,Potential Loyalists
CUST01543,249,9,12812.9,1,2,3,6,Lost
CUST02020,249,8,8587.01,1,2,1,4,Lost
CUST02056,248,6,6019.53,1,1,1,3,Lost
CUST01406,248,4,3239.75,1,1,1,3,Lost
CUST04880,248,12,15068.04,1,4,4,9,Potential Loyalists
CUST04090,247,6,8112.73,1,1,1,3,Lost
CUST04234,247,8,9186.49,1,2,2,5,Lost
CUST00356,247,9,11222.83,1,3,2,6,Lost
CUST02228,246,9,19253.43,1,2,5,8,Potential Loyalists
CUST04238,246,8,11107.38,1,2,2,5,Lost
CUST04947,246,4,4043.63,1,1,1,3,Lost
CUST01967,246,9,18018.08,1,2,4,7,Potential Loyalists
CUST02288,246,7,10147.26,1,2,2,5,Lost
CUST00107,246,11,11723.01,1,4,2,7,Potential Loyalists
CUST01666,245,4,3749.81,1,1,1,3,Lost
CUST02022,245,15,16060.68,1,5,4,10,Loyal Customers
CUST01429,245,5,2753.18,1,1,1,3,Lost
CUST01872,245,8,6016.79,1,2,1,4,Lost
CUST04409,245,6,8143.15,1,1,1,3,Lost
CUST04996,244,7,13649.12,1,1,3,5,Lost
CUST00420,244,11,13320.75,1,4,3,8,Potential Loyalists
CUST04788,244,9,10663.4,1,3,2,6,Lost
CUST03248,244,6,7531.61,1,1,1,3,Lost
CUST04449,243,8,11926.11,1,2,3,6,Lost
CUST01527,243,7,4455.62,1,2,1,4,Lost
CUST02103,242,8,11354.85,1,2,2,5,Lost
CUST00648,242,8,7452.55,1,2,1,4,Lost
CUST03145,242,8,9850.78,1,2,2,5,Lost
CUST00855,242,7,14230.09,1,1,3,5,Lost
CUST01568,241,7,4201.22,1,1,1,3,Lost
CUST02273,241,8,5390.09,1,2,1,4,Lost
CUST04097,241,6,10606.43,1,1,2,4,Lost
CUST02431,241,11,14696.45,1,4,4,9,Potential Loyalists
CUST00797,240,10,17166.48,1,3,4,8,Potential Loyalists
CUST01043,240,11,13632.06,1,4,3,8,Potential Loyalists
CUST02138,240,8,8229.41,1,2,1,4,Lost
CUST04188,240,10,6672.0,1,3,1,5,Lost
CUST00412,239,5,7326.65,1,1,1,3,Lost
CUST00862,239,10,12428.36,1,3,3,7,Potential Loyalists
CUST01140,239,12,23813.04,1,4,5,10,Loyal Customers
CUST00511,239,6,7778.48,1,1,1,3,Lost
CUST00764,239,18,22591.5,1,5,5,11,Loyal Customers
CUST02948,238,6,3080.5,1,1,1,3,Lost
CUST03992,238,3,1773.34,1,1,1,3,Lost
CUST03051,238,9,10626.3,1,3,2,6,Lost
CUST01059,238,5,9722.45,1,1,2,4,Lost
CUST02364,237,9,6232.33,1,2,1,4,Lost
CUST03963,237,8,6054.26,1,2,1,4,Lost
CUST04508,237,5,3038.4,1,1,1,3,Lost
CUST00990,237,9,12747.56,1,2,3,6,Lost
CUST04379,237,9,17338.32,1,2,4,7,Potential Loyalists
CUST02372,237,11,8672.64,1,4,1,6,Lost
CUST00692,237,9,11029.8,1,3,2,6,Lost
CUST03771,237,15,21351.64,1,5,5,11,Loyal Customers
CUST02710,237,8,14361.59,1,2,3,6,Lost
CUST00305,237,12,16529.39,1,4,4,9,Potential Loyalists
CUST03550,236,14,15081.82,1,5,4,10,Loyal Customers
CUST01087,236,7,6772.84,1,1,1,3,Lost
CUST04151,236,6,11732.95,1,1,2,4,Lost
CUST01418,235,13,18882.43,1,5,5,11,Loyal Customers
CUST03107,235,9,13663.1,1,2,3,6,Lost
CUST01509,235,5,5157.44,1,1,1,3,Lost
CUST03975,235,10,10524.99,1,3,2,6,Lost
CUST03743,234,6,6273.68,1,1,1,3,Lost
CUST00187,234,12,17422.98,1,4,4,9,Potential Loyalists
CUST04425,234,11,19244.77,1,4,5,10,Loyal Customers
CUST02741,234,10,12339.03,1,3,3,7,Potential Loyalists
CUST03601,234,7,16297.99,1,1,4,6,Lost
CUST04971,233,7,13725.6,1,1,3,5,Lost
CUST01389,232,7,10631.82,1,1,2,4,Lost
CUST04804,232,9,14538.69,1,3,3,7,Potential Loyalists
CUST01561,232,4,3073.63,1,1,1,3,Lost
CUST01528,231,12,13920.58,1,4,3,8,Potential Loyalists
CUST02282,231,8,8162.8,1,2,1,4,Lost
CUST03459,231,7,11108.75,1,2,2,5,Lost
CUST03314,231,7,9503.16,1,1,2,4,Lost
CUST04997,231,6,10414.15,1,1,2,4,Lost
CUST01066,231,10,16828.62,1,3,4,8,Potential Loyalists
CUST02438,230,8,10007.28,1,2,2,5,Lost
CUST00161,229,5,7673.68,1,1,1,3,Lost
CUST02875,229,9,10428.36,1,3,2,6,Lost
CUST02335,228,7,2870.74,1,1,1,3,Lost
CUST04209,228,5,6071.52,1,1,1,3,Lost
CUST02466,228,10,11702.25,1,3,2,6,Lost
CUST04422,228,8,9053.01,1,2,2,5,Lost
CUST00372,228,8,13756.13,1,2,3,6,Lost
CUST04120,228,8,10881.08,1,2,2,5,Lost
CUST01958,227,11,15191.62,1,4,4,9,Potential Loyalists
CUST01121,227,12,17348.9,1,4,4,9,Potential Loyalists
CUST02814,227,8,9149.05,1,2,2,5,Lost
CUST01688,227,14,15495.95,1,5,4,10,Loyal Customers
CUST04004,226,2,5867.13,1,1,1,3,Lost
CUST02980,226,4,5086.89,1,1,1,3,Lost
CUST00819,225,10,16413.35,1,3,4,8,Potential Loyalists
CUST04567,225,10,11099.73,1,3,2,6,Lost
CUST00288,225,6,9847.05,1,1,2,4,Lost
CUST03211,225,9,14097.31,1,2,3,6,Lost
CUST03597,225,12,22899.36,1,4,5,10,Loyal Customers
CUST01266,225,8,9760.86,1,2,2,5,Lost
CUST02361,224,6,12459.05,1,1,3,5,Lost
CUST03002,224,5,10436.57,1,1,2,4,Lost
CUST03348,224,8,10797.57,1,2,2,5,Lost
CUST00268,224,10,23977.29,1,3,5,9,Potential Loyalists
CUST00119,223,10,16320.97,1,3,4,8,Potential Loyalists
CUST03503,223,10,8899.25,1,3,2,6,Lost
CUST04260,223,8,10635.66,1,2,2,5,Lost
CUST02977,223,10,14258.17,1,3,3,7,Potential Loyalists
CUST02921,223,9,14047.77,1,2,3,6,Lost
CUST03549,221,16,25403.86,1,5,5,11,Loyal Customers
CUST02081,221,6,12475.92,1,1,3,5,Lost
CUST02653,221,9,10342.9,1,2,2,5,Lost
CUST01758,221,9,10108.91,1,2,2,5,Lost
CUST02849,221,5,7604.69,1,1,1,3,Lost
CUST01303,221,5,3390.94,1,1,1,3,Lost
CUST00196,221,5,7182.37,1,1,1,3,Lost
CUST02112,221,8,14233.95,1,2,3,6,Lost
CUST02178,220,8,11116.97,1,2,2,5,Lost
CUST02697,220,4,4550.52,1,1,1,3,Lost
CUST00748,220,12,15944.56,1,4,4,9,Potential Loyalists
CUST00224,220,3,2604.45,1,1,1,3,Lost
CUST00152,220,8,15079.94,1,2,4,7,Potential Loyalists
CUST03913,219,8,15402.74,1,2,4,7,Potential Loyalists
CUST02458,219,7,9776.33,1,1,2,4,Lost
CUST01846,219,4,6249.88,1,1,1,3,Lost
CUST03624,219,10,12745.91,1,3,3,7,Potential Loyalists
CUST01852,218,10,12403.48,1,3,3,7,Potential Loyalists
CUST04012,218,5,4482.85,1,1,1,3,Lost
CUST02567,218,8,14684.94,1,2,4,7,Potential Loyalists
CUST00484,217,6,11261.68,1,1,2,4,Lost
CUST00042,216,5,7346.91,1,1,1,3,Lost
CUST03596,216,12,11325.99,1,4,2,7,Potential Loyalists
CUST01324,216,9,17901.78,1,2,4,7,Potential Loyalists
CUST00790,216,8,12240.38,1,2,3,6,Lost
CUST00182,216,6,10037.59,1,1,2,4,Lost
CUST01314,215,7,6237.41,1,1,1,3,Lost
CUST02736,215,9,17276.77,1,2,4,7,Potential Loyalists
CUST04456,215,6,5496.03,1,1,1,3,Lost
CUST04482,215,4,5414.42,1,1,1,3,Lost
CUST01727,215,9,11103.03,1,3,2,6,Lost
CUST04894,214,6,7665.75,1,1,1,3,Lost
CUST00179,214,12,13633.88,1,4,3,8,Potential Loyalists
CUST01828,214,7,8702.54,1,1,1,3,Lost
CUST03193,214,8,9882.17,1,2,2,5,Lost
CUST04850,214,3,4068.05,1,1,1,3,Lost
CUST02831,213,9,16058.1,1,3,4,8,Potential Loyalists
CUST00934,213,11,21597.82,1,4,5,10,Loyal Customers
CUST04619,213,9,10576.11,1,3,2,6,Lost
CUST00561,213,9,10000.28,1,2,2,5,Lost
CUST02885,212,9,10471.71,1,3,2,6,Lost
CUST01415,212,9,9184.11,1,2,2,5,Lost
CUST01022,212,13,19774.33,1,4,5,10,Loyal Customers
CUST04197,212,11,14902.61,1,4,4,9,Potential Loyalists
CUST03260,212,12,18703.91,1,4,5,10,Loyal Customers
CUST02679,211,5,6952.07,1,1,1,3,Lost
CUST03213,211,5,6176.42,1,1,1,3,Lost
CUST04062,211,9,13527.26,1,2,3,6,Lost
CUST03512,211,11,15073.15,1,4,4,9,Potential Loyalists
CUST02936,211,3,5019.37,1,1,1,3,Lost
CUST00996,211,10,17893.68,1,3,4,8,Potential Loyalists
CUST01854,210,15,26860.18,1,5,5,11,Loyal Customers
CUST03326,210,8,7317.73,1,2,1,4,Lost
CUST00931,210,11,12694.93,1,4,3,8,Potential Loyalists
CUST00803,210,8,11998.96,1,2,3,6,Lost
CUST03764,210,8,13120.1,1,2,3,6,Lost
CUST03825,210,11,15320.08,1,4,4,9,Potential Loyalists
CUST02916,210,7,6966.13,1,2,1,4,Lost
CUST01226,210,8,13075.44,1,2,3,6,Lost
CUST03521,209,7,7770.16,1,1,1,3,Lost
CUST01620,209,3,8499.59,1,1,1,3,Lost
CUST02700,209,10,19722.33,1,3,5,9,Potential Loyalists
CUST00905,209,6,9693.97,1,1,2,4,Lost
CUST01807,208,8,10312.81,1,2,2,5,Lost
CUST01651,208,7,8678.39,1,1,1,3,Lost
CUST01122,208,8,11474.07,1,2,2,5,Lost
CUST01181,208,5,6816.61,1,1,1,3,Lost
CUST01441,208,7,6932.67,1,2,1,4,Lost
CUST03976,208,13,21027.1,1,5,5,11,Loyal Customers
CUST04386,208,14,24581.9,1,5,5,11,Loyal Customers
CUST00616,208,11,15044.94,1,4,4,9,Potential Loyalists
CUST04161,208,13,15955.54,1,5,4,10,Loyal Customers
CUST01525,208,9,11880.89,1,3,2,6,Lost
CUST04472,207,9,13669.43,1,2,3,6,Lost
CUST03037,207,8,7274.18,1,2,1,4,Lost
CUST01096,207,13,17510.88,1,5,4,10,Loyal Customers
CUST00834,207,3,1919.22,1,1,1,3,Lost
CUST01428,207,7,9139.43,1,1,2,4,Lost
CUST03085,206,6,6214.61,1,1,1,3,Lost
CUST03833,206,8,5680.1,1,2,1,4,Lost
CUST00237,206,9,15113.5,1,3,4,8,Potential Loyalists
CUST00342,206,8,5994.3,1,2,1,4,Lost
CUST01969,206,11,18816.21,1,4,5,10,Loyal Customers
CUST02560,206,7,5811.98,1,1,1,3,Lost
CUST03415,206,6,3798.87,1,1,1,3,Lost
CUST01320,205,9,15117.86,1,3,4,8,Potential Loyalists
CUST00763,205,4,7984.66,1,1,1,3,Lost
CUST00557,205,9,13771.46,1,2,3,6,Lost
CUST04810,204,5,5778.1,1,1,1,3,Lost
CUST02490,204,9,10449.68,1,3,2,6,Lost
CUST00126,204,5,6780.69,1,1,1,3,Lost
CUST01847,204,8,11624.69,1,2,2,5,Lost
CUST00701,204,6,16359.65,1,1,4,6,Lost
CUST04402,204,7,9371.63,1,1,2,4,Lost
CUST02739,204,15,13893.55,1,5,3,9,Potential Loyalists
CUST02864,203,8,6514.13,1,2,1,4,Lost
CUST03969,203,13,23845.66,1,5,5,11,Loyal Customers
CUST02551,203,8,12898.43,1,2,3,6,Lost
CUST00672,203,6,11253.03,1,1,2,4,Lost
CUST01624,203,8,18739.58,1,2,5,8,Potential Loyalists
CUST04668,203,10,12641.06,1,3,3,7,Potential Loyalists
CUST02460,203,10,18622.42,1,3,5,9,Potential Loyalists
CUST03218,203,9,19850.32,1,2,5,8,Potential Loyalists
CUST00243,202,11,18364.59,1,4,5,10,Loyal Customers
CUST02439,202,12,23788.83,1,4,5,10,Loyal Customers
CUST01333,202,9,13125.58,1,2,3,6,Lost
CUST02365,202,3,4855.64,1,1,1,3,Lost
CUST03243,202,8,9697.27,1,2,2,5,Lost
CUST03133,202,12,26105.2,1,4,5,10,Loyal Customers
CUST04946,202,11,11406.34,1,4,2,7,Potential Loyalists
CUST00634,202,9,11831.96,1,3,2,6,Lost
CUST03444,201,3,5941.35,1,1,1,3,Lost
CUST04986,200,7,10505.08,1,1,2,4,Lost
CUST01460,200,10,16672.62,1,3,4,8,Potential Loyalists
CUST02796,200,7,11705.88,1,1,2,4,Lost
CUST02339,200,10,11638.74,1,3,2,6,Lost
CUST00973,200,9,6244.97,1,2,1,4,Lost
CUST00004,199,8,15770.68,1,2,4,7,Potential Loyalists
CUST02785,199,7,7688.0,1,1,1,3,Lost
CUST00242,199,8,10180.62,1,2,2,5,Lost
CUST00961,199,11,7953.24,1,4,1,6,Lost
CUST02591,199,12,23391.36,1,4,5,10,Loyal Customers
CUST02696,199,10,11236.74,1,3,2,6,Lost
CUST03663,198,9,9976.18,1,2,2,5,Lost
CUST03820,198,10,15488.03,1,3,4,8,Potential Loyalists
CUST02758,198,12,14532.37,1,4,3,8,Potential Loyalists
CUST04981,198,10,16050.87,1,3,4,8,Potential Loyalists
CUST00096,198,12,16977.42,1,4,4,9,Potential Loyalists
CUST03737,198,9,16587.52,1,3,4,8,Potential Loyalists
CUST01849,197,7,14714.64,1,2,4,7,Potential Loyalists
CUST01162,197,11,18210.81,1,4,5,10,Loyal Customers
CUST00497,197,7,10206.32,1,2,2,5,Lost
CUST03245,197,8,11829.18,1,2,2,5,Lost
CUST00059,197,12,21058.68,1,4,5,10,Loyal Customers
CUST00135,197,11,20978.6,1,4,5,10,Loyal Customers
CUST00455,196,9,11265.43,1,3,2,6,Lost
CUST04233,196,11,13511.81,1,4,3,8,Potential Loyalists
CUST02528,196,9,15376.32,1,3,4,8,Potential Loyalists
CUST04495,196,10,11692.28,1,3,2,6,Lost
CUST03581,196,10,11642.62,1,3,2,6,Lost
CUST02078,196,4,3012.88,1,1,1,3,Lost
CUST04857,196,10,11920.24,1,3,3,7,Potential Loyalists
CUST04081,196,13,16041.04,1,5,4,10,Loyal Customers
CUST01156,196,11,17005.12,1,4,4,9,Potential Loyalists
CUST02087,195,7,9140.03,1,1,2,4,Lost
CUST02320,195,9,14130.21,1,2,3,6,Lost
CUST03451,195,8,12843.01,1,2,3,6,Lost
CUST02915,195,13,15792.7,1,5,4,10,Loyal Customers
CUST04535,195,6,3024.43,1,1,1,3,Lost
CUST01631,195,7,10165.77,1,2,2,5,Lost
CUST01910,195,11,20723.21,1,4,5,10,Loyal Customers
CUST00245,195,7,8630.09,1,1,1,3,Lost
CUST01521,194,5,3494.49,1,1,1,3,Lost
CUST02652,194,13,17581.98,1,5,4,10,Loyal Customers
CUST01391,194,2,3379.7,1,1,1,3,Lost
CUST02166,194,4,8977.27,1,1,2,4,Lost
CUST04806,194,7,4700.36,1,1,1,3,Lost
CUST03609,194,8,13875.61,1,2,3,6,Lost
CUST00175,193,12,25211.09,1,4,5,10,Loyal Customers
CUST03184,193,9,17133.17,1,2,4,7,Potential Loyalists
CUST00259,193,12,18156.98,1,4,4,9,Potential Loyalists
CUST02181,192,8,11752.0,1,2,2,5,Lost
CUST04383,192,11,13966.8,1,4,3,8,Potential Loyalists
CUST02095,192,10,12183.65,1,3,3,7,Potential Loyalists
CUST02667,191,9,16353.69,1,3,4,8,Potential Loyalists
CUST04419,191,8,10208.29,1,2,2,5,Lost
CUST04171,191,7,8614.0,1,1,1,3,Lost
CUST01913,191,7,12775.35,1,1,3,5,Lost
CUST03485,191,6,7349.02,1,1,1,3,Lost
CUST04882,191,12,26871.23,1,4,5,10,Loyal Customers
CUST00515,191,9,9241.61,1,2,2,5,Lost
CUST02114,190,8,15633.05,1,2,4,7,Potential Loyalists
CUST01841,190,12,13896.3,1,4,3,8,Potential Loyalists
CUST03229,190,14,19471.24,1,5,5,11,Loyal Customers
CUST02833,190,8,17200.91,1,2,4,7,Potential Loyalists
CUST03056,189,6,9223.48,1,1,2,4,Lost
CUST03962,189,6,9312.09,1,1,2,4,Lost
CUST04451,189,7,8078.07,1,1,1,3,Lost
CUST01923,189,10,10494.78,1,3,2,6,Lost
CUST01517,189,7,10151.87,1,2,2,5,Lost
CUST02177,189,10,15906.37,1,3,4,8,Potential Loyalists
CUST03391,189,12,14735.09,1,4,4,9,Potential Loyalists
CUST04201,188,13,20046.31,1,4,5,10,Loyal Customers
CUST04351,188,7,6835.96,1,1,1,3,Lost
CUST00225,188,10,14083.98,1,3,3,7,Potential Loyalists
CUST02411,188,14,21568.06,1,5,5,11,Loyal Customers
CUST00690,188,5,8066.72,1,1,1,3,Lost
CUST01919,188,5,2755.99,1,1,1,3,Lost
CUST00474,188,5,2457.43,1,1,1,3,Lost
CUST02345,188,8,7363.33,1,2,1,4,Lost
CUST04107,188,13,21063.47,1,5,5,11,Loyal Customers
CUST02395,188,9,7291.57,1,2,1,4,Lost
CUST01820,187,12,17804.97,1,4,4,9,Potential Loyalists
CUST03882,187,11,13358.63,1,4,3,8,Potential Loyalists
CUST01857,187,8,10496.91,1,2,2,5,Lost
CUST02559,186,8,6660.07,1,2,1,4,Lost
CUST02772,186,15,20611.62,1,5,5,11,Loyal Customers
CUST04385,186,12,11288.58,1,4,2,7,Potential Loyalists
CUST04154,186,7,5496.7,1,1,1,3,Lost
CUST00683,186,10,13735.95,1,3,3,7,Potential Loyalists
CUST00216,186,10,9121.31,1,3,2,6,Lost
CUST04496,186,6,6407.01,1,1,1,3,Lost
CUST04956,186,15,20065.9,1,5,5,11,Loyal Customers
CUST04273,186,7,13183.12,1,1,3,5,Lost
CUST03857,186,14,16676.68,1,5,4,10,Loyal Customers
CUST04364,185,9,9186.88,1,2,2,5,Lost
CUST00115,185,11,12198.77,1,4,3,8,Potential Loyalists
CUST01772,185,5,6179.31,1,1,1,3,Lost
CUST01933,185,8,16276.58,1,2,4,7,Potential Loyalists
CUST03678,185,9,8242.72,1,2,1,4,Lost
CUST03272,185,3,6515.06,1,1,1,3,Lost
CUST00568,184,8,8005.34,1,2,1,4,Lost
CUST02444,184,9,11413.97,1,3,2,6,Lost
CUST04445,184,6,8956.37,1,1,2,4,Lost
CUST04076,184,11,14151.67,1,4,3,8,Potential Loyalists
CUST04279,183,12,21209.02,1,4,5,10,Loyal Customers
CUST03590,183,7,9927.05,1,1,2,4,Lost
CUST01834,182,14,23162.23,1,5,5,11,Loyal Customers
CUST04309,182,8,14323.99,1,2,3,6,Lost
CUST00339,182,6,3261.36,1,1,1,3,Lost
CUST03131,182,7,9169.11,1,1,2,4,Lost
CUST04613,182,11,12493.92,1,4,3,8,Potential Loyalists
CUST02303,182,9,11842.4,1,3,2,6,Lost
CUST03633,181,11,8526.47,1,4,1,6,Lost
CUST04772,181,11,6563.26,1,4,1,6,Lost
CUST03824,181,7,7775.26,1,1,1,3,Lost
CUST04844,181,8,11787.35,1,2,2,5,Lost
CUST01188,181,6,6667.09,1,1,1,3,Lost
CUST01132,180,7,6429.22,1,1,1,3,Lost
CUST03382,180,10,13654.5,1,3,3,7,Potential Loyalists
CUST01057,180,11,9546.08,1,3,2,6,Lost
CUST04235,180,9,11779.55,1,3,2,6,Lost
CUST02487,180,9,17810.47,1,2,4,7,Potential Loyalists
CUST01081,180,2,2556.62,1,1,1,3,Lost
CUST00848,180,12,14702.56,1,4,4,9,Potential Loyalists
CUST02548,179,4,3033.73,1,1,1,3,Lost
CUST04654,179,6,14676.64,1,1,4,6,Lost
CUST00281,179,7,10708.49,1,2,2,5,Lost
CUST02530,179,8,16480.99,1,2,4,7,Potential Loyalists
CUST03121,179,9,15174.21,1,3,4,8,Potential Loyalists
CUST04293,179,15,18255.23,1,5,5,11,Loyal Customers
CUST03574,178,11,8528.03,1,4,1,6,Lost
CUST04887,178,3,1333.96,1,1,1,3,Lost
CUST04534,178,6,5489.03,1,1,1,3,Lost
CUST01125,178,8,11630.7,1,2,2,5,Lost
CUST02346,178,6,4117.05,1,1,1,3,Lost
CUST03449,178,8,11819.74,1,2,2,5,Lost
CUST03154,178,8,6425.68,1,2,1,4,Lost
CUST03990,178,8,8647.47,1,2,1,4,Lost
CUST04717,177,4,2498.37,1,1,1,3,Lost
CUST02838,177,10,17092.74,1,3,4,8,Potential Loyalists
CUST03262,177,10,18839.51,1,3,5,9,Potential Loyalists
CUST00721,177,4,7851.35,1,1,1,3,Lost
CUST00504,177,13,11436.03,1,4,2,7,Potential Loyalists
CUST02615,177,11,15678.57,1,4,4,9,Potential Loyalists
CUST00125,177,8,12460.89,1,2,3,6,Lost
CUST00528,177,13,19575.65,1,5,5,11,Loyal Customers
CUST03275,177,8,12047.02,1,2,3,6,Lost
CUST01020,177,7,13717.22,1,1,3,5,Lost
CUST01660,176,12,15271.74,1,4,4,9,Potential Loyalists
CUST03925,176,9,15016.86,1,3,4,8,Potential Loyalists
CUST00246,176,8,6486.64,1,2,1,4,Lost
CUST00752,176,5,9671.92,1,1,2,4,Lost
CUST02535,176,6,4963.3,1,1,1,3,Lost
CUST01560,176,9,8626.24,1,2,1,4,Lost
CUST00038,176,15,25383.6,1,5,5,11,Loyal Customers
CUST00638,176,6,7704.38,1,1,1,3,Lost
CUST00444,175,16,18768.58,1,5,5,11,Loyal Customers
CUST00864,175,8,14044.45,1,2,3,6,Lost
CUST02974,175,9,9474.66,1,2,2,5,Lost
CUST02747,175,10,24233.54,1,3,5,9,Potential Loyalists
CUST03753,175,15,18063.83,1,5,4,10,Loyal Customers
CUST01638,175,7,7192.21,1,2,1,4,Lost
CUST01177,175,13,16507.58,1,5,4,10,Loyal Customers
CUST03612,175,8,8438.28,1,2,1,4,Lost
CUST01187,175,6,6297.8,1,1,1,3,Lost
CUST03362,175,7,10477.69,1,1,2,4,Lost
CUST04227,174,12,14512.42,1,4,3,8,Potential Loyalists
CUST03806,174,8,7647.91,1,2,1,4,Lost
CUST03710,174,12,19126.24,1,4,5,10,Loyal Customers
CUST01584,174,9,9075.63,1,2,2,5,Lost
CUST00816,174,8,8145.13,1,2,1,4,Lost
CUST04370,173,11,13861.9,1,4,3,8,Potential Loyalists
CUST02358,173,11,9765.96,1,3,2,6,Lost
CUST04925,173,11,14151.0,1,4,3,8,Potential Loyalists
CUST02743,173,7,8603.54,1,1,1,3,Lost
CUST02141,173,11,18978.39,1,4,5,10,Loyal Customers
CUST01432,173,9,8352.07,1,2,1,4,Lost
CUST04875,173,9,12475.84,1,3,3,7,Potential Loyalists
CUST03021,172,12,13293.33,1,4,3,8,Potential Loyalists
CUST01452,172,11,15117.83,1,4,4,9,Potential Loyalists
CUST01619,172,6,12839.87,1,1,3,5,Lost
CUST04812,172,6,6043.87,1,1,1,3,Lost
CUST04363,172,9,16398.08,1,3,4,8,Potential Loyalists
CUST04934,172,11,12198.07,1,4,3,8,Potential Loyalists
CUST02762,172,8,16190.98,1,2,4,7,Potential Loyalists
CUST03668,172,11,14904.37,1,4,4,9,Potential Loyalists
CUST03079,172,15,26867.64,1,5,5,11,Loyal Customers
CUST02259,172,6,7879.73,1,1,1,3,Lost
CUST04653,171,10,16986.29,1,3,4,8,Potential Loyalists
CUST02767,171,9,10006.92,1,2,2,5,Lost
CUST04853,171,5,5905.44,1,1,1,3,Lost
CUST02454,171,5,10672.24,1,1,2,4,Lost
CUST01258,171,14,13361.11,1,5,3,9,Potential Loyalists
CUST00668,171,8,6609.8,1,2,1,4,Lost
CUST01480,171,10,16280.53,1,3,4,8,Potential Loyalists
CUST00808,170,13,23918.24,1,5,5,11,Loyal Customers
CUST01927,170,12,21094.78,1,4,5,10,Loyal Customers
CUST01182,170,8,9397.17,1,2,2,5,Lost
CUST03319,170,3,4838.27,1,1,1,3,Lost
CUST00601,170,9,19510.32,1,2,5,8,Potential Loyalists
CUST00145,170,5,6940.63,1,1,1,3,Lost
CUST01610,170,6,6931.51,1,1,1,3,Lost
CUST01957,170,8,14190.07,1,2,3,6,Lost
CUST01579,170,15,24604.95,1,5,5,11,Loyal Customers
CUST03359,170,7,9392.18,1,1,2,4,Lost
CUST02170,170,10,12404.39,1,3,3,7,Potential Loyalists
CUST01611,170,9,12167.69,1,3,3,7,Potential Loyalists
CUST04881,170,10,17972.05,1,3,4,8,Potential Loyalists
CUST00788,169,9,11904.39,1,3,3,7,Potential Loyalists
CUST00280,169,4,6682.2,1,1,1,3,Lost
CUST00150,169,11,15442.41,1,4,4,9,Potential Loyalists
CUST03432,169,8,12069.42,1,2,3,6,Lost
CUST01440,169,9,14042.5,1,2,3,6,Lost
CUST04020,169,16,26616.15,1,5,5,11,Loyal Customers
CUST01714,169,10,17004.64,1,3,4,8,Potential Loyalists
CUST02488,169,9,14001.91,1,2,3,6,Lost
CUST00542,169,7,6989.3,1,2,1,4,Lost
CUST04578,169,8,15579.95,1,2,4,7,Potential Loyalists
CUST04886,169,6,5878.83,1,1,1,3,Lost
CUST00014,169,5,6360.52,1,1,1,3,Lost
CUST04208,169,4,2250.57,1,1,1,3,Lost
CUST02267,169,15,17138.53,1,5,4,10,Loyal Customers
CUST03604,168,10,20629.13,1,3,5,9,Potential Loyalists
CUST02374,168,6,9927.49,1,1,2,4,Lost
CUST03544,168,11,13102.9,1,4,3,8,Potential Loyalists
CUST00298,168,12,17185.72,1,4,4,9,Potential Loyalists
CUST02429,168,8,13835.4,1,2,3,6,Lost
CUST04705,168,8,9242.19,1,2,2,5,Lost
CUST00904,168,7,4741.75,1,1,1,3,Lost
CUST01830,168,14,17991.67,1,5,4,10,Loyal Customers
CUST03071,168,11,19306.27,1,4,5,10,Loyal Customers
CUST03417,167,10,19288.83,1,3,5,9,Potential Loyalists
CUST04758,167,11,18651.18,1,4,5,10,Loyal Customers
CUST00977,167,6,6890.97,1,1,1,3,Lost
CUST00235,167,8,10679.54,1,2,2,5,Lost
CUST01885,167,13,25782.04,1,5,5,11,Loyal Customers
CUST04256,166,7,16317.56,1,1,4,6,Lost
CUST01284,166,7,13902.83,1,1,3,5,Lost
CUST04634,166,12,13100.05,1,4,3,8,Potential Loyalists
CUST04760,166,9,13909.83,1,2,3,6,Lost
CUST01305,166,12,13527.6,1,4,3,8,Potential Loyalists
CUST02784,166,15,19829.73,1,5,5,11,Loyal Customers
CUST03491,166,9,5665.71,1,2,1,4,Lost
CUST00730,166,11,10490.73,1,4,2,7,Potential Loyalists
CUST04819,166,4,8526.96,1,1,1,3,Lost
CUST04346,166,10,15203.0,1,3,4,8,Potential Loyalists
CUST02822,166,6,13018.22,1,1,3,5,Lost
CUST01496,166,9,10608.99,1,3,2,6,Lost
CUST01388,166,10,17385.43,1,3,4,8,Potential Loyalists
CUST04749,166,13,15622.66,1,5,4,10,Loyal Customers
CUST04832,165,10,19592.83,1,3,5,9,Potential Loyalists
CUST03033,165,5,10391.7,1,1,2,4,Lost
CUST04184,165,13,18381.64,1,5,5,11,Loyal Customers
CUST00912,165,8,12360.85,1,2,3,6,Lost
CUST03473,165,11,16175.07,1,3,4,8,Potential Loyalists
CUST03784,165,9,9868.02,1,2,2,5,Lost
CUST02079,165,10,15887.58,1,3,4,8,Potential Loyalists
CUST01761,165,7,5457.82,1,1,1,3,Lost
CUST02858,164,10,13493.48,1,3,3,7,Potential Loyalists
CUST03646,164,8,16078.98,1,2,4,7,Potential Loyalists
CUST01985,164,7,10664.56,1,1,2,4,Lost
CUST01306,164,5,9938.36,1,1,2,4,Lost
CUST03129,164,13,15016.88,1,5,4,10,Loyal Customers
CUST01203,164,9,9454.83,1,2,2,5,Lost
CUST04052,164,5,6783.27,1,1,1,3,Lost
CUST01961,164,11,16266.77,1,3,4,8,Potential Loyalists
CUST04047,164,14,21653.7,1,5,5,11,Loyal Customers
CUST02350,163,11,9510.99,1,4,2,7,Potential Loyalists
CUST00571,163,10,9020.65,1,3,2,6,Lost
CUST00742,163,5,6818.91,1,1,1,3,Lost
CUST02133,163,11,16198.3,1,3,4,8,Potential Loyalists
CUST02797,163,7,11167.52,1,1,2,4,Lost
CUST01493,163,6,5153.21,1,1,1,3,Lost
CUST02152,163,11,14101.63,1,4,3,8,Potential Loyalists
CUST04916,163,11,21001.55,1,4,5,10,Loyal Customers
CUST01740,163,8,13851.33,1,2,3,6,Lost
CUST01889,162,8,11501.87,1,2,2,5,Lost
CUST00751,162,10,19987.39,1,3,5,9,Potential Loyalists
CUST03031,162,9,8110.07,1,2,1,4,Lost
CUST03856,162,5,7685.81,1,1,1,3,Lost
CUST00073,162,12,21021.71,1,4,5,10,Loyal Customers
CUST04313,162,8,12421.23,1,2,3,6,Lost
CUST03922,162,9,8737.64,1,2,1,4,Lost
CUST03427,162,13,17298.75,1,4,4,9,Potential Loyalists
CUST00792,162,9,8159.63,1,2,1,4,Lost
CUST02792,162,10,16738.97,1,3,4,8,Potential Loyalists
CUST01340,162,7,7360.73,1,2,1,4,Lost
CUST02349,162,8,9966.93,1,2,2,5,Lost
CUST02654,161,10,8414.76,1,3,1,5,Lost
CUST03721,161,8,10119.38,1,2,2,5,Lost
CUST00698,161,8,13146.68,1,2,3,6,Lost
CUST04071,161,8,9246.91,1,2,2,5,Lost
CUST01887,161,7,6728.11,1,1,1,3,Lost
CUST03049,161,4,3804.87,1,1,1,3,Lost
CUST03915,160,11,24944.13,1,4,5,10,Loyal Customers
CUST03119,160,4,6353.41,1,1,1,3,Lost
CUST04001,160,13,17479.8,1,5,4,10,Loyal Customers
CUST03318,160,13,18081.71,1,5,4,10,Loyal Customers
CUST00136,160,13,21236.13,1,5,5,11,Loyal Customers
CUST01245,160,6,5897.23,1,1,1,3,Lost
CUST01686,160,13,15192.82,1,4,4,9,Potential Loyalists
CUST01609,160,12,20382.86,1,4,5,10,Loyal Customers
CUST03578,160,12,20156.96,1,4,5,10,Loyal Customers
CUST00103,160,12,11768.72,1,4,2,7,Potential Loyalists
CUST00863,160,7,10038.32,1,2,2,5,Lost
CUST02854,160,10,14925.66,1,3,4,8,Potential Loyalists
CUST00283,160,9,12933.43,1,2,3,6,Lost
CUST00003,160,9,12647.02,1,3,3,7,Potential Loyalists
CUST04677,160,9,16339.6,1,3,4,8,Potential Loyalists
CUST03902,160,9,9609.42,1,2,2,5,Lost
CUST03043,159,4,8700.8,1,1,1,3,Lost
CUST04318,159,10,18332.48,1,3,5,9,Potential Loyalists
CUST04479,159,9,15060.78,1,3,4,8,Potential Loyalists
CUST02502,159,4,8149.8,1,1,1,3,Lost
CUST00239,159,10,14197.63,1,3,3,7,Potential Loyalists
CUST01906,159,11,18657.69,1,4,5,10,Loyal Customers
CUST05000,159,14,12060.05,1,5,3,9,Potential Loyalists
CUST04266,159,19,28688.5,1,5,5,11,Loyal Customers
CUST02753,159,11,10361.18,1,4,2,7,Potential Loyalists
CUST00110,159,5,4839.57,1,1,1,3,Lost
CUST03904,159,8,10663.98,1,2,2,5,Lost
CUST03302,159,6,6514.77,1,1,1,3,Lost
CUST01625,159,8,12222.82,1,2,3,6,Lost
CUST00956,158,7,10011.49,1,2,2,5,Lost
CUST00060,158,13,20548.84,1,5,5,11,Loyal Customers
CUST04926,158,4,4494.39,1,1,1,3,Lost
CUST03325,158,6,6723.18,1,1,1,3,Lost
CUST03531,158,9,13466.61,1,2,3,6,Lost
CUST01768,158,6,4187.69,1,1,1,3,Lost
CUST04922,158,6,8140.65,1,1,1,3,Lost
CUST03481,158,10,13261.38,1,3,3,7,Potential Loyalists
CUST02120,158,8,10830.54,1,2,2,5,Lost
CUST01653,158,15,18445.51,1,5,5,11,Loyal Customers
CUST04839,158,5,6729.21,1,1,1,3,Lost
CUST04963,157,6,9130.46,1,1,2,4,Lost
CUST03647,157,9,13348.28,1,2,3,6,Lost
CUST03792,157,8,13143.17,1,2,3,6,Lost
CUST01144,157,13,25828.58,1,5,5,11,Loyal Customers
CUST02080,157,8,15467.41,1,2,4,7,Potential Loyalists
CUST04022,157,10,14088.72,1,3,3,7,Potential Loyalists
CUST01352,157,7,10903.5,1,1,2,4,Lost
CUST01363,157,10,8826.81,1,3,2,6,Lost
CUST04518,157,14,19453.3,1,5,5,11,Loyal Customers
CUST02583,157,8,18236.72,1,2,5,8,Potential Loyalists
CUST03822,157,12,19037.06,1,4,5,10,Loyal Customers
CUST03850,157,10,10978.68,1,3,2,6,Lost
CUST02139,156,10,10266.86,1,3,2,6,Lost
CUST01991,156,10,10732.9,1,3,2,6,Lost
CUST00953,156,12,11261.81,1,4,2,7,Potential Loyalists
CUST02965,156,8,14479.22,1,2,3,6,Lost
CUST00688,156,5,2564.93,1,1,1,3,Lost
CUST02816,156,14,16460.72,1,5,4,10,Loyal Customers
CUST00032,156,9,12575.14,1,3,3,7,Potential Loyalists
CUST04155,156,11,13043.19,1,4,3,8,Potential Loyalists
CUST04407,156,8,13434.02,1,2,3,6,Lost
CUST02985,156,8,7069.94,1,2,1,4,Lost
CUST00876,156,10,15261.79,1,3,4,8,Potential Loyalists
CUST04928,156,8,5659.27,1,2,1,4,Lost
CUST03162,156,4,5660.8,1,1,1,3,Lost
CUST03096,156,10,16381.34,1,3,4,8,Potential Loyalists
CUST01510,155,11,14269.98,1,4,3,8,Potential Loyalists
CUST03542,155,14,19537.81,1,5,5,11,Loyal Customers
CUST02830,155,7,6494.54,1,1,1,3,Lost
CUST04674,155,8,13537.47,1,2,3,6,Lost
CUST02400,155,8,9888.03,1,2,2,5,Lost
CUST01386,155,14,13604.66,1,5,3,9,Potential Loyalists
CUST04080,155,13,11664.66,1,5,2,8,Potential Loyalists
CUST01034,154,9,12863.92,1,2,3,6,Lost
CUST03464,154,6,6764.99,1,1,1,3,Lost
CUST02870,154,10,12708.13,1,3,3,7,Potential Loyalists
CUST03130,154,12,15527.33,1,4,4,9,Potential Loyalists
CUST03775,154,5,4000.06,1,1,1,3,Lost
CUST00392,154,8,12820.12,1,2,3,6,Lost
CUST02851,154,7,11206.56,1,1,2,4,Lost
CUST00684,154,8,13335.49,1,2,3,6,Lost
CUST04050,153,7,7857.37,1,1,1,3,Lost
CUST02086,153,8,10559.33,1,2,2,5,Lost
CUST01934,153,4,6718.61,1,1,1,3,Lost
CUST02597,153,19,24771.04,1,5,5,11,Loyal Customers
CUST04331,153,6,5911.38,1,1,1,3,Lost
CUST00031,153,8,7670.37,1,2,1,4,Lost
CUST04413,153,9,17697.07,1,2,4,7,Potential Loyalists
CUST00818,153,14,15621.93,1,5,4,10,Loyal Customers
CUST02421,152,7,7783.87,1,1,1,3,Lost
CUST01416,152,8,6096.46,1,2,1,4,Lost
CUST04285,152,16,21208.0,1,5,5,11,Loyal Customers
CUST04499,152,7,10394.8,1,1,2,4,Lost
CUST03257,152,14,16431.76,1,5,4,10,Loyal Customers
CUST00483,151,4,6099.3,1,1,1,3,Lost
CUST04572,151,7,17635.9,1,1,4,6,Lost
CUST01508,151,13,22127.47,1,5,5,11,Loyal Customers
CUST01641,151,11,12934.49,1,4,3,8,Potential Loyalists
CUST00423,151,7,10055.39,1,2,2,5,Lost
CUST00271,151,10,18988.35,1,3,5,9,Potential Loyalists
CUST01580,151,13,13104.0,1,5,3,9,Potential Loyalists
CUST02841,151,6,11166.95,1,1,2,4,Lost
CUST01565,150,11,17349.51,1,4,4,9,Potential Loyalists
CUST02542,150,6,5344.23,1,1,1,3,Lost
CUST01678,150,4,6424.3,1,1,1,3,Lost
CUST03416,150,6,8061.32,1,1,1,3,Lost
CUST00439,150,7,6695.46,1,1,1,3,Lost
CUST02609,150,11,11097.45,1,4,2,7,Potential Loyalists
CUST01453,149,9,11616.42,1,3,2,6,Lost
CUST04632,149,13,20795.46,1,5,5,11,Loyal Customers
CUST02711,149,8,12381.91,1,2,3,6,Lost
CUST00347,149,12,15601.89,1,4,4,9,Potential Loyalists
CUST00789,149,14,13622.03,1,5,3,9,Potential Loyalists
CUST02229,149,11,13533.0,1,4,3,8,Potential Loyalists
CUST04621,149,13,22482.86,1,5,5,11,Loyal Customers
CUST01091,149,9,8647.77,1,2,1,4,Lost
CUST00566,149,6,5864.59,1,1,1,3,Lost
CUST02369,149,10,8703.54,1,3,1,5,Lost
CUST01936,149,8,11371.93,1,2,2,5,Lost
CUST04538,149,6,11629.01,1,1,2,4,Lost
CUST02009,149,8,19737.02,1,2,5,8,Potential Loyalists
CUST04645,149,8,12594.08,1,2,3,6,Lost
CUST00772,149,4,4092.41,1,1,1,3,Lost
CUST01996,149,7,8152.23,1,1,1,3,Lost
CUST04024,148,15,22820.03,1,5,5,11,Loyal Customers
CUST04978,148,12,14250.87,1,4,3,8,Potential Loyalists
CUST04739,148,7,6550.6,1,1,1,3,Lost
CUST00443,148,6,8538.77,1,1,1,3,Lost
CUST04502,148,9,19061.96,1,2,5,8,Potential Loyalists
CUST04879,148,16,22834.29,1,5,5,11,Loyal Customers
CUST01167,148,10,16863.02,1,3,4,8,Potential Loyalists
CUST03555,148,14,19680.5,1,5,5,11,Loyal Customers
CUST03972,148,10,14011.16,1,3,3,7,Potential Loyalists
CUST01562,148,9,11965.94,1,3,3,7,Potential Loyalists
CUST00344,148,9,10166.41,1,2,2,5,Lost
CUST02713,148,10,12022.13,1,3,3,7,Potential Loyalists
CUST04798,148,11,16697.6,1,4,4,9,Potential Loyalists
CUST01259,148,10,13088.19,1,3,3,7,Potential Loyalists
CUST01618,148,10,7244.66,1,3,1,5,Lost
CUST02109,147,11,25570.81,1,4,5,10,Loyal Customers
CUST04899,147,7,11611.7,1,1,2,4,Lost
CUST02243,147,8,13243.7,1,2,3,6,Lost
CUST04306,147,6,9906.47,1,1,2,4,Lost
CUST00820,147,8,11330.45,1,2,2,5,Lost
CUST03392,147,9,9838.48,1,2,2,5,Lost
CUST04259,147,5,9117.08,1,1,2,4,Lost
CUST01310,147,13,13201.29,1,5,3,9,Potential Loyalists
CUST03560,147,10,9693.14,1,3,2,6,Lost
CUST04527,146,10,14456.11,1,3,3,7,Potential Loyalists
CUST04341,146,6,11078.2,1,1,2,4,Lost
CUST01818,146,8,9185.59,1,2,2,5,Lost
CUST03086,146,8,14545.73,1,2,3,6,Lost
CUST01154,146,13,20504.57,1,5,5,11,Loyal Customers
CUST01877,146,10,12379.97,1,3,3,7,Potential Loyalists
CUST02605,146,10,13575.0,1,3,3,7,Potential Loyalists
CUST02370,146,10,13452.88,1,3,3,7,Potential Loyalists
CUST03440,145,9,13219.58,1,2,3,6,Lost
CUST01294,145,7,10417.98,1,1,2,4,Lost
CUST04573,145,10,15546.27,1,3,4,8,Potential Loyalists
CUST04457,145,9,10320.52,1,2,2,5,Lost
CUST04033,145,13,14871.58,1,5,4,10,Loyal Customers
CUST01511,145,8,11693.99,1,2,2,5,Lost
CUST00410,145,10,18834.28,1,3,5,9,Potential Loyalists
CUST04454,144,10,7997.21,2,3,1,6,Lost
CUST04134,144,10,11739.6,2,3,2,7,Potential Loyalists
CUST02661,144,9,13176.27,2,2,3,7,Potential Loyalists
CUST03126,144,10,13694.44,2,3,3,8,Potential Loyalists
CUST02761,144,8,6545.09,2,2,1,5,Lost
CUST03564,144,6,9953.68,2,1,2,5,Lost
CUST03073,144,7,14891.3,2,2,4,8,Potential Loyalists
CUST00502,144,6,8260.65,2,1,1,4,Lost
CUST02344,144,7,9297.39,2,1,2,5,Lost
CUST02899,144,9,11002.08,2,3,2,7,Potential Loyalists
CUST04809,143,7,8378.4,2,1,1,4,Lost
CUST03221,143,6,18754.57,2,1,5,8,Potential Loyalists
CUST00489,143,15,15900.11,2,5,4,11,Loyal Customers
CUST00681,143,9,9449.59,2,2,2,6,Lost
CUST04254,143,3,5330.77,2,1,1,4,Lost
CUST03665,143,13,14231.97,2,5,3,10,Loyal Customers
CUST03951,143,10,15526.4,2,3,4,9,Potential Loyalists
CUST00077,143,10,14735.08,2,3,4,9,Potential Loyalists
CUST00300,143,6,6058.34,2,1,1,4,Lost
CUST01898,143,8,12575.41,2,2,3,7,Potential Loyalists
CUST04697,142,8,9684.88,2,2,2,6,Lost
CUST01013,142,12,18984.67,2,4,5,11,Loyal Customers
CUST00374,142,12,16558.1,2,4,4,10,Loyal Customers
CUST01470,142,8,10460.8,2,2,2,6,Lost
CUST02360,142,4,8019.01,2,1,1,4,Lost
CUST00250,142,9,6576.07,2,2,1,5,Lost
CUST03135,142,6,10540.9,2,1,2,5,Lost
CUST03353,142,12,23799.04,2,4,5,11,Loyal Customers
CUST04118,142,11,17684.01,2,3,4,9,Potential Loyalists
CUST00436,142,9,9879.2,2,2,2,6,Lost
CUST01037,142,7,6231.82,2,1,1,4,Lost
CUST04203,142,9,16128.15,2,3,4,9,Potential Loyalists
CUST00355,142,11,21538.67,2,4,5,11,Loyal Customers
CUST03479,142,11,18061.67,2,4,4,10,Loyal Customers
CUST03160,141,9,9588.14,2,2,2,6,Lost
CUST00713,141,13,13637.4,2,5,3,10,Loyal Customers
CUST02222,141,8,9962.56,2,2,2,6,Lost
CUST00868,141,7,6942.03,2,2,1,5,Lost
CUST03866,141,8,14036.07,2,2,3,7,Potential Loyalists
CUST01093,141,10,16288.28,2,3,4,9,Potential Loyalists
CUST02214,141,7,8666.99,2,1,1,4,Lost
CUST01503,141,6,5916.91,2,1,1,4,Lost
CUST04191,141,11,19726.2,2,4,5,11,Loyal Customers
CUST01051,141,10,22337.91,2,3,5,10,Loyal Customers
CUST04136,140,12,11147.24,2,4,2,8,Potential Loyalists
CUST00753,140,11,8998.13,2,4,2,8,Potential Loyalists
CUST02773,140,10,7815.16,2,3,1,6,Lost
CUST02387,140,9,15864.45,2,3,4,9,Potential Loyalists
CUST01977,140,7,12470.45,2,2,3,7,Potential Loyalists
CUST00556,140,8,5696.39,2,2,1,5,Lost
CUST00195,140,10,13325.56,2,3,3,8,Potential Loyalists
CUST02495,140,8,8644.85,2,2,1,5,Lost
CUST00599,140,8,12554.04,2,2,3,7,Potential Loyalists
CUST03009,140,10,17296.46,2,3,4,9,Potential Loyalists
CUST04103,140,9,12276.39,2,3,3,8,Potential Loyalists
CUST04524,140,7,6954.28,2,2,1,5,Lost
CUST01351,140,15,14968.18,2,5,4,11,Loyal Customers
CUST04162,139,10,14842.85,2,3,4,9,Potential Loyalists
CUST02505,139,17,28623.04,2,5,5,12,Loyal Customers
CUST02850,139,14,18561.55,2,5,5,12,Loyal Customers
CUST04228,139,8,8985.36,2,2,2,6,Lost
CUST02414,139,10,13889.26,2,3,3,8,Potential Loyalists
CUST02343,139,9,11790.64,2,3,2,7,Potential Loyalists
CUST00428,139,13,13733.64,2,4,3,9,Potential Loyalists
CUST02944,139,8,8392.74,2,2,1,5,Lost
CUST02212,139,9,8625.05,2,2,1,5,Lost
CUST00446,139,15,15434.06,2,5,4,11,Loyal Customers
CUST00970,139,8,17206.93,2,2,4,8,Potential Loyalists
CUST03338,139,6,5227.55,2,1,1,4,Lost
CUST03703,139,8,6205.89,2,2,1,5,Lost
CUST04117,139,5,10066.12,2,1,2,5,Lost
CUST03533,139,9,11577.71,2,3,2,7,Potential Loyalists
CUST03807,139,13,17570.49,2,5,4,11,Loyal Customers
CUST01085,138,9,9221.6,2,2,2,6,Lost
CUST02366,138,9,8557.21,2,2,1,5,Lost
CUST00406,138,7,6795.21,2,1,1,4,Lost
CUST01024,138,10,9155.01,2,3,2,7,Potential Loyalists
CUST02051,138,7,12530.34,2,2,3,7,Potential Loyalists
CUST00088,138,13,18600.64,2,4,5,11,Loyal Customers
CUST03645,137,12,9571.91,2,4,2,8,Potential Loyalists
CUST02571,137,11,10909.3,2,3,2,7,Potential Loyalists
CUST01270,137,12,18135.6,2,4,4,10,Loyal Customers
CUST02055,137,4,8333.86,2,1,1,4,Lost
CUST02324,137,13,19749.76,2,4,5,11,Loyal Customers
CUST03435,137,10,15310.99,2,3,4,9,Potential Loyalists
CUST01361,137,5,7848.58,2,1,1,4,Lost
CUST04026,137,14,13935.14,2,5,3,10,Loyal Customers
CUST01233,137,11,18043.38,2,4,4,10,Loyal Customers
CUST00301,137,9,14834.03,2,3,4,9,Potential Loyalists
CUST04754,137,9,21417.15,2,2,5,9,Potential Loyalists
CUST01280,137,9,10998.14,2,3,2,7,Potential Loyalists
CUST01757,137,10,12540.36,2,3,3,8,Potential Loyalists
CUST04593,137,10,17102.29,2,3,4,9,Potential Loyalists
CUST00547,137,9,11138.96,2,3,2,7,Potential Loyalists
CUST04507,137,10,12459.64,2,3,3,8,Potential Loyalists
CUST03191,137,9,8361.27,2,2,1,5,Lost
CUST01689,137,12,17845.77,2,4,4,10,Loyal Customers
CUST02033,137,12,13964.11,2,4,3,9,Potential Loyalists
CUST02206,137,7,4228.02,2,1,1,4,Lost
CUST04334,136,15,20406.55,2,5,5,12,Loyal Customers
CUST02639,136,8,15169.95,2,2,4,8,Potential Loyalists
CUST04821,136,10,21198.42,2,3,5,10,Loyal Customers
CUST00294,136,7,8210.76,2,1,1,4,Lost
CUST04783,136,13,21955.6,2,5,5,12,Loyal Customers
CUST00202,136,11,17226.3,2,4,4,10,Loyal Customers
CUST03458,136,8,9077.6,2,2,2,6,Lost
CUST02608,136,9,18597.8,2,2,5,9,Potential Loyalists
CUST04680,136,8,10922.59,2,2,2,6,Lost
CUST04427,136,18,28737.66,2,5,5,12,Loyal Customers
CUST03928,136,7,7414.29,2,1,1,4,Lost
CUST00314,136,10,13024.47,2,3,3,8,Potential Loyalists
CUST02266,136,6,9803.86,2,1,2,5,Lost
CUST01937,135,10,15227.31,2,3,4,9,Potential Loyalists
CUST00647,135,8,16270.96,2,2,4,8,Potential Loyalists
CUST04172,135,13,19130.65,2,5,5,12,Loyal Customers
CUST01007,135,12,10536.4,2,4,2,8,Potential Loyalists
CUST02998,135,8,10661.73,2,2,2,6,Lost
CUST00313,135,5,6465.36,2,1,1,4,Lost
CUST03587,135,12,13764.11,2,4,3,9,Potential Loyalists
CUST02376,135,11,14519.08,2,3,3,8,Potential Loyalists
CUST01292,135,11,13023.36,2,4,3,9,Potential Loyalists
CUST01170,135,9,11358.25,2,3,2,7,Potential Loyalists
CUST03038,135,8,13692.16,2,2,3,7,Potential Loyalists
CUST02432,135,14,24917.36,2,5,5,12,Loyal Customers
CUST03837,135,7,14820.45,2,2,4,8,Potential Loyalists
CUST02952,135,12,15980.8,2,4,4,10,Loyal Customers
CUST01419,134,9,10848.41,2,3,2,7,Potential Loyalists
CUST03492,134,15,15085.55,2,5,4,11,Loyal Customers
CUST02300,134,4,9889.67,2,1,2,5,Lost
CUST04682,134,6,6466.05,2,1,1,4,Lost
CUST00482,134,10,17459.96,2,3,4,9,Potential Loyalists
CUST04815,134,12,11637.01,2,4,2,8,Potential Loyalists
CUST02415,134,13,17760.94,2,5,4,11,Loyal Customers
CUST03591,133,7,10145.61,2,2,2,6,Lost
CUST04463,133,11,10030.83,2,4,2,8,Potential Loyalists
CUST03316,133,12,14868.02,2,4,4,10,Loyal Customers
CUST01717,133,12,16259.08,2,4,4,10,Loyal Customers
CUST01770,133,9,10157.62,2,2,2,6,Lost
CUST04262,133,9,9478.79,2,2,2,6,Lost
CUST00787,133,10,10571.15,2,3,2,7,Potential Loyalists
CUST03068,133,5,5220.83,2,1,1,4,Lost
CUST01981,133,8,11322.88,2,2,2,6,Lost
CUST02523,133,10,11898.54,2,3,2,7,Potential Loyalists
CUST01279,133,11,10327.08,2,4,2,8,Potential Loyalists
CUST01873,133,7,15574.32,2,1,4,7,Potential Loyalists
CUST00012,133,7,9909.26,2,1,2,5,Lost
CUST00916,133,11,12809.87,2,4,3,9,Potential Loyalists
CUST03110,132,9,4678.97,2,3,1,6,Lost
CUST02057,132,12,15086.2,2,4,4,10,Loyal Customers
CUST01287,132,6,8115.34,2,1,1,4,Lost
CUST03094,132,10,12869.24,2,3,3,8,Potential Loyalists
CUST02105,132,13,24367.1,2,5,5,12,Loyal Customers
CUST04849,132,11,15647.87,2,4,4,10,Loyal Customers
CUST01941,132,8,7077.12,2,2,1,5,Lost
CUST02000,132,10,14175.77,2,3,3,8,Potential Loyalists
CUST04344,132,13,17087.24,2,5,4,11,Loyal Customers
CUST04777,132,9,13753.37,2,2,3,7,Potential Loyalists
CUST01017,132,7,13895.78,2,1,3,6,Lost
CUST03179,132,12,16474.89,2,4,4,10,Loyal Customers
CUST01621,132,7,9787.6,2,1,2,5,Lost
CUST04111,131,9,11242.93,2,3,2,7,Potential Loyalists
CUST04126,131,8,15876.96,2,2,4,8,Potential Loyalists
CUST03290,131,11,16788.31,2,4,4,10,Loyal Customers
CUST03818,131,11,11547.95,2,4,2,8,Potential Loyalists
CUST00881,131,8,9344.58,2,2,2,6,Lost
CUST02121,131,9,12366.47,2,3,3,8,Potential Loyalists
CUST04912,131,10,7652.41,2,3,1,6,Lost
CUST00986,131,8,12025.45,2,2,3,7,Potential Loyalists
CUST04512,131,7,8220.19,2,1,1,4,Lost
CUST01573,131,3,7236.76,2,1,1,4,Lost
CUST00417,131,8,12592.38,2,2,3,7,Potential Loyalists
CUST02161,131,9,13549.04,2,2,3,7,Potential Loyalists
CUST00582,131,12,18132.6,2,4,4,10,Loyal Customers
CUST03420,131,9,8601.17,2,2,1,5,Lost
CUST00652,130,12,9050.77,2,4,2,8,Potential Loyalists
CUST03845,130,9,7510.04,2,2,1,5,Lost
CUST02701,130,7,4759.75,2,1,1,4,Lost
CUST03677,130,9,15025.05,2,3,4,9,Potential Loyalists
CUST01217,130,11,16725.57,2,4,4,10,Loyal Customers
CUST04599,130,10,20440.27,2,3,5,10,Loyal Customers
CUST01748,130,7,7906.58,2,1,1,4,Lost
CUST03553,130,9,15683.88,2,3,4,9,Potential Loyalists
CUST02093,130,11,20539.07,2,4,5,11,Loyal Customers
CUST00694,130,12,18915.9,2,4,5,11,Loyal Customers
CUST02874,130,7,6609.96,2,1,1,4,Lost
CUST02251,129,6,10927.02,2,1,2,5,Lost
CUST03572,129,8,9183.83,2,2,2,6,Lost
CUST01983,129,13,15420.6,2,4,4,10,Loyal Customers
CUST02627,129,8,9425.74,2,2,2,6,Lost
CUST04992,129,9,10951.61,2,3,2,7,Potential Loyalists
CUST00180,129,10,19636.15,2,3,5,10,Loyal Customers
CUST03836,129,13,18391.15,2,5,5,12,Loyal Customers
CUST03074,129,14,22035.82,2,5,5,12,Loyal Customers
CUST01563,128,10,13001.76,2,3,3,8,Potential Loyalists
CUST01901,128,11,17266.08,2,4,4,10,Loyal Customers
CUST04784,128,9,14542.16,2,3,3,8,Potential Loyalists
CUST03146,128,9,14699.32,2,3,4,9,Potential Loyalists
CUST02754,128,7,3953.81,2,1,1,4,Lost
CUST04240,128,14,17040.52,2,5,4,11,Loyal Customers
CUST03352,128,13,19630.83,2,5,5,12,Loyal Customers
CUST00501,128,7,11932.98,2,2,3,7,Potential Loyalists
CUST04651,128,10,11776.39,2,3,2,7,Potential Loyalists
CUST04480,128,8,8054.14,2,2,1,5,Lost
CUST02704,128,8,14835.19,2,2,4,8,Potential Loyalists
CUST03075,128,9,8089.27,2,2,1,5,Lost
CUST03898,128,13,19486.77,2,5,5,12,Loyal Customers
CUST03783,128,8,6819.62,2,2,1,5,Lost
CUST01395,128,8,11287.48,2,2,2,6,Lost
CUST02472,128,6,7961.47,2,1,1,4,Lost
CUST00636,128,11,18947.2,2,4,5,11,Loyal Customers
CUST04387,127,10,16200.86,2,3,4,9,Potential Loyalists
CUST00212,127,10,11817.46,2,3,2,7,Potential Loyalists
CUST02510,127,13,20125.94,2,4,5,11,Loyal Customers
CUST02163,127,10,13091.65,2,3,3,8,Potential Loyalists
CUST00598,127,8,14060.27,2,2,3,7,Potential Loyalists
CUST01896,127,7,12022.06,2,2,3,7,Potential Loyalists
CUST03106,127,12,14868.59,2,4,4,10,Loyal Customers
CUST01639,127,7,9148.66,2,1,2,5,Lost
CUST00200,127,5,3504.75,2,1,1,4,Lost
CUST01954,127,6,7500.01,2,1,1,4,Lost
CUST04061,127,9,6999.08,2,2,1,5,Lost
CUST04941,127,15,20898.46,2,5,5,12,Loyal Customers
CUST01505,127,9,8365.72,2,2,1,5,Lost
CUST03554,127,3,1352.86,2,1,1,4,Lost
CUST01241,127,11,14029.44,2,4,3,9,Potential Loyalists
CUST04037,127,9,18935.74,2,2,5,9,Potential Loyalists
CUST04283,127,10,11993.62,2,3,3,8,Potential Loyalists
CUST01099,127,12,27181.74,2,4,5,11,Loyal Customers
CUST03729,127,5,8857.76,2,1,2,5,Lost
CUST00138,126,6,5216.86,2,1,1,4,Lost
CUST01174,126,8,12517.33,2,2,3,7,Potential Loyalists
CUST04229,126,8,6335.03,2,2,1,5,Lost
CUST02708,126,13,18263.94,2,5,5,12,Loyal Customers
CUST04566,126,10,13417.7,2,3,3,8,Potential Loyalists
CUST04852,126,11,15593.01,2,4,4,10,Loyal Customers
CUST00426,126,4,9353.28,2,1,2,5,Lost
CUST02070,126,7,7306.23,2,2,1,5,Lost
CUST00895,126,11,11331.05,2,4,2,8,Potential Loyalists
CUST03292,126,9,13920.34,2,2,3,7,Potential Loyalists
CUST02504,126,8,8636.16,2,2,1,5,Lost
CUST02323,126,7,10861.45,2,1,2,5,Lost
CUST01369,125,14,25960.11,2,5,5,12,Loyal Customers
CUST02004,125,15,20790.2,2,5,5,12,Loyal Customers
CUST01214,125,8,8383.17,2,2,1,5,Lost
CUST01068,125,6,5610.33,2,1,1,4,Lost
CUST02008,125,13,18597.01,2,4,5,11,Loyal Customers
CUST00093,125,13,14151.3,2,5,3,10,Loyal Customers
CUST04397,125,8,6241.51,2,2,1,5,Lost
CUST01067,125,12,10857.04,2,4,2,8,Potential Loyalists
CUST02511,125,13,17184.08,2,5,4,11,Loyal Customers
CUST01868,125,7,4412.26,2,1,1,4,Lost
CUST04536,125,9,7686.73,2,2,1,5,Lost
CUST04728,125,7,5950.81,2,2,1,5,Lost
CUST02626,124,13,16172.86,2,5,4,11,Loyal Customers
CUST03852,124,13,20581.19,2,5,5,12,Loyal Customers
CUST04299,124,12,19902.11,2,4,5,11,Loyal Customers
CUST03667,124,7,6462.36,2,1,1,4,Lost
CUST01938,124,7,10647.25,2,1,2,5,Lost
CUST03475,124,7,10121.4,2,2,2,6,Lost
CUST00310,124,8,13747.97,2,2,3,7,Potential Loyalists
CUST03644,124,6,11782.1,2,1,2,5,Lost
CUST02681,124,13,12693.26,2,5,3,10,Loyal Customers
CUST03569,124,9,10659.9,2,3,2,7,Potential Loyalists
CUST00303,124,9,12727.76,2,2,3,7,Potential Loyalists
CUST00531,124,7,10912.63,2,1,2,5,Lost
CUST04826,124,12,12719.93,2,4,3,9,Potential Loyalists
CUST01569,124,9,12950.17,2,2,3,7,Potential Loyalists
CUST03011,124,12,16280.18,2,4,4,10,Loyal Customers
CUST01086,124,12,16184.2,2,4,4,10,Loyal Customers
CUST00296,124,9,16718.93,2,3,4,9,Potential Loyalists
CUST00382,124,6,7610.53,2,1,1,4,Lost
CUST01216,124,11,19647.06,2,4,5,11,Loyal Customers
CUST04817,124,10,12811.28,2,3,3,8,Potential Loyalists
CUST01764,123,7,7443.79,2,1,1,4,Lost
CUST02618,123,13,24855.46,2,4,5,11,Loyal Customers
CUST01863,123,13,14946.19,2,5,4,11,Loyal Customers
CUST04920,123,14,17209.55,2,5,4,11,Loyal Customers
CUST02565,123,8,8415.08,2,2,1,5,Lost
CUST03285,123,8,7113.52,2,2,1,5,Lost
CUST02826,123,15,24665.69,2,5,5,12,Loyal Customers
CUST04642,123,7,11184.75,2,1,2,5,Lost
CUST02068,123,11,18678.28,2,4,5,11,Loyal Customers
CUST02829,123,8,7873.85,2,2,1,5,Lost
CUST00433,123,9,18279.73,2,2,5,9,Potential Loyalists
CUST02186,123,6,10323.38,2,1,2,5,Lost
CUST04220,123,10,8407.11,2,3,1,6,Lost
CUST04353,123,8,10229.25,2,2,2,6,Lost
CUST00825,122,8,13481.58,2,2,3,7,Potential Loyalists
CUST02593,122,9,9569.24,2,2,2,6,Lost
CUST04553,122,13,18331.09,2,5,5,12,Loyal Customers
CUST03730,122,5,7645.59,2,1,1,4,Lost
CUST02187,122,12,16655.89,2,4,4,10,Loyal Customers
CUST03113,122,10,11373.98,2,3,2,7,Potential Loyalists
CUST04275,122,10,18368.32,2,3,5,10,Loyal Customers
CUST00307,122,15,18140.48,2,5,4,11,Loyal Customers
CUST01535,122,8,12253.51,2,2,3,7,Potential Loyalists
CUST00613,122,6,13229.27,2,1,3,6,Lost
CUST02748,122,8,10666.99,2,2,2,6,Lost
CUST03864,122,9,8323.03,2,2,1,5,Lost
CUST01254,122,10,12688.3,2,3,3,8,Potential Loyalists
CUST03185,121,6,7259.27,2,1,1,4,Lost
CUST02942,121,10,18321.44,2,3,5,10,Loyal Customers
CUST03441,121,12,19641.22,2,4,5,11,Loyal Customers
CUST02574,121,4,7713.52,2,1,1,4,Lost
CUST04679,121,13,23919.28,2,5,5,12,Loyal Customers
CUST02341,121,13,16281.94,2,5,4,11,Loyal Customers
CUST00608,121,5,2303.76,2,1,1,4,Lost
CUST03510,121,11,20754.14,2,4,5,11,Loyal Customers
CUST03226,121,14,18499.25,2,5,5,12,Loyal Customers
CUST02442,121,11,11574.45,2,4,2,8,Potential Loyalists
CUST00573,121,6,6360.02,2,1,1,4,Lost
CUST02732,121,10,7092.53,2,3,1,6,Lost
CUST04509,121,13,18731.04,2,5,5,12,Loyal Customers
CUST03883,121,14,24029.65,2,5,5,12,Loyal Customers
CUST00747,121,11,11145.77,2,4,2,8,Potential Loyalists
CUST04547,121,7,7631.54,2,1,1,4,Lost
CUST00327,121,9,12564.58,2,3,3,8,Potential Loyalists
CUST00689,121,13,14607.42,2,5,4,11,Loyal Customers
CUST00700,121,16,17757.49,2,5,4,11,Loyal Customers
CUST01547,120,2,1392.96,2,1,1,4,Lost
CUST00523,120,8,7229.9,2,2,1,5,Lost
CUST00036,120,12,16871.99,2,4,4,10,Loyal Customers
CUST00028,120,9,10177.87,2,2,2,6,Lost
CUST03041,120,5,5089.84,2,1,1,4,Lost
CUST01358,120,6,2443.55,2,1,1,4,Lost
CUST03615,120,9,14106.62,2,2,3,7,Potential Loyalists
CUST01355,120,10,12852.78,2,3,3,8,Potential Loyalists
CUST00739,120,13,13184.77,2,5,3,10,Loyal Customers
CUST02255,120,12,14908.9,2,4,4,10,Loyal Customers
CUST01915,120,15,23934.02,2,5,5,12,Loyal Customers
CUST03568,120,8,11178.93,2,2,2,6,Lost
CUST00468,119,12,11403.49,2,4,2,8,Potential Loyalists
CUST02860,119,9,15618.83,2,3,4,9,Potential Loyalists
CUST02015,119,10,11608.91,2,3,2,7,Potential Loyalists
CUST03766,119,9,15100.71,2,3,4,9,Potential Loyalists
CUST02295,119,6,6010.31,2,1,1,4,Lost
CUST02839,119,14,14056.79,2,5,3,10,Loyal Customers
CUST03500,119,7,8862.72,2,1,2,5,Lost
CUST00211,119,7,8205.27,2,1,1,4,Lost
CUST01992,119,13,11832.96,2,4,2,8,Potential Loyalists
CUST04288,119,10,16067.23,2,3,4,9,Potential Loyalists
CUST04169,119,9,10331.39,2,2,2,6,Lost
CUST02744,119,13,19312.69,2,5,5,12,Loyal Customers
CUST02951,119,12,18947.5,2,4,5,11,Loyal Customers
CUST02134,119,11,14381.4,2,3,3,8,Potential Loyalists
CUST02309,119,11,16030.51,2,4,4,10,Loyal Customers
CUST00527,119,10,9823.04,2,3,2,7,Potential Loyalists
CUST03438,119,17,21428.34,2,5,5,12,Loyal Customers
CUST04277,119,9,10619.07,2,3,2,7,Potential Loyalists
CUST02106,119,12,14308.37,2,4,3,9,Potential Loyalists
CUST03291,119,10,13944.44,2,3,3,8,Potential Loyalists
CUST04345,119,11,13857.1,2,4,3,9,Potential Loyalists
CUST02311,119,7,8653.49,2,1,1,4,Lost
CUST04829,119,12,16577.87,2,4,4,10,Loyal Customers
CUST02427,119,12,21489.2,2,4,5,11,Loyal Customers
CUST01014,118,6,9922.64,2,1,2,5,Lost
CUST03259,118,12,13088.68,2,4,3,9,Potential Loyalists
CUST03066,118,9,6526.48,2,2,1,5,Lost
CUST03993,118,8,6541.22,2,2,1,5,Lost
CUST00395,118,6,7888.94,2,1,1,4,Lost
CUST03254,118,10,17829.16,2,3,4,9,Potential Loyalists
CUST00791,118,11,16275.25,2,3,4,9,Potential Loyalists
CUST04531,118,7,17389.68,2,1,4,7,Potential Loyalists
CUST00210,118,10,17041.41,2,3,4,9,Potential Loyalists
CUST03519,118,7,6386.54,2,2,1,5,Lost
CUST02481,118,7,5106.07,2,2,1,5,Lost
CUST00352,118,8,14286.66,2,2,3,7,Potential Loyalists
CUST00034,118,10,18274.89,2,3,5,10,Loyal Customers
CUST02310,118,8,17805.02,2,2,4,8,Potential Loyalists
CUST00383,117,10,15515.88,2,3,4,9,Potential Loyalists
CUST04008,117,12,14682.42,2,4,4,10,Loyal Customers
CUST00988,117,11,20154.34,2,4,5,11,Loyal Customers
CUST04395,117,11,16755.52,2,4,4,10,Loyal Customers
CUST01567,117,8,7626.89,2,2,1,5,Lost
CUST00635,117,14,21068.06,2,5,5,12,Loyal Customers
CUST02408,117,9,13287.8,2,2,3,7,Potential Loyalists
CUST01308,117,9,8073.29,2,2,1,5,Lost
CUST01435,117,9,8095.81,2,2,1,5,Lost
CUST04709,117,4,10103.74,2,1,2,5,Lost
CUST01731,117,17,32502.97,2,5,5,12,Loyal Customers
CUST02340,117,3,4885.6,2,1,1,4,Lost
CUST03134,116,16,20083.17,2,5,5,12,Loyal Customers
CUST02894,116,14,18718.63,2,5,5,12,Loyal Customers
CUST01583,116,6,13047.61,2,1,3,6,Lost
CUST01778,116,13,13075.54,2,5,3,10,Loyal Customers
CUST04628,116,11,14282.41,2,4,3,9,Potential Loyalists
CUST01890,116,11,18105.18,2,4,4,10,Loyal Customers
CUST02590,116,10,14221.49,2,3,3,8,Potential Loyalists
CUST04491,116,9,10850.59,2,3,2,7,Potential Loyalists
CUST03683,116,16,24135.13,2,5,5,12,Loyal Customers
CUST03175,116,11,30828.34,2,4,5,11,Loyal Customers
CUST01102,116,8,11104.74,2,2,2,6,Lost
CUST01832,115,6,5731.62,2,1,1,4,Lost
CUST01888,115,9,14076.32,2,2,3,7,Potential Loyalists
CUST02553,115,9,17003.62,2,2,4,8,Potential Loyalists
CUST04976,115,14,12207.6,2,5,3,10,Loyal Customers
CUST03912,115,12,13917.15,2,4,3,9,Potential Loyalists
CUST04633,115,7,13461.68,2,1,3,6,Lost
CUST01135,115,7,9229.33,2,1,2,5,Lost
CUST04226,115,11,9517.59,2,3,2,7,Potential Loyalists
CUST04656,115,10,13427.47,2,3,3,8,Potential Loyalists
CUST02733,115,11,13231.82,2,4,3,9,Potential Loyalists
CUST02620,115,14,22330.31,2,5,5,12,Loyal Customers
CUST03214,115,11,18328.25,2,4,5,11,Loyal Customers
CUST00387,114,12,15961.31,2,4,4,10,Loyal Customers
CUST04447,114,11,13989.95,2,4,3,9,Potential Loyalists
CUST03499,114,11,13143.06,2,3,3,8,Potential Loyalists
CUST00776,114,14,18679.72,2,5,5,12,Loyal Customers
CUST02867,114,13,15409.87,2,4,4,10,Loyal Customers
CUST02437,114,8,9596.72,2,2,2,6,Lost
CUST04563,114,6,5644.22,2,1,1,4,Lost
CUST03249,114,12,16307.3,2,4,4,10,Loyal Customers
CUST00517,114,5,1396.22,2,1,1,4,Lost
CUST03602,114,11,10717.11,2,4,2,8,Potential Loyalists
CUST00952,114,6,3998.9,2,1,1,4,Lost
CUST01532,114,12,16945.02,2,4,4,10,Loyal Customers
CUST00741,114,10,8161.59,2,3,1,6,Lost
CUST00448,114,13,21191.36,2,5,5,12,Loyal Customers
CUST02461,114,11,12945.09,2,4,3,9,Potential Loyalists
CUST04330,114,10,13517.57,2,3,3,8,Potential Loyalists
CUST00596,114,16,19092.68,2,5,5,12,Loyal Customers
CUST03452,114,10,13976.18,2,3,3,8,Potential Loyalists
CUST04649,113,10,15075.31,2,3,4,9,Potential Loyalists
CUST00877,113,7,10106.63,2,2,2,6,Lost
CUST01010,113,12,15138.63,2,4,4,10,Loyal Customers
CUST04935,113,9,14381.76,2,2,3,7,Potential Loyalists
CUST04268,113,16,23054.51,2,5,5,12,Loyal Customers
CUST03014,113,6,10165.92,2,1,2,5,Lost
CUST04263,113,15,23727.73,2,5,5,12,Loyal Customers
CUST02441,113,6,3972.89,2,1,1,4,Lost
CUST03100,113,8,9567.49,2,2,2,6,Lost
CUST02204,113,12,17501.56,2,4,4,10,Loyal Customers
CUST03373,113,10,15436.1,2,3,4,9,Potential Loyalists
CUST02456,113,9,12271.83,2,3,3,8,Potential Loyalists
CUST03671,113,13,14981.28,2,5,4,11,Loyal Customers
CUST03263,113,12,13424.3,2,4,3,9,Potential Loyalists
CUST00002,113,7,11497.41,2,1,2,5,Lost
CUST00388,113,13,15790.28,2,5,4,11,Loyal Customers
CUST04384,113,11,16922.54,2,4,4,10,Loyal Customers
CUST01491,113,5,7357.3,2,1,1,4,Lost
CUST01185,113,8,7691.65,2,2,1,5,Lost
CUST04906,112,11,18857.53,2,4,5,11,Loyal Customers
CUST00008,112,8,8169.55,2,2,1,5,Lost
CUST00321,112,10,16488.16,2,3,4,9,Potential Loyalists
CUST01837,112,9,13691.31,2,2,3,7,Potential Loyalists
CUST01050,112,9,14570.7,2,3,3,8,Potential Loyalists
CUST03036,112,12,11079.99,2,4,2,8,Potential Loyalists
CUST01980,112,7,9369.04,2,1,2,5,Lost
CUST04109,112,9,10139.42,2,2,2,6,Lost
CUST00717,112,11,7290.26,2,4,1,7,Potential Loyalists
CUST00521,112,13,20148.85,2,4,5,11,Loyal Customers
CUST00381,112,10,10202.65,2,3,2,7,Potential Loyalists
CUST03782,112,7,8209.52,2,1,1,4,Lost
CUST02515,112,9,15217.71,2,3,4,9,Potential Loyalists
CUST00351,112,8,10022.95,2,2,2,6,Lost
CUST04897,112,5,1701.16,2,1,1,4,Lost
CUST00543,111,11,21675.34,2,4,5,11,Loyal Customers
CUST00158,111,15,26640.56,2,5,5,12,Loyal Customers
CUST02795,111,15,17065.0,2,5,4,11,Loyal Customers
CUST03109,111,7,3731.76,2,2,1,5,Lost
CUST04813,111,12,15835.27,2,4,4,10,Loyal Customers
CUST04216,111,10,9124.28,2,3,2,7,Potential Loyalists
CUST01248,111,8,7972.24,2,2,1,5,Lost
CUST03655,111,17,19595.9,2,5,5,12,Loyal Customers
CUST00278,111,16,33111.68,2,5,5,12,Loyal Customers
CUST04762,111,8,11825.45,2,2,2,6,Lost
CUST01323,111,8,8279.46,2,2,1,5,Lost
CUST03944,111,14,22639.88,2,5,5,12,Loyal Customers
CUST03203,111,13,24198.71,2,5,5,12,Loyal Customers
CUST04185,111,5,5355.62,2,1,1,4,Lost
CUST02265,111,8,8960.75,2,2,2,6,Lost
CUST02827,111,7,3782.86,2,2,1,5,Lost
CUST03840,111,8,10798.48,2,2,2,6,Lost
CUST03848,111,10,13471.27,2,3,3,8,Potential Loyalists
CUST03537,111,5,5729.82,2,1,1,4,Lost
CUST02630,110,10,8122.32,2,3,1,6,Lost
CUST01032,110,8,9063.29,2,2,2,6,Lost
CUST01905,110,11,10364.91,2,4,2,8,Potential Loyalists
CUST02486,110,8,10794.36,2,2,2,6,Lost
CUST00393,110,9,12620.93,2,3,3,8,Potential Loyalists
CUST02182,110,10,14664.31,2,3,4,9,Potential Loyalists
CUST02058,110,7,16023.39,2,1,4,7,Potential Loyalists
CUST03443,110,10,11349.76,2,3,2,7,Potential Loyalists
CUST02463,110,9,15485.41,2,3,4,9,Potential Loyalists
CUST01694,110,5,6983.34,2,1,1,4,Lost
CUST00860,110,9,12214.83,2,3,3,8,Potential Loyalists
CUST01946,110,9,12566.89,2,3,3,8,Potential Loyalists
CUST04040,110,10,17192.79,2,3,4,9,Potential Loyalists
CUST00987,110,9,10377.07,2,3,2,7,Potential Loyalists
CUST03331,110,6,9856.76,2,1,2,5,Lost
CUST00837,110,12,13053.99,2,4,3,9,Potential Loyalists
CUST00254,110,6,10095.36,2,1,2,5,Lost
CUST03890,110,8,14963.34,2,2,4,8,Potential Loyalists
CUST01134,110,11,9973.16,2,4,2,8,Potential Loyalists
CUST04051,109,6,9047.32,2,1,2,5,Lost
CUST00532,109,9,12083.26,2,3,3,8,Potential Loyalists
CUST01025,109,15,18184.39,2,5,4,11,Loyal Customers
CUST01205,109,9,15975.85,2,3,4,9,Potential Loyalists
CUST00043,109,12,15070.92,2,4,4,10,Loyal Customers
CUST03072,109,9,16155.24,2,3,4,9,Potential Loyalists
CUST04478,109,9,15450.23,2,3,4,9,Potential Loyalists
CUST03230,109,6,13799.79,2,1,3,6,Lost
CUST02611,109,5,7646.66,2,1,1,4,Lost
CUST01892,109,7,12704.42,2,1,3,6,Lost
CUST04116,109,17,22760.51,2,5,5,12,Loyal Customers
CUST03370,109,6,9496.9,2,1,2,5,Lost
CUST03087,109,14,23504.63,2,5,5,12,Loyal Customers
CUST01244,109,11,15718.34,2,4,4,10,Loyal Customers
CUST03125,109,13,13123.81,2,5,3,10,Loyal Customers
CUST02209,109,12,10760.16,2,4,2,8,Potential Loyalists
CUST00217,109,14,30648.47,2,5,5,12,Loyal Customers
CUST04799,108,7,14256.45,2,1,3,6,Lost
CUST00091,108,11,20543.62,2,4,5,11,Loyal Customers
CUST00188,108,15,22374.32,2,5,5,12,Loyal Customers
CUST03855,108,15,25951.49,2,5,5,12,Loyal Customers
CUST00371,108,7,10070.3,2,2,2,6,Lost
CUST00779,108,9,12726.75,2,2,3,7,Potential Loyalists
CUST02218,108,7,11120.23,2,2,2,6,Lost
CUST03034,108,5,8582.6,2,1,1,4,Lost
CUST00828,108,9,9147.13,2,2,2,6,Lost
CUST04458,108,11,20289.17,2,4,5,11,Loyal Customers
CUST02240,107,15,26518.52,2,5,5,12,Loyal Customers
CUST00403,107,9,11030.47,2,3,2,7,Potential Loyalists
CUST03959,107,4,8605.87,2,1,1,4,Lost
CUST00781,107,14,10825.87,2,5,2,9,Potential Loyalists
CUST04464,107,6,3810.79,2,1,1,4,Lost
CUST04794,107,8,10343.3,2,2,2,6,Lost
CUST00907,107,10,15641.08,2,3,4,9,Potential Loyalists
CUST03035,107,7,12300.74,2,2,3,7,Potential Loyalists
CUST02582,107,4,1864.9,2,1,1,4,Lost
CUST04115,107,11,17641.17,2,3,4,9,Potential Loyalists
CUST01061,107,7,14226.42,2,1,3,6,Lost
CUST03016,107,11,9674.23,2,3,2,7,Potential Loyalists
CUST00795,107,8,5154.58,2,2,1,5,Lost
CUST01105,107,7,4945.48,2,2,1,5,Lost
CUST00654,107,11,20124.53,2,4,5,11,Loyal Customers
CUST00643,107,10,12254.09,2,3,3,8,Potential Loyalists
CUST04342,107,11,12807.11,2,4,3,9,Potential Loyalists
CUST01589,107,11,15117.18,2,4,4,10,Loyal Customers
CUST03869,106,13,20487.2,2,5,5,12,Loyal Customers
CUST00204,106,10,11282.49,2,3,2,7,Potential Loyalists
CUST00006,106,6,8259.98,2,1,1,4,Lost
CUST02668,106,17,22496.66,2,5,5,12,Loyal Customers
CUST00079,106,16,15390.93,2,5,4,11,Loyal Customers
CUST03273,106,10,18772.32,2,3,5,10,Loyal Customers
CUST02492,106,9,16325.87,2,3,4,9,Potential Loyalists
CUST02180,106,6,7164.09,2,1,1,4,Lost
CUST02800,106,7,13659.86,2,1,3,6,Lost
CUST00066,106,10,14141.93,2,3,3,8,Potential Loyalists
CUST03648,106,4,4907.96,2,1,1,4,Lost
CUST03220,106,12,11104.76,2,4,2,8,Potential Loyalists
CUST04896,106,10,13335.32,2,3,3,8,Potential Loyalists
CUST03630,106,15,26136.49,2,5,5,12,Loyal Customers
CUST02890,106,7,7903.25,2,1,1,4,Lost
CUST00306,106,7,6084.87,2,1,1,4,Lost
CUST03270,106,14,19683.39,2,5,5,12,Loyal Customers
CUST01376,106,10,8294.92,2,3,1,6,Lost
CUST04797,106,14,17011.23,2,5,4,11,Loyal Customers
CUST01824,105,6,8116.14,2,1,1,4,Lost
CUST04764,105,10,15330.71,2,3,4,9,Potential Loyalists
CUST03267,105,9,10586.9,2,3,2,7,Potential Loyalists
CUST03495,105,8,9111.85,2,2,2,6,Lost
CUST02531,105,11,18012.82,2,4,4,10,Loyal Customers
CUST03409,105,9,14354.33,2,2,3,7,Potential Loyalists
CUST02955,105,14,24953.19,2,5,5,12,Loyal Customers
CUST03802,105,6,9916.31,2,1,2,5,Lost
CUST02290,105,9,14091.5,2,2,3,7,Potential Loyalists
CUST00705,105,12,18240.43,2,4,5,11,Loyal Customers
CUST01479,105,15,18923.55,2,5,5,12,Loyal Customers
CUST03206,105,13,15614.6,2,5,4,11,Loyal Customers
CUST02462,105,12,19125.7,2,4,5,11,Loyal Customers
CUST01150,105,14,24496.07,2,5,5,12,Loyal Customers
CUST02122,105,4,4527.53,2,1,1,4,Lost
CUST04872,105,8,13279.75,2,2,3,7,Potential Loyalists
CUST03269,105,8,11080.72,2,2,2,6,Lost
CUST02409,105,5,8429.29,2,1,1,4,Lost
CUST02946,104,11,11820.26,2,4,2,8,Potential Loyalists
CUST02185,104,10,9486.38,2,3,2,7,Potential Loyalists
CUST00744,104,10,12595.19,2,3,3,8,Potential Loyalists
CUST00346,104,11,16901.04,2,4,4,10,Loyal Customers
CUST04193,104,10,11325.66,2,3,2,7,Potential Loyalists
CUST04581,104,14,22412.96,2,5,5,12,Loyal Customers
CUST01467,104,10,9181.52,2,3,2,7,Potential Loyalists
CUST00539,104,12,22122.51,2,4,5,11,Loyal Customers
CUST02658,104,11,11624.1,2,4,2,8,Potential Loyalists
CUST04178,104,12,16092.17,2,4,4,10,Loyal Customers
CUST00456,104,15,22658.87,2,5,5,12,Loyal Customers
CUST00117,104,10,11570.41,2,3,2,7,Potential Loyalists
CUST02865,104,7,10743.51,2,1,2,5,Lost
CUST00603,104,8,11837.62,2,2,2,6,Lost
CUST01189,104,9,11705.76,2,3,2,7,Potential Loyalists
CUST04350,104,13,19359.38,2,5,5,12,Loyal Customers
CUST04556,104,9,20012.33,2,2,5,9,Potential Loyalists
CUST01191,104,15,11297.86,2,5,2,9,Potential Loyalists
CUST00085,104,8,9913.6,2,2,2,6,Lost
CUST04932,104,8,15433.55,2,2,4,8,Potential Loyalists
CUST04716,103,13,18667.79,2,4,5,11,Loyal Customers
CUST03168,103,11,14061.76,2,4,3,9,Potential Loyalists
CUST04770,103,9,7915.14,2,2,1,5,Lost
CUST02861,103,10,13748.52,2,3,3,8,Potential Loyalists
CUST03210,103,8,5113.02,2,2,1,5,Lost
CUST03541,103,7,5679.86,2,1,1,4,Lost
CUST02680,103,10,10287.1,2,3,2,7,Potential Loyalists
CUST03232,103,10,12507.3,2,3,3,8,Potential Loyalists
CUST00116,103,10,19171.22,2,3,5,10,Loyal Customers
CUST01851,103,10,8545.8,2,3,1,6,Lost
CUST01789,103,11,12056.5,2,4,3,9,Potential Loyalists
CUST00572,103,9,9178.99,2,2,2,6,Lost
CUST00922,103,6,8883.49,2,1,2,5,Lost
CUST00870,103,12,16684.87,2,4,4,10,Loyal Customers
CUST03253,103,3,2595.61,2,1,1,4,Lost
CUST00258,103,12,12445.45,2,4,3,9,Potential Loyalists
CUST02953,103,8,8348.6,2,2,1,5,Lost
CUST01473,103,11,21061.15,2,4,5,11,Loyal Customers
CUST04416,103,11,14177.01,2,4,3,9,Potential Loyalists
CUST02039,103,6,7705.48,2,1,1,4,Lost
CUST03964,103,8,8878.98,2,2,2,6,Lost
CUST02356,103,8,13528.66,2,2,3,7,Potential Loyalists
CUST02175,102,7,10710.5,2,2,2,6,Lost
CUST01383,102,9,11184.92,2,3,2,7,Potential Loyalists
CUST04094,102,9,12040.01,2,3,3,8,Potential Loyalists
CUST01342,102,7,6805.39,2,1,1,4,Lost
CUST03641,102,10,14131.3,2,3,3,8,Potential Loyalists
CUST01293,102,8,8652.14,2,2,1,5,Lost
CUST01554,102,10,13837.65,2,3,3,8,Potential Loyalists
CUST04991,102,9,9870.34,2,2,2,6,Lost
CUST02434,102,8,11585.72,2,2,2,6,Lost
CUST01413,102,14,20899.43,2,5,5,12,Loyal Customers
CUST00123,102,11,12186.96,2,4,3,9,Potential Loyalists
CUST03052,102,8,11576.79,2,2,2,6,Lost
CUST04999,102,13,23885.98,2,5,5,12,Loyal Customers
CUST04429,102,12,24440.65,2,4,5,11,Loyal Customers
CUST02848,102,9,10976.22,2,3,2,7,Potential Loyalists
CUST04569,101,13,16218.47,2,4,4,10,Loyal Customers
CUST01155,101,11,16683.44,2,4,4,10,Loyal Customers
CUST00548,101,6,5807.96,2,1,1,4,Lost
CUST03174,101,7,6463.63,2,1,1,4,Lost
CUST03344,101,7,12251.96,2,2,3,7,Potential Loyalists
CUST03610,101,8,11918.11,2,2,3,7,Potential Loyalists
CUST02071,101,9,11001.27,2,3,2,7,Potential Loyalists
CUST03423,101,14,19785.49,2,5,5,12,Loyal Customers
CUST04421,101,8,8577.6,2,2,1,5,Lost
CUST01730,101,9,15777.13,2,3,4,9,Potential Loyalists
CUST04776,101,15,28262.29,2,5,5,12,Loyal Customers
CUST02296,101,11,11515.31,2,4,2,8,Potential Loyalists
CUST03843,101,11,15796.59,2,4,4,10,Loyal Customers
CUST03247,101,18,19612.27,2,5,5,12,Loyal Customers
CUST00075,101,14,17923.65,2,5,4,11,Loyal Customers
CUST03634,101,13,15984.75,2,5,4,11,Loyal Customers
CUST00524,101,10,9560.62,2,3,2,7,Potential Loyalists
CUST00341,101,11,10372.22,2,4,2,8,Potential Loyalists
CUST01899,101,9,7619.8,2,2,1,5,Lost
CUST04811,100,10,10594.36,2,3,2,7,Potential Loyalists
CUST01825,100,8,8276.99,2,2,1,5,Lost
CUST00579,100,8,15372.78,2,2,4,8,Potential Loyalists
CUST00297,100,8,11669.21,2,2,2,6,Lost
CUST02857,100,6,8511.89,2,1,1,4,Lost
CUST01750,100,10,17782.48,2,3,4,9,Potential Loyalists
CUST00726,100,8,13113.72,2,2,3,7,Potential Loyalists
CUST02476,100,8,9863.53,2,2,2,6,Lost
CUST04513,100,6,9408.29,2,1,2,5,Lost
CUST00770,100,6,3926.22,2,1,1,4,Lost
CUST02937,100,11,13349.7,2,4,3,9,Potential Loyalists
CUST04969,100,10,16657.98,2,3,4,9,Potential Loyalists
CUST02715,100,9,5720.05,2,2,1,5,Lost
CUST03118,100,15,21396.87,2,5,5,12,Loyal Customers
CUST00607,100,7,7002.77,2,2,1,5,Lost
CUST00201,100,9,14851.33,2,3,4,9,Potential Loyalists
CUST01637,100,2,709.83,2,1,1,4,Lost
CUST04587,100,11,15571.81,2,4,4,10,Loyal Customers
CUST00576,100,9,7693.13,2,2,1,5,Lost
CUST01466,100,12,18165.81,2,4,4,10,Loyal Customers
CUST00213,100,12,9590.09,2,4,2,8,Potential Loyalists
CUST01911,100,9,16618.2,2,3,4,9,Potential Loyalists
CUST01514,100,2,3465.26,2,1,1,4,Lost
CUST02396,100,8,9699.26,2,2,2,6,Lost
CUST01975,99,7,11218.88,2,1,2,5,Lost
CUST00277,99,10,17674.95,2,3,4,9,Potential Loyalists
CUST01030,99,7,12630.88,2,2,3,7,Potential Loyalists
CUST02716,99,9,18280.67,2,2,5,9,Potential Loyalists
CUST00262,99,9,11870.08,2,3,2,7,Potential Loyalists
CUST03598,99,13,13923.05,2,5,3,10,Loyal Customers
CUST04290,99,6,5947.87,2,1,1,4,Lost
CUST02316,99,9,10358.85,2,2,2,6,Lost
CUST03297,99,14,13894.45,2,5,3,10,Loyal Customers
CUST01642,99,8,12323.29,2,2,3,7,Potential Loyalists
CUST02125,99,6,8727.28,2,1,1,4,Lost
CUST03077,99,13,13243.28,2,4,3,9,Potential Loyalists
CUST02098,99,10,14893.99,2,3,4,9,Potential Loyalists
CUST02318,99,14,22116.72,2,5,5,12,Loyal Customers
CUST01126,99,9,18732.64,2,2,5,9,Potential Loyalists
CUST00945,99,16,15032.29,2,5,4,11,Loyal Customers
CUST01387,99,7,11841.08,2,1,2,5,Lost
CUST01300,99,8,11130.96,2,2,2,6,Lost
CUST03701,98,11,21202.0,2,4,5,11,Loyal Customers
CUST01049,98,13,14315.16,2,5,3,10,Loyal Customers
CUST02987,98,7,8752.97,2,1,1,4,Lost
CUST00130,98,8,6884.72,2,2,1,5,Lost
CUST01586,98,7,7321.74,2,2,1,5,Lost
CUST02380,98,11,16495.21,2,4,4,10,Loyal Customers
CUST04417,98,12,15595.43,2,4,4,10,Loyal Customers
CUST02484,98,5,12586.69,2,1,3,6,Lost
CUST02384,98,13,25745.38,2,5,5,12,Loyal Customers
CUST00089,98,14,13630.39,2,5,3,10,Loyal Customers
CUST01644,98,9,11645.46,2,3,2,7,Potential Loyalists
CUST02566,98,11,10613.82,2,4,2,8,Potential Loyalists
CUST01809,98,7,9855.15,2,1,2,5,Lost
CUST03170,98,8,13962.07,2,2,3,7,Potential Loyalists
CUST02090,98,7,7110.51,2,2,1,5,Lost
CUST01356,98,5,9433.02,2,1,2,5,Lost
CUST02272,98,12,13480.86,2,4,3,9,Potential Loyalists
CUST04919,98,10,15486.9,2,3,4,9,Potential Loyalists
CUST01321,98,5,9281.03,2,1,2,5,Lost
CUST02299,97,14,19195.03,2,5,5,12,Loyal Customers
CUST01158,97,16,18649.37,2,5,5,12,Loyal Customers
CUST00930,97,10,13706.88,2,3,3,8,Potential Loyalists
CUST03698,97,9,13091.75,2,2,3,7,Potential Loyalists
CUST00227,97,15,24945.62,2,5,5,12,Loyal Customers
CUST03060,97,17,21402.77,2,5,5,12,Loyal Customers
CUST00980,97,9,12778.47,2,2,3,7,Potential Loyalists
CUST02407,97,14,35294.76,2,5,5,12,Loyal Customers
CUST02807,97,8,10898.78,2,2,2,6,Lost
CUST01018,97,12,9824.25,2,4,2,8,Potential Loyalists
CUST03396,97,10,12528.58,2,3,3,8,Potential Loyalists
CUST04977,97,16,19729.03,2,5,5,12,Loyal Customers
CUST03592,97,7,5623.79,2,1,1,4,Lost
CUST00111,97,10,12559.72,2,3,3,8,Potential Loyalists
CUST03756,97,9,12779.21,2,2,3,7,Potential Loyalists
CUST01845,97,13,14059.5,2,5,3,10,Loyal Customers
CUST04241,96,10,14257.67,2,3,3,8,Potential Loyalists
CUST00128,96,11,10691.63,2,4,2,8,Potential Loyalists
CUST01011,96,6,8801.23,2,1,2,5,Lost
CUST03312,96,17,26867.95,2,5,5,12,Loyal Customers
CUST04315,96,11,17674.2,2,3,4,9,Potential Loyalists
CUST03955,96,10,8276.93,2,3,1,6,Lost
CUST01925,96,6,6567.65,2,1,1,4,Lost
CUST04028,96,15,19153.74,2,5,5,12,Loyal Customers
CUST02844,96,11,13137.64,2,3,3,8,Potential Loyalists
CUST01912,96,13,16892.67,2,5,4,11,Loyal Customers
CUST00707,96,7,11314.77,2,1,2,5,Lost
CUST04631,96,8,12798.84,2,2,3,7,Potential Loyalists
CUST03515,96,14,17541.23,2,5,4,11,Loyal Customers
CUST01859,96,7,10334.73,2,1,2,5,Lost
CUST00655,96,12,16213.7,2,4,4,10,Loyal Customers
CUST01529,96,12,19781.19,2,4,5,11,Loyal Customers
CUST00985,96,7,7916.04,2,1,1,4,Lost
CUST04781,96,9,14285.39,2,2,3,7,Potential Loyalists
CUST02828,96,6,8881.63,2,1,2,5,Lost
CUST02918,96,10,15164.55,2,3,4,9,Potential Loyalists
CUST00467,96,11,18557.51,2,4,5,11,Loyal Customers
CUST01749,96,10,6675.73,2,3,1,6,Lost
CUST03070,95,9,11817.85,2,3,2,7,Potential Loyalists
CUST00622,95,9,9956.38,2,2,2,6,Lost
CUST01647,95,9,9401.24,2,2,2,6,Lost
CUST04150,95,5,6970.6,2,1,1,4,Lost
CUST04453,95,9,9670.81,2,2,2,6,Lost
CUST02452,95,16,21811.7,2,5,5,12,Loyal Customers
CUST03139,95,11,12075.57,2,4,3,9,Potential Loyalists
CUST03024,95,12,18903.46,2,4,5,11,Loyal Customers
CUST00218,95,5,2125.65,2,1,1,4,Lost
CUST00703,95,13,22287.65,2,4,5,11,Loyal Customers
CUST01634,95,4,5875.9,2,1,1,4,Lost
CUST01526,95,13,12338.56,2,5,3,10,Loyal Customers
CUST02076,95,8,12499.95,2,2,3,7,Potential Loyalists
CUST04574,95,8,11632.05,2,2,2,6,Lost
CUST02381,95,13,10055.62,2,5,2,9,Potential Loyalists
CUST00932,95,15,18450.43,2,5,5,12,Loyal Customers
CUST00318,95,7,13213.61,2,1,3,6,Lost
CUST02130,95,9,18232.96,2,2,5,9,Potential Loyalists
CUST03672,95,11,12027.57,2,4,3,9,Potential Loyalists
CUST00167,95,8,13052.26,2,2,3,7,Potential Loyalists
CUST04289,95,6,7765.52,2,1,1,4,Lost
CUST02054,94,7,17078.75,2,2,4,8,Potential Loyalists
CUST00844,94,14,16917.06,2,5,4,11,Loyal Customers
CUST04448,94,11,7255.83,2,4,1,7,Potential Loyalists
CUST02969,94,8,17442.3,2,2,4,8,Potential Loyalists
CUST04554,94,15,21908.42,2,5,5,12,Loyal Customers
CUST00997,94,8,13189.38,2,2,3,7,Potential Loyalists
CUST00361,94,11,17029.65,2,4,4,10,Loyal Customers
CUST00178,94,12,20192.16,2,4,5,11,Loyal Customers
CUST04045,94,11,18882.91,2,4,5,11,Loyal Customers
CUST01953,94,9,16498.33,2,3,4,9,Potential Loyalists
CUST03599,94,8,11838.47,2,2,2,6,Lost
CUST02573,94,6,4429.62,2,1,1,4,Lost
CUST01041,94,11,22969.88,2,4,5,11,Loyal Customers
CUST02821,94,10,9640.84,2,3,2,7,Potential Loyalists
CUST02480,94,17,28838.33,2,5,5,12,Loyal Customers
CUST00850,94,11,14885.11,2,3,4,9,Potential Loyalists
CUST00063,94,6,7817.57,2,1,1,4,Lost
CUST04158,94,6,6133.72,2,1,1,4,Lost
CUST01194,94,9,12954.81,2,2,3,7,Potential Loyalists
CUST01541,94,8,11258.56,2,2,2,6,Lost
CUST04431,94,15,13516.77,2,5,3,10,Loyal Customers
CUST04444,94,10,13263.85,2,3,3,8,Potential Loyalists
CUST04357,94,7,15412.99,2,1,4,7,Potential Loyalists
CUST03631,93,9,12955.21,2,2,3,7,Potential Loyalists
CUST00365,93,12,19268.35,2,4,5,11,Loyal Customers
CUST01368,93,10,13448.69,2,3,3,8,Potential Loyalists
CUST00510,93,12,23832.55,2,4,5,11,Loyal Customers
CUST02545,93,15,20390.95,2,5,5,12,Loyal Customers
CUST03614,93,11,12047.07,2,4,3,9,Potential Loyalists
CUST04707,93,8,16409.76,2,2,4,8,Potential Loyalists
CUST00659,93,11,15349.03,2,4,4,10,Loyal Customers
CUST02052,93,9,10047.02,2,2,2,6,Lost
CUST02142,93,4,7089.54,2,1,1,4,Lost
CUST04497,93,11,20513.25,2,4,5,11,Loyal Customers
CUST04529,93,9,14409.33,2,3,3,8,Potential Loyalists
CUST01816,93,8,14109.72,2,2,3,7,Potential Loyalists
CUST02239,93,11,16970.8,2,4,4,10,Loyal Customers
CUST01442,93,12,17935.92,2,4,4,10,Loyal Customers
CUST04730,93,4,3646.11,2,1,1,4,Lost
CUST01710,93,11,16165.55,2,3,4,9,Potential Loyalists
CUST02648,93,11,13156.71,2,4,3,9,Potential Loyalists
CUST04939,93,9,8540.15,2,2,1,5,Lost
CUST01801,93,10,13938.25,2,3,3,8,Potential Loyalists
CUST02629,93,10,13322.0,2,3,3,8,Potential Loyalists
CUST02110,92,2,2351.15,2,1,1,4,Lost
CUST01005,92,10,10498.29,2,3,2,7,Potential Loyalists
CUST02162,92,12,15640.09,2,4,4,10,Loyal Customers
CUST00343,92,11,15247.5,2,4,4,10,Loyal Customers
CUST02355,92,9,13770.86,2,2,3,7,Potential Loyalists
CUST04110,92,10,8845.67,2,3,2,7,Potential Loyalists
CUST02891,92,8,9079.01,2,2,2,6,Lost
CUST01349,92,8,13727.37,2,2,3,7,Potential Loyalists
CUST01120,92,8,18714.61,2,2,5,9,Potential Loyalists
CUST04130,92,8,10328.95,2,2,2,6,Lost
CUST04021,92,19,19314.37,2,5,5,12,Loyal Customers
CUST03884,92,8,7679.6,2,2,1,5,Lost
CUST04750,92,14,18007.84,2,5,4,11,Loyal Customers
CUST04073,92,11,10790.6,2,3,2,7,Potential Loyalists
CUST03755,92,9,11534.74,2,3,2,7,Potential Loyalists
CUST01075,92,16,22696.51,2,5,5,12,Loyal Customers
CUST04060,92,14,22180.85,2,5,5,12,Loyal Customers
CUST01008,92,10,17982.13,2,3,4,9,Potential Loyalists
CUST00735,92,10,15074.68,2,3,4,9,Potential Loyalists
CUST02191,92,8,10398.57,2,2,2,6,Lost
CUST02277,91,8,7097.13,2,2,1,5,Lost
CUST03430,91,9,13383.62,2,2,3,7,Potential Loyalists
CUST00503,91,7,9053.96,2,1,2,5,Lost
CUST02756,91,12,17597.97,2,4,4,10,Loyal Customers
CUST04523,91,8,12075.61,2,2,3,7,Potential Loyalists
CUST03156,91,10,13951.45,2,3,3,8,Potential Loyalists
CUST00830,91,14,24565.59,2,5,5,12,Loyal Customers
CUST01994,91,12,21314.52,2,4,5,11,Loyal Customers
CUST01481,91,10,13762.17,2,3,3,8,Potential Loyalists
CUST04269,91,12,22609.27,2,4,5,11,Loyal Customers
CUST01153,91,14,21873.2,2,5,5,12,Loyal Customers
CUST00491,91,15,13568.96,2,5,3,10,Loyal Customers
CUST01788,91,11,6626.5,2,4,1,7,Potential Loyalists
CUST04528,91,9,13499.95,2,2,3,7,Potential Loyalists
CUST03323,91,7,8297.47,2,1,1,4,Lost
CUST02513,91,8,17073.99,2,2,4,8,Potential Loyalists
CUST04901,91,8,7346.15,2,2,1,5,Lost
CUST01765,91,10,8300.15,2,3,1,6,Lost
CUST04962,91,9,5900.31,2,2,1,5,Lost
CUST01810,91,5,6136.45,2,1,1,4,Lost
CUST02690,91,10,16433.52,2,3,4,9,Potential Loyalists
CUST00142,91,5,10360.73,2,1,2,5,Lost
CUST03399,91,7,14438.72,2,2,3,7,Potential Loyalists
CUST01384,91,10,15835.15,2,3,4,9,Potential Loyalists
CUST04105,91,10,13567.33,2,3,3,8,Potential Loyalists
CUST02763,91,6,11051.27,2,1,2,5,Lost
CUST00785,91,8,6606.58,2,2,1,5,Lost
CUST04731,91,6,7542.41,2,1,1,4,Lost
CUST02669,91,11,9710.5,2,3,2,7,Potential Loyalists
CUST04917,91,11,10483.14,2,4,2,8,Potential Loyalists
CUST01683,91,8,13782.49,2,2,3,7,Potential Loyalists
CUST03778,90,8,17030.98,2,2,4,8,Potential Loyalists
CUST04392,90,9,9265.61,2,2,2,6,Lost
CUST01724,90,9,10736.08,2,3,2,7,Potential Loyalists
CUST00544,90,11,14536.76,2,4,3,9,Potential Loyalists
CUST03197,90,9,14341.18,2,2,3,7,Potential Loyalists
CUST00796,90,7,7240.66,2,2,1,5,Lost
CUST04248,90,9,8457.4,2,2,1,5,Lost
CUST04584,90,13,21020.31,2,5,5,12,Loyal Customers
CUST01671,90,8,4568.19,2,2,1,5,Lost
CUST03700,90,9,11394.05,2,3,2,7,Potential Loyalists
CUST03968,90,12,20047.88,2,4,5,11,Loyal Customers
CUST02464,90,9,14576.5,2,3,3,8,Potential Loyalists
CUST04056,90,10,15706.89,2,3,4,9,Potential Loyalists
CUST00285,90,10,11220.08,2,3,2,7,Potential Loyalists
CUST00163,90,14,11893.7,2,5,2,9,Potential Loyalists
CUST04786,90,13,15615.18,2,5,4,11,Loyal Customers
CUST02934,90,11,12263.64,2,4,3,9,Potential Loyalists
CUST00649,90,12,16434.0,2,4,4,10,Loyal Customers
CUST02226,90,15,23362.28,2,5,5,12,Loyal Customers
CUST02665,89,10,15107.7,2,3,4,9,Potential Loyalists
CUST01286,89,14,19312.75,2,5,5,12,Loyal Customers
CUST00535,89,5,5450.46,2,1,1,4,Lost
CUST01951,89,10,12929.59,2,3,3,8,Potential Loyalists
CUST01715,89,10,12051.14,2,3,3,8,Potential Loyalists
CUST00696,89,13,26599.28,2,4,5,11,Loyal Customers
CUST02846,89,9,13425.84,2,2,3,7,Potential Loyalists
CUST02031,89,9,14862.65,2,3,4,9,Potential Loyalists
CUST01242,89,9,11588.22,2,3,2,7,Potential Loyalists
CUST04196,89,10,9465.83,2,3,2,7,Potential Loyalists
CUST00924,89,7,14813.5,2,2,4,8,Potential Loyalists
CUST00291,89,5,4729.57,2,1,1,4,Lost
CUST00620,89,5,8041.69,2,1,1,4,Lost
CUST04657,89,13,21982.18,2,5,5,12,Loyal Customers
CUST02820,89,11,19697.09,2,4,5,11,Loyal Customers
CUST04800,89,8,13848.22,2,2,3,7,Potential Loyalists
CUST01477,89,9,5816.45,2,2,1,5,Lost
CUST00929,89,13,16580.68,2,5,4,11,Loyal Customers
CUST04900,89,16,11662.39,2,5,2,9,Potential Loyalists
CUST01263,89,10,14507.07,2,3,3,8,Potential Loyalists
CUST03265,89,7,5268.79,2,2,1,5,Lost
CUST01282,89,15,15991.99,2,5,4,11,Loyal Customers
CUST04221,89,12,14750.53,2,4,4,10,Loyal Customers
CUST00450,89,10,10163.98,2,3,2,7,Potential Loyalists
CUST00756,89,4,2483.31,2,1,1,4,Lost
CUST01265,88,12,7274.15,2,4,1,7,Potential Loyalists
CUST04415,88,16,17841.73,2,5,4,11,Loyal Customers
CUST04247,88,4,3522.51,2,1,1,4,Lost
CUST03061,88,8,14709.14,2,2,4,8,Potential Loyalists
CUST04614,88,8,10331.48,2,2,2,6,Lost
CUST00017,88,12,8698.37,2,4,1,7,Potential Loyalists
CUST03675,88,7,8368.26,2,1,1,4,Lost
CUST03505,88,10,20005.89,2,3,5,10,Loyal Customers
CUST01394,88,10,14256.28,2,3,3,8,Potential Loyalists
CUST00470,88,10,14532.09,2,3,3,8,Potential Loyalists
CUST00400,88,10,14712.56,2,3,4,9,Potential Loyalists
CUST02546,88,10,8655.2,2,3,1,6,Lost
CUST02645,88,10,8919.87,2,3,2,7,Potential Loyalists
CUST01277,88,13,13718.17,2,4,3,9,Potential Loyalists
CUST03841,88,9,10646.68,2,3,2,7,Potential Loyalists
CUST01629,88,12,10412.84,2,4,2,8,Potential Loyalists
CUST00414,88,10,9432.46,2,3,2,7,Potential Loyalists
CUST02801,88,6,4103.17,2,1,1,4,Lost
CUST03570,88,8,14832.13,2,2,4,8,Potential Loyalists
CUST03366,88,11,17559.73,2,3,4,9,Potential Loyalists
CUST04818,88,9,15178.13,2,3,4,9,Potential Loyalists
CUST02049,87,14,17104.81,2,5,4,11,Loyal Customers
CUST02077,87,11,11685.1,2,4,2,8,Potential Loyalists
CUST00937,87,9,11228.99,2,3,2,7,Potential Loyalists
CUST01640,87,16,28630.82,2,5,5,12,Loyal Customers
CUST04561,87,18,19785.1,2,5,5,12,Loyal Customers
CUST03732,87,11,8924.19,2,4,2,8,Potential Loyalists
CUST03091,87,11,15732.7,2,4,4,10,Loyal Customers
CUST04629,87,14,10814.27,2,5,2,9,Potential Loyalists
CUST02328,87,9,12218.62,2,3,3,8,Potential Loyalists
CUST03039,87,16,13819.79,2,5,3,10,Loyal Customers
CUST01458,87,11,7370.6,2,4,1,7,Potential Loyalists
CUST03064,87,10,13336.4,2,3,3,8,Potential Loyalists
CUST02988,87,7,10683.89,2,2,2,6,Lost
CUST03939,87,15,23358.72,2,5,5,12,Loyal Customers
CUST01630,87,6,8181.22,2,1,1,4,Lost
CUST00229,87,13,14757.76,2,4,4,10,Loyal Customers
CUST02085,87,7,9041.46,2,1,2,5,Lost
CUST04667,87,8,14650.18,2,2,4,8,Potential Loyalists
CUST03649,87,10,8687.01,2,3,1,6,Lost
CUST03446,87,12,9758.31,2,4,2,8,Potential Loyalists
CUST04125,87,14,14425.61,2,5,3,10,Loyal Customers
CUST04321,87,7,12306.89,2,2,3,7,Potential Loyalists
CUST03759,87,9,11035.23,2,3,2,7,Potential Loyalists
CUST01675,87,8,11407.78,2,2,2,6,Lost
CUST00631,87,8,7397.36,2,2,1,5,Lost
CUST03180,87,13,16906.93,2,5,4,11,Loyal Customers
CUST00465,86,17,20692.2,2,5,5,12,Loyal Customers
CUST02065,86,11,19591.7,2,4,5,11,Loyal Customers
CUST03664,86,4,6982.38,2,1,1,4,Lost
CUST02507,86,10,13567.35,2,3,3,8,Potential Loyalists
CUST02424,86,7,11904.12,2,2,3,7,Potential Loyalists
CUST03351,86,11,16886.96,2,4,4,10,Loyal Customers
CUST02291,86,6,5482.49,2,1,1,4,Lost
CUST01566,86,10,14201.05,2,3,3,8,Potential Loyalists
CUST00332,86,7,5344.29,2,2,1,5,Lost
CUST00913,86,8,9587.8,2,2,2,6,Lost
CUST01607,86,5,8862.82,2,1,2,5,Lost
CUST01733,86,8,13308.69,2,2,3,7,Potential Loyalists
CUST00852,86,5,7250.29,2,1,1,4,Lost
CUST01664,86,11,10970.42,2,4,2,8,Potential Loyalists
CUST00124,86,9,12724.36,2,2,3,7,Potential Loyalists
CUST02699,86,12,14223.45,2,4,3,9,Potential Loyalists
CUST03209,86,7,13497.66,2,1,3,6,Lost
CUST04405,85,10,12395.35,2,3,3,8,Potential Loyalists
CUST00595,85,4,5736.47,2,1,1,4,Lost
CUST04096,85,5,2576.65,2,1,1,4,Lost
CUST01456,85,8,10016.19,2,2,2,6,Lost
CUST04960,85,9,11639.05,2,3,2,7,Potential Loyalists
CUST04393,85,10,9193.49,2,3,2,7,Potential Loyalists
CUST03424,85,10,10885.9,2,3,2,7,Potential Loyalists
CUST01072,85,10,10981.04,2,3,2,7,Potential Loyalists
CUST04123,85,10,12608.54,2,3,3,8,Potential Loyalists
CUST01288,85,10,14796.12,2,3,4,9,Potential Loyalists
CUST00809,85,11,16711.66,2,4,4,10,Loyal Customers
CUST01615,85,11,11148.29,2,4,2,8,Potential Loyalists
CUST02099,85,12,11808.93,2,4,2,8,Potential Loyalists
CUST01786,85,12,16641.97,2,4,4,10,Loyal Customers
CUST02129,85,12,19629.71,2,4,5,11,Loyal Customers
CUST04698,85,13,14021.76,2,5,3,10,Loyal Customers
CUST00198,85,13,25004.74,2,5,5,12,Loyal Customers
CUST00981,85,13,19571.17,2,5,5,12,Loyal Customers
CUST03804,85,14,11822.78,2,5,2,9,Potential Loyalists
CUST04302,85,14,15091.89,2,5,4,11,Loyal Customers
CUST02468,85,14,20951.2,2,5,5,12,Loyal Customers
CUST01374,85,15,25528.07,2,5,5,12,Loyal Customers
CUST02383,84,14,16211.38,2,5,4,11,Loyal Customers
CUST01148,84,10,14301.08,2,3,3,8,Potential Loyalists
CUST04224,84,5,9740.88,2,1,2,5,Lost
CUST03750,84,11,18814.15,3,4,5,12,Loyal Customers
CUST01742,84,11,15991.87,3,4,4,11,Loyal Customers
CUST02236,84,11,25723.87,3,4,5,12,Loyal Customers
CUST00230,84,7,9973.94,3,1,2,6,Regular
CUST03050,84,9,14628.73,3,3,4,10,Loyal Customers
CUST03347,84,10,12960.21,3,3,3,9,Potential Loyalists
CUST00711,84,10,17435.91,3,3,4,10,Loyal Customers
CUST03757,84,10,17418.46,3,3,4,10,Loyal Customers
CUST03212,84,9,14161.67,3,2,3,8,Potential Loyalists
CUST01674,84,13,13178.11,3,4,3,10,Loyal Customers
CUST03463,84,10,13521.96,3,3,3,9,Potential Loyalists
CUST03258,84,6,2629.16,3,1,1,5,Regular
CUST01839,84,14,16223.22,3,5,4,12,Loyal Customers
CUST02950,84,14,18855.85,3,5,5,13,Champions
CUST01437,84,5,4889.66,3,1,1,5,Regular
CUST00005,84,5,7926.14,3,1,1,5,Regular
CUST03361,84,5,4980.46,3,1,1,5,Regular
CUST00714,83,12,9759.6,3,4,2,9,Potential Loyalists
CUST00746,83,10,7759.62,3,3,1,7,Potential Loyalists
CUST03342,83,8,12867.78,3,2,3,8,Potential Loyalists
CUST01095,83,14,9307.25,3,5,2,10,Loyal Customers
CUST04418,83,8,11287.78,3,2,2,7,Potential Loyalists
CUST01903,83,5,6544.24,3,1,1,5,Regular
CUST04511,83,4,3285.83,3,1,1,5,Regular
CUST01296,83,8,4923.03,3,2,1,6,Regular
CUST00045,83,10,8028.37,3,3,1,7,Potential Loyalists
CUST03748,83,11,15420.38,3,4,4,11,Loyal Customers
CUST01504,83,7,6538.28,3,1,1,5,Regular
CUST03400,83,11,13359.61,3,4,3,10,Loyal Customers
CUST04648,83,8,10764.31,3,2,2,7,Potential Loyalists
CUST02684,83,9,5353.28,3,3,1,7,Potential Loyalists
CUST04039,83,16,26003.92,3,5,5,13,Champions
CUST00933,83,10,15664.1,3,3,4,10,Loyal Customers
CUST01921,83,7,9339.4,3,1,2,6,Regular
CUST00359,83,19,28799.14,3,5,5,13,Champions
CUST00498,83,9,11242.29,3,3,2,8,Potential Loyalists
CUST01704,83,13,19397.7,3,5,5,13,Champions
CUST03799,83,8,7781.05,3,2,1,6,Regular
CUST02637,83,9,20256.98,3,2,5,10,Loyal Customers
CUST01608,82,15,26546.93,3,5,5,13,Champions
CUST00975,82,11,14090.77,3,4,3,10,Loyal Customers
CUST04664,82,7,12689.38,3,2,3,8,Potential Loyalists
CUST03911,82,11,11694.92,3,4,2,9,Potential Loyalists
CUST02302,82,8,6651.73,3,2,1,6,Regular
CUST00552,82,15,14057.21,3,5,3,11,Loyal Customers
CUST01009,82,15,23796.47,3,5,5,13,Champions
CUST04871,82,5,8635.95,3,1,1,5,Regular
CUST04995,82,10,11023.77,3,3,2,8,Potential Loyalists
CUST00500,82,3,3406.48,3,1,1,5,Regular
CUST04767,82,13,21602.84,3,5,5,13,Champions
CUST01785,82,13,18032.91,3,5,4,12,Loyal Customers
CUST02292,82,9,8166.01,3,2,1,6,Regular
CUST01348,82,7,7704.19,3,1,1,5,Regular
CUST00472,82,10,17284.78,3,3,4,10,Loyal Customers
CUST00360,82,12,13806.84,3,4,3,10,Loyal Customers
CUST04280,82,12,21383.61,3,4,5,12,Loyal Customers
CUST04795,82,10,18960.3,3,3,5,11,Loyal Customers
CUST01662,82,7,13755.84,3,1,3,7,Potential Loyalists
CUST00147,82,12,15504.51,3,4,4,11,Loyal Customers
CUST03821,82,11,16277.72,3,3,4,10,Loyal Customers
CUST01065,82,12,11713.19,3,4,2,9,Potential Loyalists
CUST00674,82,7,6359.21,3,1,1,5,Regular
CUST03250,82,9,21491.41,3,2,5,10,Loyal Customers
CUST00754,82,7,9192.72,3,1,2,6,Regular
CUST00463,82,11,17438.57,3,3,4,10,Loyal Customers
CUST00266,81,9,13119.83,3,2,3,8,Potential Loyalists
CUST01986,81,14,15416.91,3,5,4,12,Loyal Customers
CUST00046,81,11,12452.79,3,4,3,10,Loyal Customers
CUST04672,81,8,14190.23,3,2,3,8,Potential Loyalists
CUST02034,81,9,11992.25,3,3,3,9,Potential Loyalists
CUST04623,81,8,6792.27,3,2,1,6,Regular
CUST02088,81,10,26469.86,3,3,5,11,Loyal Customers
CUST00275,81,14,23609.25,3,5,5,13,Champions
CUST03741,81,13,22638.15,3,5,5,13,Champions
CUST03295,81,10,13312.84,3,3,3,9,Potential Loyalists
CUST04988,81,7,5537.16,3,1,1,5,Regular
CUST03749,81,7,10955.79,3,1,2,6,Regular
CUST03905,81,11,16048.29,3,4,4,11,Loyal Customers
CUST04460,81,7,5713.35,3,2,1,6,Regular
CUST03696,81,9,16249.47,3,3,4,10,Loyal Customers
CUST01421,81,7,7110.24,3,2,1,6,Regular
CUST02764,81,9,13965.99,3,2,3,8,Potential Loyalists
CUST01959,81,12,15550.88,3,4,4,11,Loyal Customers
CUST01988,81,6,7632.21,3,1,1,5,Regular
CUST04274,81,10,11911.05,3,3,3,9,Potential Loyalists
CUST03116,81,17,24498.89,3,5,5,13,Champions
CUST04296,80,8,14856.99,3,2,4,9,Potential Loyalists
CUST03264,80,7,8856.55,3,1,2,6,Regular
CUST00286,80,13,10995.53,3,5,2,10,Loyal Customers
CUST03876,80,15,23055.54,3,5,5,13,Champions
CUST01405,80,10,14732.01,3,3,4,10,Loyal Customers
CUST01723,80,9,15909.81,3,3,4,10,Loyal Customers
CUST00593,80,8,12108.69,3,2,3,8,Potential Loyalists
CUST03478,80,15,20423.05,3,5,5,13,Champions
CUST01787,80,6,5231.68,3,1,1,5,Regular
CUST00646,80,16,20337.71,3,5,5,13,Champions
CUST02570,80,9,15074.8,3,3,4,10,Loyal Customers
CUST04868,80,7,8659.4,3,1,1,5,Regular
CUST02651,80,10,21413.85,3,3,5,11,Loyal Customers
CUST03164,80,9,9030.07,3,2,2,7,Potential Loyalists
CUST04232,80,8,13004.72,3,2,3,8,Potential Loyalists
CUST03794,80,15,8300.89,3,5,1,9,Potential Loyalists
CUST02903,79,10,12328.38,3,3,3,9,Potential Loyalists
CUST01530,79,13,18909.31,3,5,5,13,Champions
CUST01164,79,13,24596.03,3,4,5,12,Loyal Customers
CUST04390,79,8,17431.96,3,2,4,9,Potential Loyalists
CUST03405,79,10,17014.62,3,3,4,10,Loyal Customers
CUST00146,79,10,10622.91,3,3,2,8,Potential Loyalists
CUST02999,79,6,4264.25,3,1,1,5,Regular
CUST04833,79,11,16524.06,3,4,4,11,Loyal Customers
CUST04693,79,10,12773.08,3,3,3,9,Potential Loyalists
CUST00325,79,9,5692.71,3,2,1,6,Regular
CUST03797,79,11,16885.21,3,4,4,11,Loyal Customers
CUST01575,79,17,22423.48,3,5,5,13,Champions
CUST02789,79,8,12169.31,3,2,3,8,Potential Loyalists
CUST02721,79,11,16287.86,3,3,4,10,Loyal Customers
CUST02895,79,6,9713.89,3,1,2,6,Regular
CUST03918,79,12,19477.13,3,4,5,12,Loyal Customers
CUST02521,79,6,7844.46,3,1,1,5,Regular
CUST00496,79,9,7476.91,3,2,1,6,Regular
CUST01878,79,13,16897.37,3,5,4,12,Loyal Customers
CUST04661,79,6,8427.39,3,1,1,5,Regular
CUST00015,79,10,18057.14,3,3,4,10,Loyal Customers
CUST00105,79,12,21721.74,3,4,5,12,Loyal Customers
CUST03528,79,10,13019.74,3,3,3,9,Potential Loyalists
CUST04980,79,10,13249.1,3,3,3,9,Potential Loyalists
CUST01439,79,9,7672.55,3,2,1,6,Regular
CUST02493,79,7,11780.65,3,1,2,6,Regular
CUST01206,79,12,15201.6,3,4,4,11,Loyal Customers
CUST00841,79,14,20585.24,3,5,5,13,Champions
CUST04083,78,11,13055.13,3,4,3,10,Loyal Customers
CUST03877,78,7,10942.53,3,1,2,6,Regular
CUST04325,78,14,17142.67,3,5,4,12,Loyal Customers
CUST04610,78,11,20739.81,3,4,5,12,Loyal Customers
CUST04961,78,11,16812.01,3,4,4,11,Loyal Customers
CUST01823,78,14,22781.97,3,5,5,13,Champions
CUST04609,78,9,15735.38,3,3,4,10,Loyal Customers
CUST03028,78,14,15201.05,3,5,4,12,Loyal Customers
CUST02047,78,13,16992.1,3,5,4,12,Loyal Customers
CUST02215,78,13,11863.57,3,5,2,10,Loyal Customers
CUST02943,78,10,12591.87,3,3,3,9,Potential Loyalists
CUST00942,78,4,13167.49,3,1,3,7,Potential Loyalists
CUST02279,78,15,20482.01,3,5,5,13,Champions
CUST02016,78,8,18884.12,3,2,5,10,Loyal Customers
CUST00118,78,8,9669.4,3,2,2,7,Potential Loyalists
CUST00435,78,8,9321.95,3,2,2,7,Potential Loyalists
CUST02892,78,12,13264.67,3,4,3,10,Loyal Customers
CUST03563,78,10,10454.44,3,3,2,8,Potential Loyalists
CUST04864,78,11,13224.4,3,4,3,10,Loyal Customers
CUST04362,78,12,9036.7,3,4,2,9,Potential Loyalists
CUST04053,78,9,12096.79,3,3,3,9,Potential Loyalists
CUST04577,78,11,18697.2,3,4,5,12,Loyal Customers
CUST00024,78,7,8326.81,3,1,1,5,Regular
CUST00836,78,10,11887.74,3,3,2,8,Potential Loyalists
CUST01712,78,16,23918.42,3,5,5,13,Champions
CUST04003,78,15,17262.78,3,5,4,12,Loyal Customers
CUST00758,78,9,14402.65,3,3,3,9,Potential Loyalists
CUST03127,78,7,5625.86,3,1,1,5,Regular
CUST03246,78,11,9532.4,3,3,2,8,Potential Loyalists
CUST04470,78,11,15482.41,3,4,4,11,Loyal Customers
CUST01035,78,7,9028.12,3,1,2,6,Regular
CUST02254,78,16,23184.31,3,5,5,13,Champions
CUST03349,78,9,13895.5,3,2,3,8,Potential Loyalists
CUST01853,78,7,13555.53,3,1,3,7,Potential Loyalists
CUST00020,77,10,14299.98,3,3,3,9,Potential Loyalists
CUST04673,77,15,19260.93,3,5,5,13,Champions
CUST03548,77,7,6551.82,3,1,1,5,Regular
CUST02600,77,11,17850.95,3,3,4,10,Loyal Customers
CUST02443,77,14,28297.65,3,5,5,13,Champions
CUST01551,77,10,11116.26,3,3,2,8,Potential Loyalists
CUST01062,77,10,15584.98,3,3,4,10,Loyal Customers
CUST02840,77,10,7417.27,3,3,1,7,Potential Loyalists
CUST01464,77,10,11371.11,3,3,2,8,Potential Loyalists
CUST03239,77,8,11200.82,3,2,2,7,Potential Loyalists
CUST00019,77,10,9187.13,3,3,2,8,Potential Loyalists
CUST01939,77,6,16676.44,3,1,4,8,Potential Loyalists
CUST00849,77,12,20504.01,3,4,5,12,Loyal Customers
CUST02404,77,10,10085.97,3,3,2,8,Potential Loyalists
CUST01290,77,7,13283.52,3,1,3,7,Potential Loyalists
CUST02450,77,13,14023.14,3,5,3,11,Loyal Customers
CUST04237,77,7,12795.22,3,1,3,7,Potential Loyalists
CUST04438,77,11,13668.13,3,4,3,10,Loyal Customers
CUST02373,76,10,17733.2,3,3,4,10,Loyal Customers
CUST01864,76,10,17001.59,3,3,4,10,Loyal Customers
CUST01264,76,4,7085.01,3,1,1,5,Regular
CUST03322,76,10,17310.45,3,3,4,10,Loyal Customers
CUST04164,76,14,18605.02,3,5,5,13,Champions
CUST04606,76,8,6652.3,3,2,1,6,Regular
CUST00949,76,14,18834.96,3,5,5,13,Champions
CUST04414,76,16,21580.67,3,5,5,13,Champions
CUST01222,76,4,4649.05,3,1,1,5,Regular
CUST01728,76,12,13078.28,3,4,3,10,Loyal Customers
CUST00326,76,11,14624.04,3,4,4,11,Loyal Customers
CUST01161,76,15,17487.49,3,5,4,12,Loyal Customers
CUST03488,76,10,14333.51,3,3,3,9,Potential Loyalists
CUST03719,76,11,13158.67,3,4,3,10,Loyal Customers
CUST01360,76,9,16096.48,3,3,4,10,Loyal Customers
CUST03252,76,12,15250.49,3,4,4,11,Loyal Customers
CUST02184,76,7,11801.69,3,1,2,6,Regular
CUST02147,76,7,7939.97,3,1,1,5,Regular
CUST02656,76,7,13353.17,3,1,3,7,Potential Loyalists
CUST01485,76,10,13588.18,3,3,3,9,Potential Loyalists
CUST03752,76,9,7555.97,3,2,1,6,Regular
CUST04769,76,9,12608.6,3,3,3,9,Potential Loyalists
CUST02473,76,4,3499.16,3,1,1,5,Regular
CUST00219,76,8,7162.77,3,2,1,6,Regular
CUST02379,75,7,10326.63,3,1,2,6,Regular
CUST00794,75,12,13666.89,3,4,3,10,Loyal Customers
CUST01082,75,6,2923.0,3,1,1,5,Regular
CUST01403,75,6,13299.23,3,1,3,7,Potential Loyalists
CUST03046,75,13,21613.88,3,5,5,13,Champions
CUST03205,75,14,20831.8,3,5,5,13,Champions
CUST02118,75,6,8328.29,3,1,1,5,Regular
CUST00459,75,12,20097.31,3,4,5,12,Loyal Customers
CUST03518,75,7,11034.43,3,1,2,6,Regular
CUST00944,75,7,6600.23,3,1,1,5,Regular
CUST00415,75,5,6456.03,3,1,1,5,Regular
CUST04865,75,9,16804.45,3,3,4,10,Loyal Customers
CUST04727,75,5,7819.82,3,1,1,5,Regular
CUST03200,75,8,12850.66,3,2,3,8,Potential Loyalists
CUST00670,75,14,15380.4,3,5,4,12,Loyal Customers
CUST03032,75,10,11405.76,3,3,2,8,Potential Loyalists
CUST04763,75,6,13047.13,3,1,3,7,Potential Loyalists
CUST01123,75,7,8945.9,3,1,2,6,Regular
CUST01657,75,10,15487.37,3,3,4,10,Loyal Customers
CUST03313,75,13,15711.51,3,5,4,12,Loyal Customers
CUST01577,75,13,18044.32,3,5,4,12,Loyal Customers
CUST03640,75,17,17391.43,3,5,4,12,Loyal Customers
CUST00013,74,14,34685.52,3,5,5,13,Champions
CUST02549,74,8,16431.62,3,2,4,9,Potential Loyalists
CUST01907,74,12,12614.65,3,4,3,10,Loyal Customers
CUST01817,74,13,26021.69,3,5,5,13,Champions
CUST03111,74,5,10546.29,3,1,2,6,Regular
CUST00667,74,10,14695.63,3,3,4,10,Loyal Customers
CUST04354,74,6,9741.06,3,1,2,6,Regular
CUST01366,74,11,13242.88,3,4,3,10,Loyal Customers
CUST02845,74,8,15040.97,3,2,4,9,Potential Loyalists
CUST04816,74,10,7457.07,3,3,1,7,Potential Loyalists
CUST02888,74,11,12093.75,3,4,3,10,Loyal Customers
CUST01219,74,10,14645.45,3,3,4,10,Loyal Customers
CUST02115,74,11,13358.66,3,4,3,10,Loyal Customers
CUST02025,74,6,5560.46,3,1,1,5,Regular
CUST03762,74,10,12379.53,3,3,3,9,Potential Loyalists
CUST04211,74,6,11285.91,3,1,2,6,Regular
CUST01948,74,11,18326.5,3,4,5,12,Loyal Customers
CUST02702,74,10,13738.23,3,3,3,9,Potential Loyalists
CUST00810,74,12,17874.51,3,4,4,11,Loyal Customers
CUST01238,73,8,14901.78,3,2,4,9,Potential Loyalists
CUST04713,73,14,20637.72,3,5,5,13,Champions
CUST02737,73,17,22483.46,3,5,5,13,Champions
CUST03950,73,13,12447.88,3,5,3,11,Loyal Customers
CUST00064,73,10,15049.34,3,3,4,10,Loyal Customers
CUST00578,73,10,12627.84,3,3,3,9,Potential Loyalists
CUST00584,73,8,10212.47,3,2,2,7,Potential Loyalists
CUST01795,73,11,15710.14,3,4,4,11,Loyal Customers
CUST04562,73,7,7538.06,3,1,1,5,Regular
CUST02436,73,7,13129.04,3,1,3,7,Potential Loyalists
CUST02179,73,12,20660.09,3,4,5,12,Loyal Customers
CUST02672,73,8,7904.8,3,2,1,6,Regular
CUST02225,73,12,17742.38,3,4,4,11,Loyal Customers
CUST04231,73,9,14003.06,3,2,3,8,Potential Loyalists
CUST00023,73,12,16098.55,3,4,4,11,Loyal Customers
CUST03188,73,12,15092.19,3,4,4,11,Loyal Customers
CUST01904,73,11,11371.38,3,4,2,9,Potential Loyalists
CUST01023,73,9,12552.52,3,3,3,9,Potential Loyalists
CUST00597,73,11,10150.15,3,4,2,9,Potential Loyalists
CUST03942,73,15,22035.57,3,5,5,13,Champions
CUST01993,72,7,9478.35,3,1,2,6,Regular
CUST02727,72,11,21786.07,3,4,5,12,Loyal Customers
CUST00715,72,9,20622.59,3,2,5,10,Loyal Customers
CUST00095,72,10,26718.97,3,3,5,11,Loyal Customers
CUST00569,72,9,7374.75,3,2,1,6,Regular
CUST01797,72,10,20395.4,3,3,5,11,Loyal Customers
CUST04100,72,7,13433.97,3,1,3,7,Potential Loyalists
CUST01213,72,7,12086.76,3,2,3,8,Potential Loyalists
CUST04704,72,7,8124.81,3,1,1,5,Regular
CUST00490,72,2,1584.12,3,1,1,5,Regular
CUST04945,72,12,23055.09,3,4,5,12,Loyal Customers
CUST03128,72,7,12685.22,3,2,3,8,Potential Loyalists
CUST01920,72,11,19090.13,3,4,5,12,Loyal Customers
CUST04059,72,18,32041.22,3,5,5,13,Champions
CUST03926,72,11,20177.22,3,4,5,12,Loyal Customers
CUST04465,72,10,11332.48,3,3,2,8,Potential Loyalists
CUST02662,72,8,15388.81,3,2,4,9,Potential Loyalists
CUST02776,72,6,9230.11,3,1,2,6,Regular
CUST01829,72,13,13938.94,3,5,3,11,Loyal Customers
CUST02297,72,11,15785.69,3,4,4,11,Loyal Customers
CUST03728,72,14,22220.28,3,5,5,13,Champions
CUST00642,72,8,8495.66,3,2,1,6,Regular
CUST03141,72,14,14227.06,3,5,3,11,Loyal Customers
CUST02607,72,10,11108.22,3,3,2,8,Potential Loyalists
CUST04246,72,10,14309.02,3,3,3,9,Potential Loyalists
CUST02032,72,5,2389.08,3,1,1,5,Regular
CUST00911,72,9,8960.18,3,2,2,7,Potential Loyalists
CUST01840,72,11,13485.18,3,4,3,10,Loyal Customers
CUST02799,71,12,15234.18,3,4,4,11,Loyal Customers
CUST01138,71,14,19763.71,3,5,5,13,Champions
CUST02923,71,14,23582.08,3,5,5,13,Champions
CUST02695,71,6,7120.74,3,1,1,5,Regular
CUST00055,71,13,19504.46,3,5,5,13,Champions
CUST03428,71,6,8599.11,3,1,1,5,Regular
CUST04148,71,9,9875.31,3,2,2,7,Potential Loyalists
CUST04862,71,6,9580.41,3,1,2,6,Regular
CUST02482,71,9,11631.89,3,3,2,8,Potential Loyalists
CUST02425,71,6,10088.36,3,1,2,6,Regular
CUST03545,71,12,22287.88,3,4,5,12,Loyal Customers
CUST04104,71,12,18633.75,3,4,5,12,Loyal Customers
CUST01402,71,7,5807.16,3,1,1,5,Regular
CUST04160,71,12,15180.0,3,4,4,11,Loyal Customers
CUST02707,71,9,12548.35,3,3,3,9,Potential Loyalists
CUST02954,71,9,14447.82,3,3,3,9,Potential Loyalists
CUST04358,71,11,11313.77,3,4,2,9,Potential Loyalists
CUST03138,71,11,12349.8,3,4,3,10,Loyal Customers
CUST04525,71,7,12181.04,3,2,3,8,Potential Loyalists
CUST04959,71,11,22585.2,3,4,5,12,Loyal Customers
CUST01482,71,10,9796.11,3,3,2,8,Potential Loyalists
CUST02479,71,10,21396.42,3,3,5,11,Loyal Customers
CUST00821,71,10,19346.04,3,3,5,11,Loyal Customers
CUST04930,71,10,16927.55,3,3,4,10,Loyal Customers
CUST04851,71,8,18757.63,3,2,5,10,Loyal Customers
CUST03192,71,8,10036.93,3,2,2,7,Potential Loyalists
CUST01012,70,11,15622.99,3,4,4,11,Loyal Customers
CUST01950,70,6,5947.16,3,1,1,5,Regular
CUST04789,70,9,9682.9,3,2,2,7,Potential Loyalists
CUST00909,70,10,9617.72,3,3,2,8,Potential Loyalists
CUST02757,70,10,5421.22,3,3,1,7,Potential Loyalists
CUST03460,70,12,22462.43,3,4,5,12,Loyal Customers
CUST03948,70,9,15767.03,3,3,4,10,Loyal Customers
CUST04219,70,11,18035.24,3,4,4,11,Loyal Customers
CUST01080,70,9,6821.28,3,2,1,6,Regular
CUST04974,70,7,8666.05,3,1,1,5,Regular
CUST03364,70,9,8250.14,3,2,1,6,Regular
CUST03695,70,10,11285.02,3,3,2,8,Potential Loyalists
CUST01385,70,7,11466.36,3,1,2,6,Regular
CUST01507,70,7,11381.72,3,1,2,6,Regular
CUST04659,69,10,10596.07,3,3,2,8,Potential Loyalists
CUST03872,69,5,4186.3,3,1,1,5,Regular
CUST04023,69,9,13526.52,3,2,3,8,Potential Loyalists
CUST00910,69,13,17752.81,3,5,4,12,Loyal Customers
CUST02740,69,12,20507.34,3,4,5,12,Loyal Customers
CUST04292,69,13,15287.19,3,5,4,12,Loyal Customers
CUST03584,69,7,7844.33,3,1,1,5,Regular
CUST02253,69,14,18955.51,3,5,5,13,Champions
CUST01074,69,12,13692.94,3,4,3,10,Loyal Customers
CUST01667,69,7,9461.04,3,1,2,6,Regular
CUST04215,69,8,11439.0,3,2,2,7,Potential Loyalists
CUST04308,69,4,5910.17,3,1,1,5,Regular
CUST00026,69,7,7825.52,3,1,1,5,Regular
CUST00666,69,9,12049.17,3,3,3,9,Potential Loyalists
CUST04152,69,11,17200.72,3,4,4,11,Loyal Customers
CUST01283,69,8,11538.08,3,2,2,7,Potential Loyalists
CUST02013,69,10,14858.11,3,3,4,10,Loyal Customers
CUST04951,69,16,25225.38,3,5,5,13,Champions
CUST00900,68,9,9028.43,3,2,2,7,Potential Loyalists
CUST00290,68,8,15407.54,3,2,4,9,Potential Loyalists
CUST02518,68,11,16415.91,3,4,4,11,Loyal Customers
CUST03358,68,10,11348.99,3,3,2,8,Potential Loyalists
CUST02963,68,15,26971.46,3,5,5,13,Champions
CUST03115,68,10,13148.87,3,3,3,9,Potential Loyalists
CUST00192,68,16,23094.54,3,5,5,13,Champions
CUST03832,68,16,15889.66,3,5,4,12,Loyal Customers
CUST04845,68,11,10573.81,3,4,2,9,Potential Loyalists
CUST04102,68,11,13422.27,3,4,3,10,Loyal Customers
CUST03754,68,7,9132.29,3,1,2,6,Regular
CUST02268,68,9,13665.87,3,2,3,8,Potential Loyalists
CUST03425,68,7,9113.26,3,1,2,6,Regular
CUST00274,68,12,15419.29,3,4,4,11,Loyal Customers
CUST02924,68,11,17739.8,3,3,4,10,Loyal Customers
CUST01519,68,12,15813.24,3,4,4,11,Loyal Customers
CUST03084,68,7,11459.24,3,1,2,6,Regular
CUST04742,68,7,9903.62,3,1,2,6,Regular
CUST02562,68,8,11316.74,3,2,2,7,Potential Loyalists
CUST03289,68,11,20145.86,3,4,5,12,Loyal Customers
CUST02908,68,9,13019.46,3,2,3,8,Potential Loyalists
CUST02960,68,12,20379.04,3,4,5,12,Loyal Customers
CUST04552,68,16,14297.79,3,5,3,11,Loyal Customers
CUST03201,68,16,25598.25,3,5,5,13,Champions
CUST04295,68,6,3880.12,3,1,1,5,Regular
CUST01199,68,8,8170.53,3,2,1,6,Regular
CUST04723,68,10,12870.46,3,3,3,9,Potential Loyalists
CUST03816,68,11,11119.03,3,4,2,9,Potential Loyalists
CUST02036,68,13,15267.94,3,5,4,12,Loyal Customers
CUST01738,68,4,5205.68,3,1,1,5,Regular
CUST04206,68,14,10040.14,3,5,2,10,Loyal Customers
CUST02190,67,7,10771.53,3,1,2,6,Regular
CUST01142,67,15,19846.41,3,5,5,13,Champions
CUST02002,67,13,24807.03,3,4,5,12,Loyal Customers
CUST02914,67,8,9970.95,3,2,2,7,Potential Loyalists
CUST00249,67,10,13723.09,3,3,3,9,Potential Loyalists
CUST04186,67,9,14189.49,3,2,3,8,Potential Loyalists
CUST04085,67,8,12031.27,3,2,3,8,Potential Loyalists
CUST03540,67,12,16004.45,3,4,4,11,Loyal Customers
CUST01003,67,9,14528.55,3,3,3,9,Potential Loyalists
CUST00458,67,12,18486.22,3,4,5,12,Loyal Customers
CUST04768,67,11,11340.84,3,4,2,9,Potential Loyalists
CUST00928,67,11,14029.49,3,4,3,10,Loyal Customers
CUST01133,67,10,17277.59,3,3,4,10,Loyal Customers
CUST01836,67,5,10058.24,3,1,2,6,Regular
CUST00508,67,11,12930.91,3,4,3,10,Loyal Customers
CUST04435,67,8,19032.81,3,2,5,10,Loyal Customers
CUST01408,67,10,16547.24,3,3,4,10,Loyal Customers
CUST02064,67,16,25715.71,3,5,5,13,Champions
CUST03713,67,12,10490.17,3,4,2,9,Potential Loyalists
CUST00209,66,7,12595.61,3,2,3,8,Potential Loyalists
CUST03791,66,10,12402.13,3,3,3,9,Potential Loyalists
CUST02269,66,4,3196.94,3,1,1,5,Regular
CUST01404,66,12,16768.3,3,4,4,11,Loyal Customers
CUST03808,66,12,20547.75,3,4,5,12,Loyal Customers
CUST04884,66,17,23616.21,3,5,5,13,Champions
CUST04311,66,8,8009.94,3,2,1,6,Regular
CUST03144,66,10,8625.64,3,3,1,7,Potential Loyalists
CUST00958,66,6,8514.68,3,1,1,5,Regular
CUST03733,66,8,12021.99,3,2,3,8,Potential Loyalists
CUST02420,66,9,13566.92,3,2,3,8,Potential Loyalists
CUST00851,66,10,9480.11,3,3,2,8,Potential Loyalists
CUST02390,66,12,23636.48,3,4,5,12,Loyal Customers
CUST04700,66,5,8370.78,3,1,1,5,Regular
CUST01076,66,7,9352.38,3,1,2,6,Regular
CUST00369,66,8,12417.63,3,2,3,8,Potential Loyalists
CUST00137,66,10,16597.85,3,3,4,10,Loyal Customers
CUST00903,66,6,4801.03,3,1,1,5,Regular
CUST00080,66,16,24728.51,3,5,5,13,Champions
CUST02107,66,16,29954.58,3,5,5,13,Champions
CUST02119,66,8,12629.68,3,2,3,8,Potential Loyalists
CUST01858,66,15,23191.93,3,5,5,13,Champions
CUST00261,66,5,6119.6,3,1,1,5,Regular
CUST01798,66,7,5940.83,3,1,1,5,Regular
CUST02499,65,11,7413.96,3,4,1,8,Potential Loyalists
CUST04149,65,7,9932.04,3,1,2,6,Regular
CUST01918,65,11,13265.99,3,4,3,10,Loyal Customers
CUST01147,65,9,13729.43,3,2,3,8,Potential Loyalists
CUST02494,65,11,14375.41,3,4,3,10,Loyal Customers
CUST01375,65,11,10457.33,3,4,2,9,Potential Loyalists
CUST01173,65,11,17332.5,3,4,4,11,Loyal Customers
CUST02886,65,12,14889.61,3,4,4,11,Loyal Customers
CUST04521,65,12,16575.28,3,4,4,11,Loyal Customers
CUST03063,65,12,9529.42,3,4,2,9,Potential Loyalists
CUST00815,65,7,11623.29,3,1,2,6,Regular
CUST00554,65,7,8293.56,3,1,1,5,Regular
CUST03763,65,8,11422.32,3,2,2,7,Potential Loyalists
CUST02912,65,7,6084.01,3,1,1,5,Regular
CUST00525,65,10,17585.44,3,3,4,10,Loyal Customers
CUST01588,65,12,13954.05,3,4,3,10,Loyal Customers
CUST02750,65,9,8126.29,3,2,1,6,Regular
CUST03988,65,10,16015.24,3,3,4,10,Loyal Customers
CUST00505,65,13,16783.28,3,5,4,12,Loyal Customers
CUST02602,65,8,13771.88,3,2,3,8,Potential Loyalists
CUST03337,65,14,16027.16,3,5,4,12,Loyal Customers
CUST04712,65,9,18620.42,3,2,5,10,Loyal Customers
CUST01605,65,15,21195.81,3,5,5,13,Champions
CUST02606,65,16,28190.41,3,5,5,13,Champions
CUST01497,65,16,23531.43,3,5,5,13,Champions
CUST04515,65,7,10211.55,3,2,2,7,Potential Loyalists
CUST00007,64,10,13486.72,3,3,3,9,Potential Loyalists
CUST03980,64,6,8029.42,3,1,1,5,Regular
CUST02791,64,13,14993.42,3,5,4,12,Loyal Customers
CUST00879,64,13,16082.85,3,5,4,12,Loyal Customers
CUST00822,64,13,20311.07,3,4,5,12,Loyal Customers
CUST00113,64,12,12813.03,3,4,3,10,Loyal Customers
CUST02717,64,8,9637.09,3,2,2,7,Potential Loyalists
CUST00431,64,9,7752.33,3,2,1,6,Regular
CUST03010,64,4,6415.28,3,1,1,5,Regular
CUST04612,64,9,13356.47,3,2,3,8,Potential Loyalists
CUST02729,64,12,13446.58,3,4,3,10,Loyal Customers
CUST00526,64,7,8064.16,3,1,1,5,Regular
CUST03809,64,10,8230.59,3,3,1,7,Potential Loyalists
CUST04791,64,8,9493.26,3,2,2,7,Potential Loyalists
CUST04544,64,9,7110.19,3,2,1,6,Regular
CUST00308,64,8,11385.39,3,2,2,7,Potential Loyalists
CUST00276,63,13,13414.45,3,5,3,11,Loyal Customers
CUST02811,63,9,15444.38,3,3,4,10,Loyal Customers
CUST01046,63,9,4884.84,3,3,1,7,Potential Loyalists
CUST01760,63,9,12113.74,3,3,3,9,Potential Loyalists
CUST02970,63,9,12190.21,3,3,3,9,Potential Loyalists
CUST03617,63,8,10024.89,3,2,2,7,Potential Loyalists
CUST03702,63,10,12789.37,3,3,3,9,Potential Loyalists
CUST02403,63,8,19002.95,3,2,5,10,Loyal Customers
CUST00363,63,10,13963.69,3,3,3,9,Potential Loyalists
CUST03854,63,8,17854.56,3,2,4,9,Potential Loyalists
CUST00811,63,8,14460.56,3,2,3,8,Potential Loyalists
CUST02382,63,11,22311.87,3,4,5,12,Loyal Customers
CUST03887,63,7,5181.85,3,2,1,6,Regular
CUST04099,63,7,7181.65,3,2,1,6,Regular
CUST03625,63,11,15785.36,3,4,4,11,Loyal Customers
CUST03468,63,7,13163.12,3,1,3,7,Potential Loyalists
CUST00798,63,13,17682.59,3,5,4,12,Loyal Customers
CUST01427,63,13,14869.09,3,5,4,12,Loyal Customers
CUST04156,63,13,14339.63,3,5,3,11,Loyal Customers
CUST00373,63,13,13857.45,3,5,3,11,Loyal Customers
CUST03965,63,6,7661.22,3,1,1,5,Regular
CUST02933,63,14,17099.74,3,5,4,12,Loyal Customers
CUST04689,63,15,18926.3,3,5,5,13,Champions
CUST01495,63,15,23735.03,3,5,5,13,Champions
CUST02313,63,16,36447.42,3,5,5,13,Champions
CUST03374,63,17,17797.71,3,5,4,12,Loyal Customers
CUST03606,63,18,42239.44,3,5,5,13,Champions
CUST01506,63,9,17222.91,3,2,4,9,Potential Loyalists
CUST03643,62,13,12178.34,3,5,3,11,Loyal Customers
CUST02584,62,5,4987.55,3,1,1,5,Regular
CUST04765,62,11,8473.84,3,4,1,8,Potential Loyalists
CUST03707,62,18,26561.16,3,5,5,13,Champions
CUST01736,62,18,24763.02,3,5,5,13,Champions
CUST02897,62,10,9099.32,3,3,2,8,Potential Loyalists
CUST03626,62,18,29964.33,3,5,5,13,Champions
CUST02919,62,9,11264.4,3,3,2,8,Potential Loyalists
CUST02363,62,8,16714.54,3,2,4,9,Potential Loyalists
CUST04017,62,16,19283.1,3,5,5,13,Champions
CUST01471,62,16,15042.39,3,5,4,12,Loyal Customers
CUST03083,62,10,10811.28,3,3,2,8,Potential Loyalists
CUST00384,62,9,9213.24,3,2,2,7,Potential Loyalists
CUST04005,62,11,14392.08,3,4,3,10,Loyal Customers
CUST02457,62,9,17293.42,3,2,4,9,Potential Loyalists
CUST00304,62,12,16657.85,3,4,4,11,Loyal Customers
CUST01172,62,7,6640.86,3,1,1,5,Regular
CUST02996,62,11,20943.78,3,4,5,12,Loyal Customers
CUST04403,62,8,6050.72,3,2,1,6,Regular
CUST00842,62,8,11832.73,3,2,2,7,Potential Loyalists
CUST00518,62,14,12796.12,3,5,3,11,Loyal Customers
CUST03805,62,7,4074.2,3,1,1,5,Regular
CUST02863,62,12,14272.78,3,4,3,10,Loyal Customers
CUST02447,62,5,6760.56,3,1,1,5,Regular
CUST02385,62,14,13176.11,3,5,3,11,Loyal Customers
CUST02145,62,14,23602.12,3,5,5,13,Champions
CUST03080,62,13,12107.72,3,4,3,10,Loyal Customers
CUST04366,62,13,20862.55,3,5,5,13,Champions
CUST00673,62,11,14076.27,3,4,3,10,Loyal Customers
CUST04063,62,12,13107.84,3,4,3,10,Loyal Customers
CUST03583,61,7,9967.68,3,1,2,6,Regular
CUST02547,61,19,21377.26,3,5,5,13,Champions
CUST03286,61,16,20545.83,3,5,5,13,Champions
CUST04287,61,7,13160.36,3,1,3,7,Potential Loyalists
CUST03958,61,11,12748.64,3,4,3,10,Loyal Customers
CUST00438,61,20,26829.81,3,5,5,13,Champions
CUST02159,61,12,12949.85,3,4,3,10,Loyal Customers
CUST03467,61,12,21192.46,3,4,5,12,Loyal Customers
CUST03497,61,7,8945.99,3,1,2,6,Regular
CUST01604,61,10,12235.82,3,3,3,9,Potential Loyalists
CUST02416,61,9,15675.21,3,3,4,10,Loyal Customers
CUST01455,61,11,13116.99,3,4,3,10,Loyal Customers
CUST00991,61,7,12799.87,3,2,3,8,Potential Loyalists
CUST04029,61,12,8692.44,3,4,1,8,Potential Loyalists
CUST02326,61,11,14297.61,3,4,3,10,Loyal Customers
CUST04725,61,13,18775.96,3,5,5,13,Champions
CUST03279,61,11,10809.06,3,3,2,8,Potential Loyalists
CUST00964,61,19,26389.15,3,5,5,13,Champions
CUST04179,61,11,15831.05,3,4,4,11,Loyal Customers
CUST01793,61,14,27770.65,3,5,5,13,Champions
CUST00452,61,12,19043.12,3,4,5,12,Loyal Customers
CUST02238,61,7,8025.92,3,1,1,5,Regular
CUST00139,61,13,17943.37,3,4,4,11,Loyal Customers
CUST04276,61,14,26767.45,3,5,5,13,Champions
CUST03999,61,15,17835.51,3,5,4,12,Loyal Customers
CUST03582,61,7,12063.59,3,2,3,8,Potential Loyalists
CUST03182,61,13,17748.17,3,5,4,12,Loyal Customers
CUST04918,60,8,15126.71,3,2,4,9,Potential Loyalists
CUST04198,60,17,21419.11,3,5,5,13,Champions
CUST03088,60,7,8724.08,3,1,1,5,Regular
CUST04982,60,11,13557.29,3,4,3,10,Loyal Customers
CUST00362,60,9,10418.89,3,3,2,8,Potential Loyalists
CUST01943,60,10,11314.76,3,3,2,8,Potential Loyalists
CUST00349,60,8,10218.34,3,2,2,7,Potential Loyalists
CUST00621,60,7,15287.87,3,1,4,8,Potential Loyalists
CUST03769,60,6,5703.82,3,1,1,5,Regular
CUST00407,60,12,19091.77,3,4,5,12,Loyal Customers
CUST02040,60,9,12066.85,3,3,3,9,Potential Loyalists
CUST03940,60,8,10843.43,3,2,2,7,Potential Loyalists
CUST02321,60,14,20994.92,3,5,5,13,Champions
CUST03978,60,12,14924.55,3,4,4,11,Loyal Customers
CUST01902,60,16,17611.54,3,5,4,12,Loyal Customers
CUST01645,60,7,8972.04,3,1,2,6,Regular
CUST02876,60,10,8267.23,3,3,1,7,Potential Loyalists
CUST01343,60,11,16309.35,3,3,4,10,Loyal Customers
CUST04461,60,13,25592.12,3,5,5,13,Champions
CUST01718,60,8,7001.42,3,2,1,6,Regular
CUST03015,60,10,12574.97,3,3,3,9,Potential Loyalists
CUST00120,60,9,13565.87,3,2,3,8,Potential Loyalists
CUST01502,60,8,13251.85,3,2,3,8,Potential Loyalists
CUST00606,60,15,22590.08,3,5,5,13,Champions
CUST03889,60,11,12909.17,3,4,3,10,Loyal Customers
CUST04355,60,11,17059.14,3,4,4,11,Loyal Customers
CUST03727,60,15,19445.72,3,5,5,13,Champions
CUST02847,60,12,9025.27,3,4,2,9,Potential Loyalists
CUST00875,60,10,12586.99,3,3,3,9,Potential Loyalists
CUST03772,60,8,13774.76,3,2,3,8,Potential Loyalists
CUST01334,60,12,19391.53,3,4,5,12,Loyal Customers
CUST01949,59,7,11516.49,3,1,2,6,Regular
CUST02873,59,5,3090.52,3,1,1,5,Regular
CUST03093,59,11,17011.02,3,4,4,11,Loyal Customers
CUST01092,59,13,21722.31,3,5,5,13,Champions
CUST00129,59,7,13994.97,3,2,3,8,Potential Loyalists
CUST00270,59,13,13878.91,3,4,3,10,Loyal Customers
CUST03556,59,13,16837.62,3,4,4,11,Loyal Customers
CUST00637,59,7,12386.16,3,2,3,8,Potential Loyalists
CUST01492,59,11,11533.74,3,4,2,9,Potential Loyalists
CUST02183,59,8,15010.3,3,2,4,9,Potential Loyalists
CUST03408,59,11,15007.11,3,4,4,11,Loyal Customers
CUST04859,59,15,21757.74,3,5,5,13,Champions
CUST00331,59,14,15606.08,3,5,4,12,Loyal Customers
CUST04286,59,9,9843.81,3,2,2,7,Potential Loyalists
CUST04450,59,5,7164.61,3,1,1,5,Regular
CUST03293,59,10,13118.22,3,3,3,9,Potential Loyalists
CUST04377,59,13,11679.19,3,5,2,10,Loyal Customers
CUST02901,59,14,19424.74,3,5,5,13,Champions
CUST04046,59,5,5152.57,3,1,1,5,Regular
CUST01790,59,18,22199.01,3,5,5,13,Champions
CUST01090,59,5,5387.12,3,1,1,5,Regular
CUST04803,59,9,14381.11,3,3,3,9,Potential Loyalists
CUST03946,59,9,8329.94,3,2,1,6,Regular
CUST00086,59,13,18055.03,3,5,4,12,Loyal Customers
CUST01409,59,7,11767.57,3,1,2,6,Regular
CUST02108,59,10,19138.39,3,3,5,11,Loyal Customers
CUST02378,59,14,13151.37,3,5,3,11,Loyal Customers
CUST02158,59,11,16710.88,3,4,4,11,Loyal Customers
CUST04785,59,15,26941.66,3,5,5,13,Champions
CUST03653,59,9,17856.67,3,2,4,9,Potential Loyalists
CUST01434,59,16,20261.33,3,5,5,13,Champions
CUST03327,59,10,11430.91,3,3,2,8,Potential Loyalists
CUST04541,59,6,7166.33,3,1,1,5,Regular
CUST01542,59,12,20862.17,3,4,5,12,Loyal Customers
CUST00872,59,16,27235.57,3,5,5,13,Champions
CUST01373,59,13,22197.82,3,5,5,13,Champions
CUST03680,59,6,7610.22,3,1,1,5,Regular
CUST04378,59,13,14941.36,3,5,4,12,Loyal Customers
CUST04041,59,9,9873.83,3,2,2,7,Potential Loyalists
CUST00549,59,10,13800.47,3,3,3,9,Potential Loyalists
CUST04205,59,13,18377.5,3,5,5,13,Champions
CUST01029,59,12,26199.87,3,4,5,12,Loyal Customers
CUST03995,59,10,14594.21,3,3,4,10,Loyal Customers
CUST01468,59,17,15425.68,3,5,4,12,Loyal Customers
CUST02393,58,7,12939.62,3,1,3,7,Potential Loyalists
CUST00680,58,9,11801.37,3,3,2,8,Potential Loyalists
CUST03054,58,9,6541.73,3,2,1,6,Regular
CUST02527,58,7,4732.99,3,1,1,5,Regular
CUST02308,58,15,17222.39,3,5,4,12,Loyal Customers
CUST03414,58,11,11755.34,3,4,2,9,Potential Loyalists
CUST00859,58,7,6916.11,3,2,1,6,Regular
CUST01827,58,14,14224.34,3,5,3,11,Loyal Customers
CUST04294,58,7,8297.49,3,1,1,5,Regular
CUST03493,58,12,23208.84,3,4,5,12,Loyal Customers
CUST02749,58,7,6812.09,3,1,1,5,Regular
CUST03900,58,10,15015.03,3,3,4,10,Loyal Customers
CUST00486,58,10,11752.91,3,3,2,8,Potential Loyalists
CUST00702,58,6,3103.19,3,1,1,5,Regular
CUST01313,58,12,16855.97,3,4,4,11,Loyal Customers
CUST02685,58,10,11296.12,3,3,2,8,Potential Loyalists
CUST01137,58,8,14338.0,3,2,3,8,Potential Loyalists
CUST01745,58,10,24176.3,3,3,5,11,Loyal Customers
CUST04863,58,11,19665.92,3,4,5,12,Loyal Customers
CUST01940,58,8,9332.09,3,2,2,7,Potential Loyalists
CUST01697,58,15,21530.69,3,5,5,13,Champions
CUST04690,58,7,5866.06,3,1,1,5,Regular
CUST00040,58,13,16311.97,3,5,4,12,Loyal Customers
CUST04903,58,10,17060.22,3,3,4,10,Loyal Customers
CUST00968,58,6,7567.32,3,1,1,5,Regular
CUST03996,58,6,12486.18,3,1,3,7,Potential Loyalists
CUST00719,58,17,28394.24,3,5,5,13,Champions
CUST01956,58,14,22515.04,3,5,5,13,Champions
CUST04016,58,14,17796.03,3,5,4,12,Loyal Customers
CUST00153,57,9,10640.23,3,3,2,8,Potential Loyalists
CUST03434,57,6,10824.61,3,1,2,6,Regular
CUST01743,57,6,5978.45,3,1,1,5,Regular
CUST00334,57,10,12885.62,3,3,3,9,Potential Loyalists
CUST01623,57,9,11833.5,3,3,2,8,Potential Loyalists
CUST02336,57,17,15987.9,3,5,4,12,Loyal Customers
CUST00221,57,7,13753.01,3,1,3,7,Potential Loyalists
CUST03474,57,7,6421.02,3,1,1,5,Regular
CUST02042,57,8,8361.35,3,2,1,6,Regular
CUST00022,57,10,15598.5,3,3,4,10,Loyal Customers
CUST04432,57,16,15912.81,3,5,4,12,Loyal Customers
CUST04738,57,12,15095.23,3,4,4,11,Loyal Customers
CUST01844,57,12,12651.03,3,4,3,10,Loyal Customers
CUST00223,57,10,17872.0,3,3,4,10,Loyal Customers
CUST03536,57,7,9395.55,3,1,2,6,Regular
CUST01392,57,10,18223.04,3,3,5,11,Loyal Customers
CUST02053,57,14,17917.88,3,5,4,12,Loyal Customers
CUST00921,57,11,15821.29,3,4,4,11,Loyal Customers
CUST01179,57,5,6150.51,3,1,1,5,Regular
CUST01472,57,10,25573.55,3,3,5,11,Loyal Customers
CUST03919,57,10,9738.56,3,3,2,8,Potential Loyalists
CUST04766,57,7,9757.42,3,1,2,6,Regular
CUST02730,57,10,9679.63,3,3,2,8,Potential Loyalists
CUST04755,57,11,13074.83,3,4,3,10,Loyal Customers
CUST01251,57,9,9380.18,3,2,2,7,Potential Loyalists
CUST02638,57,9,13580.52,3,2,3,8,Potential Loyalists
CUST01054,57,8,15176.36,3,2,4,9,Potential Loyalists
CUST01775,57,11,15133.6,3,4,4,11,Loyal Customers
CUST00322,57,9,9215.27,3,2,2,7,Potential Loyalists
CUST03355,57,8,12682.04,3,2,3,8,Potential Loyalists
CUST01597,57,10,9072.54,3,3,2,8,Potential Loyalists
CUST02401,56,11,9197.24,3,4,2,9,Potential Loyalists
CUST02788,56,9,12925.76,3,2,3,8,Potential Loyalists
CUST00962,56,13,19605.5,3,5,5,13,Champions
CUST03788,56,4,2727.06,3,1,1,5,Regular
CUST02024,56,12,19223.97,3,4,5,12,Loyal Customers
CUST04998,56,13,17468.2,3,5,4,12,Loyal Customers
CUST02276,56,8,13832.95,3,2,3,8,Potential Loyalists
CUST00309,56,5,5600.16,3,1,1,5,Regular
CUST03623,56,14,16968.14,3,5,4,12,Loyal Customers
CUST02386,56,9,8427.88,3,2,1,6,Regular
CUST01928,56,12,19045.26,3,4,5,12,Loyal Customers
CUST01390,56,9,12570.12,3,3,3,9,Potential Loyalists
CUST04543,56,7,10157.47,3,2,2,7,Potential Loyalists
CUST00185,56,9,12067.43,3,3,3,9,Potential Loyalists
CUST01028,56,7,12003.55,3,2,3,8,Potential Loyalists
CUST04559,56,10,8587.45,3,3,1,7,Potential Loyalists
CUST03082,56,10,13461.93,3,3,3,9,Potential Loyalists
CUST03165,56,16,13554.78,3,5,3,11,Loyal Customers
CUST02798,56,8,9585.21,3,2,2,7,Potential Loyalists
CUST04400,56,13,14925.92,3,4,4,11,Loyal Customers
CUST04300,56,13,19541.46,3,5,5,13,Champions
CUST04124,56,11,18922.73,3,4,5,12,Loyal Customers
CUST04692,56,14,25281.18,3,5,5,13,Champions
CUST03419,56,10,9947.34,3,3,2,8,Potential Loyalists
CUST04793,56,13,16381.56,3,5,4,12,Loyal Customers
CUST01169,56,9,12222.38,3,3,3,9,Potential Loyalists
CUST02976,56,6,10738.44,3,1,2,6,Regular
CUST00612,56,11,12109.82,3,4,3,10,Loyal Customers
CUST04307,56,11,21307.2,3,4,5,12,Loyal Customers
CUST01048,56,4,6894.96,3,1,1,5,Regular
CUST04684,56,9,20826.12,3,2,5,10,Loyal Customers
CUST00248,55,8,4410.93,3,2,1,6,Regular
CUST04501,55,14,11991.79,3,5,3,11,Loyal Customers
CUST02959,55,8,7254.18,3,2,1,6,Regular
CUST01700,55,6,10030.05,3,1,2,6,Regular
CUST01108,55,9,11332.13,3,3,2,8,Potential Loyalists
CUST02075,55,8,12853.4,3,2,3,8,Potential Loyalists
CUST02896,55,12,19417.48,3,4,5,12,Loyal Customers
CUST02496,55,6,2915.09,3,1,1,5,Regular
CUST02718,55,8,11723.02,3,2,2,7,Potential Loyalists
CUST00759,55,6,4275.14,3,1,1,5,Regular
CUST02451,55,15,16091.21,3,5,4,12,Loyal Customers
CUST03332,55,11,13716.32,3,4,3,10,Loyal Customers
CUST00099,55,9,12868.74,3,2,3,8,Potential Loyalists
CUST01101,55,14,22353.92,3,5,5,13,Champions
CUST02359,55,9,10043.62,3,2,2,7,Potential Loyalists
CUST00001,55,11,14304.51,3,4,3,10,Loyal Customers
CUST04860,55,13,24563.01,3,5,5,13,Champions
CUST04106,55,10,16939.35,3,3,4,10,Loyal Customers
CUST03132,55,10,12103.54,3,3,3,9,Potential Loyalists
CUST04808,55,10,7601.43,3,3,1,7,Potential Loyalists
CUST00394,55,10,15785.54,3,3,4,10,Loyal Customers
CUST00364,55,12,23552.08,3,4,5,12,Loyal Customers
CUST02219,55,11,14302.92,3,4,3,10,Loyal Customers
CUST01930,55,10,11583.28,3,3,2,8,Potential Loyalists
CUST01741,55,12,17858.55,3,4,4,11,Loyal Customers
CUST00893,55,7,10796.93,3,1,2,6,Regular
CUST04092,55,14,15836.23,3,5,4,12,Loyal Customers
CUST04101,54,13,16252.03,3,4,4,11,Loyal Customers
CUST00650,54,13,21567.23,3,5,5,13,Champions
CUST02893,54,6,2427.84,3,1,1,5,Regular
CUST03953,54,15,25908.99,3,5,5,13,Champions
CUST04686,54,11,11474.14,3,4,2,9,Potential Loyalists
CUST01540,54,7,4817.86,3,1,1,5,Regular
CUST02327,54,10,12774.5,3,3,3,9,Potential Loyalists
CUST02140,54,10,13854.29,3,3,3,9,Potential Loyalists
CUST01673,54,11,19690.16,3,4,5,12,Loyal Customers
CUST01345,54,10,14218.96,3,3,3,9,Potential Loyalists
CUST00053,54,13,17979.0,3,5,4,12,Loyal Customers
CUST03620,54,6,7578.36,3,1,1,5,Regular
CUST02023,54,10,12706.8,3,3,3,9,Potential Loyalists
CUST04312,54,10,13951.89,3,3,3,9,Potential Loyalists
CUST04326,54,9,5022.17,3,3,1,7,Potential Loyalists
CUST02037,54,17,24757.91,3,5,5,13,Champions
CUST03117,54,11,19696.3,3,4,5,12,Loyal Customers
CUST01974,54,10,10572.26,3,3,2,8,Potential Loyalists
CUST03044,54,15,20198.42,3,5,5,13,Champions
CUST04911,54,10,14988.24,3,3,4,10,Loyal Customers
CUST04278,54,14,19497.99,3,5,5,13,Champions
CUST01450,54,13,19205.0,3,5,5,13,Champions
CUST03099,54,5,10173.27,3,1,2,6,Regular
CUST01633,54,10,11693.57,3,3,2,8,Potential Loyalists
CUST04368,54,13,40931.93,3,5,5,13,Champions
CUST03986,54,10,13491.15,3,3,3,9,Potential Loyalists
CUST04504,54,8,7590.41,3,2,1,6,Regular
CUST01129,54,12,13446.57,3,4,3,10,Loyal Customers
CUST01884,53,9,15321.26,3,3,4,10,Loyal Customers
CUST02197,53,10,9566.76,3,3,2,8,Potential Loyalists
CUST01545,53,9,13983.76,3,2,3,8,Potential Loyalists
CUST00411,53,10,13116.5,3,3,3,9,Potential Loyalists
CUST00676,53,9,7359.94,3,2,1,6,Regular
CUST02038,53,7,8391.17,3,1,1,5,Regular
CUST04437,53,12,16828.85,3,4,4,11,Loyal Customers
CUST04140,53,8,9327.51,3,2,2,7,Potential Loyalists
CUST00190,53,11,14934.13,3,4,4,11,Loyal Customers
CUST03389,53,13,17545.82,3,5,4,12,Loyal Customers
CUST02028,53,12,19648.9,3,4,5,12,Loyal Customers
CUST00469,53,15,16113.51,3,5,4,12,Loyal Customers
CUST01060,53,10,15611.57,3,3,4,10,Loyal Customers
CUST00570,53,12,15770.11,3,4,4,11,Loyal Customers
CUST03552,53,10,16274.54,3,3,4,10,Loyal Customers
CUST04652,53,15,19973.47,3,5,5,13,Champions
CUST02074,53,14,26196.91,3,5,5,13,Champions
CUST03662,53,7,7208.9,3,2,1,6,Regular
CUST01679,53,9,16845.89,3,2,4,9,Potential Loyalists
CUST04054,53,14,21810.76,3,5,5,13,Champions
CUST02957,53,11,11693.29,3,4,2,9,Potential Loyalists
CUST00226,53,15,21125.9,3,5,5,13,Champions
CUST02091,53,12,12593.18,3,4,3,10,Loyal Customers
CUST02883,53,8,15057.45,3,2,4,9,Potential Loyalists
CUST03233,53,10,11458.2,3,3,2,8,Potential Loyalists
CUST01812,53,14,16008.51,3,5,4,12,Loyal Customers
CUST00144,53,6,4869.9,3,1,1,5,Regular
CUST03241,53,9,13891.21,3,2,3,8,Potential Loyalists
CUST01999,53,11,12911.11,3,4,3,10,Loyal Customers
CUST04284,53,11,25842.62,3,4,5,12,Loyal Customers
CUST02601,53,5,9777.13,3,1,2,6,Regular
CUST04905,53,9,17086.34,3,2,4,9,Potential Loyalists
CUST03765,53,8,10677.64,3,2,2,7,Potential Loyalists
CUST04441,53,11,9444.59,3,4,2,9,Potential Loyalists
CUST01916,53,12,12867.4,3,4,3,10,Loyal Customers
CUST02148,53,15,26278.78,3,5,5,13,Champions
CUST00067,53,10,19059.97,3,3,5,11,Loyal Customers
CUST02824,53,10,13379.4,3,3,3,9,Potential Loyalists
CUST04371,53,8,6908.3,3,2,1,6,Regular
CUST01585,53,11,13860.32,3,4,3,10,Loyal Customers
CUST00861,52,9,10258.05,3,2,2,7,Potential Loyalists
CUST01696,52,9,15460.79,3,3,4,10,Loyal Customers
CUST01411,52,15,19898.23,3,5,5,13,Champions
CUST04873,52,7,8570.39,3,1,1,5,Regular
CUST02256,52,5,7507.11,3,1,1,5,Regular
CUST01281,52,13,15692.71,3,5,4,12,Loyal Customers
CUST02769,52,14,15126.2,3,5,4,12,Loyal Customers
CUST00769,52,11,14218.74,3,4,3,10,Loyal Customers
CUST03407,52,9,13342.29,3,2,3,8,Potential Loyalists
CUST02127,52,15,26333.39,3,5,5,13,Champions
CUST03621,52,13,16656.66,3,5,4,12,Loyal Customers
CUST01636,52,10,18087.49,3,3,4,10,Loyal Customers
CUST04943,52,10,20924.09,3,3,5,11,Loyal Customers
CUST00541,52,9,17328.43,3,2,4,9,Potential Loyalists
CUST04564,52,10,14742.7,3,3,4,10,Loyal Customers
CUST03354,52,13,25729.11,3,5,5,13,Champions
CUST00767,52,13,18423.98,3,5,5,13,Champions
CUST00134,52,8,12045.64,3,2,3,8,Potential Loyalists
CUST03679,52,6,9371.69,3,1,2,6,Regular
CUST04964,52,7,11690.65,3,1,2,6,Regular
CUST03844,52,9,8505.69,3,2,1,6,Regular
CUST01701,52,6,10832.76,3,1,2,6,Regular
CUST04965,52,12,15256.18,3,4,4,11,Loyal Customers
CUST00946,52,9,8645.54,3,2,1,6,Regular
CUST01487,52,6,7298.9,3,1,1,5,Regular
CUST04885,52,17,25829.09,3,5,5,13,Champions
CUST02689,52,6,7411.92,3,1,1,5,Regular
CUST04895,52,3,6254.5,3,1,1,5,Regular
CUST04807,52,11,17310.18,3,4,4,11,Loyal Customers
CUST02808,52,9,16885.18,3,2,4,9,Potential Loyalists
CUST01474,52,12,17731.95,3,4,4,11,Loyal Customers
CUST04322,52,10,12749.33,3,3,3,9,Potential Loyalists
CUST01680,52,8,11103.04,3,2,2,7,Potential Loyalists
CUST02576,52,11,17990.57,3,4,4,11,Loyal Customers
CUST02994,52,9,12498.05,3,3,3,9,Potential Loyalists
CUST03628,52,6,7835.94,3,1,1,5,Regular
CUST04335,52,9,5198.46,3,3,1,7,Potential Loyalists
CUST02347,51,12,10009.36,3,4,2,9,Potential Loyalists
CUST04007,51,9,8365.34,3,2,1,6,Regular
CUST04244,51,10,12609.21,3,3,3,9,Potential Loyalists
CUST02440,51,11,17935.5,3,3,4,10,Loyal Customers
CUST00982,51,7,5110.65,3,2,1,6,Regular
CUST01354,51,11,13435.33,3,4,3,10,Loyal Customers
CUST01553,51,21,37120.86,3,5,5,13,Champions
CUST04380,51,9,17191.07,3,2,4,9,Potential Loyalists
CUST03294,51,13,22481.24,3,5,5,13,Champions
CUST00761,51,14,13344.88,3,5,3,11,Loyal Customers
CUST04505,51,9,12169.26,3,3,3,9,Potential Loyalists
CUST00312,51,12,18731.33,3,4,5,12,Loyal Customers
CUST02670,51,13,17293.75,3,5,4,12,Loyal Customers
CUST03520,51,14,17944.5,3,5,4,12,Loyal Customers
CUST00520,51,7,13059.28,3,1,3,7,Potential Loyalists
CUST00409,51,10,13077.91,3,3,3,9,Potential Loyalists
CUST00755,51,10,13874.29,3,3,3,9,Potential Loyalists
CUST03798,51,12,18171.33,3,4,4,11,Loyal Customers
CUST02632,51,7,5891.13,3,1,1,5,Regular
CUST01865,51,7,10027.85,3,2,2,7,Potential Loyalists
CUST04258,51,8,17849.12,3,2,4,9,Potential Loyalists
CUST01783,51,12,12905.76,3,4,3,10,Loyal Customers
CUST00887,51,12,13839.68,3,4,3,10,Loyal Customers
CUST04329,51,9,12615.4,3,3,3,9,Potential Loyalists
CUST00132,51,10,13938.69,3,3,3,9,Potential Loyalists
CUST02872,51,7,7757.31,3,1,1,5,Regular
CUST00385,51,14,17675.17,3,5,4,12,Loyal Customers
CUST03330,51,15,23703.91,3,5,5,13,Champions
CUST00935,51,14,15968.1,3,5,4,12,Loyal Customers
CUST03658,51,14,21581.89,3,5,5,13,Champions
CUST01860,51,10,12968.62,3,3,3,9,Potential Loyalists
CUST00512,51,10,13998.73,3,3,3,9,Potential Loyalists
CUST01973,51,7,16142.7,3,1,4,8,Potential Loyalists
CUST04604,51,10,12144.71,3,3,3,9,Potential Loyalists
CUST01433,51,11,14576.84,3,4,3,10,Loyal Customers
CUST00591,51,10,13993.06,3,3,3,9,Potential Loyalists
CUST00829,50,12,15785.75,3,4,4,11,Loyal Customers
CUST02223,50,11,9217.95,3,4,2,9,Potential Loyalists
CUST03632,50,6,6972.27,3,1,1,5,Regular
CUST00992,50,13,18065.27,3,5,4,12,Loyal Customers
CUST03143,50,9,10498.83,3,3,2,8,Potential Loyalists
CUST04582,50,9,9749.13,3,2,2,7,Potential Loyalists
CUST03178,50,10,14678.7,3,3,4,10,Loyal Customers
CUST00320,50,7,11290.17,3,1,2,6,Regular
CUST03390,50,11,10513.37,3,4,2,9,Potential Loyalists
CUST03140,50,8,21691.59,3,2,5,10,Loyal Customers
CUST00883,50,15,21809.53,3,5,5,13,Champions
CUST03960,50,15,29293.48,3,5,5,13,Champions
CUST01875,50,13,15040.47,3,4,4,11,Loyal Customers
CUST04915,50,12,17590.94,3,4,4,11,Loyal Customers
CUST03345,50,9,13380.31,3,2,3,8,Potential Loyalists
CUST04469,50,8,7446.26,3,2,1,6,Regular
CUST00109,50,19,25925.72,3,5,5,13,Champions
CUST04994,50,15,21977.9,3,5,5,13,Champions
CUST02698,50,13,13352.58,3,5,3,11,Loyal Customers
CUST03650,50,13,20965.48,3,5,5,13,Champions
CUST00061,50,15,22387.29,3,5,5,13,Champions
CUST03684,50,11,10196.12,3,4,2,9,Potential Loyalists
CUST04537,50,6,3563.39,3,1,1,5,Regular
CUST03431,50,14,21998.6,3,5,5,13,Champions
CUST01359,50,7,14285.81,3,2,3,8,Potential Loyalists
CUST04257,50,9,12208.55,3,3,3,9,Potential Loyalists
CUST03048,50,11,10916.01,3,3,2,8,Potential Loyalists
CUST01582,50,10,15846.77,3,3,4,10,Loyal Customers
CUST00208,50,12,15673.67,3,4,4,11,Loyal Customers
CUST03722,50,17,25724.1,3,5,5,13,Champions
CUST00589,50,7,8938.16,3,1,2,6,Regular
CUST04597,49,5,8928.73,3,1,2,6,Regular
CUST04411,49,8,17314.95,3,2,4,9,Potential Loyalists
CUST02445,49,17,25531.89,3,5,5,13,Champions
CUST04114,49,16,22325.23,3,5,5,13,Champions
CUST04065,49,8,11609.57,3,2,2,7,Potential Loyalists
CUST00238,49,13,19595.58,3,5,5,13,Champions
CUST00555,49,12,11683.75,3,4,2,9,Potential Loyalists
CUST04487,49,13,18526.87,3,5,5,13,Champions
CUST02207,49,8,6932.93,3,2,1,6,Regular
CUST03577,49,12,12321.34,3,4,3,10,Loyal Customers
CUST03908,49,7,6398.08,3,1,1,5,Regular
CUST04066,49,12,21938.86,3,4,5,12,Loyal Customers
CUST04182,49,9,10613.87,3,3,2,8,Potential Loyalists
CUST03384,49,10,10143.58,3,3,2,8,Potential Loyalists
CUST03875,49,11,18530.9,3,4,5,12,Loyal Customers
CUST00679,49,10,13335.66,3,3,3,9,Potential Loyalists
CUST02884,49,8,12933.27,3,2,3,8,Potential Loyalists
CUST02193,49,14,19135.17,3,5,5,13,Champions
CUST03136,49,14,23224.83,3,5,5,13,Champions
CUST00939,49,15,18978.07,3,5,5,13,Champions
CUST02604,49,11,15017.65,3,4,4,11,Loyal Customers
CUST02556,49,11,17726.71,3,3,4,10,Loyal Customers
CUST01448,49,11,20174.5,3,4,5,12,Loyal Customers
CUST02467,49,11,17541.47,3,3,4,10,Loyal Customers
CUST03971,49,5,8038.19,3,1,1,5,Regular
CUST02781,49,10,12473.78,3,3,3,9,Potential Loyalists
CUST02929,49,5,8700.16,3,1,1,5,Regular
CUST00376,49,7,8473.39,3,1,1,5,Regular
CUST01628,49,6,10255.25,3,1,2,6,Regular
CUST03801,49,10,9096.49,3,3,2,8,Potential Loyalists
CUST03659,49,8,14627.96,3,2,4,9,Potential Loyalists
CUST02802,49,9,14867.31,3,3,4,10,Loyal Customers
CUST01488,48,9,11440.9,3,3,2,8,Potential Loyalists
CUST03378,48,8,9708.14,3,2,2,7,Potential Loyalists
CUST01705,48,9,11589.2,3,3,2,8,Potential Loyalists
CUST04695,48,8,7057.94,3,2,1,6,Regular
CUST03853,48,13,25888.2,3,5,5,13,Champions
CUST02552,48,11,17589.44,3,3,4,10,Loyal Customers
CUST04747,48,12,17950.09,3,4,4,11,Loyal Customers
CUST03831,48,9,15266.84,3,3,4,10,Loyal Customers
CUST00425,48,13,24053.51,3,5,5,13,Champions
CUST04070,48,10,14851.38,3,3,4,10,Loyal Customers
CUST02217,48,6,8257.42,3,1,1,5,Regular
CUST04848,48,8,7982.62,3,2,1,6,Regular
CUST02509,48,13,16646.38,3,4,4,11,Loyal Customers
CUST00762,48,12,14149.42,3,4,3,10,Loyal Customers
CUST02169,48,12,14648.64,3,4,4,11,Loyal Customers
CUST02902,48,12,16059.3,3,4,4,11,Loyal Customers
CUST03575,48,13,16505.7,3,5,4,12,Loyal Customers
CUST00256,48,8,6282.02,3,2,1,6,Regular
CUST04433,48,10,9531.06,3,3,2,8,Potential Loyalists
CUST01327,48,12,21140.26,3,4,5,12,Loyal Customers
CUST00923,48,9,12735.05,3,2,3,8,Potential Loyalists
CUST00969,48,10,12349.47,3,3,3,9,Potential Loyalists
CUST01184,48,8,16654.25,3,2,4,9,Potential Loyalists
CUST04282,48,16,16023.23,3,5,4,12,Loyal Customers
CUST01808,48,12,19777.14,3,4,5,12,Loyal Customers
CUST03346,48,8,7293.58,3,2,1,6,Regular
CUST01726,47,11,21637.2,3,4,5,12,Loyal Customers
CUST04398,47,6,8562.93,3,1,1,5,Regular
CUST03303,47,9,11984.45,3,3,3,9,Potential Loyalists
CUST00540,47,9,12380.5,3,3,3,9,Potential Loyalists
CUST02317,47,8,6617.75,3,2,1,6,Regular
CUST01268,47,16,22074.92,3,5,5,13,Champions
CUST00151,47,9,10451.1,3,3,2,8,Potential Loyalists
CUST04838,47,13,17714.68,3,5,4,12,Loyal Customers
CUST04627,47,11,11943.58,3,4,3,10,Loyal Customers
CUST00671,47,13,20946.18,3,5,5,13,Champions
CUST02084,47,12,17116.01,3,4,4,11,Loyal Customers
CUST03169,47,7,10785.36,3,1,2,6,Regular
CUST01729,47,8,12358.09,3,2,3,8,Potential Loyalists
CUST01218,47,14,17285.55,3,5,4,12,Loyal Customers
CUST01272,47,7,10871.46,3,1,2,6,Regular
CUST03846,47,15,17757.88,3,5,4,12,Loyal Customers
CUST00206,47,7,6683.44,3,1,1,5,Regular
CUST04159,47,11,17740.85,3,3,4,10,Loyal Customers
CUST01719,47,9,13603.47,3,2,3,8,Potential Loyalists
CUST02966,47,7,6693.98,3,1,1,5,Regular
CUST01699,47,10,17343.27,3,3,4,10,Loyal Customers
CUST03236,47,9,12522.59,3,3,3,9,Potential Loyalists
CUST04245,47,7,4659.17,3,1,1,5,Regular
CUST04773,47,7,11829.55,4,1,2,7,Potential Loyalists
CUST04522,47,12,22427.23,4,4,5,13,Champions
CUST00537,46,15,16880.8,4,5,4,13,Champions
CUST04836,46,10,13229.47,4,3,3,10,Loyal Customers
CUST01240,46,14,14102.13,4,5,3,12,Loyal Customers
CUST00786,46,17,21880.11,4,5,5,14,Champions
CUST04617,46,9,7951.11,4,2,1,7,Potential Loyalists
CUST03830,46,10,12356.76,4,3,3,10,Loyal Customers
CUST03158,46,13,17226.14,4,5,4,13,Champions
CUST02787,46,9,11204.59,4,3,2,9,Potential Loyalists
CUST01462,46,9,19301.63,4,2,5,11,Loyal Customers
CUST02712,46,11,12574.95,4,4,3,11,Loyal Customers
CUST00927,46,6,12590.24,4,1,3,8,Potential Loyalists
CUST02062,46,7,10729.96,4,1,2,7,Potential Loyalists
CUST03381,46,9,13436.48,4,2,3,9,Potential Loyalists
CUST01782,46,17,15252.19,4,5,4,13,Champions
CUST01677,46,10,10125.69,4,3,2,9,Potential Loyalists
CUST01145,46,7,6583.02,4,1,1,6,At Risk
CUST02426,46,9,9793.11,4,2,2,8,Potential Loyalists
CUST01518,46,9,9749.02,4,2,2,8,Potential Loyalists
CUST04253,46,10,15992.07,4,3,4,11,Loyal Customers
CUST02633,46,6,6319.94,4,1,1,6,At Risk
CUST02475,46,9,11332.95,4,3,2,9,Potential Loyalists
CUST03793,46,8,6349.39,4,2,1,7,Potential Loyalists
CUST04373,45,8,13245.72,4,2,3,9,Potential Loyalists
CUST02474,45,18,24212.37,4,5,5,14,Champions
CUST04267,45,12,13077.49,4,4,3,11,Loyal Customers
CUST01879,45,14,18881.42,4,5,5,14,Champions
CUST01295,45,11,11122.38,4,4,2,10,Loyal Customers
CUST02815,45,14,17914.21,4,5,4,13,Champions
CUST04840,45,8,14267.78,4,2,3,9,Potential Loyalists
CUST02117,45,7,9454.89,4,1,2,7,Potential Loyalists
CUST00082,45,5,6823.38,4,1,1,6,At Risk
CUST03045,45,11,12684.6,4,4,3,11,Loyal Customers
CUST01955,45,11,16311.66,4,3,4,11,Loyal Customers
CUST03367,45,15,28894.76,4,5,5,14,Champions
CUST01255,45,10,10535.77,4,3,2,9,Potential Loyalists
CUST04691,45,17,20951.39,4,5,5,14,Champions
CUST02832,45,12,21096.94,4,4,5,13,Champions
CUST04170,45,7,10573.46,4,1,2,7,Potential Loyalists
CUST02910,45,7,10972.67,4,1,2,7,Potential Loyalists
CUST01104,45,10,11977.93,4,3,3,10,Loyal Customers
CUST04139,45,3,6328.6,4,1,1,6,At Risk
CUST00768,45,8,16273.69,4,2,4,10,Loyal Customers
CUST01942,45,12,20525.01,4,4,5,13,Champions
CUST04744,45,11,13786.22,4,4,3,11,Loyal Customers
CUST03781,45,8,10683.57,4,2,2,8,Potential Loyalists
CUST00149,45,13,19589.45,4,5,5,14,Champions
CUST03687,45,8,11529.57,4,2,2,8,Potential Loyalists
CUST02066,45,4,7270.24,4,1,1,6,At Risk
CUST03202,45,10,15378.94,4,3,4,11,Loyal Customers
CUST00160,45,13,12694.81,4,4,3,11,Loyal Customers
CUST03638,45,8,5324.13,4,2,1,7,Potential Loyalists
CUST00538,45,12,19438.13,4,4,5,13,Champions
CUST03506,45,13,18129.49,4,5,4,13,Champions
CUST01669,45,12,18407.42,4,4,5,13,Champions
CUST03616,45,13,18242.2,4,5,5,14,Champions
CUST04736,45,9,17144.11,4,2,4,10,Loyal Customers
CUST04910,45,5,7487.7,4,1,1,6,At Risk
CUST00051,44,7,5715.86,4,2,1,7,Potential Loyalists
CUST01550,44,9,14641.59,4,3,4,11,Loyal Customers
CUST01917,44,11,13160.47,4,4,3,11,Loyal Customers
CUST00998,44,14,15692.62,4,5,4,13,Champions
CUST00194,44,13,15928.87,4,5,4,13,Champions
CUST02588,44,14,19032.09,4,5,5,14,Champions
CUST03956,44,10,22926.53,4,3,5,12,Loyal Customers
CUST02968,44,13,17191.54,4,5,4,13,Champions
CUST03147,44,11,20640.17,4,4,5,13,Champions
CUST00738,44,14,10357.55,4,5,2,11,Loyal Customers
CUST04068,44,8,10205.77,4,2,2,8,Potential Loyalists
CUST02319,44,12,13249.63,4,4,3,11,Loyal Customers
CUST03450,44,8,12568.3,4,2,3,9,Potential Loyalists
CUST04720,44,12,14301.25,4,4,3,11,Loyal Customers
CUST01364,44,10,13484.34,4,3,3,10,Loyal Customers
CUST00639,44,11,16102.33,4,4,4,12,Loyal Customers
CUST01103,44,7,8658.34,4,1,1,6,At Risk
CUST00074,44,17,21996.04,4,5,5,14,Champions
CUST04175,44,11,18091.49,4,4,4,12,Loyal Customers
CUST01703,44,13,19227.09,4,5,5,14,Champions
CUST03637,44,12,22011.5,4,4,5,13,Champions
CUST00197,44,8,9150.13,4,2,2,8,Potential Loyalists
CUST02111,44,12,22110.43,4,4,5,13,Champions
CUST02312,44,11,16955.34,4,4,4,12,Loyal Customers
CUST03970,44,11,22953.18,4,4,5,13,Champions
CUST01256,44,11,23420.7,4,4,5,13,Champions
CUST04498,44,10,18426.1,4,3,5,12,Loyal Customers
CUST00033,44,12,17382.47,4,4,4,12,Loyal Customers
CUST03685,44,10,15755.17,4,3,4,11,Loyal Customers
CUST01304,44,10,13688.63,4,3,3,10,Loyal Customers
CUST03340,44,14,15975.06,4,5,4,13,Champions
CUST03504,44,8,7874.01,4,2,1,7,Potential Loyalists
CUST01848,44,8,10638.67,4,2,2,8,Potential Loyalists
CUST02338,43,13,22979.76,4,5,5,14,Champions
CUST02519,43,19,35210.08,4,5,5,14,Champions
CUST02244,43,10,14072.28,4,3,3,10,Loyal Customers
CUST03256,43,9,16647.48,4,3,4,11,Loyal Customers
CUST01739,43,9,9494.58,4,2,2,8,Potential Loyalists
CUST04087,43,11,12137.25,4,4,3,11,Loyal Customers
CUST02694,43,15,15627.94,4,5,4,13,Champions
CUST00513,43,14,16331.09,4,5,4,13,Champions
CUST03814,43,5,5417.71,4,1,1,6,At Risk
CUST01498,43,11,8673.56,4,4,1,9,Potential Loyalists
CUST04665,43,14,15682.14,4,5,4,13,Champions
CUST02132,43,7,9383.1,4,1,2,7,Potential Loyalists
CUST04883,43,11,13132.19,4,4,3,11,Loyal Customers
CUST01372,43,12,14848.97,4,4,4,12,Loyal Customers
CUST00605,43,9,14602.68,4,3,4,11,Loyal Customers
CUST04236,43,12,11942.95,4,4,3,11,Loyal Customers
CUST02759,43,12,15280.28,4,4,4,12,Loyal Customers
CUST03187,43,7,12759.68,4,1,3,8,Potential Loyalists
CUST04774,43,12,26342.78,4,4,5,13,Champions
CUST02200,43,13,25870.26,4,5,5,14,Champions
CUST04908,43,12,19184.2,4,4,5,13,Champions
CUST01307,43,9,10194.42,4,2,2,8,Potential Loyalists
CUST02446,43,12,19951.83,4,4,5,13,Champions
CUST04801,43,6,9335.42,4,1,2,7,Potential Loyalists
CUST02483,43,9,11887.46,4,3,2,9,Potential Loyalists
CUST01417,43,13,20544.58,4,5,5,14,Champions
CUST03838,42,6,6444.64,4,1,1,6,At Risk
CUST00367,42,10,17249.74,4,3,4,11,Loyal Customers
CUST04937,42,13,15682.34,4,5,4,13,Champions
CUST04825,42,9,20245.46,4,2,5,11,Loyal Customers
CUST01538,42,10,12840.54,4,3,3,10,Loyal Customers
CUST02958,42,10,13456.67,4,3,3,10,Loyal Customers
CUST00214,42,8,4900.28,4,2,1,7,Potential Loyalists
CUST01869,42,7,3986.45,4,1,1,6,At Risk
CUST03053,42,8,15006.43,4,2,4,10,Loyal Customers
CUST04365,42,9,9672.89,4,2,2,8,Potential Loyalists
CUST03023,42,11,9358.63,4,4,2,10,Loyal Customers
CUST00244,42,9,18256.09,4,2,5,11,Loyal Customers
CUST03465,42,5,10577.91,4,1,2,7,Potential Loyalists
CUST02203,42,17,20430.43,4,5,5,14,Champions
CUST01071,42,7,8910.37,4,1,2,7,Potential Loyalists
CUST00485,42,9,15199.05,4,3,4,11,Loyal Customers
CUST03943,42,12,10633.54,4,4,2,10,Loyal Customers
CUST02550,42,10,22371.6,4,3,5,12,Loyal Customers
CUST01972,42,9,6925.63,4,2,1,7,Potential Loyalists
CUST03635,42,12,16183.0,4,4,4,12,Loyal Customers
CUST04303,42,12,21615.22,4,4,5,13,Champions
CUST01805,42,13,16261.96,4,5,4,13,Champions
CUST04595,42,10,11313.4,4,3,2,9,Potential Loyalists
CUST00287,42,11,14681.14,4,4,4,12,Loyal Customers
CUST01347,42,12,14317.74,4,4,3,11,Loyal Customers
CUST00193,42,17,21757.71,4,5,5,14,Champions
CUST01110,42,12,23573.9,4,4,5,13,Champions
CUST01499,42,6,8409.9,4,1,1,6,At Risk
CUST00682,42,5,2878.55,4,1,1,6,At Risk
CUST01235,41,11,24800.68,4,4,5,13,Champions
CUST03994,41,10,13135.78,4,3,3,10,Loyal Customers
CUST03566,41,4,5050.74,4,1,1,6,At Risk
CUST03920,41,10,11908.94,4,3,3,10,Loyal Customers
CUST03661,41,8,11203.88,4,2,2,8,Potential Loyalists
CUST01230,41,20,25866.26,4,5,5,14,Champions
CUST00727,41,13,25318.03,4,5,5,14,Champions
CUST03306,41,6,13014.85,4,1,3,8,Potential Loyalists
CUST00824,41,6,9559.88,4,1,2,7,Potential Loyalists
CUST04841,41,11,10880.83,4,3,2,9,Potential Loyalists
CUST04891,41,11,14863.58,4,3,4,11,Loyal Customers
CUST00324,41,11,11330.36,4,4,2,10,Loyal Customers
CUST01672,41,11,13873.41,4,4,3,11,Loyal Customers
CUST04408,41,14,14152.52,4,5,3,12,Loyal Customers
CUST02102,41,6,7531.08,4,1,1,6,At Risk
CUST03388,41,8,11123.99,4,2,2,8,Potential Loyalists
CUST02536,41,12,14351.05,4,4,3,11,Loyal Customers
CUST02497,41,9,11695.39,4,3,2,9,Potential Loyalists
CUST01895,41,8,11215.22,4,2,2,8,Potential Loyalists
CUST03040,41,19,18938.79,4,5,5,14,Champions
CUST01596,41,17,27895.6,4,5,5,14,Champions
CUST02525,41,20,39101.19,4,5,5,14,Champions
CUST04737,41,14,20429.0,4,5,5,14,Champions
CUST02557,40,13,12365.14,4,5,3,12,Loyal Customers
CUST00176,40,8,13709.14,4,2,3,9,Potential Loyalists
CUST03829,40,14,19492.23,4,5,5,14,Champions
CUST04042,40,11,9248.76,4,4,2,10,Loyal Customers
CUST04011,40,11,10529.47,4,4,2,10,Loyal Customers
CUST00664,40,13,18717.76,4,5,5,14,Champions
CUST03454,40,10,6556.86,4,3,1,8,Potential Loyalists
CUST04214,40,13,19645.55,4,5,5,14,Champions
CUST04757,40,11,14864.08,4,3,4,11,Loyal Customers
CUST01665,40,7,8449.97,4,1,1,6,At Risk
CUST03204,40,11,19975.27,4,4,5,13,Champions
CUST02123,40,8,10159.82,4,2,2,8,Potential Loyalists
CUST02575,40,11,10426.56,4,4,2,10,Loyal Customers
CUST02143,40,9,11247.37,4,3,2,9,Potential Loyalists
CUST03334,40,7,9612.1,4,1,2,7,Potential Loyalists
CUST03511,40,12,18101.47,4,4,4,12,Loyal Customers
CUST00971,40,5,2164.76,4,1,1,6,At Risk
CUST03042,40,9,13162.34,4,2,3,9,Potential Loyalists
CUST02920,40,10,18086.93,4,3,4,11,Loyal Customers
CUST04898,40,10,12477.56,4,3,3,10,Loyal Customers
CUST03776,40,10,17965.51,4,3,4,11,Loyal Customers
CUST02459,40,11,12986.51,4,4,3,11,Loyal Customers
CUST00234,40,6,9202.19,4,1,2,7,Potential Loyalists
CUST02659,40,16,21236.2,4,5,5,14,Champions
CUST00838,40,11,11512.81,4,4,2,10,Loyal Customers
CUST02232,40,16,15529.29,4,5,4,13,Champions
CUST04828,40,9,8360.26,4,2,1,7,Potential Loyalists
CUST00926,40,10,25184.65,4,3,5,12,Loyal Customers
CUST01909,40,12,21062.94,4,4,5,13,Champions
CUST02069,40,10,11659.86,4,3,2,9,Potential Loyalists
CUST01285,40,8,10083.13,4,2,2,8,Potential Loyalists
CUST04165,40,10,12535.97,4,3,3,10,Loyal Customers
CUST01559,40,9,13581.98,4,2,3,9,Potential Loyalists
CUST01707,40,15,25027.14,4,5,5,14,Champions
CUST04993,40,13,14283.79,4,4,3,11,Loyal Customers
CUST01412,40,13,21700.85,4,5,5,14,Champions
CUST03954,40,10,16174.75,4,3,4,11,Loyal Customers
CUST02825,40,9,15562.04,4,3,4,11,Loyal Customers
CUST01970,40,10,11754.34,4,3,2,9,Potential Loyalists
CUST02579,40,6,6822.45,4,1,1,6,At Risk
CUST00530,39,9,11854.92,4,3,2,9,Potential Loyalists
CUST01998,39,17,14021.56,4,5,3,12,Loyal Customers
CUST03181,39,12,18609.62,4,4,5,13,Champions
CUST00777,39,12,18538.62,4,4,5,13,Champions
CUST00656,39,12,15428.36,4,4,4,12,Loyal Customers
CUST02738,39,11,18610.43,4,4,5,13,Champions
CUST03522,39,9,12684.75,4,3,3,10,Loyal Customers
CUST01322,39,12,11494.1,4,4,2,10,Loyal Customers
CUST00353,39,12,14506.52,4,4,3,11,Loyal Customers
CUST02869,39,13,17377.17,4,4,4,12,Loyal Customers
CUST03167,39,12,14442.67,4,4,3,11,Loyal Customers
CUST03404,39,9,13367.81,4,2,3,9,Potential Loyalists
CUST03350,39,12,14813.46,4,4,4,12,Loyal Customers
CUST00263,39,11,14906.72,4,4,4,12,Loyal Customers
CUST02315,39,10,10386.09,4,3,2,9,Potential Loyalists
CUST00345,39,14,11086.73,4,5,2,11,Loyal Customers
CUST00906,39,5,12809.41,4,1,3,8,Potential Loyalists
CUST04944,39,14,18523.62,4,5,5,14,Champions
CUST04176,39,10,11564.37,4,3,2,9,Potential Loyalists
CUST01297,39,11,12621.06,4,4,3,11,Loyal Customers
CUST00840,39,12,22775.39,4,4,5,13,Champions
CUST04650,39,14,18645.79,4,5,5,14,Champions
CUST03580,39,10,11463.04,4,3,2,9,Potential Loyalists
CUST02935,39,9,13160.62,4,2,3,9,Potential Loyalists
CUST04034,39,11,20160.96,4,4,5,13,Champions
CUST03276,39,9,11119.52,4,3,2,9,Potential Loyalists
CUST04490,39,12,20836.1,4,4,5,13,Champions
CUST00236,39,13,14216.84,4,5,3,12,Loyal Customers
CUST00121,39,7,6513.78,4,2,1,7,Potential Loyalists
CUST00889,39,7,10687.87,4,2,2,8,Potential Loyalists
CUST00215,39,16,22135.61,4,5,5,14,Champions
CUST03863,39,5,7523.81,4,1,1,6,At Risk
CUST04778,39,8,15181.38,4,2,4,10,Loyal Customers
CUST03057,39,15,26071.38,4,5,5,14,Champions
CUST02770,39,10,13756.38,4,3,3,10,Loyal Customers
CUST00348,39,5,7745.57,4,1,1,6,At Risk
CUST01253,39,7,13484.54,4,1,3,8,Potential Loyalists
CUST01033,39,11,17860.8,4,3,4,11,Loyal Customers
CUST03874,38,7,9690.04,4,1,2,7,Potential Loyalists
CUST02202,38,12,21890.61,4,4,5,13,Champions
CUST01202,38,10,7054.56,4,3,1,8,Potential Loyalists
CUST01587,38,20,31052.32,4,5,5,14,Champions
CUST01052,38,5,3345.1,4,1,1,6,At Risk
CUST04434,38,9,15250.71,4,3,4,11,Loyal Customers
CUST04706,38,9,17549.02,4,2,4,10,Loyal Customers
CUST03369,38,14,13355.64,4,5,3,12,Loyal Customers
CUST00553,38,12,15346.53,4,4,4,12,Loyal Customers
CUST01107,38,12,13685.21,4,4,3,11,Loyal Customers
CUST04990,38,8,14575.89,4,2,3,9,Potential Loyalists
CUST04195,38,8,6655.15,4,2,1,7,Potential Loyalists
CUST04323,38,14,14846.11,4,5,4,13,Champions
CUST01344,38,9,12046.0,4,3,3,10,Loyal Customers
CUST03815,38,14,27006.93,4,5,5,14,Champions
CUST04775,38,17,19897.9,4,5,5,14,Champions
CUST00880,38,12,17092.11,4,4,4,12,Loyal Customers
CUST04200,38,16,20033.48,4,5,5,14,Champions
CUST00723,38,12,13134.57,4,4,3,11,Loyal Customers
CUST03000,38,10,19342.91,4,3,5,12,Loyal Customers
CUST04603,38,10,12215.72,4,3,3,10,Loyal Customers
CUST02397,38,9,8541.47,4,2,1,7,Potential Loyalists
CUST03746,38,10,13086.27,4,3,3,10,Loyal Customers
CUST03611,38,9,7604.53,4,2,1,7,Potential Loyalists
CUST01926,38,7,9064.67,4,1,2,7,Potential Loyalists
CUST00630,38,15,18613.93,4,5,5,14,Champions
CUST03529,38,5,11484.34,4,1,2,7,Potential Loyalists
CUST01613,38,12,9320.44,4,4,2,10,Loyal Customers
CUST00846,38,15,20593.3,4,5,5,14,Champions
CUST02842,38,10,15049.1,4,3,4,11,Loyal Customers
CUST03155,37,17,31159.25,4,5,5,14,Champions
CUST00430,37,14,20576.81,4,5,5,14,Champions
CUST00078,37,7,8681.96,4,1,1,6,At Risk
CUST03551,37,22,35527.03,4,5,5,14,Champions
CUST03307,37,7,9454.81,4,1,2,7,Potential Loyalists
CUST03385,37,9,19001.15,4,2,5,11,Loyal Customers
CUST01924,37,6,12583.57,4,1,3,8,Potential Loyalists
CUST04486,37,13,17804.17,4,5,4,13,Champions
CUST03398,37,8,9929.67,4,2,2,8,Potential Loyalists
CUST02270,37,9,13935.17,4,2,3,9,Potential Loyalists
CUST04975,37,21,22703.99,4,5,5,14,Champions
CUST04440,37,5,4979.06,4,1,1,6,At Risk
CUST02804,37,6,5010.1,4,1,1,6,At Risk
CUST04436,37,10,13600.57,4,3,3,10,Loyal Customers
CUST00583,37,6,14922.52,4,1,4,9,Potential Loyalists
CUST02617,37,7,10528.91,4,1,2,7,Potential Loyalists
CUST02913,37,15,18970.04,4,5,5,14,Champions
CUST02485,37,10,12701.13,4,3,3,10,Loyal Customers
CUST04506,37,8,18321.41,4,2,5,11,Loyal Customers
CUST04072,37,11,18515.21,4,4,5,13,Champions
CUST01278,37,4,5265.17,4,1,1,6,At Risk
CUST03196,37,5,6620.37,4,1,1,6,At Risk
CUST02819,37,8,8292.56,4,2,1,7,Potential Loyalists
CUST02742,37,11,16584.74,4,4,4,12,Loyal Customers
CUST01490,37,7,7108.83,4,2,1,7,Potential Loyalists
CUST03411,37,9,8745.87,4,2,1,7,Potential Loyalists
CUST02478,37,11,24433.79,4,3,5,12,Loyal Customers
CUST02285,37,11,17825.05,4,3,4,11,Loyal Customers
CUST03682,37,10,20928.49,4,3,5,12,Loyal Customers
CUST01520,37,12,17343.84,4,4,4,12,Loyal Customers
CUST00027,37,15,19161.66,4,5,5,14,Champions
CUST04889,37,12,17499.43,4,4,4,12,Loyal Customers
CUST00732,37,14,14507.79,4,5,3,12,Loyal Customers
CUST01077,37,13,18383.46,4,5,5,14,Champions
CUST02635,37,23,31271.9,4,5,5,14,Champions
CUST01004,37,15,20847.43,4,5,5,14,Champions
CUST04909,37,8,7648.05,4,2,1,7,Potential Loyalists
CUST03329,36,12,17278.53,4,4,4,12,Loyal Customers
CUST01407,36,9,11754.56,4,3,2,9,Potential Loyalists
CUST00183,36,5,7741.63,4,1,1,6,At Risk
CUST02371,36,16,18536.0,4,5,5,14,Champions
CUST00421,36,13,15036.98,4,4,4,12,Loyal Customers
CUST00966,36,11,10438.99,4,4,2,10,Loyal Customers
CUST04708,36,13,16769.6,4,5,4,13,Champions
CUST03484,36,10,9287.87,4,3,2,9,Potential Loyalists
CUST03690,36,9,11939.65,4,3,3,10,Loyal Customers
CUST04636,36,10,9737.73,4,3,2,9,Potential Loyalists
CUST02172,36,11,19269.38,4,4,5,13,Champions
CUST01397,36,10,12382.68,4,3,3,10,Loyal Customers
CUST04699,36,10,11002.56,4,3,2,9,Potential Loyalists
CUST03047,36,11,18334.5,4,4,5,13,Champions
CUST02940,36,8,9810.9,4,2,2,8,Potential Loyalists
CUST01180,36,10,13583.45,4,3,3,10,Loyal Customers
CUST04483,36,15,12992.0,4,5,3,12,Loyal Customers
CUST04442,36,11,17258.9,4,4,4,12,Loyal Customers
CUST00166,36,14,26738.53,4,5,5,14,Champions
CUST03593,36,14,14063.07,4,5,3,12,Loyal Customers
CUST00424,36,7,4692.73,4,1,1,6,At Risk
CUST00338,36,11,16831.04,4,4,4,12,Loyal Customers
CUST00657,36,12,12111.05,4,4,3,11,Loyal Customers
CUST03767,36,9,13462.2,4,2,3,9,Potential Loyalists
CUST01512,36,10,13712.46,4,3,3,10,Loyal Customers
CUST03923,36,7,13398.31,4,1,3,8,Potential Loyalists
CUST03328,36,11,12847.86,4,3,3,10,Loyal Customers
CUST04361,36,10,16775.66,4,3,4,11,Loyal Customers
CUST03742,36,15,19735.97,4,5,5,14,Champions
CUST04718,36,10,10295.5,4,3,2,9,Potential Loyalists
CUST04611,36,13,18694.74,4,4,5,13,Champions
CUST00602,36,7,15316.87,4,1,4,9,Potential Loyalists
CUST02151,36,16,21252.35,4,5,5,14,Champions
CUST03372,36,10,11103.69,4,3,2,9,Potential Loyalists
CUST01706,36,8,13025.73,4,2,3,9,Potential Loyalists
CUST00159,36,5,4104.58,4,1,1,6,At Risk
CUST03339,36,12,15343.17,4,4,4,12,Loyal Customers
CUST01867,35,12,24346.7,4,4,5,13,Champions
CUST04069,35,13,15392.26,4,5,4,13,Champions
CUST03413,35,9,12417.12,4,3,3,10,Loyal Customers
CUST03886,35,13,15829.52,4,5,4,13,Champions
CUST03059,35,7,7602.94,4,1,1,6,At Risk
CUST03983,35,14,21210.55,4,5,5,14,Champions
CUST04242,35,15,20745.43,4,5,5,14,Champions
CUST01118,35,14,14051.19,4,5,3,12,Loyal Customers
CUST00592,35,9,11639.24,4,3,2,9,Potential Loyalists
CUST03557,35,11,15317.59,4,4,4,12,Loyal Customers
CUST01676,35,8,4899.92,4,2,1,7,Potential Loyalists
CUST02391,35,11,11626.22,4,4,2,10,Loyal Customers
CUST01483,35,12,21563.82,4,4,5,13,Champions
CUST04814,35,17,34404.61,4,5,5,14,Champions
CUST04546,35,14,9937.83,4,5,2,11,Loyal Customers
CUST04658,35,11,12409.69,4,4,3,11,Loyal Customers
CUST04135,35,9,16826.55,4,3,4,11,Loyal Customers
CUST03341,35,14,17817.78,4,5,4,13,Champions
CUST00740,35,13,24467.58,4,4,5,13,Champions
CUST04271,35,11,16265.07,4,3,4,11,Loyal Customers
CUST02092,35,17,27900.44,4,5,5,14,Champions
CUST02213,35,7,15797.76,4,1,4,9,Potential Loyalists
CUST04298,35,8,7285.6,4,2,1,7,Potential Loyalists
CUST04635,35,10,24988.29,4,3,5,12,Loyal Customers
CUST02676,35,13,21794.21,4,5,5,14,Champions
CUST02245,35,3,3913.56,4,1,1,6,At Risk
CUST02709,35,9,10825.01,4,3,2,9,Potential Loyalists
CUST04685,35,9,16682.01,4,3,4,11,Loyal Customers
CUST02322,35,9,16915.09,4,2,4,10,Loyal Customers
CUST02517,35,6,2614.34,4,1,1,6,At Risk
CUST04089,35,11,11177.27,4,4,2,10,Loyal Customers
CUST00718,35,11,18525.65,4,4,5,13,Champions
CUST01534,35,11,15910.1,4,4,4,12,Loyal Customers
CUST04128,35,7,6664.5,4,1,1,6,At Risk
CUST00264,35,10,18355.82,4,3,5,12,Loyal Customers
CUST00011,35,12,16513.24,4,4,4,12,Loyal Customers
CUST02388,35,8,10654.72,4,2,2,8,Potential Loyalists
CUST01900,35,12,16380.56,4,4,4,12,Loyal Customers
CUST04874,35,13,23030.51,4,5,5,14,Champions
CUST00908,35,9,15746.65,4,3,4,11,Loyal Customers
CUST01224,35,13,16175.4,4,4,4,12,Loyal Customers
CUST02261,35,8,10650.3,4,2,2,8,Potential Loyalists
CUST01315,35,8,11908.67,4,2,3,9,Potential Loyalists
CUST04002,35,8,13001.96,4,2,3,9,Potential Loyalists
CUST01971,35,6,7496.75,4,1,1,6,At Risk
CUST04320,35,8,9344.29,4,2,2,8,Potential Loyalists
CUST04510,35,13,19657.93,4,5,5,14,Champions
CUST02939,34,8,10460.91,4,2,2,8,Potential Loyalists
CUST02526,34,10,14568.24,4,3,3,10,Loyal Customers
CUST02734,34,11,17178.42,4,4,4,12,Loyal Customers
CUST02060,34,12,16047.73,4,4,4,12,Loyal Customers
CUST02211,34,17,15152.03,4,5,4,13,Champions
CUST03691,34,12,23918.65,4,4,5,13,Champions
CUST01486,34,16,24938.6,4,5,5,14,Champions
CUST01591,34,13,15856.36,4,4,4,12,Loyal Customers
CUST02529,34,11,11974.99,4,4,3,11,Loyal Customers
CUST01338,34,11,21784.06,4,4,5,13,Champions
CUST01883,34,14,25054.21,4,5,5,14,Champions
CUST04638,34,7,5160.36,4,2,1,7,Potential Loyalists
CUST04199,34,14,21067.01,4,5,5,14,Champions
CUST03469,34,5,10521.27,4,1,2,7,Potential Loyalists
CUST00098,34,12,14016.66,4,4,3,11,Loyal Customers
CUST04270,34,14,23592.09,4,5,5,14,Champions
CUST01070,34,10,12465.41,4,3,3,10,Loyal Customers
CUST02262,34,8,6790.2,4,2,1,7,Potential Loyalists
CUST01130,34,5,3698.66,4,1,1,6,At Risk
CUST00590,34,10,8992.43,4,3,2,9,Potential Loyalists
CUST02537,34,12,14854.33,4,4,4,12,Loyal Customers
CUST01398,34,13,23284.55,4,5,5,14,Champions
CUST02334,34,7,10298.6,4,1,2,7,Potential Loyalists
CUST01339,34,11,10959.86,4,3,2,9,Potential Loyalists
CUST04168,34,20,27740.76,4,5,5,14,Champions
CUST04327,34,15,15884.17,4,5,4,13,Champions
CUST03402,34,11,16287.9,4,3,4,11,Loyal Customers
CUST03055,34,15,24532.04,4,5,5,14,Champions
CUST02932,34,7,5507.53,4,1,1,6,At Risk
CUST01702,34,9,11698.54,4,3,2,9,Potential Loyalists
CUST03937,34,8,11588.02,4,2,2,8,Potential Loyalists
CUST02375,34,14,15221.56,4,5,4,13,Champions
CUST02973,34,8,7084.06,4,2,1,7,Potential Loyalists
CUST01119,34,7,3668.54,4,1,1,6,At Risk
CUST01650,34,14,16458.11,4,5,4,13,Champions
CUST02337,34,14,18395.17,4,5,5,14,Champions
CUST03222,34,8,11333.3,4,2,2,8,Potential Loyalists
CUST04923,34,12,17849.11,4,4,4,12,Loyal Customers
CUST01094,33,16,16342.6,4,5,4,13,Champions
CUST03376,33,12,17276.71,4,4,4,12,Loyal Customers
CUST03240,33,6,6505.28,4,1,1,6,At Risk
CUST03112,33,17,23984.84,4,5,5,14,Champions
CUST00845,33,9,8792.7,4,2,2,8,Potential Loyalists
CUST01962,33,6,8334.36,4,1,1,6,At Risk
CUST03538,33,9,15866.45,4,3,4,11,Loyal Customers
CUST03842,33,10,13644.74,4,3,3,10,Loyal Customers
CUST00890,33,12,20809.43,4,4,5,13,Champions
CUST02096,33,17,16847.09,4,5,4,13,Champions
CUST02067,33,7,5012.76,4,2,1,7,Potential Loyalists
CUST01780,33,15,15270.24,4,5,4,13,Champions
CUST03881,33,15,15271.01,4,5,4,13,Champions
CUST00330,33,8,7606.23,4,2,1,7,Potential Loyalists
CUST03966,33,6,10601.53,4,1,2,7,Potential Loyalists
CUST03343,33,11,15069.1,4,4,4,12,Loyal Customers
CUST02314,33,18,31237.66,4,5,5,14,Champions
CUST04336,33,13,14946.15,4,5,4,13,Champions
CUST02094,33,10,11685.4,4,3,2,9,Potential Loyalists
CUST01897,33,12,14304.88,4,4,3,11,Loyal Customers
CUST04000,33,11,9513.56,4,4,2,10,Loyal Customers
CUST03720,33,19,29560.99,4,5,5,14,Champions
CUST02585,33,16,20696.61,4,5,5,14,Champions
CUST01803,33,5,3643.87,4,1,1,6,At Risk
CUST03779,33,13,21757.88,4,5,5,14,Champions
CUST03244,33,7,10719.01,4,1,2,7,Potential Loyalists
CUST01922,33,10,17552.49,4,3,4,11,Loyal Customers
CUST04222,33,6,12297.88,4,1,3,8,Potential Loyalists
CUST00273,33,9,7114.65,4,2,1,7,Potential Loyalists
CUST01337,33,8,7824.42,4,2,1,7,Potential Loyalists
CUST01632,33,13,24660.45,4,5,5,14,Champions
CUST01128,33,13,19139.24,4,5,5,14,Champions
CUST00724,33,14,24500.31,4,5,5,14,Champions
CUST01190,33,14,13933.56,4,5,3,12,Loyal Customers
CUST03001,33,6,4387.24,4,1,1,6,At Risk
CUST02780,33,9,13524.29,4,2,3,9,Potential Loyalists
CUST02810,33,7,6298.09,4,1,1,6,At Risk
CUST01015,33,13,15213.04,4,5,4,13,Champions
CUST01221,32,9,7049.37,4,2,1,7,Potential Loyalists
CUST04420,32,8,13585.45,4,2,3,9,Potential Loyalists
CUST03709,32,7,5693.24,4,2,1,7,Potential Loyalists
CUST02806,32,10,12094.01,4,3,3,10,Loyal Customers
CUST00461,32,13,15824.41,4,5,4,13,Champions
CUST00084,32,12,12055.99,4,4,3,11,Loyal Customers
CUST04861,32,10,16589.81,4,3,4,11,Loyal Customers
CUST04239,32,7,15988.92,4,1,4,9,Potential Loyalists
CUST02304,32,13,15377.93,4,5,4,13,Champions
CUST03283,32,13,14264.22,4,5,3,12,Loyal Customers
CUST03101,32,13,16693.65,4,5,4,13,Champions
CUST03261,32,16,13387.82,4,5,3,12,Loyal Customers
CUST01252,32,9,13681.53,4,2,3,9,Potential Loyalists
CUST03744,32,10,6797.12,4,3,1,8,Potential Loyalists
CUST01871,32,7,6343.85,4,1,1,6,At Risk
CUST03714,32,5,7956.32,4,1,1,6,At Risk
CUST02271,32,10,17394.81,4,3,4,11,Loyal Customers
CUST00025,32,11,13730.59,4,4,3,11,Loyal Customers
CUST02650,32,14,21218.1,4,5,5,14,Champions
CUST02544,32,14,15137.39,4,5,4,13,Champions
CUST02017,32,19,27973.23,4,5,5,14,Champions
CUST00610,32,15,25092.87,4,5,5,14,Champions
CUST00886,32,7,13497.86,4,1,3,8,Potential Loyalists
CUST03600,32,11,10959.07,4,3,2,9,Potential Loyalists
CUST04468,32,10,13292.98,4,3,3,10,Loyal Customers
CUST03216,32,11,11849.09,4,4,2,10,Loyal Customers
CUST03457,32,12,16367.64,4,4,4,12,Loyal Customers
CUST04579,32,5,3783.71,4,1,1,6,At Risk
CUST04382,32,18,27691.76,4,5,5,14,Champions
CUST03934,32,13,13638.98,4,5,3,12,Loyal Customers
CUST01160,32,8,13580.55,4,2,3,9,Potential Loyalists
CUST02274,32,7,19636.93,4,1,5,10,Loyal Customers
CUST02293,32,4,6261.55,4,1,1,6,At Risk
CUST01350,32,13,18443.76,4,5,5,14,Champions
CUST00087,32,13,17552.27,4,5,4,13,Champions
CUST02569,32,7,12237.61,4,2,3,9,Potential Loyalists
CUST04485,32,8,8434.67,4,2,1,7,Potential Loyalists
CUST03022,31,8,5112.08,4,2,1,7,Potential Loyalists
CUST01250,31,9,5885.26,4,2,1,7,Potential Loyalists
CUST01614,31,8,7432.74,4,2,1,7,Potential Loyalists
CUST04568,31,11,11987.94,4,4,3,11,Loyal Customers
CUST01211,31,15,17982.16,4,5,4,13,Champions
CUST00253,31,7,5376.04,4,2,1,7,Potential Loyalists
CUST04842,31,15,19649.47,4,5,5,14,Champions
CUST03142,31,9,10095.75,4,2,2,8,Potential Loyalists
CUST00697,31,14,21210.74,4,5,5,14,Champions
CUST01309,31,8,10344.64,4,2,2,8,Potential Loyalists
CUST01329,31,7,13045.88,4,2,3,9,Potential Loyalists
CUST02777,31,5,10368.31,4,1,2,7,Potential Loyalists
CUST04869,31,14,17459.51,4,5,4,13,Champions
CUST04187,31,11,9554.97,4,3,2,9,Potential Loyalists
CUST04702,31,11,14740.31,4,4,4,12,Loyal Customers
CUST04153,31,10,21059.31,4,3,5,12,Loyal Customers
CUST00398,31,9,6592.83,4,2,1,7,Potential Loyalists
CUST03974,31,9,10580.05,4,3,2,9,Potential Loyalists
CUST01721,31,16,16669.62,4,5,4,13,Champions
CUST00241,31,16,27192.57,4,5,5,14,Champions
CUST00805,31,4,4006.91,4,1,1,6,At Risk
CUST02898,31,10,10957.27,4,3,2,9,Potential Loyalists
CUST04967,31,10,15208.56,4,3,4,11,Loyal Customers
CUST01931,31,17,33516.14,4,5,5,14,Champions
CUST03780,31,13,21809.62,4,5,5,14,Champions
CUST02641,31,7,8539.01,4,1,1,6,At Risk
CUST03137,31,12,17585.39,4,4,4,12,Loyal Customers
CUST04787,31,7,13241.58,4,1,3,8,Potential Loyalists
CUST02834,31,10,11155.31,4,3,2,9,Potential Loyalists
CUST00016,31,10,14277.41,4,3,3,10,Loyal Customers
CUST01635,31,6,5575.86,4,1,1,6,At Risk
CUST01044,31,7,8202.34,4,1,1,6,At Risk
CUST01533,31,10,13943.49,4,3,3,10,Loyal Customers
CUST03509,31,3,4499.57,4,1,1,6,At Risk
CUST02616,31,6,5388.3,4,1,1,6,At Risk
CUST01165,31,10,11382.85,4,3,2,9,Potential Loyalists
CUST02771,31,10,13433.07,4,3,3,10,Loyal Customers
CUST03148,31,13,12355.94,4,5,3,12,Loyal Customers
CUST01330,31,10,13303.52,4,3,3,10,Loyal Customers
CUST01784,31,18,25233.43,4,5,5,14,Champions
CUST00728,31,10,13248.12,4,3,3,10,Loyal Customers
CUST01537,31,18,24533.49,4,5,5,14,Champions
CUST01720,31,8,18455.66,4,2,5,11,Loyal Customers
CUST04615,31,9,7834.28,4,2,1,7,Potential Loyalists
CUST02592,31,8,5270.06,4,2,1,7,Potential Loyalists
CUST04030,31,2,1892.51,4,1,1,6,At Risk
CUST04272,31,8,6865.58,4,2,1,7,Potential Loyalists
CUST03859,31,7,14247.43,4,1,3,8,Potential Loyalists
CUST03198,31,13,19846.23,4,4,5,13,Champions
CUST01711,30,8,19467.55,4,2,5,11,Loyal Customers
CUST00564,30,9,12126.41,4,3,3,10,Loyal Customers
CUST00588,30,20,34524.8,4,5,5,14,Champions
CUST00106,30,10,15526.78,4,3,4,11,Loyal Customers
CUST04949,30,12,16882.44,4,4,4,12,Loyal Customers
CUST03090,30,14,23265.64,4,5,5,14,Champions
CUST00993,30,15,24575.96,4,5,5,14,Champions
CUST02422,30,12,16074.26,4,4,4,12,Loyal Customers
CUST02596,30,10,7023.96,4,3,1,8,Potential Loyalists
CUST03547,30,13,25180.09,4,5,5,14,Champions
CUST00854,30,12,17387.14,4,4,4,12,Loyal Customers
CUST02692,30,9,11535.7,4,3,2,9,Potential Loyalists
CUST00071,30,6,5257.97,4,1,1,6,At Risk
CUST00943,30,12,13241.48,4,4,3,11,Loyal Customers
CUST02398,30,7,9706.62,4,1,2,7,Potential Loyalists
CUST02723,30,8,12508.57,4,2,3,9,Potential Loyalists
CUST04180,30,15,11553.22,4,5,2,11,Loyal Customers
CUST02155,30,13,19325.28,4,5,5,14,Champions
CUST03879,30,11,18304.37,4,4,5,13,Champions
CUST00918,30,12,14352.94,4,4,3,11,Loyal Customers
CUST04985,30,7,7476.86,4,1,1,6,At Risk
CUST01212,30,10,10770.66,4,3,2,9,Potential Loyalists
CUST03480,30,11,15296.81,4,4,4,12,Loyal Customers
CUST01159,30,13,26314.09,4,5,5,14,Champions
CUST02275,30,8,4119.37,4,2,1,7,Potential Loyalists
CUST00319,30,15,23868.92,4,5,5,14,Champions
CUST03309,30,11,14586.79,4,4,4,12,Loyal Customers
CUST04343,30,11,15229.45,4,4,4,12,Loyal Customers
CUST01273,30,10,18056.97,4,3,4,11,Loyal Customers
CUST04324,30,6,8290.95,4,1,1,6,At Risk
CUST01682,30,17,23365.7,4,5,5,14,Champions
CUST02598,30,8,11813.84,4,2,2,8,Potential Loyalists
CUST01557,30,14,22426.09,4,5,5,14,Champions
CUST01461,30,15,18198.99,4,5,5,14,Champions
CUST00957,30,8,17199.29,4,2,4,10,Loyal Customers
CUST01769,29,9,8848.43,4,2,2,8,Potential Loyalists
CUST00941,29,4,6683.82,4,1,1,6,At Risk
CUST02294,29,10,11096.67,4,3,2,9,Potential Loyalists
CUST02231,29,9,12843.55,4,2,3,9,Potential Loyalists
CUST00010,29,6,6329.65,4,1,1,6,At Risk
CUST00476,29,6,7537.41,4,1,1,6,At Risk
CUST00418,29,17,19983.62,4,5,5,14,Champions
CUST03558,29,12,17888.71,4,4,4,12,Loyal Customers
CUST03445,29,15,21219.2,4,5,5,14,Champions
CUST03936,29,13,21965.11,4,5,5,14,Champions
CUST00685,29,11,16108.19,4,4,4,12,Loyal Customers
CUST02887,29,16,32530.91,4,5,5,14,Champions
CUST02631,29,13,17038.0,4,5,4,13,Champions
CUST01861,29,13,13602.18,4,5,3,12,Loyal Customers
CUST00974,29,10,15476.1,4,3,4,11,Loyal Customers
CUST00585,29,13,20228.2,4,4,5,13,Champions
CUST02540,29,10,11372.87,4,3,2,9,Potential Loyalists
CUST00687,29,11,9585.49,4,3,2,9,Potential Loyalists
CUST00432,29,12,10582.43,4,4,2,10,Loyal Customers
CUST02164,29,5,6424.27,4,1,1,6,At Risk
CUST04406,29,15,21147.62,4,5,5,14,Champions
CUST01063,29,7,12565.85,4,2,3,9,Potential Loyalists
CUST04933,29,14,25360.1,4,5,5,14,Champions
CUST02174,29,17,30671.28,4,5,5,14,Champions
CUST04500,29,13,26617.17,4,5,5,14,Champions
CUST02682,29,17,26900.75,4,5,5,14,Champions
CUST00108,29,13,21667.96,4,5,5,14,Champions
CUST04740,29,10,17553.95,4,3,4,11,Loyal Customers
CUST02925,29,7,9158.33,4,1,2,7,Potential Loyalists
CUST02041,29,10,6570.6,4,3,1,8,Potential Loyalists
CUST00677,29,17,24782.57,4,5,5,14,Champions
CUST02043,29,12,18328.64,4,4,5,13,Champions
CUST04078,29,14,22064.73,4,5,5,14,Champions
CUST02835,29,10,14950.96,4,3,4,11,Loyal Customers
CUST01425,29,12,17027.91,4,4,4,12,Loyal Customers
CUST00653,29,8,11787.26,4,2,2,8,Potential Loyalists
CUST02367,28,10,14858.97,4,3,4,11,Loyal Customers
CUST03998,28,12,13362.44,4,4,3,11,Loyal Customers
CUST00370,28,15,14084.02,4,5,3,12,Loyal Customers
CUST00914,28,6,12739.7,4,1,3,8,Potential Loyalists
CUST02642,28,6,9266.12,4,1,2,7,Potential Loyalists
CUST00898,28,14,20113.73,4,5,5,14,Champions
CUST04530,28,10,13968.24,4,3,3,10,Loyal Customers
CUST02853,28,12,19302.78,4,4,5,13,Champions
CUST01806,28,18,22080.74,4,5,5,14,Champions
CUST03282,28,5,5213.86,4,1,1,6,At Risk
CUST01746,28,9,10115.88,4,2,2,8,Potential Loyalists
CUST04213,28,13,10049.47,4,5,2,11,Loyal Customers
CUST04641,28,6,15514.82,4,1,4,9,Potential Loyalists
CUST01039,28,11,24778.75,4,4,5,13,Champions
CUST04533,28,11,20414.48,4,4,5,13,Champions
CUST03108,28,15,16886.57,4,5,4,13,Champions
CUST01225,28,13,17213.41,4,5,4,13,Champions
CUST04009,28,14,19492.09,4,5,5,14,Champions
CUST02866,28,7,8025.06,4,1,1,6,At Risk
CUST03957,28,8,9222.12,4,2,2,8,Potential Loyalists
CUST04644,28,4,2744.3,4,1,1,6,At Risk
CUST03489,28,18,24451.14,4,5,5,14,Champions
CUST00464,28,13,16164.33,4,5,4,13,Champions
CUST01332,28,9,7602.58,4,2,1,7,Potential Loyalists
CUST01045,28,16,16729.8,4,5,4,13,Champions
CUST03477,28,15,28795.56,4,5,5,14,Champions
CUST03523,28,9,7508.31,4,2,1,7,Potential Loyalists
CUST00255,28,9,13275.41,4,2,3,9,Potential Loyalists
CUST03321,28,10,21017.79,4,3,5,12,Loyal Customers
CUST01257,28,10,13387.5,4,3,3,10,Loyal Customers
CUST02433,28,13,13443.33,4,5,3,12,Loyal Customers
CUST00615,28,12,20466.86,4,4,5,13,Champions
CUST00628,28,8,10732.29,4,2,2,8,Potential Loyalists
CUST01767,28,17,14093.78,4,5,3,12,Loyal Customers
CUST02113,28,14,20908.98,4,5,5,14,Champions
CUST03120,28,9,9102.56,4,2,2,8,Potential Loyalists
CUST00401,28,12,7868.17,4,4,1,9,Potential Loyalists
CUST00140,28,9,13776.46,4,2,3,9,Potential Loyalists
CUST01476,28,11,19198.2,4,4,5,13,Champions
CUST03812,28,9,19742.16,4,2,5,11,Loyal Customers
CUST00999,27,8,8767.89,4,2,2,8,Potential Loyalists
CUST03670,27,5,4852.39,4,1,1,6,At Risk
CUST03439,27,14,19578.21,4,5,5,14,Champions
CUST03004,27,9,11735.43,4,3,2,9,Potential Loyalists
CUST04086,27,12,11880.74,4,4,2,10,Loyal Customers
CUST04462,27,8,10205.41,4,2,2,8,Potential Loyalists
CUST04359,27,9,11149.6,4,3,2,9,Potential Loyalists
CUST02879,27,14,14099.92,4,5,3,12,Loyal Customers
CUST01042,27,10,17578.5,4,3,4,11,Loyal Customers
CUST00867,27,6,4106.65,4,1,1,6,At Risk
CUST00413,27,15,23540.1,4,5,5,14,Champions
CUST01469,27,9,14823.81,4,3,4,11,Loyal Customers
CUST00065,27,10,15818.01,4,3,4,11,Loyal Customers
CUST03288,27,6,3822.18,4,1,1,6,At Risk
CUST00831,27,13,15496.3,4,4,4,12,Loyal Customers
CUST02812,27,11,17079.92,4,4,4,12,Loyal Customers
CUST04394,27,9,16237.28,4,3,4,11,Loyal Customers
CUST03062,27,6,10145.31,4,1,2,7,Potential Loyalists
CUST03223,27,13,18118.9,4,5,4,13,Champions
CUST03827,27,9,13374.08,4,2,3,9,Potential Loyalists
CUST02026,27,11,18228.04,4,4,5,13,Champions
CUST01880,27,7,5773.06,4,1,1,6,At Risk
CUST02930,27,19,29790.71,4,5,5,14,Champions
CUST03907,27,11,9304.98,4,4,2,10,Loyal Customers
CUST03622,27,12,15467.56,4,4,4,12,Loyal Customers
CUST03891,27,9,16393.04,4,3,4,11,Loyal Customers
CUST04820,27,10,13288.59,4,3,3,10,Loyal Customers
CUST04540,27,13,21022.17,4,5,5,14,Champions
CUST03018,27,18,21201.66,4,5,5,14,Champions
CUST03585,27,12,14866.36,4,4,4,12,Loyal Customers
CUST04475,27,9,11443.5,4,3,2,9,Potential Loyalists
CUST02289,27,11,14134.05,4,4,3,11,Loyal Customers
CUST03689,27,8,9501.33,4,2,2,8,Potential Loyalists
CUST03163,27,9,15374.67,4,3,4,11,Loyal Customers
CUST02489,27,11,20956.12,4,4,5,13,Champions
CUST00340,27,7,7884.8,4,1,1,6,At Risk
CUST04025,27,7,3427.93,4,1,1,6,At Risk
CUST02003,27,12,14697.93,4,4,4,12,Loyal Customers
CUST03234,27,13,21183.96,4,5,5,14,Champions
CUST00419,27,9,9439.53,4,2,2,8,Potential Loyalists
CUST03738,27,17,23920.48,4,5,5,14,Champions
CUST04626,27,12,21544.81,4,4,5,13,Champions
CUST00641,27,13,14376.02,4,5,3,12,Loyal Customers
CUST00699,27,8,7812.01,4,2,1,7,Potential Loyalists
CUST02906,27,11,15722.99,4,4,4,12,Loyal Customers
CUST04953,27,8,13916.68,4,2,3,9,Potential Loyalists
CUST04340,27,7,11648.37,4,1,2,7,Potential Loyalists
CUST03870,27,14,13192.58,4,5,3,12,Loyal Customers
CUST00660,27,10,10619.09,4,3,2,9,Potential Loyalists
CUST01756,27,12,20796.5,4,4,5,13,Champions
CUST03284,27,13,21971.52,4,5,5,14,Champions
CUST01600,27,5,9768.62,4,1,2,7,Potential Loyalists
CUST03984,27,7,8110.28,4,1,1,6,At Risk
CUST01215,26,13,18189.25,4,4,5,13,Champions
CUST02793,26,5,3399.97,4,1,1,6,At Risk
CUST00181,26,11,17442.94,4,3,4,11,Loyal Customers
CUST00336,26,11,18415.82,4,4,5,13,Champions
CUST02927,26,12,12745.27,4,4,3,11,Loyal Customers
CUST02755,26,16,29657.27,4,5,5,14,Champions
CUST04057,26,7,15213.95,4,1,4,9,Potential Loyalists
CUST04218,26,6,14087.83,4,1,3,8,Potential Loyalists
CUST01781,26,9,19674.52,4,2,5,11,Loyal Customers
CUST04142,26,12,18500.73,4,4,5,13,Champions
CUST00686,26,8,10867.51,4,2,2,8,Potential Loyalists
CUST03774,26,8,14966.55,4,2,4,10,Loyal Customers
CUST04596,26,6,7298.11,4,1,1,6,At Risk
CUST01799,26,11,10733.87,4,3,2,9,Potential Loyalists
CUST02532,26,9,13035.77,4,2,3,9,Potential Loyalists
CUST02348,26,9,6611.38,4,2,1,7,Potential Loyalists
CUST00869,26,13,13910.89,4,5,3,12,Loyal Customers
CUST01626,26,17,16845.49,4,5,4,13,Champions
CUST02613,26,17,25109.73,4,5,5,14,Champions
CUST04404,26,7,12962.93,4,1,3,8,Potential Loyalists
CUST01656,26,14,18006.23,4,5,4,13,Champions
CUST04410,26,10,6622.22,4,3,1,8,Potential Loyalists
CUST00651,26,13,18843.19,4,5,5,14,Champions
CUST03406,26,16,18855.55,4,5,5,14,Champions
CUST04489,26,8,7248.71,4,2,1,7,Potential Loyalists
CUST02782,26,9,15236.79,4,3,4,11,Loyal Customers
CUST00047,26,11,18060.66,4,4,4,12,Loyal Customers
CUST00155,26,11,13391.21,4,4,3,11,Loyal Customers
CUST01069,26,13,26598.92,4,4,5,13,Champions
CUST04204,26,4,6431.92,4,1,1,6,At Risk
CUST03823,26,11,19708.08,4,4,5,13,Champions
CUST00481,26,10,12472.25,4,3,3,10,Loyal Customers
CUST03065,26,8,11049.27,4,2,2,8,Potential Loyalists
CUST00812,26,7,9803.57,4,1,2,7,Potential Loyalists
CUST04297,26,11,10421.14,4,4,2,10,Loyal Customers
CUST04751,26,9,11926.62,4,3,3,10,Loyal Customers
CUST04264,26,12,17874.79,4,4,4,12,Loyal Customers
CUST02687,26,7,10763.66,4,1,2,7,Potential Loyalists
CUST04598,26,7,10788.31,4,1,2,7,Potential Loyalists
CUST00546,26,15,24644.45,4,5,5,14,Champions
CUST02048,26,11,10631.44,4,4,2,10,Loyal Customers
CUST02938,26,12,18117.16,4,4,4,12,Loyal Customers
CUST02859,26,11,10252.1,4,4,2,10,Loyal Customers
CUST00550,26,10,14674.64,4,3,4,11,Loyal Customers
CUST00207,26,12,9942.55,4,4,2,10,Loyal Customers
CUST00317,26,12,21934.58,4,4,5,13,Champions
CUST00171,26,15,28154.52,4,5,5,14,Champions
CUST03030,26,11,17377.83,4,3,4,11,Loyal Customers
CUST01692,25,7,9498.34,4,1,2,7,Potential Loyalists
CUST03666,25,16,16361.58,4,5,4,13,Champions
CUST00162,25,9,10529.37,4,3,2,9,Potential Loyalists
CUST01966,25,13,17539.42,4,5,4,13,Champions
CUST03790,25,10,17649.82,4,3,4,11,Loyal Customers
CUST03739,25,6,7816.22,4,1,1,6,At Risk
CUST01856,25,10,15058.15,4,3,4,11,Loyal Customers
CUST00168,25,2,3795.96,4,1,1,6,At Risk
CUST03078,25,9,11255.38,4,3,2,9,Potential Loyalists
CUST04630,25,10,14884.88,4,3,4,11,Loyal Customers
CUST04670,25,17,22102.11,4,5,5,14,Champions
CUST01378,25,12,17175.4,4,4,4,12,Loyal Customers
CUST03785,25,13,17350.71,4,4,4,12,Loyal Customers
CUST00665,25,13,22814.71,4,5,5,14,Champions
CUST02157,25,8,14119.27,4,2,3,9,Potential Loyalists
CUST01725,25,12,18251.77,4,4,5,13,Champions
CUST01658,25,14,19445.12,4,5,5,14,Champions
CUST00626,25,9,16717.98,4,3,4,11,Loyal Customers
CUST04802,25,12,19325.42,4,4,5,13,Champions
CUST00184,25,10,6894.34,4,3,1,8,Potential Loyalists
CUST03688,25,6,10693.56,4,1,2,7,Potential Loyalists
CUST03573,25,11,16208.58,4,3,4,11,Loyal Customers
CUST00782,25,11,17741.85,4,3,4,11,Loyal Customers
CUST03873,25,6,6323.57,4,1,1,6,At Risk
CUST00232,25,11,16331.42,4,4,4,12,Loyal Customers
CUST00231,25,9,11922.43,4,3,3,10,Loyal Customers
CUST00955,25,11,11978.38,4,4,3,11,Loyal Customers
CUST02775,25,6,9931.48,4,1,2,7,Potential Loyalists
CUST03997,25,11,14622.59,4,4,4,12,Loyal Customers
CUST00757,25,13,22466.67,4,5,5,14,Champions
CUST00522,25,8,13054.01,4,2,3,9,Potential Loyalists
CUST04625,25,15,28425.45,4,5,5,14,Champions
CUST01984,25,10,12715.29,4,3,3,10,Loyal Customers
CUST00897,25,13,7692.55,4,4,1,9,Potential Loyalists
CUST01438,25,13,18160.13,4,4,4,12,Loyal Customers
CUST01157,25,14,17755.66,4,5,4,13,Champions
CUST04771,25,13,15592.24,4,5,4,13,Champions
CUST04127,24,11,12563.28,4,4,3,11,Loyal Customers
CUST04703,24,10,18039.72,4,3,4,11,Loyal Customers
CUST02961,24,12,24945.65,4,4,5,13,Champions
CUST01570,24,15,29738.46,4,5,5,14,Champions
CUST00614,24,9,8166.5,4,2,1,7,Potential Loyalists
CUST01754,24,11,10559.45,4,4,2,10,Loyal Customers
CUST04637,24,9,11756.29,4,3,2,9,Potential Loyalists
CUST00691,24,6,7953.82,4,1,1,6,At Risk
CUST00391,24,8,7556.88,4,2,1,7,Potential Loyalists
CUST02029,24,12,14745.22,4,4,4,12,Loyal Customers
CUST04987,24,11,19777.05,4,4,5,13,Champions
CUST00847,24,12,8785.44,4,4,2,10,Loyal Customers
CUST01581,24,7,8423.64,4,1,1,6,At Risk
CUST01100,24,5,6062.6,4,1,1,6,At Risk
CUST01457,24,14,13910.69,4,5,3,12,Loyal Customers
CUST02156,24,14,18310.87,4,5,5,14,Champions
CUST03235,24,8,10427.84,4,2,2,8,Potential Loyalists
CUST03619,24,12,12610.37,4,4,3,11,Loyal Customers
CUST03567,24,13,17916.53,4,5,4,13,Champions
CUST02790,24,10,20502.36,4,3,5,12,Loyal Customers
CUST00581,24,12,11255.92,4,4,2,10,Loyal Customers
CUST03930,24,15,21960.88,4,5,5,14,Champions
CUST00509,24,12,15898.9,4,4,4,12,Loyal Customers
CUST00823,24,13,17297.9,4,4,4,12,Loyal Customers
CUST04856,24,10,20197.32,4,3,5,12,Loyal Customers
CUST00368,24,10,14724.04,4,3,4,11,Loyal Customers
CUST01447,24,13,21724.98,4,5,5,14,Champions
CUST01744,24,9,9686.27,4,2,2,8,Potential Loyalists
CUST03173,24,14,14657.18,4,5,4,13,Champions
CUST02168,24,8,12586.74,4,2,3,9,Potential Loyalists
CUST00441,24,8,10776.9,4,2,2,8,Potential Loyalists
CUST04867,24,15,24249.98,4,5,5,14,Champions
CUST02612,24,12,13876.65,4,4,3,11,Loyal Customers
CUST01602,24,8,14785.46,4,2,4,10,Loyal Customers
CUST01522,24,15,20868.19,4,5,5,14,Champions
CUST04055,24,18,23936.9,4,5,5,14,Champions
CUST03735,24,9,7262.52,4,2,1,7,Potential Loyalists
CUST04476,24,18,25577.5,4,5,5,14,Champions
CUST01546,24,15,30751.42,4,5,5,14,Champions
CUST04006,24,9,18283.09,4,2,5,11,Loyal Customers
CUST01599,24,11,11010.84,4,4,2,10,Loyal Customers
CUST01755,24,12,14111.97,4,4,3,11,Loyal Customers
CUST02410,24,12,12978.88,4,4,3,11,Loyal Customers
CUST01377,24,10,9500.01,4,3,2,9,Potential Loyalists
CUST00663,24,9,13368.15,4,2,3,9,Potential Loyalists
CUST00289,24,12,14199.22,4,4,3,11,Loyal Customers
CUST01236,24,5,6502.59,4,1,1,6,At Risk
CUST04255,23,8,11512.53,4,2,2,8,Potential Loyalists
CUST00804,23,15,25152.62,4,5,5,14,Champions
CUST00169,23,2,6150.86,4,1,1,6,At Risk
CUST04493,23,6,6716.38,4,1,1,6,At Risk
CUST00529,23,8,16529.36,4,2,4,10,Loyal Customers
CUST02979,23,12,12391.37,4,4,3,11,Loyal Customers
CUST00396,23,12,14142.98,4,4,3,11,Loyal Customers
CUST02010,23,19,18184.63,4,5,5,14,Champions
CUST02628,23,12,13415.19,4,4,3,11,Loyal Customers
CUST03159,23,10,9034.85,4,3,2,9,Potential Loyalists
CUST01987,23,14,17582.74,4,5,4,13,Champions
CUST03098,23,9,10391.97,4,3,2,9,Potential Loyalists
CUST03849,23,10,19034.24,4,3,5,12,Loyal Customers
CUST02624,23,10,12888.43,4,3,3,10,Loyal Customers
CUST03903,23,9,14919.07,4,3,4,11,Loyal Customers
CUST04779,23,9,13659.46,4,2,3,9,Potential Loyalists
CUST03973,23,9,12630.02,4,3,3,10,Loyal Customers
CUST00050,23,7,10321.41,4,1,2,7,Potential Loyalists
CUST01989,23,13,12137.45,4,5,3,12,Loyal Customers
CUST03777,23,15,28065.13,4,5,5,14,Champions
CUST02719,23,9,18287.87,4,2,5,11,Loyal Customers
CUST01325,23,16,19952.04,4,5,5,14,Champions
CUST03888,23,7,11763.15,4,1,2,7,Potential Loyalists
CUST01312,23,11,14046.3,4,4,3,11,Loyal Customers
CUST02234,23,16,18164.58,4,5,4,13,Champions
CUST03227,23,14,16169.23,4,5,4,13,Champions
CUST03386,23,10,16500.74,4,3,4,11,Loyal Customers
CUST04805,23,12,12523.16,4,4,3,11,Loyal Customers
CUST00963,23,13,17608.3,4,5,4,13,Champions
CUST03961,23,15,12862.75,4,5,3,12,Loyal Customers
CUST04426,23,9,8237.37,4,2,1,7,Potential Loyalists
CUST03401,23,12,22466.77,4,4,5,13,Champions
CUST03535,23,10,13021.27,4,3,3,10,Loyal Customers
CUST04389,23,13,17722.48,4,5,4,13,Champions
CUST02813,23,6,8919.14,4,1,2,7,Potential Loyalists
CUST03092,23,8,7676.92,4,2,1,7,Potential Loyalists
CUST00173,23,8,12703.68,4,2,3,9,Potential Loyalists
CUST00366,23,8,15437.05,4,2,4,10,Loyal Customers
CUST04726,23,11,15262.14,4,4,4,12,Loyal Customers
CUST01690,22,16,19107.09,4,5,5,14,Champions
CUST01228,22,6,10716.4,4,1,2,7,Potential Loyalists
CUST02995,22,12,18501.37,4,4,5,13,Champions
CUST02907,22,12,7107.36,4,4,1,9,Potential Loyalists
CUST01097,22,11,11229.63,4,4,2,10,Loyal Customers
CUST03496,22,7,12876.24,4,1,3,8,Potential Loyalists
CUST03299,22,12,18114.46,4,4,4,12,Loyal Customers
CUST03274,22,9,8976.17,4,2,2,8,Potential Loyalists
CUST03379,22,12,17922.69,4,4,4,12,Loyal Customers
CUST02714,22,7,9136.3,4,1,2,7,Potential Loyalists
CUST00565,22,7,12239.78,4,2,3,9,Potential Loyalists
CUST02564,22,9,14265.06,4,2,3,9,Potential Loyalists
CUST04183,22,13,17971.65,4,5,4,13,Champions
CUST03532,22,10,14529.17,4,3,3,10,Loyal Customers
CUST00203,22,5,5485.94,4,1,1,6,At Risk
CUST03194,22,11,18659.1,4,4,5,13,Champions
CUST01572,22,7,7151.94,4,2,1,7,Potential Loyalists
CUST00563,22,14,16279.81,4,5,4,13,Champions
CUST02986,22,13,22482.07,4,5,5,14,Champions
CUST04424,22,12,13905.33,4,4,3,11,Loyal Customers
CUST00902,22,10,14937.25,4,3,4,11,Loyal Customers
CUST00488,22,10,10149.64,4,3,2,9,Potential Loyalists
CUST01208,22,16,24033.98,4,5,5,14,Champions
CUST03880,22,6,12276.82,4,1,3,8,Potential Loyalists
CUST02241,22,9,15176.18,4,3,4,11,Loyal Customers
CUST02572,22,9,14501.77,4,3,3,10,Loyal Customers
CUST00251,22,9,9440.86,4,2,2,8,Potential Loyalists
CUST01143,22,13,16093.24,4,5,4,13,Champions
CUST01001,22,19,40891.35,4,5,5,14,Champions
CUST02435,22,13,16161.46,4,5,4,13,Champions
CUST04452,22,10,15371.2,4,3,4,11,Loyal Customers
CUST01862,22,10,10303.42,4,3,2,9,Potential Loyalists
CUST02216,22,11,15103.77,4,4,4,12,Loyal Customers
CUST00199,22,14,17907.68,4,5,4,13,Champions
CUST03151,22,4,10668.77,4,1,2,7,Potential Loyalists
CUST04601,22,13,16314.87,4,4,4,12,Loyal Customers
CUST01058,22,14,24122.01,4,5,5,14,Champions
CUST03501,22,12,12032.43,4,4,3,11,Loyal Customers
CUST03320,22,12,15834.56,4,4,4,12,Loyal Customers
CUST01766,22,16,17697.02,4,5,4,13,Champions
CUST02972,22,13,22274.9,4,5,5,14,Champions
CUST03717,22,8,13907.1,4,2,3,9,Potential Loyalists
CUST01127,22,9,15854.97,4,3,4,11,Loyal Customers
CUST02843,22,11,16792.03,4,4,4,12,Loyal Customers
CUST04592,22,11,15652.18,4,4,4,12,Loyal Customers
CUST00440,21,8,12077.51,4,2,3,9,Potential Loyalists
CUST01964,21,12,16276.22,4,4,4,12,Loyal Customers
CUST04618,21,15,16024.43,4,5,4,13,Champions
CUST01894,21,8,12292.29,4,2,3,9,Potential Loyalists
CUST02428,21,9,11684.11,4,3,2,9,Potential Loyalists
CUST03150,21,14,15986.0,4,5,4,13,Champions
CUST04913,21,17,23849.55,4,5,5,14,Champions
CUST03839,21,6,8349.38,4,1,1,6,At Risk
CUST02655,21,11,15405.28,4,4,4,12,Loyal Customers
CUST01627,21,12,18430.08,4,4,5,13,Champions
CUST02610,21,13,16769.82,4,5,4,13,Champions
CUST01976,21,6,9554.04,4,1,2,7,Potential Loyalists
CUST01500,21,15,19340.58,4,5,5,14,Champions
CUST04701,21,6,10460.39,4,1,2,7,Potential Loyalists
CUST03704,21,15,13664.47,4,5,3,12,Loyal Customers
CUST04576,21,19,26284.0,4,5,5,14,Champions
CUST00315,21,10,15936.32,4,3,4,11,Loyal Customers
CUST03949,21,12,14460.77,4,4,3,11,Loyal Customers
CUST00901,21,10,9203.92,4,3,2,9,Potential Loyalists
CUST01335,21,12,11949.0,4,4,3,11,Loyal Customers
CUST02688,21,13,18920.27,4,5,5,14,Champions
CUST04542,21,9,8769.11,4,2,2,8,Potential Loyalists
CUST02154,21,18,33506.57,4,5,5,14,Champions
CUST00734,21,3,10663.63,4,1,2,7,Potential Loyalists
CUST00609,21,12,15822.47,4,4,4,12,Loyal Customers
CUST02880,21,13,21648.63,4,5,5,14,Champions
CUST04938,21,15,19243.95,4,5,5,14,Champions
CUST01648,21,13,18986.95,4,5,5,14,Champions
CUST04503,21,13,20054.62,4,4,5,13,Champions
CUST02306,21,16,21632.17,4,5,5,14,Champions
CUST02230,21,7,7401.22,4,2,1,7,Potential Loyalists
CUST00062,21,9,11468.25,4,3,2,9,Potential Loyalists
CUST01393,21,9,14209.22,4,2,3,9,Potential Loyalists
CUST00380,21,10,15229.56,4,3,4,11,Loyal Customers
CUST04310,21,10,18119.87,4,3,4,11,Loyal Customers
CUST01855,21,11,5460.0,4,4,1,9,Potential Loyalists
CUST02283,21,9,8607.41,4,2,1,7,Potential Loyalists
CUST03899,21,10,12198.37,4,3,3,10,Loyal Customers
CUST04249,21,8,14210.51,4,2,3,9,Potential Loyalists
CUST04973,21,13,18849.18,4,5,5,14,Champions
CUST01708,21,13,12740.42,4,5,3,12,Loyal Customers
CUST01484,21,9,14825.51,4,3,4,11,Loyal Customers
CUST00454,21,19,19778.13,4,5,5,14,Champions
CUST02298,21,6,13834.76,4,1,3,8,Potential Loyalists
CUST00267,21,11,14971.56,4,4,4,12,Loyal Customers
CUST04143,21,14,22191.26,4,5,5,14,Champions
CUST00814,21,15,20417.69,4,5,5,14,Champions
CUST00519,21,7,10453.04,4,1,2,7,Potential Loyalists
CUST02926,20,13,15325.49,4,5,4,13,Champions
CUST03562,20,10,13828.13,4,3,3,10,Loyal Customers
CUST02726,20,8,8385.42,4,2,1,7,Potential Loyalists
CUST02278,20,10,18231.25,4,3,5,12,Loyal Customers
CUST04580,20,9,12964.39,4,2,3,9,Potential Loyalists
CUST01826,20,9,13053.23,4,2,3,9,Potential Loyalists
CUST02192,20,9,13780.84,4,2,3,9,Potential Loyalists
CUST04931,20,11,16953.15,4,4,4,12,Loyal Customers
CUST01113,20,11,16634.54,4,4,4,12,Loyal Customers
CUST04687,20,10,8636.08,4,3,1,8,Potential Loyalists
CUST01317,20,11,21142.12,4,4,5,13,Champions
CUST02871,20,11,14676.88,5,4,4,13,Champions
CUST03281,20,7,11157.66,5,2,2,9,Potential Loyalists
CUST01952,20,9,13471.44,5,2,3,10,Loyal Customers
CUST00350,20,7,9853.93,5,1,2,8,Potential Loyalists
CUST00774,20,9,5201.94,5,3,1,9,Potential Loyalists
CUST02803,20,12,11899.94,5,4,2,11,Loyal Customers
CUST03967,20,12,15569.73,5,4,4,13,Champions
CUST02257,20,12,16411.44,5,4,4,13,Champions
CUST03605,20,12,17337.43,5,4,4,13,Champions
CUST01311,20,9,7774.8,5,2,1,8,Potential Loyalists
CUST00427,20,13,18216.77,5,4,5,14,Champions
CUST04858,20,13,20590.35,5,5,5,15,Champions
CUST02072,20,6,3643.01,5,1,1,7,Potential Loyalists
CUST02534,20,13,23050.95,5,5,5,15,Champions
CUST01601,20,6,7165.01,5,1,1,7,Potential Loyalists
CUST01819,20,14,18585.89,5,5,5,15,Champions
CUST02745,20,15,16063.76,5,5,4,14,Champions
CUST04955,20,15,28942.85,5,5,5,15,Champions
CUST01716,20,5,4918.08,5,1,1,7,Potential Loyalists
CUST03461,20,16,21926.31,5,5,5,15,Champions
CUST01914,20,16,17141.12,5,5,4,14,Champions
CUST02063,20,16,18239.61,5,5,5,15,Champions
CUST03543,19,11,17809.89,5,3,4,12,Loyal Customers
CUST01362,19,7,13324.0,5,1,3,9,Potential Loyalists
CUST03530,19,13,18923.36,5,5,5,15,Champions
CUST04643,19,9,19285.92,5,2,5,12,Loyal Customers
CUST01261,19,12,13165.19,5,4,3,12,Loyal Customers
CUST02423,19,15,26603.6,5,5,5,15,Champions
CUST04319,19,12,14225.31,5,4,3,12,Loyal Customers
CUST02725,19,11,16030.11,5,4,4,13,Champions
CUST04843,19,7,14571.49,5,2,3,10,Loyal Customers
CUST03356,19,4,6731.31,5,1,1,7,Potential Loyalists
CUST03422,19,10,12654.48,5,3,3,11,Loyal Customers
CUST00871,19,10,8980.82,5,3,2,10,Loyal Customers
CUST04752,19,14,20914.2,5,5,5,15,Champions
CUST01617,19,15,18779.26,5,5,5,15,Champions
CUST04146,19,10,11462.51,5,3,2,10,Loyal Customers
CUST02724,19,11,10049.64,5,4,2,11,Loyal Customers
CUST01524,19,12,12614.84,5,4,3,12,Loyal Customers
CUST01494,19,9,12948.39,5,2,3,10,Loyal Customers
CUST03697,19,7,12327.79,5,2,3,10,Loyal Customers
CUST01737,19,7,5533.9,5,1,1,7,Potential Loyalists
CUST04519,19,8,10074.24,5,2,2,9,Potential Loyalists
CUST00773,19,16,29891.18,5,5,5,15,Champions
CUST03745,19,10,14687.86,5,3,4,12,Loyal Customers
CUST00337,19,12,14879.57,5,4,4,13,Champions
CUST03383,19,9,14615.46,5,3,4,12,Loyal Customers
CUST04467,19,9,16080.37,5,3,4,12,Loyal Customers
CUST02622,19,10,17735.41,5,3,4,12,Loyal Customers
CUST02983,19,10,19473.82,5,3,5,13,Champions
CUST03195,19,9,17416.71,5,2,4,11,Loyal Customers
CUST04304,19,16,28547.91,5,5,5,15,Champions
CUST04936,19,12,18198.36,5,4,5,14,Champions
CUST01891,19,14,25439.36,5,5,5,15,Champions
CUST03368,19,5,6754.03,5,1,1,7,Potential Loyalists
CUST04583,19,9,9437.84,5,2,2,9,Potential Loyalists
CUST00706,19,10,10412.62,5,3,2,10,Loyal Customers
CUST02674,19,9,8346.09,5,2,1,8,Potential Loyalists
CUST00035,19,16,17382.84,5,5,4,14,Champions
CUST03909,19,9,13693.6,5,2,3,10,Loyal Customers
CUST04979,19,9,12212.86,5,3,3,11,Loyal Customers
CUST04281,19,11,17754.3,5,3,4,12,Loyal Customers
CUST01831,19,13,23860.79,5,5,5,15,Champions
CUST03982,19,10,7357.69,5,3,1,9,Potential Loyalists
CUST02144,18,12,14111.06,5,4,3,12,Loyal Customers
CUST01371,18,13,11405.64,5,5,2,12,Loyal Customers
CUST00839,18,12,16407.49,5,4,4,13,Champions
CUST04741,18,15,25739.97,5,5,5,15,Champions
CUST03207,18,11,13124.68,5,4,3,12,Loyal Customers
CUST01267,18,16,24807.98,5,5,5,15,Champions
CUST04594,18,14,16202.03,5,5,4,14,Champions
CUST02837,18,14,24121.04,5,5,5,15,Champions
CUST03758,18,8,14850.78,5,2,4,11,Loyal Customers
CUST02660,18,5,5874.47,5,1,1,7,Potential Loyalists
CUST04902,18,9,12203.49,5,3,3,11,Loyal Customers
CUST02377,18,8,10279.36,5,2,2,9,Potential Loyalists
CUST03483,18,9,10251.74,5,2,2,9,Potential Loyalists
CUST03005,18,9,13296.99,5,2,3,10,Loyal Customers
CUST03706,18,14,19558.42,5,5,5,15,Champions
CUST04412,18,6,8962.95,5,1,2,8,Potential Loyalists
CUST00874,18,12,16741.03,5,4,4,13,Champions
CUST03513,18,11,16678.55,5,4,4,13,Champions
CUST00662,18,12,14926.56,5,4,4,13,Champions
CUST04369,18,13,16016.14,5,5,4,14,Champions
CUST00397,18,7,11783.2,5,1,2,8,Potential Loyalists
CUST01465,18,15,29442.34,5,5,5,15,Champions
CUST02224,18,9,15356.72,5,3,4,12,Loyal Customers
CUST02006,18,10,13574.62,5,3,3,11,Loyal Customers
CUST04019,18,13,21023.43,5,5,5,15,Champions
CUST01968,18,6,9716.89,5,1,2,8,Potential Loyalists
CUST01370,18,11,12886.78,5,4,3,12,Loyal Customers
CUST00835,18,12,23095.73,5,4,5,14,Champions
CUST03534,18,8,9679.02,5,2,2,9,Potential Loyalists
CUST00399,18,4,5856.53,5,1,1,7,Potential Loyalists
CUST01866,18,13,15510.45,5,4,4,13,Champions
CUST03123,18,12,15283.62,5,4,4,13,Champions
CUST04550,18,5,5851.58,5,1,1,7,Potential Loyalists
CUST02019,18,11,15837.06,5,4,4,13,Champions
CUST04591,18,15,20883.79,5,5,5,15,Champions
CUST02449,18,10,17024.99,5,3,4,12,Loyal Customers
CUST02568,18,9,7966.04,5,2,1,8,Potential Loyalists
CUST03186,18,13,17237.3,5,5,4,14,Champions
CUST02558,18,8,9191.57,5,2,2,9,Potential Loyalists
CUST01346,18,13,18563.68,5,4,5,14,Champions
CUST04548,18,7,8574.58,5,1,1,7,Potential Loyalists
CUST03811,18,7,8542.46,5,1,1,7,Potential Loyalists
CUST00154,18,10,14241.72,5,3,3,11,Loyal Customers
CUST00492,18,7,11945.42,5,2,3,10,Loyal Customers
CUST02448,18,12,19179.83,5,4,5,14,Champions
CUST04890,18,9,16363.82,5,3,4,12,Loyal Customers
CUST02412,17,13,18475.93,5,5,5,15,Champions
CUST00265,17,8,4507.15,5,2,1,8,Potential Loyalists
CUST02731,17,8,6891.21,5,2,1,8,Potential Loyalists
CUST03826,17,11,11679.08,5,4,2,11,Loyal Customers
CUST00624,17,7,11003.01,5,1,2,8,Potential Loyalists
CUST04837,17,5,8762.89,5,1,1,7,Potential Loyalists
CUST03081,17,7,7888.17,5,1,1,7,Potential Loyalists
CUST02675,17,3,8011.53,5,1,1,7,Potential Loyalists
CUST02124,17,9,14262.52,5,2,3,10,Loyal Customers
CUST00018,17,11,26446.98,5,4,5,14,Champions
CUST03189,17,13,13110.28,5,4,3,12,Loyal Customers
CUST02989,17,13,18113.75,5,5,4,14,Champions
CUST03007,17,14,18982.79,5,5,5,15,Champions
CUST02956,17,15,23195.48,5,5,5,15,Champions
CUST01357,17,11,15393.86,5,4,4,13,Champions
CUST03013,17,13,12491.72,5,5,3,13,Champions
CUST02595,17,13,16656.78,5,5,4,14,Champions
CUST04666,17,10,13780.71,5,3,3,11,Loyal Customers
CUST01220,17,9,21658.76,5,2,5,12,Loyal Customers
CUST04696,17,8,11183.85,5,2,2,9,Potential Loyalists
CUST01843,17,14,18430.45,5,5,5,15,Champions
CUST01777,17,6,7017.99,5,1,1,7,Potential Loyalists
CUST04349,17,10,15508.99,5,3,4,12,Loyal Customers
CUST01842,17,13,15792.77,5,5,4,14,Champions
CUST02643,17,11,12288.68,5,4,3,12,Loyal Customers
CUST02516,17,7,15916.59,5,2,4,11,Loyal Customers
CUST02126,17,10,13241.89,5,3,3,11,Loyal Customers
CUST03931,17,9,15177.39,5,3,4,12,Loyal Customers
CUST03705,17,10,13903.66,5,3,3,11,Loyal Customers
CUST04243,17,12,13964.26,5,4,3,12,Loyal Customers
CUST03508,17,11,13796.61,5,4,3,12,Loyal Customers
CUST01239,17,11,21727.04,5,4,5,14,Champions
CUST02413,17,13,17479.7,5,5,4,14,Champions
CUST04517,17,10,13543.5,5,3,3,11,Loyal Customers
CUST03447,17,12,13851.1,5,4,3,12,Loyal Customers
CUST00143,17,4,6176.4,5,1,1,7,Potential Loyalists
CUST03365,17,13,15613.19,5,5,4,14,Champions
CUST04141,17,10,12668.09,5,3,3,11,Loyal Customers
CUST02751,17,8,12215.02,5,2,3,10,Loyal Customers
CUST04835,17,15,13107.31,5,5,3,13,Champions
CUST03933,17,12,18742.37,5,4,5,14,Champions
CUST03308,17,13,23152.24,5,5,5,15,Champions
CUST01262,17,13,12500.11,5,5,3,13,Champions
CUST03642,17,13,15619.67,5,5,4,14,Champions
CUST03770,17,7,4877.47,5,1,1,7,Potential Loyalists
CUST00722,17,10,16844.66,5,3,4,12,Loyal Customers
CUST00709,17,13,18784.17,5,5,5,15,Champions
CUST01176,17,13,20799.28,5,5,5,15,Champions
CUST00379,17,12,24856.1,5,4,5,14,Champions
CUST00477,17,16,19596.34,5,5,5,15,Champions
CUST00279,16,7,4763.73,5,1,1,7,Potential Loyalists
CUST01822,16,15,23241.9,5,5,5,15,Champions
CUST03095,16,13,14147.78,5,5,3,13,Champions
CUST02765,16,12,16143.86,5,4,4,13,Champions
CUST01114,16,11,11948.81,5,4,3,12,Loyal Customers
CUST03561,16,8,5160.14,5,2,1,8,Potential Loyalists
CUST03835,16,13,17804.35,5,5,4,14,Champions
CUST00857,16,15,18478.66,5,5,5,15,Champions
CUST03102,16,7,9748.3,5,1,2,8,Potential Loyalists
CUST02501,16,11,14335.98,5,4,3,12,Loyal Customers
CUST04558,16,14,19143.15,5,5,5,15,Champions
CUST02990,16,12,13336.47,5,4,3,12,Loyal Customers
CUST03629,16,9,11890.62,5,3,2,10,Loyal Customers
CUST03176,16,6,9681.7,5,1,2,8,Potential Loyalists
CUST01652,16,12,13497.78,5,4,3,12,Loyal Customers
CUST04166,16,11,18468.5,5,4,5,14,Champions
CUST04557,16,7,8017.89,5,1,1,7,Potential Loyalists
CUST03786,16,15,21493.11,5,5,5,15,Champions
CUST03571,16,8,10854.06,5,2,2,9,Potential Loyalists
CUST03149,16,12,20438.67,5,4,5,14,Champions
CUST03892,16,5,8208.47,5,1,1,7,Potential Loyalists
CUST00995,16,10,14310.98,5,3,3,11,Loyal Customers
CUST03725,16,11,9463.27,5,4,2,11,Loyal Customers
CUST00896,16,17,32734.02,5,5,5,15,Champions
CUST01576,16,8,9816.73,5,2,2,9,Potential Loyalists
CUST04027,16,11,13913.75,5,3,3,11,Loyal Customers
CUST02353,16,11,18078.02,5,4,4,13,Champions
CUST00449,16,14,19975.19,5,5,5,15,Champions
CUST01536,16,10,14679.42,5,3,4,12,Loyal Customers
CUST01693,16,10,14860.88,5,3,4,12,Loyal Customers
CUST04388,16,9,13610.74,5,2,3,10,Loyal Customers
CUST03190,16,12,14421.87,5,4,3,12,Loyal Customers
CUST03731,16,10,15084.19,5,3,4,12,Loyal Customers
CUST02101,16,12,17522.95,5,4,4,13,Champions
CUST01247,16,13,18419.03,5,5,5,15,Champions
CUST03652,16,8,9118.3,5,2,2,9,Potential Loyalists
CUST00760,16,8,13520.77,5,2,3,10,Loyal Customers
CUST02325,16,16,22430.14,5,5,5,15,Champions
CUST01592,16,9,12195.57,5,3,3,11,Loyal Customers
CUST02945,16,12,14939.54,5,4,4,13,Champions
CUST04145,16,10,16273.32,5,3,4,12,Loyal Customers
CUST00560,15,6,8185.82,5,1,1,7,Potential Loyalists
CUST03692,15,13,12509.12,5,4,3,12,Loyal Customers
CUST03789,15,13,14692.95,5,5,4,14,Champions
CUST01422,15,9,9415.8,5,2,2,9,Potential Loyalists
CUST00329,15,7,16098.42,5,1,4,10,Loyal Customers
CUST00252,15,7,4798.82,5,1,1,7,Potential Loyalists
CUST03589,15,4,7854.43,5,1,1,7,Potential Loyalists
CUST04477,15,11,14578.33,5,4,3,12,Loyal Customers
CUST02539,15,6,4655.81,5,1,1,7,Potential Loyalists
CUST04314,15,10,10544.26,5,3,2,10,Loyal Customers
CUST03860,15,16,20653.66,5,5,5,15,Champions
CUST00580,15,10,14185.43,5,3,3,11,Loyal Customers
CUST00771,15,11,17804.9,5,3,4,12,Loyal Customers
CUST03636,15,9,6778.57,5,2,1,8,Potential Loyalists
CUST04520,15,12,14525.36,5,4,3,12,Loyal Customers
CUST00678,15,12,16130.64,5,4,4,13,Champions
CUST00802,15,7,10112.47,5,2,2,9,Potential Loyalists
CUST01331,15,10,14049.0,5,3,3,11,Loyal Customers
CUST04756,15,15,24541.96,5,5,5,15,Champions
CUST01299,15,8,7713.96,5,2,1,8,Potential Loyalists
CUST00979,15,13,8868.67,5,5,2,12,Loyal Customers
CUST02176,15,15,21225.98,5,5,5,15,Champions
CUST00478,15,4,6952.74,5,1,1,7,Potential Loyalists
CUST04252,15,10,11830.13,5,3,2,10,Loyal Customers
CUST04074,15,7,11709.13,5,1,2,8,Potential Loyalists
CUST03768,15,10,13701.89,5,3,3,11,Loyal Customers
CUST03760,15,7,9557.03,5,1,2,8,Potential Loyalists
CUST02971,15,10,17092.19,5,3,4,12,Loyal Customers
CUST01663,15,16,16794.26,5,5,4,14,Champions
CUST04602,15,9,17581.84,5,2,4,11,Loyal Customers
CUST03878,15,11,9944.64,5,4,2,11,Loyal Customers
CUST00311,15,10,13652.09,5,3,3,11,Loyal Customers
CUST01732,15,6,5921.06,5,1,1,7,Potential Loyalists
CUST03618,15,10,13119.03,5,3,3,11,Loyal Customers
CUST04876,15,12,10401.68,5,4,2,11,Loyal Customers
CUST02817,15,5,3297.97,5,1,1,7,Potential Loyalists
CUST02506,15,12,16463.64,5,4,4,13,Champions
CUST02465,15,10,7846.7,5,3,1,9,Potential Loyalists
CUST04958,15,9,12281.07,5,3,3,11,Loyal Customers
CUST01574,15,15,11957.17,5,5,3,13,Champions
CUST04317,15,8,19354.96,5,2,5,12,Loyal Customers
CUST01379,15,11,17942.17,5,4,4,13,Champions
CUST04719,15,11,13414.27,5,4,3,12,Loyal Customers
CUST00948,15,9,12075.14,5,3,3,11,Loyal Customers
CUST02252,15,10,14569.57,5,3,3,11,Loyal Customers
CUST00617,15,12,12783.16,5,4,3,12,Loyal Customers
CUST01124,15,9,6143.05,5,2,1,8,Potential Loyalists
CUST04589,15,13,20024.13,5,4,5,14,Champions
CUST01249,15,8,11166.05,5,2,2,9,Potential Loyalists
CUST02284,14,14,15830.01,5,5,4,14,Champions
CUST01759,14,14,23330.35,5,5,5,15,Champions
CUST04112,14,9,10973.27,5,3,2,10,Loyal Customers
CUST04212,14,11,7127.57,5,4,1,10,Loyal Customers
CUST01426,14,10,12880.66,5,3,3,11,Loyal Customers
CUST01593,14,13,24773.32,5,5,5,15,Champions
CUST03224,14,8,11873.47,5,2,2,9,Potential Loyalists
CUST00629,14,13,12425.98,5,5,3,13,Champions
CUST01237,14,13,25048.77,5,5,5,15,Champions
CUST01556,14,10,13122.51,5,3,3,11,Loyal Customers
CUST04058,14,17,22312.92,5,5,5,15,Champions
CUST03486,14,12,22463.77,5,4,5,14,Champions
CUST02012,14,6,9546.77,5,1,2,8,Potential Loyalists
CUST02512,14,17,24938.45,5,5,5,15,Champions
CUST03991,14,13,16513.0,5,5,4,14,Champions
CUST01430,14,8,12642.66,5,2,3,10,Loyal Customers
CUST01195,14,12,20338.47,5,4,5,14,Champions
CUST03917,14,8,6184.08,5,2,1,8,Potential Loyalists
CUST00170,14,17,16463.32,5,5,4,14,Champions
CUST02909,14,9,15416.32,5,3,4,12,Loyal Customers
CUST03215,14,12,18695.61,5,4,5,14,Champions
CUST04091,14,9,19915.08,5,2,5,12,Loyal Customers
CUST03673,14,8,7408.19,5,2,1,8,Potential Loyalists
CUST01198,14,13,19100.6,5,5,5,15,Champions
CUST00894,14,9,12121.19,5,3,3,11,Loyal Customers
CUST01168,14,16,22943.2,5,5,5,15,Champions
CUST04328,14,8,11880.91,5,2,2,9,Potential Loyalists
CUST01552,14,13,15645.36,5,5,4,14,Champions
CUST04423,14,16,27642.61,5,5,5,15,Champions
CUST02691,14,8,10739.41,5,2,2,9,Potential Loyalists
CUST03395,14,10,15942.87,5,3,4,12,Loyal Customers
CUST02264,14,13,16281.91,5,5,4,14,Champions
CUST02589,14,12,16468.76,5,4,4,13,Champions
CUST00466,14,13,11923.24,5,5,3,13,Champions
CUST04878,14,12,11420.01,5,4,2,11,Loyal Customers
CUST02982,14,13,25953.59,5,5,5,15,Champions
CUST00574,14,15,17584.22,5,5,4,14,Champions
CUST03935,14,12,11842.12,5,4,2,11,Loyal Customers
CUST00558,14,10,17794.39,5,3,4,12,Loyal Customers
CUST04131,14,12,15111.16,5,4,4,13,Champions
CUST04927,14,10,17890.28,5,3,4,12,Loyal Customers
CUST02783,14,12,12147.76,5,4,3,12,Loyal Customers
CUST03851,14,8,8934.52,5,2,2,9,Potential Loyalists
CUST03271,14,8,10613.43,5,2,2,9,Potential Loyalists
CUST04950,14,8,9463.72,5,2,2,9,Potential Loyalists
CUST02805,14,13,21769.27,5,4,5,14,Champions
CUST02362,14,9,13534.17,5,2,3,10,Loyal Customers
CUST01932,14,9,9337.46,5,2,2,9,Potential Loyalists
CUST00157,14,15,20565.9,5,5,5,15,Champions
CUST04847,14,11,16413.66,5,4,4,13,Champions
CUST00386,14,9,13221.54,5,2,3,10,Loyal Customers
CUST01655,14,10,9140.43,5,3,2,10,Loyal Customers
CUST02250,14,5,4045.6,5,1,1,7,Potential Loyalists
CUST04989,14,11,8740.67,5,4,1,10,Loyal Customers
CUST04108,14,11,13253.14,5,4,3,12,Loyal Customers
CUST03017,14,8,17057.85,5,2,4,11,Loyal Customers
CUST02470,14,9,10846.14,5,3,2,10,Loyal Customers
CUST02931,14,10,8413.1,5,3,1,9,Potential Loyalists
CUST02331,13,12,16313.87,5,4,4,13,Champions
CUST02235,13,10,16385.51,5,3,4,12,Loyal Customers
CUST00731,13,19,23551.53,5,5,5,15,Champions
CUST03947,13,11,13335.4,5,4,3,12,Loyal Customers
CUST04539,13,11,17247.08,5,4,4,13,Champions
CUST01709,13,8,12537.69,5,2,3,10,Loyal Customers
CUST00778,13,7,11983.36,5,2,3,10,Loyal Customers
CUST00269,13,7,11089.88,5,1,2,8,Potential Loyalists
CUST00586,13,12,18872.21,5,4,5,14,Champions
CUST03526,13,9,14406.5,5,3,3,11,Loyal Customers
CUST02021,13,14,18531.12,5,5,5,15,Champions
CUST03433,13,9,18911.06,5,2,5,12,Loyal Customers
CUST03387,13,7,8118.06,5,1,1,7,Potential Loyalists
CUST02061,13,7,12784.94,5,1,3,9,Potential Loyalists
CUST03981,13,9,8809.68,5,2,2,9,Potential Loyalists
CUST02904,13,9,8737.59,5,2,1,8,Potential Loyalists
CUST00775,13,11,18553.82,5,4,5,14,Champions
CUST03029,13,17,26386.13,5,5,5,15,Champions
CUST04401,13,11,8583.26,5,4,1,10,Loyal Customers
CUST00888,13,10,12748.32,5,3,3,11,Loyal Customers
CUST04646,13,7,10691.04,5,2,2,9,Potential Loyalists
CUST01802,13,7,8585.88,5,1,1,7,Potential Loyalists
CUST00577,13,13,12929.97,5,5,3,13,Champions
CUST00494,13,10,16475.8,5,3,4,12,Loyal Customers
CUST01275,13,9,14154.85,5,2,3,10,Loyal Customers
CUST04640,13,12,24270.32,5,4,5,14,Champions
CUST00920,13,10,18784.11,5,3,5,13,Champions
CUST01175,13,15,19073.74,5,5,5,15,Champions
CUST04391,13,12,17147.38,5,4,4,13,Champions
CUST00725,13,10,13261.26,5,3,3,11,Loyal Customers
CUST02705,13,8,12696.23,5,2,3,10,Loyal Customers
CUST00462,13,8,9528.9,5,2,2,9,Potential Loyalists
CUST03171,13,13,14546.66,5,4,3,12,Loyal Customers
CUST03681,13,8,12444.6,5,2,3,10,Loyal Customers
CUST00127,13,10,11486.2,5,3,2,10,Loyal Customers
CUST03225,13,9,10794.29,5,3,2,10,Loyal Customers
CUST01380,13,12,17600.06,5,4,4,13,Champions
CUST03019,13,6,11035.03,5,1,2,8,Potential Loyalists
CUST04251,13,8,18686.2,5,2,5,12,Loyal Customers
CUST01773,13,12,17722.55,5,4,4,13,Champions
CUST03627,13,12,15510.76,5,4,4,13,Champions
CUST00112,13,12,16080.83,5,4,4,13,Champions
CUST01424,13,16,28572.08,5,5,5,15,Champions
CUST04796,13,10,20689.94,5,3,5,13,Champions
CUST01139,13,15,24793.63,5,5,5,15,Champions
CUST04122,13,11,13125.9,5,4,3,12,Loyal Customers
CUST03026,13,9,10576.19,5,3,2,10,Loyal Customers
CUST00260,13,12,16494.28,5,4,4,13,Champions
CUST00983,13,14,13973.09,5,5,3,13,Champions
CUST04399,13,10,9799.94,5,3,2,10,Loyal Customers
CUST03410,13,10,9163.67,5,3,2,10,Loyal Customers
CUST01622,13,13,22486.64,5,5,5,15,Champions
CUST03724,13,17,21718.45,5,5,5,15,Champions
CUST03287,12,8,7819.27,5,2,1,8,Potential Loyalists
CUST04575,12,16,16694.64,5,5,4,14,Champions
CUST04735,12,19,20162.77,5,5,5,15,Champions
CUST02563,12,16,19152.41,5,5,5,15,Champions
CUST02100,12,10,18151.18,5,3,4,12,Loyal Customers
CUST01691,12,9,10504.1,5,3,2,10,Loyal Customers
CUST00507,12,11,15153.9,5,4,4,13,Champions
CUST00936,12,14,20677.64,5,5,5,15,Champions
CUST03576,12,7,8496.73,5,1,1,7,Potential Loyalists
CUST03421,12,9,12117.24,5,3,3,11,Loyal Customers
CUST00039,12,6,8767.36,5,1,1,7,Potential Loyalists
CUST00978,12,16,15116.4,5,5,4,14,Champions
CUST00493,12,10,8432.61,5,3,1,9,Potential Loyalists
CUST04138,12,17,22094.87,5,5,5,15,Champions
CUST03858,12,13,26926.0,5,5,5,15,Champions
CUST00892,12,10,12345.09,5,3,3,11,Loyal Customers
CUST04014,12,8,12136.56,5,2,3,10,Loyal Customers
CUST01821,12,11,9522.5,5,3,2,10,Loyal Customers
CUST02683,12,9,19308.64,5,2,5,12,Loyal Customers
CUST04753,12,10,12294.45,5,3,3,11,Loyal Customers
CUST03834,12,13,18436.68,5,5,5,15,Champions
CUST00729,12,9,21736.81,5,2,5,12,Loyal Customers
CUST00405,12,11,12848.27,5,3,3,11,Loyal Customers
CUST02210,12,8,11801.79,5,2,2,9,Potential Loyalists
CUST02430,12,8,8646.83,5,2,1,8,Potential Loyalists
CUST00712,12,17,12100.04,5,5,3,13,Champions
CUST01947,12,13,15170.71,5,4,4,13,Champions
CUST02188,12,11,14264.76,5,4,3,12,Loyal Customers
CUST01687,12,10,12621.84,5,3,3,11,Loyal Customers
CUST01685,12,11,18875.57,5,4,5,14,Champions
CUST00076,12,17,24008.52,5,5,5,15,Champions
CUST02201,12,11,16440.38,5,4,4,13,Champions
CUST01328,12,14,24273.82,5,5,5,15,Champions
CUST01271,12,10,13310.05,5,3,3,11,Loyal Customers
CUST03914,12,11,16936.42,5,4,4,13,Champions
CUST00054,12,13,17151.21,5,5,4,14,Champions
CUST01963,12,12,14169.62,5,4,3,12,Loyal Customers
CUST00915,12,14,19575.17,5,5,5,15,Champions
CUST00479,12,7,11958.29,5,2,3,10,Loyal Customers
CUST02149,12,11,13033.28,5,4,3,12,Loyal Customers
CUST00172,12,9,14180.12,5,2,3,10,Loyal Customers
CUST02011,12,12,16109.13,5,4,4,13,Champions
CUST00189,12,13,13275.97,5,5,3,13,Champions
CUST00884,12,10,16846.44,5,3,4,12,Loyal Customers
CUST04921,12,9,14669.34,5,3,4,12,Loyal Customers
CUST01151,11,7,12853.12,5,1,3,9,Potential Loyalists
CUST00704,11,11,14123.58,5,4,3,12,Loyal Customers
CUST04374,11,10,10442.3,5,3,2,10,Loyal Customers
CUST02014,11,9,11492.76,5,3,2,10,Loyal Customers
CUST01204,11,11,14006.39,5,4,3,12,Loyal Customers
CUST03817,11,7,11339.53,5,1,2,8,Potential Loyalists
CUST04984,11,11,15430.79,5,4,4,13,Champions
CUST04681,11,10,12156.63,5,3,3,11,Loyal Customers
CUST02089,11,16,24899.77,5,5,5,15,Champions
CUST02561,11,9,12489.12,5,3,3,11,Loyal Customers
CUST03296,11,5,4508.49,5,1,1,7,Potential Loyalists
CUST02644,11,11,16474.1,5,4,4,13,Champions
CUST02964,11,9,8481.45,5,2,1,8,Potential Loyalists
CUST02673,11,7,12640.85,5,2,3,10,Loyal Customers
CUST04163,11,10,8849.54,5,3,2,10,Loyal Customers
CUST04714,11,9,15097.3,5,3,4,12,Loyal Customers
CUST00487,11,11,13662.06,5,4,3,12,Loyal Customers
CUST02394,11,8,10001.69,5,2,2,9,Potential Loyalists
CUST04834,11,16,20567.27,5,5,5,15,Champions
CUST01192,11,9,9063.99,5,2,2,9,Potential Loyalists
CUST02978,11,15,23538.87,5,5,5,15,Champions
CUST00451,11,9,7880.48,5,2,1,8,Potential Loyalists
CUST02868,11,12,13202.41,5,4,3,12,Loyal Customers
CUST03657,11,9,12324.02,5,3,3,11,Loyal Customers
CUST02657,11,10,14351.58,5,3,3,11,Loyal Customers
CUST04291,11,7,4650.01,5,1,1,7,Potential Loyalists
CUST00619,11,8,8584.86,5,2,1,8,Potential Loyalists
CUST01031,11,10,12892.37,5,3,3,11,Loyal Customers
CUST02636,11,10,15644.75,5,3,4,12,Loyal Customers
CUST01112,11,15,17537.32,5,5,4,14,Champions
CUST03810,11,12,15600.83,5,4,4,13,Champions
CUST04734,11,8,7738.19,5,2,1,8,Potential Loyalists
CUST03897,11,10,14525.08,5,3,3,11,Loyal Customers
CUST01735,11,12,20646.55,5,4,5,14,Champions
CUST01006,11,7,15032.7,5,2,4,11,Loyal Customers
CUST03097,11,8,6293.76,5,2,1,8,Potential Loyalists
CUST02083,11,13,15798.41,5,5,4,14,Champions
CUST01616,11,8,9909.4,5,2,2,9,Potential Loyalists
CUST00222,11,13,19354.3,5,5,5,15,Champions
CUST03565,11,11,14512.9,5,3,3,11,Loyal Customers
CUST02634,11,7,7825.15,5,1,1,7,Potential Loyalists
CUST03747,11,3,4248.38,5,1,1,7,Potential Loyalists
CUST01016,11,10,14526.9,5,3,3,11,Loyal Customers
CUST02917,11,9,8439.68,5,2,1,8,Potential Loyalists
CUST04600,11,10,9228.18,5,3,2,10,Loyal Customers
CUST03153,11,23,33106.41,5,5,5,15,Champions
CUST03546,11,7,6340.35,5,2,1,8,Potential Loyalists
CUST02760,10,14,15859.67,5,5,4,14,Champions
CUST00644,10,14,11153.53,5,5,2,12,Loyal Customers
CUST03921,10,8,11262.8,5,2,2,9,Potential Loyalists
CUST02981,10,8,10168.5,5,2,2,9,Potential Loyalists
CUST04250,10,6,11796.4,5,1,2,8,Potential Loyalists
CUST04761,10,11,8836.55,5,4,2,11,Loyal Customers
CUST00799,10,14,21175.54,5,5,5,15,Champions
CUST04067,10,7,7142.11,5,2,1,8,Potential Loyalists
CUST02524,10,11,20911.13,5,4,5,14,Champions
CUST00100,10,12,16201.23,5,4,4,13,Champions
CUST02941,10,15,20128.69,5,5,5,15,Champions
CUST04724,10,15,26201.49,5,5,5,15,Champions
CUST00710,10,11,11297.32,5,4,2,11,Loyal Customers
CUST01670,10,13,19428.26,5,5,5,15,Champions
CUST02881,10,11,10040.31,5,4,2,11,Loyal Customers
CUST01436,10,11,14157.88,5,4,3,12,Loyal Customers
CUST00295,10,10,15321.38,5,3,4,12,Loyal Customers
CUST04455,10,11,13101.33,5,4,3,12,Loyal Customers
CUST02044,10,9,12888.1,5,2,3,10,Loyal Customers
CUST03862,10,10,15654.69,5,3,4,12,Loyal Customers
CUST01053,10,9,6986.35,5,2,1,8,Potential Loyalists
CUST02307,10,16,25807.32,5,5,5,15,Champions
CUST01982,10,8,12680.42,5,2,3,10,Loyal Customers
CUST01558,10,12,16204.06,5,4,4,13,Champions
CUST03360,10,14,19584.11,5,5,5,15,Champions
CUST00048,10,11,12044.15,5,4,3,12,Loyal Customers
CUST00177,10,14,17534.53,5,5,4,14,Champions
CUST00377,10,7,7660.08,5,1,1,7,Potential Loyalists
CUST02889,10,18,22396.67,5,5,5,15,Champions
CUST02368,10,10,10797.0,5,3,2,10,Loyal Customers
CUST03507,10,15,25245.12,5,5,5,15,Champions
CUST00460,10,14,19734.02,5,5,5,15,Champions
CUST00097,10,12,12817.62,5,4,3,12,Loyal Customers
CUST01734,10,14,13741.29,5,5,3,13,Champions
CUST00833,10,11,15521.03,5,4,4,13,Champions
CUST02260,10,12,12798.64,5,4,3,12,Loyal Customers
CUST01478,10,10,14213.48,5,3,3,11,Loyal Customers
CUST01515,10,11,9473.47,5,4,2,11,Loyal Customers
CUST00390,10,12,25188.08,5,4,5,14,Champions
CUST04133,10,10,11784.84,5,3,2,10,Loyal Customers
CUST04746,10,14,17695.49,5,5,4,14,Champions
CUST01178,10,8,7734.59,5,2,1,8,Potential Loyalists
CUST02962,10,9,9165.28,5,2,2,9,Potential Loyalists
CUST02007,10,5,10312.28,5,1,2,8,Potential Loyalists
CUST04647,10,17,19238.58,5,5,5,15,Champions
CUST03471,10,17,27772.71,5,5,5,15,Champions
CUST04079,10,5,8916.13,5,1,2,8,Potential Loyalists
CUST01163,9,15,27125.28,5,5,5,15,Champions
CUST04367,9,13,14804.2,5,4,4,13,Champions
CUST03669,9,13,23591.59,5,4,5,14,Champions
CUST03025,9,9,7819.24,5,2,1,8,Potential Loyalists
CUST02402,9,7,10371.45,5,1,2,8,Potential Loyalists
CUST03494,9,12,13756.56,5,4,3,12,Loyal Customers
CUST04202,9,9,7604.09,5,2,1,8,Potential Loyalists
CUST04194,9,12,20723.99,5,4,5,14,Champions
CUST01084,9,12,20693.6,5,4,5,14,Champions
CUST04729,9,9,7574.34,5,2,1,8,Potential Loyalists
CUST02991,9,13,21531.73,5,5,5,15,Champions
CUST00765,9,13,16731.89,5,5,4,14,Champions
CUST01152,9,13,10326.62,5,5,2,12,Loyal Customers
CUST02199,9,12,17648.4,5,4,4,13,Champions
CUST04855,9,12,17077.17,5,4,4,13,Champions
CUST02351,9,7,8785.12,5,1,2,8,Potential Loyalists
CUST01929,9,13,13267.16,5,5,3,13,Champions
CUST00292,9,9,12458.19,5,3,3,11,Loyal Customers
CUST04570,9,7,4663.53,5,1,1,7,Potential Loyalists
CUST00284,9,12,12604.92,5,4,3,12,Loyal Customers
CUST02818,9,9,14491.35,5,3,3,11,Loyal Customers
CUST04846,9,14,14898.76,5,5,4,14,Champions
CUST03894,9,14,25451.48,5,5,5,15,Champions
CUST03058,9,14,14508.2,5,5,3,13,Champions
CUST02577,9,9,13583.06,5,2,3,10,Loyal Customers
CUST01713,9,14,21001.64,5,5,5,15,Champions
CUST02498,9,7,6917.2,5,2,1,8,Potential Loyalists
CUST00783,9,14,17022.55,5,5,4,14,Champions
CUST04443,9,11,13592.35,5,4,3,12,Loyal Customers
CUST01232,9,15,27679.2,5,5,5,15,Champions
CUST01965,9,9,10818.76,5,3,2,10,Loyal Customers
CUST03490,9,15,30607.52,5,5,5,15,Champions
CUST01223,9,11,16330.14,5,4,4,13,Champions
CUST02281,9,10,19140.86,5,3,5,13,Champions
CUST03929,9,10,17608.54,5,3,4,12,Loyal Customers
CUST04827,9,10,17267.38,5,3,4,12,Loyal Customers
CUST03985,9,10,10584.83,5,3,2,10,Loyal Customers
CUST02453,9,9,12941.18,5,2,3,10,Loyal Customers
CUST04474,9,16,28755.34,5,5,5,15,Champions
CUST04678,9,16,19205.59,5,5,5,15,Champions
CUST01762,9,10,15962.63,5,3,4,12,Loyal Customers
CUST02520,9,10,15864.34,5,3,4,12,Loyal Customers
CUST01196,9,10,15292.38,5,3,4,12,Loyal Customers
CUST00865,9,4,3888.17,5,1,1,7,Potential Loyalists
CUST01207,9,16,26476.11,5,5,5,15,Champions
CUST01301,9,9,16658.84,5,3,4,12,Loyal Customers
CUST03718,9,17,29494.6,5,5,5,15,Champions
CUST00068,9,8,13741.67,5,2,3,10,Loyal Customers
CUST04888,9,8,9204.96,5,2,2,9,Potential Loyalists
CUST02508,9,18,19565.63,5,5,5,15,Champions
CUST04082,9,8,14634.56,5,2,4,11,Loyal Customers
CUST02722,9,13,16801.36,5,5,4,14,Champions
CUST04137,8,17,27506.44,5,5,5,15,Champions
CUST02195,8,9,12792.15,5,2,3,10,Loyal Customers
CUST03380,8,8,12098.24,5,2,3,10,Loyal Customers
CUST02581,8,14,18784.02,5,5,5,15,Champions
CUST03847,8,14,20915.37,5,5,5,15,Champions
CUST02001,8,10,11831.82,5,3,2,10,Loyal Customers
CUST01055,8,14,10708.64,5,5,2,12,Loyal Customers
CUST02594,8,13,15663.3,5,5,4,14,Champions
CUST03654,8,9,19095.7,5,2,5,12,Loyal Customers
CUST03470,8,9,13559.43,5,2,3,10,Loyal Customers
CUST01451,8,11,13852.26,5,4,3,12,Loyal Customers
CUST03977,8,12,18681.44,5,4,5,14,Champions
CUST00947,8,8,8256.07,5,2,1,8,Potential Loyalists
CUST02794,8,15,24303.9,5,5,5,15,Champions
CUST02027,8,12,16618.45,5,4,4,13,Champions
CUST02137,8,18,23714.68,5,5,5,15,Champions
CUST02198,8,9,14367.2,5,2,3,10,Loyal Customers
CUST03172,8,9,13502.04,5,2,3,10,Loyal Customers
CUST00623,8,11,18460.05,5,4,5,14,Champions
CUST00299,8,11,13685.93,5,4,3,12,Loyal Customers
CUST00457,8,12,13201.85,5,4,3,12,Loyal Customers
CUST01146,8,9,17814.45,5,2,4,11,Loyal Customers
CUST04545,8,13,16585.72,5,5,4,14,Champions
CUST03828,8,11,7837.57,5,4,1,10,Loyal Customers
CUST00141,8,14,16317.48,5,5,4,14,Champions
CUST02194,8,17,17954.92,5,5,4,14,Champions
CUST04968,8,17,19952.63,5,5,5,15,Champions
CUST03699,8,19,17715.17,5,5,4,14,Champions
CUST02928,8,17,21312.77,5,5,5,15,Champions
CUST01166,8,9,15510.04,5,3,4,12,Loyal Customers
CUST02671,8,15,24862.6,5,5,5,15,Champions
CUST00801,8,9,13591.33,5,2,3,10,Loyal Customers
CUST00049,8,10,13095.36,5,3,3,11,Loyal Customers
CUST01603,8,15,19781.88,5,5,5,15,Champions
CUST01454,8,7,9712.28,5,1,2,8,Potential Loyalists
CUST01341,8,8,11124.85,5,2,2,9,Potential Loyalists
CUST03613,8,12,20763.4,5,4,5,14,Champions
CUST03487,8,10,11816.73,5,3,2,10,Loyal Customers
CUST02167,8,8,12813.06,5,2,3,10,Loyal Customers
CUST02136,8,15,20746.23,5,5,5,15,Champions
CUST04516,8,13,13441.1,5,5,3,13,Champions
CUST01026,8,11,8040.32,5,4,1,10,Loyal Customers
CUST00021,8,8,15784.32,5,2,4,11,Loyal Customers
CUST04360,8,12,16563.75,5,4,4,13,Champions
CUST04655,8,9,9405.72,5,2,2,9,Potential Loyalists
CUST01449,8,12,9707.15,5,4,2,11,Loyal Customers
CUST01990,8,5,6505.4,5,1,1,7,Potential Loyalists
CUST02646,8,9,9771.24,5,2,2,9,Potential Loyalists
CUST02301,8,15,14046.26,5,5,3,13,Champions
CUST03932,8,12,13908.83,5,4,3,12,Loyal Customers
CUST01246,8,9,10704.84,5,3,2,10,Loyal Customers
CUST00733,7,6,7807.87,5,1,1,7,Potential Loyalists
CUST03251,7,9,15779.13,5,3,4,12,Loyal Customers
CUST02993,7,14,23759.93,5,5,5,15,Champions
CUST02533,7,11,12520.82,5,4,3,12,Loyal Customers
CUST04940,7,8,13750.34,5,2,3,10,Loyal Customers
CUST00817,7,15,20798.55,5,5,5,15,Champions
CUST02603,7,6,10667.07,5,1,2,8,Potential Loyalists
CUST03861,7,12,13650.31,5,4,3,12,Loyal Customers
CUST04428,7,11,23891.63,5,4,5,14,Champions
CUST00499,7,10,10668.33,5,3,2,10,Loyal Customers
CUST02329,7,11,13996.99,5,4,3,12,Loyal Customers
CUST01979,7,11,18514.26,5,4,5,14,Champions
CUST01804,7,9,10463.83,5,3,2,10,Loyal Customers
CUST00950,7,10,15653.07,5,3,4,12,Loyal Customers
CUST02357,7,10,11913.62,5,3,3,11,Loyal Customers
CUST00081,7,9,8907.22,5,2,2,9,Potential Loyalists
CUST03941,7,14,19749.63,5,5,5,15,Champions
CUST04710,7,13,15597.27,5,5,4,14,Champions
CUST01106,7,6,8812.69,5,1,2,8,Potential Loyalists
CUST04077,7,11,14560.39,5,4,3,12,Loyal Customers
CUST00618,7,13,14548.29,5,4,3,12,Loyal Customers
CUST03482,7,15,17818.19,5,5,4,14,Champions
CUST02543,7,8,11710.56,5,2,2,9,Potential Loyalists
CUST03453,7,10,12038.97,5,3,3,11,Loyal Customers
CUST01668,7,19,22113.88,5,5,5,15,Champions
CUST04830,7,10,8354.5,5,3,1,9,Potential Loyalists
CUST00917,7,13,16298.14,5,5,4,14,Champions
CUST02752,7,7,11383.61,5,1,2,8,Potential Loyalists
CUST00745,7,6,14012.94,5,1,3,9,Potential Loyalists
CUST03161,7,7,13276.81,5,1,3,9,Potential Loyalists
CUST00611,7,8,14998.32,5,2,4,11,Loyal Customers
CUST03559,7,11,19166.72,5,4,5,14,Champions
CUST01171,7,9,9880.42,5,2,2,9,Potential Loyalists
CUST03516,7,10,14252.43,5,3,3,11,Loyal Customers
CUST04396,7,11,8675.62,5,4,1,10,Loyal Customers
CUST03429,7,8,13037.57,5,2,3,10,Loyal Customers
CUST03394,7,12,12484.01,5,4,3,12,Loyal Customers
CUST01210,7,3,4668.26,5,1,1,7,Potential Loyalists
CUST01771,7,13,23676.17,5,5,5,15,Champions
CUST02135,7,10,19640.58,5,3,5,13,Champions
CUST03716,7,15,16592.05,5,5,4,14,Champions
CUST01193,7,11,8729.28,5,4,1,10,Loyal Customers
CUST04095,7,11,18040.38,5,4,4,13,Champions
CUST00442,7,9,11266.61,5,3,2,10,Loyal Customers
CUST03305,7,11,17130.62,5,4,4,13,Champions
CUST00247,7,8,8284.66,5,2,1,8,Potential Loyalists
CUST03708,7,14,17990.3,5,5,4,14,Champions
CUST03301,7,6,11923.52,5,1,3,9,Potential Loyalists
CUST02619,7,11,12197.7,5,4,3,12,Loyal Customers
CUST00989,7,10,6285.2,5,3,1,9,Potential Loyalists
CUST03476,7,19,21777.45,5,5,5,15,Champions
CUST04132,7,15,21839.29,5,5,5,15,Champions
CUST00030,7,11,18393.76,5,4,5,14,Champions
CUST03426,6,10,22089.31,5,3,5,13,Champions
CUST03586,6,16,24964.78,5,5,5,15,Champions
CUST04711,6,13,11362.09,5,5,2,12,Loyal Customers
CUST03231,6,9,11088.11,5,3,2,10,Loyal Customers
CUST01036,6,7,8518.43,5,1,1,7,Potential Loyalists
CUST00736,6,14,17826.25,5,5,4,14,Champions
CUST03945,6,13,18087.75,5,5,4,14,Champions
CUST04207,6,13,25302.44,5,5,5,15,Champions
CUST02477,6,14,10928.27,5,5,2,12,Loyal Customers
CUST00408,6,7,6946.66,5,2,1,8,Potential Loyalists
CUST01882,6,5,9506.45,5,1,2,8,Potential Loyalists
CUST04675,6,14,23740.68,5,5,5,15,Champions
CUST04301,6,11,8439.81,5,4,1,10,Loyal Customers
CUST04715,6,13,20704.18,5,5,5,15,Champions
CUST04210,6,7,12002.05,5,2,3,10,Loyal Customers
CUST04018,6,10,11849.03,5,3,2,10,Loyal Customers
CUST01444,6,8,7446.26,5,2,1,8,Potential Loyalists
CUST02967,6,13,20917.29,5,5,5,15,Champions
CUST01446,6,6,3852.24,5,1,1,7,Potential Loyalists
CUST00069,6,8,8739.41,5,2,1,8,Potential Loyalists
CUST00938,6,11,13157.52,5,4,3,12,Loyal Customers
CUST02104,6,8,15672.06,5,2,4,11,Loyal Customers
CUST00832,6,17,22787.41,5,5,5,15,Champions
CUST03324,6,9,7683.77,5,2,1,8,Potential Loyalists
CUST04571,6,11,14827.99,5,4,4,13,Champions
CUST04660,6,6,6618.15,5,1,1,7,Potential Loyalists
CUST00600,6,8,10357.68,5,2,2,9,Potential Loyalists
CUST00793,6,15,22409.38,5,5,5,15,Champions
CUST01594,6,13,17374.56,5,4,4,13,Champions
CUST04352,6,6,4982.56,5,1,1,7,Potential Loyalists
CUST04338,6,10,13902.39,5,3,3,11,Loyal Customers
CUST03462,6,13,18359.68,5,5,5,15,Champions
CUST03105,6,10,10025.03,5,3,2,10,Loyal Customers
CUST03952,6,9,12014.83,5,3,3,11,Loyal Customers
CUST00041,6,13,16612.82,5,4,4,13,Champions
CUST01131,6,7,9250.61,5,1,2,8,Potential Loyalists
CUST00164,6,10,14178.59,5,3,3,11,Loyal Customers
CUST02150,6,17,24013.8,5,5,5,15,Champions
CUST03608,6,3,10388.26,5,1,2,8,Potential Loyalists
CUST00567,6,13,23414.62,5,5,5,15,Champions
CUST00813,6,10,17631.43,5,3,4,12,Loyal Customers
CUST01186,6,13,16608.97,5,5,4,14,Champions
CUST03237,6,21,28949.51,5,5,5,15,Champions
CUST01459,6,17,17764.86,5,5,4,14,Champions
CUST01318,6,8,10083.89,5,2,2,9,Potential Loyalists
CUST01396,6,12,18827.33,5,4,5,14,Champions
CUST02059,6,13,18649.08,5,4,5,14,Champions
CUST03020,6,10,14961.6,5,3,4,12,Loyal Customers
CUST02221,6,16,25304.95,5,5,5,15,Champions
CUST02911,6,10,15077.53,5,3,4,12,Loyal Customers
CUST01353,6,9,16512.17,5,3,4,12,Loyal Customers
CUST01751,5,7,9969.12,5,1,2,8,Potential Loyalists
CUST03539,5,9,9061.37,5,2,2,9,Potential Loyalists
CUST02621,5,11,21602.75,5,4,5,14,Champions
CUST02405,5,13,8613.35,5,5,1,11,Loyal Customers
CUST03455,5,11,13078.92,5,4,3,12,Loyal Customers
CUST01423,5,9,11380.37,5,3,2,10,Loyal Customers
CUST02809,5,17,20820.07,5,5,5,15,Champions
CUST02878,5,8,11593.0,5,2,2,9,Potential Loyalists
CUST02649,5,10,10960.99,5,3,2,10,Loyal Customers
CUST04093,5,17,26058.71,5,5,5,15,Champions
CUST01141,5,7,10714.76,5,1,2,8,Potential Loyalists
CUST00551,5,9,9990.11,5,2,2,9,Potential Loyalists
CUST00891,5,10,11018.76,5,3,2,10,Loyal Customers
CUST01590,5,12,12012.09,5,4,3,12,Loyal Customers
CUST04822,5,12,17331.69,5,4,4,13,Champions
CUST04942,5,10,17026.27,5,3,4,12,Loyal Customers
CUST03124,5,7,6821.55,5,1,1,7,Potential Loyalists
CUST03924,5,12,14252.72,5,4,3,12,Loyal Customers
CUST02035,5,12,23876.42,5,4,5,14,Champions
CUST01698,5,10,13586.43,5,3,3,11,Loyal Customers
CUST00856,5,9,15167.09,5,3,4,12,Loyal Customers
CUST03736,5,14,11841.9,5,5,2,12,Loyal Customers
CUST04261,5,7,11383.86,5,1,2,8,Potential Loyalists
CUST01501,5,14,13658.85,5,5,3,13,Champions
CUST00090,5,12,17963.71,5,4,4,13,Champions
CUST00827,5,10,19373.64,5,3,5,13,Champions
CUST02992,5,10,16517.38,5,3,4,12,Loyal Customers
CUST02728,5,15,24696.56,5,5,5,15,Champions
CUST02263,5,4,6698.71,5,1,1,7,Potential Loyalists
CUST01109,5,11,16479.59,5,4,4,13,Champions
CUST02706,5,11,19962.72,5,4,5,14,Champions
CUST01336,5,7,5929.5,5,1,1,7,Potential Loyalists
CUST00632,5,9,5067.22,5,3,1,9,Potential Loyalists
CUST01531,5,11,16542.0,5,4,4,13,Champions
CUST00661,5,10,10779.14,5,3,2,10,Loyal Customers
CUST00954,5,7,9063.8,5,1,2,8,Potential Loyalists
CUST02666,5,14,15550.3,5,5,4,14,Champions
CUST00587,5,9,6965.16,5,2,1,8,Potential Loyalists
CUST00534,5,10,10786.94,5,3,2,10,Loyal Customers
CUST03006,5,7,6226.43,5,1,1,7,Potential Loyalists
CUST02614,5,9,18444.33,5,2,5,12,Loyal Customers
CUST02392,5,7,10640.92,5,1,2,8,Potential Loyalists
CUST01815,5,6,9387.49,5,1,2,8,Potential Loyalists
CUST04129,5,12,15391.0,5,4,4,13,Champions
CUST00545,5,7,7441.09,5,1,1,7,Potential Loyalists
CUST03927,4,16,24481.68,5,5,5,15,Champions
CUST00131,4,8,9972.93,5,2,2,9,Potential Loyalists
CUST02852,4,8,9753.86,5,2,2,9,Potential Loyalists
CUST01381,4,10,24272.81,5,3,5,13,Champions
CUST00994,4,7,12428.28,5,2,3,10,Loyal Customers
CUST04792,4,8,6072.64,5,2,1,8,Potential Loyalists
CUST01649,4,11,8758.78,5,4,1,10,Loyal Customers
CUST02503,4,6,10959.44,5,1,2,8,Potential Loyalists
CUST01274,4,7,10147.61,5,2,2,9,Potential Loyalists
CUST03795,4,12,20036.84,5,4,5,14,Champions
CUST03255,4,12,17012.07,5,4,4,13,Champions
CUST02018,4,7,8618.44,5,1,1,7,Potential Loyalists
CUST01813,4,14,14292.52,5,5,3,13,Champions
CUST04032,4,14,16910.79,5,5,4,14,Champions
CUST03693,4,12,19364.32,5,4,5,14,Champions
CUST03498,4,11,10379.87,5,4,2,11,Loyal Customers
CUST01752,4,10,10375.69,5,3,2,10,Loyal Customers
CUST00240,4,15,23448.58,5,5,5,15,Champions
CUST00009,4,12,19194.12,5,4,5,14,Champions
CUST00057,4,10,15996.87,5,3,4,12,Loyal Customers
CUST04015,4,11,13221.44,5,4,3,12,Loyal Customers
CUST02786,4,13,18146.83,5,5,4,14,Champions
CUST04473,4,9,10443.57,5,3,2,10,Loyal Customers
CUST00328,4,13,14037.01,5,5,3,13,Champions
CUST01209,4,14,24302.65,5,5,5,15,Champions
CUST01414,4,13,11614.28,5,5,2,12,Loyal Customers
CUST04954,4,14,23630.25,5,5,5,15,Champions
CUST04622,4,9,13339.31,5,2,3,10,Loyal Customers
CUST04375,4,17,28254.42,5,5,5,15,Champions
CUST02128,4,12,15789.46,5,4,4,13,Champions
CUST00514,4,8,10552.93,5,2,2,9,Potential Loyalists
CUST04671,4,9,8956.58,5,2,2,9,Potential Loyalists
CUST02417,4,12,9811.07,5,4,2,11,Loyal Customers
CUST01302,4,12,18514.7,5,4,5,14,Champions
CUST02900,4,16,21947.02,5,5,5,15,Champions
CUST02514,4,14,10209.46,5,5,2,12,Loyal Customers
CUST01995,4,11,14005.2,5,4,3,12,Loyal Customers
CUST02050,4,11,16265.41,5,3,4,12,Loyal Customers
CUST02342,4,6,10443.58,5,1,2,8,Potential Loyalists
CUST00843,4,9,12661.36,5,3,3,11,Loyal Customers
CUST02249,4,14,18211.43,5,5,5,15,Champions
CUST01401,4,7,7890.2,5,1,1,7,Potential Loyalists
CUST01776,4,15,20513.65,5,5,5,15,Champions
CUST04585,4,14,17588.64,5,5,4,14,Champions
CUST01811,4,10,7978.13,5,3,1,9,Potential Loyalists
CUST01243,4,9,11347.87,5,3,2,10,Loyal Customers
CUST02949,4,11,14253.56,5,3,3,11,Loyal Customers
CUST04043,4,13,20416.32,5,5,5,15,Champions
CUST00972,4,9,11749.53,5,3,2,10,Loyal Customers
CUST03502,4,13,23468.4,5,5,5,15,Champions
CUST00389,3,14,19005.31,5,5,5,15,Champions
CUST04970,3,14,29938.98,5,5,5,15,Champions
CUST01291,3,7,14980.06,5,2,4,11,Loyal Customers
CUST01019,3,14,21431.59,5,5,5,15,Champions
CUST03104,3,7,5317.93,5,2,1,8,Potential Loyalists
CUST00083,3,11,15118.99,5,4,4,13,Champions
CUST02578,3,11,11902.45,5,4,2,11,Loyal Customers
CUST03594,3,11,15099.66,5,4,4,13,Champions
CUST04893,3,10,7959.71,5,3,1,9,Potential Loyalists
CUST04038,3,10,7758.42,5,3,1,9,Potential Loyalists
CUST02522,3,7,5930.95,5,1,1,7,Potential Loyalists
CUST04192,3,10,8999.57,5,3,2,10,Loyal Customers
CUST00122,3,11,19228.92,5,4,5,14,Champions
CUST04929,3,15,19420.02,5,5,5,15,Champions
CUST02418,3,14,19297.4,5,5,5,15,Champions
CUST01978,3,9,10776.03,5,3,2,10,Loyal Customers
CUST02500,3,11,15767.03,5,4,4,13,Champions
CUST02280,3,14,15645.45,5,5,4,14,Champions
CUST02625,3,7,9631.24,5,1,2,8,Potential Loyalists
CUST01646,3,11,11217.24,5,4,2,11,Loyal Customers
CUST01200,3,14,19082.22,5,5,5,15,Champions
CUST04639,3,11,16279.8,5,3,4,12,Loyal Customers
CUST03311,3,6,11803.3,5,1,2,8,Potential Loyalists
CUST01544,3,7,10552.34,5,1,2,8,Potential Loyalists
CUST03868,3,13,24139.04,5,5,5,15,Champions
CUST02305,3,13,15087.26,5,5,4,14,Champions
CUST00335,3,7,8807.78,5,1,2,8,Potential Loyalists
CUST03228,3,8,7195.38,5,2,1,8,Potential Loyalists
CUST01047,3,12,16983.76,5,4,4,13,Champions
CUST01260,3,9,7313.53,5,2,1,8,Potential Loyalists
CUST00919,3,9,10210.73,5,2,2,9,Potential Loyalists
CUST04555,3,13,24142.67,5,5,5,15,Champions
CUST04590,3,6,8932.83,5,1,2,8,Potential Loyalists
CUST00800,3,12,19232.37,5,4,5,14,Champions
CUST00092,3,12,19313.5,5,4,5,14,Champions
CUST04624,3,9,12049.24,5,3,3,11,Loyal Customers
CUST03651,3,13,21382.47,5,5,5,15,Champions
CUST00693,3,10,13777.37,5,3,3,11,Loyal Customers
CUST02856,3,7,7972.22,5,1,1,7,Potential Loyalists
CUST01088,3,10,13522.55,5,3,3,11,Loyal Customers
CUST04035,3,12,13871.38,5,4,3,12,Loyal Customers
CUST02877,3,18,25486.56,5,5,5,15,Champions
CUST01753,3,7,16734.35,5,1,4,10,Loyal Customers
CUST04217,3,9,11865.72,5,3,2,10,Loyal Customers
CUST03277,3,10,13123.81,5,3,3,11,Loyal Customers
CUST04560,3,10,13092.43,5,3,3,11,Loyal Customers
CUST00645,3,10,13066.67,5,3,3,11,Loyal Customers
CUST03734,3,11,6877.91,5,4,1,10,Loyal Customers
CUST04439,3,14,15404.74,5,5,4,14,Champions
CUST02686,2,14,18162.38,5,5,4,14,Champions
CUST01516,2,10,14070.38,5,3,3,11,Loyal Customers
CUST01539,2,11,13886.25,5,4,3,12,Loyal Customers
CUST00058,2,12,18837.83,5,4,5,14,Champions
CUST01997,2,9,17481.91,5,2,4,11,Loyal Customers
CUST02664,2,8,15958.41,5,2,4,11,Loyal Customers
CUST04877,2,9,12350.28,5,3,3,11,Loyal Customers
CUST02248,2,12,14063.09,5,4,3,12,Loyal Customers
CUST01276,2,11,14459.23,5,4,3,12,Loyal Customers
CUST04983,2,9,8903.77,5,2,2,9,Potential Loyalists
CUST03656,2,5,8697.58,5,1,1,7,Potential Loyalists
CUST01000,2,11,12580.4,5,4,3,12,Loyal Customers
CUST04721,2,9,11600.83,5,3,2,10,Loyal Customers
CUST00437,2,13,13425.56,5,5,3,13,Champions
CUST02823,2,7,11126.62,5,2,2,9,Potential Loyalists
CUST04526,2,13,17334.99,5,4,4,13,Champions
CUST04549,2,12,13873.89,5,4,3,12,Loyal Customers
CUST00858,2,11,20024.27,5,4,5,14,Champions
CUST00675,2,12,21225.39,5,4,5,14,Champions
CUST00658,2,15,21572.33,5,5,5,15,Champions
CUST03114,2,14,20030.06,5,5,5,15,Champions
CUST03579,2,13,28417.24,5,4,5,14,Champions
CUST00826,2,14,16084.17,5,5,4,14,Champions
CUST02153,2,7,4508.77,5,1,1,7,Potential Loyalists
CUST04662,2,14,18905.43,5,5,5,15,Champions
CUST00807,2,4,5149.52,5,1,1,7,Potential Loyalists
CUST04957,2,16,24229.36,5,5,5,15,Champions
CUST01326,2,12,11545.31,5,4,2,11,Loyal Customers
CUST00186,2,12,19084.24,5,4,5,14,Champions
CUST02220,2,10,10463.41,5,3,2,10,Loyal Customers
CUST00422,2,11,14649.79,5,4,4,13,Champions
CUST01021,2,10,14727.37,5,3,4,12,Loyal Customers
CUST00323,2,14,15323.11,5,5,4,14,Champions
CUST01079,2,13,13239.81,5,5,3,13,Champions
CUST01794,2,15,18117.49,5,5,4,14,Champions
CUST03300,2,14,12274.36,5,5,3,13,Champions
CUST02046,2,13,17831.02,5,5,4,14,Champions
CUST01960,2,10,12786.81,5,3,3,11,Loyal Customers
CUST03242,2,7,8841.27,5,1,2,8,Potential Loyalists
CUST03472,2,8,9713.76,5,2,2,9,Potential Loyalists
CUST01870,2,9,14979.46,5,3,4,12,Loyal Customers
CUST02082,2,7,9879.64,5,1,2,8,Potential Loyalists
CUST04098,2,12,19523.72,5,4,5,14,Champions
CUST01578,2,13,23732.85,5,5,5,15,Champions
CUST02735,2,14,19522.45,5,5,5,15,Champions
CUST02469,2,8,5469.69,5,2,1,8,Potential Loyalists
CUST01549,2,12,14371.03,5,4,3,12,Loyal Customers
CUST03871,2,8,7455.89,5,2,1,8,Potential Loyalists
CUST03298,2,7,17028.85,5,2,4,11,Loyal Customers
CUST01056,2,11,17946.57,5,4,4,13,Champions
CUST04305,1,12,15090.51,5,4,4,13,Champions
CUST03375,1,13,15845.62,5,4,4,13,Champions
CUST01038,1,6,7799.91,5,1,1,7,Potential Loyalists
CUST00029,1,16,24838.79,5,5,5,15,Champions
CUST03397,1,16,20310.94,5,5,5,15,Champions
CUST04337,1,12,16170.56,5,4,4,13,Champions
CUST00293,1,9,14961.76,5,3,4,12,Loyal Customers
CUST02131,1,9,10225.21,5,2,2,9,Potential Loyalists
CUST04167,1,6,8871.1,5,1,2,8,Potential Loyalists
CUST04924,1,7,8860.72,5,1,2,8,Potential Loyalists
CUST00165,1,17,21800.69,5,5,5,15,Champions
CUST02116,1,17,26005.62,5,5,5,15,Champions
CUST00133,1,12,16037.53,5,4,4,13,Champions
CUST00806,1,12,11397.66,5,4,2,11,Loyal Customers
CUST03442,1,9,12439.03,5,3,3,11,Loyal Customers
CUST00191,1,22,29652.79,5,5,5,15,Champions
CUST03280,1,5,2191.86,5,1,1,7,Potential Loyalists
CUST00495,1,15,16371.71,5,5,4,14,Champions
CUST01027,1,8,7949.89,5,2,1,8,Potential Loyalists
CUST00148,1,9,14121.14,5,2,3,10,Loyal Customers
CUST04733,1,6,9262.14,5,1,2,8,Potential Loyalists
CUST04332,1,10,19687.66,5,3,5,13,Champions
CUST00965,1,8,12006.49,5,2,3,10,Loyal Customers
CUST04157,1,12,20529.7,5,4,5,14,Champions
CUST00749,1,14,10564.97,5,5,2,12,Loyal Customers
CUST02774,1,17,22741.66,5,5,5,15,Champions
CUST01779,1,11,17354.52,5,4,4,13,Champions
CUST04743,1,11,9906.18,5,4,2,11,Loyal Customers
CUST02471,1,9,14390.54,5,3,3,11,Loyal Customers
CUST03335,1,13,10543.91,5,5,2,12,Loyal Customers
CUST02855,1,3,1555.83,5,1,1,7,Potential Loyalists
CUST02165,1,14,19138.51,5,5,5,15,Champions
CUST01227,1,11,14159.36,5,4,3,12,Loyal Customers
CUST02030,1,11,12575.06,5,4,3,12,Loyal Customers
CUST00627,1,7,7514.31,5,1,1,7,Potential Loyalists
CUST00625,1,9,13775.79,5,2,3,10,Loyal Customers
CUST03199,1,18,29594.1,5,5,5,15,Champions
CUST00695,1,19,21619.48,5,5,5,15,Champions
CUST00094,1,11,16658.63,5,4,4,13,Champions
CUST02045,1,10,12897.27,5,3,3,11,Loyal Customers
CUST01040,1,11,13720.07,5,4,3,12,Loyal Customers
CUST02538,1,8,6248.84,5,2,1,8,Potential Loyalists
CUST02237,1,11,7665.45,5,4,1,10,Loyal Customers
CUST03122,1,14,18272.09,5,5,5,15,Champions
CUST01234,1,11,20573.7,5,4,5,14,Champions
CUST03418,1,16,21854.39,5,5,5,15,Champions
CUST03377,1,12,10114.48,5,4,2,11,Loyal Customers
CUST00220,1,16,20580.89,5,5,5,15,Champions
CUST04230,1,13,13772.36,5,5,3,13,Champions
CUST03813,1,16,10407.27,5,5,2,12,Loyal Customers
CUST00114,1,13,19293.18,5,5,5,15,Champions
CUST02693,1,12,16309.49,5,4,4,13,Champions
CUST01183,1,12,18494.97,5,4,5,14,Champions
CUST04588,0,7,6254.16,5,1,1,7,Potential Loyalists
CUST04683,0,13,10967.3,5,5,2,12,Loyal Customers
CUST02160,0,11,14636.6,5,4,4,13,Champions
CUST02005,0,11,12820.2,5,4,3,12,Loyal Customers
CUST04010,0,15,12194.16,5,5,3,13,Champions
CUST00708,0,13,22613.36,5,5,5,15,Champions
CUST02242,0,10,16572.63,5,3,4,12,Loyal Customers
CUST00072,0,13,18835.55,5,5,5,15,Champions
CUST04174,0,10,12961.59,5,3,3,11,Loyal Customers
CUST02171,0,12,7553.77,5,4,1,10,Loyal Customers
CUST01231,0,8,8109.54,5,2,1,8,Potential Loyalists
CUST04532,0,8,6369.64,5,2,1,8,Potential Loyalists
CUST00070,0,11,13549.74,5,4,3,12,Loyal Customers
CUST00156,0,12,14489.41,5,4,3,12,Loyal Customers
CUST01298,0,9,12494.43,5,3,3,11,Loyal Customers
CUST02647,0,11,14259.93,5,4,3,12,Loyal Customers
CUST01835,0,13,21453.46,5,5,5,15,Champions
CUST03588,0,11,14244.68,5,3,3,11,Loyal Customers
CUST00960,0,12,23218.08,5,4,5,14,Champions
CUST04616,0,14,18904.57,5,5,5,15,Champions
CUST00899,0,11,13269.12,5,4,3,12,Loyal Customers
CUST02997,0,13,20219.78,5,4,5,14,Champions
CUST02984,0,15,23630.38,5,5,5,15,Champions
CUST00475,0,11,18421.32,5,4,5,14,Champions
CUST02746,0,14,21718.85,5,5,5,15,Champions
CUST01796,0,17,18831.36,5,5,5,15,Champions
CUST04075,0,7,9460.2,5,1,2,8,Potential Loyalists
CUST01654,0,9,9063.73,5,2,2,9,Potential Loyalists
CUST02247,0,16,24723.34,5,5,5,15,Champions
CUST03317,0,7,16183.93,5,1,4,10,Loyal Customers
CUST00101,0,14,20367.2,5,5,5,15,Champions
CUST01945,0,8,8832.26,5,2,2,9,Potential Loyalists
CUST03089,0,11,13133.15,5,3,3,11,Loyal Customers
CUST01612,0,11,10560.87,5,4,2,11,Loyal Customers
CUST04225,0,10,11044.6,5,3,2,10,Loyal Customers
CUST01893,0,10,15474.17,5,3,4,12,Loyal Customers
CUST04854,0,13,17064.26,5,5,4,14,Champions
CUST04494,0,13,15232.48,5,5,4,14,Champions
CUST03773,0,7,9676.41,5,1,2,8,Potential Loyalists
CUST01399,0,15,20130.94,5,5,5,15,Champions
CUST00506,0,10,9840.77,5,3,2,10,Loyal Customers
CUST00562,0,13,16686.72,5,4,4,13,Champions
CUST04732,0,9,11972.28,5,3,3,11,Loyal Customers
CUST00416,0,6,7736.99,5,1,1,7,Potential Loyalists
CUST04608,0,8,12879.63,5,2,3,10,Loyal Customers
