customer_id,total_orders,total_spent,avg_order_value,lifespan_months,estimated_clv
CUST00001,11,14304.51,1300.41,11.0,46814.76
CUST00002,7,11497.41,1642.4871428571428,8.0,51738.345
CUST00003,9,12647.02,1405.2244444444445,1.0,455292.72
CUST00004,8,15770.68,1971.335,10.0,56774.448
CUST00005,5,7926.14,1585.228,1.0,285341.04
CUST00006,6,8259.98,1376.6633333333334,0.0,8259.98
CUST00007,10,13486.72,1348.672,5.0,97104.384
CUST00008,8,8169.55,1021.19375,8.0,36762.975
CUST00009,12,19194.12,1599.51,11.0,62817.12
CUST00010,6,6329.65,1054.9416666666666,9.0,25318.6
CUST00011,12,16513.24,1376.1033333333332,3.0,198158.88
CUST00012,7,9909.26,1415.6085714285714,7.0,50961.90857142857
CUST00013,14,34685.52,2477.537142857143,0.0,34685.52
CUST00014,5,6360.52,1272.104,5.0,45795.744
CUST00015,10,18057.14,1805.714,3.0,216685.68
CUST00016,10,14277.41,1427.741,8.0,64248.345
CUST00017,12,8698.37,724.8641666666666,4.0,78285.33
CUST00018,11,26446.98,2404.2709090909093,6.0,158681.88
CUST00019,10,9187.13,918.713,11.0,30066.97090909091
CUST00020,10,14299.98,1429.998,10.0,51479.928
CUST00021,8,15784.32,1973.04,7.0,81176.50285714286
CUST00022,10,15598.5,1559.85,9.0,62394.0
CUST00023,12,16098.55,1341.5458333333333,0.0,16098.55
CUST00024,7,8326.81,1189.5442857142857,8.0,37470.645
CUST00025,11,13730.59,1248.2354545454546,11.0,44936.476363636364
CUST00026,7,7825.52,1117.9314285714286,6.0,46953.12
CUST00027,15,19161.66,1277.444,2.0,344909.88
CUST00028,9,10177.87,1130.8744444444444,2.0,183201.66
CUST00029,16,24838.79,1552.424375,3.0,298065.48
CUST00030,11,18393.76,1672.16,1.0,662175.36
CUST00031,8,7670.37,958.79625,0.0,7670.37
CUST00032,9,12575.14,1397.2377777777779,0.0,12575.14
CUST00033,12,17382.47,1448.5391666666667,4.0,156442.23
CUST00034,10,18274.89,1827.489,5.0,131579.208
CUST00035,16,17382.84,1086.4275,10.0,62578.224
CUST00036,12,16871.99,1405.9991666666667,9.0,67487.96
CUST00037,9,14142.22,1571.3577777777778,6.0,84853.32
CUST00038,15,25383.6,1692.24,3.0,304603.2
CUST00039,6,8767.36,1461.2266666666667,1.0,315624.96
CUST00040,13,16311.97,1254.7669230769231,4.0,146807.73
CUST00041,13,16612.82,1277.9092307692308,8.0,74757.69
CUST00042,5,7346.91,1469.382,9.0,29387.64
CUST00043,12,15070.92,1255.91,0.0,15070.92
CUST00044,10,17562.69,1756.269,6.0,105376.14
CUST00045,10,8028.37,802.837,1.0,289021.32
CUST00046,11,12452.79,1132.0718181818181,0.0,12452.79
CUST00047,11,18060.66,1641.878181818182,0.0,18060.66
CUST00048,11,12044.15,1094.9227272727273,5.0,86717.88
CUST00049,10,13095.36,1309.536,10.0,47143.296
CUST00050,7,10321.41,1474.4871428571428,11.0,33779.16
CUST00051,7,5715.86,816.5514285714286,10.0,20577.096
CUST00052,11,16294.45,1481.3136363636363,8.0,73325.025
CUST00053,13,17979.0,1383.0,0.0,17979.0
CUST00054,13,17151.21,1319.3238461538463,9.0,68604.84
CUST00055,13,19504.46,1500.343076923077,10.0,70216.056
CUST00056,7,5253.71,750.53,2.0,94566.78
CUST00057,10,15996.87,1599.687,11.0,52353.39272727273
CUST00058,12,18837.83,1569.8191666666667,9.0,75351.32
CUST00059,12,21058.68,1754.89,10.0,75811.248
CUST00060,13,20548.84,1580.68,8.0,92469.78
CUST00061,15,22387.29,1492.486,5.0,161188.488
CUST00062,9,11468.25,1274.25,3.0,137619.0
CUST00063,6,7817.57,1302.9283333333333,0.0,7817.57
CUST00064,10,15049.34,1504.934,8.0,67722.03
CUST00065,10,15818.01,1581.801,11.0,51768.03272727273
CUST00066,10,14141.93,1414.193,10.0,50910.948
CUST00067,10,19059.97,1905.997,1.0,686158.92
CUST00068,8,13741.67,1717.70875,9.0,54966.68
CUST00069,8,8739.41,1092.42625,4.0,78654.69
CUST00070,11,13549.74,1231.7945454545454,8.0,60973.83
CUST00071,6,5257.97,876.3283333333334,8.0,23660.865
CUST00072,13,18835.55,1448.8884615384616,6.0,113013.3
CUST00073,12,21021.71,1751.8091666666667,9.0,84086.84
CUST00074,17,21996.04,1293.884705882353,10.0,79185.744
CUST00075,14,17923.65,1280.2607142857144,2.0,322625.7
CUST00076,17,24008.52,1412.2658823529412,3.0,288102.24
CUST00077,10,14735.08,1473.508,0.0,14735.08
CUST00078,7,8681.96,1240.28,2.0,156275.28
CUST00079,16,15390.93,961.933125,4.0,138518.37
CUST00080,16,24728.51,1545.531875,10.0,89022.636
CUST00081,9,8907.22,989.6911111111111,1.0,320659.92
CUST00082,5,6823.38,1364.676,6.0,40940.28
CUST00083,11,15118.99,1374.4536363636364,0.0,15118.99
CUST00084,12,12055.99,1004.6658333333334,11.0,39455.96727272727
CUST00085,8,9913.6,1239.2,6.0,59481.6
CUST00086,13,18055.03,1388.8484615384616,8.0,81247.635
CUST00087,13,17552.27,1350.1746153846154,10.0,63188.172
CUST00088,13,18600.64,1430.8184615384616,0.0,18600.64
CUST00089,14,13630.39,973.5992857142858,5.0,98138.808
CUST00090,12,17963.71,1496.9758333333334,6.0,107782.26
CUST00091,11,20543.62,1867.601818181818,0.0,20543.62
CUST00092,12,19313.5,1609.4583333333333,2.0,347643.0
CUST00093,13,14151.3,1088.5615384615385,11.0,46313.34545454545
CUST00094,11,16658.63,1514.4209090909092,7.0,85672.95428571428
CUST00095,10,26718.97,2671.897,10.0,96188.292
CUST00096,12,16977.42,1414.785,5.0,122237.424
CUST00097,12,12817.62,1068.135,0.0,12817.62
CUST00098,12,14016.66,1168.055,5.0,100919.952
CUST00099,9,12868.74,1429.86,9.0,51474.96
CUST00100,12,16201.23,1350.1025,4.0,145811.07
CUST00101,14,20367.2,1454.8,8.0,91652.4
CUST00102,11,15855.19,1441.3809090909092,11.0,51889.71272727273
CUST00103,12,11768.72,980.7266666666667,0.0,11768.72
CUST00104,10,16144.58,1614.458,1.0,581204.88
CUST00105,12,21721.74,1810.145,1.0,781982.64
CUST00106,10,15526.78,1552.678,9.0,62107.12
CUST00107,11,11723.01,1065.7281818181818,0.0,11723.01
CUST00108,13,21667.96,1666.7661538461539,5.0,156009.312
CUST00109,19,25925.72,1364.5115789473684,11.0,84847.81090909091
CUST00110,5,4839.57,967.914,0.0,4839.57
CUST00111,10,12559.72,1255.972,3.0,150716.64
CUST00112,12,16080.83,1340.0691666666667,8.0,72363.735
CUST00113,12,12813.03,1067.7525,11.0,41933.55272727273
CUST00114,13,19293.18,1484.0907692307692,4.0,173638.62
CUST00115,11,12198.77,1108.979090909091,7.0,62736.53142857143
CUST00116,10,19171.22,1917.122,0.0,19171.22
CUST00117,10,11570.41,1157.041,0.0,11570.41
CUST00118,8,9669.4,1208.675,2.0,174049.2
CUST00119,10,16320.97,1632.097,1.0,587554.92
CUST00120,9,13565.87,1507.318888888889,4.0,122092.83
CUST00121,7,6513.78,930.54,10.0,23449.608
CUST00122,11,19228.92,1748.0836363636363,5.0,138448.224
CUST00123,11,12186.96,1107.9054545454546,0.0,12186.96
CUST00124,9,12724.36,1413.8177777777778,9.0,50897.44
CUST00125,8,12460.89,1557.61125,9.0,49843.56
CUST00126,5,6780.69,1356.138,6.0,40684.14
CUST00127,10,11486.2,1148.62,10.0,41350.32
CUST00128,11,10691.63,971.9663636363637,1.0,384898.68
CUST00129,7,13994.97,1999.2814285714285,1.0,503818.92
CUST00130,8,6884.72,860.59,10.0,24784.992
CUST00131,8,9972.93,1246.61625,3.0,119675.16
CUST00132,10,13938.69,1393.869,0.0,13938.69
CUST00133,12,16037.53,1336.4608333333333,10.0,57735.108
CUST00134,8,12045.64,1505.705,9.0,48182.56
CUST00135,11,20978.6,1907.1454545454546,7.0,107889.94285714286
CUST00136,13,21236.13,1633.5484615384617,2.0,382250.34
CUST00137,10,16597.85,1659.785,8.0,74690.325
CUST00138,6,5216.86,869.4766666666667,9.0,20867.44
CUST00139,13,17943.37,1380.2592307692307,8.0,80745.165
CUST00140,9,13776.46,1530.7177777777779,2.0,247976.28
CUST00141,14,16317.48,1165.5342857142857,0.0,16317.48
CUST00142,5,10360.73,2072.146,1.0,372986.28
CUST00143,4,6176.4,1544.1,1.0,222350.4
CUST00144,6,4869.9,811.65,0.0,4869.9
CUST00145,5,6940.63,1388.126,1.0,249862.68
CUST00146,10,10622.91,1062.291,1.0,382424.76
CUST00147,12,15504.51,1292.0425,11.0,50742.03272727273
CUST00148,9,14121.14,1569.0155555555555,7.0,72623.00571428571
CUST00149,13,19589.45,1506.8807692307691,11.0,64110.92727272727
CUST00150,11,15442.41,1403.8554545454544,1.0,555926.76
CUST00151,9,10451.1,1161.2333333333333,10.0,37623.96
CUST00152,8,15079.94,1884.9925,2.0,271438.92
CUST00153,9,10640.23,1182.2477777777779,10.0,38304.828
CUST00154,10,14241.72,1424.172,1.0,512701.92
CUST00155,11,13391.21,1217.3827272727274,5.0,96416.712
CUST00156,12,14489.41,1207.4508333333333,10.0,52161.876
CUST00157,15,20565.9,1371.06,5.0,148074.48
CUST00158,15,26640.56,1776.0373333333334,10.0,95906.016
CUST00159,5,4104.58,820.916,4.0,36941.22
CUST00160,13,12694.81,976.5238461538462,2.0,228506.58
CUST00161,5,7673.68,1534.736,0.0,7673.68
CUST00162,9,10529.37,1169.93,9.0,42117.48
CUST00163,14,11893.7,849.55,8.0,53521.65
CUST00164,10,14178.59,1417.859,7.0,72918.46285714286
CUST00165,17,21800.69,1282.3935294117648,1.0,784824.84
CUST00166,14,26738.53,1909.895,5.0,192517.416
CUST00167,8,13052.26,1631.5325,9.0,52209.04
CUST00168,2,3795.96,1897.98,3.0,45551.52
CUST00169,2,6150.86,3075.43,6.0,36905.16
CUST00170,17,16463.32,968.4305882352941,3.0,197559.84
CUST00171,15,28154.52,1876.968,0.0,28154.52
CUST00172,9,14180.12,1575.568888888889,0.0,14180.12
CUST00173,8,12703.68,1587.96,7.0,65333.21142857143
CUST00174,10,18885.61,1888.561,10.0,67988.196
CUST00175,12,25211.09,2100.9241666666667,1.0,907599.24
CUST00176,8,13709.14,1713.6425,0.0,13709.14
CUST00177,14,17534.53,1252.4664285714287,7.0,90177.58285714286
CUST00178,12,20192.16,1682.68,10.0,72691.776
CUST00179,12,13633.88,1136.1566666666668,6.0,81803.28
CUST00180,10,19636.15,1963.615,6.0,117816.9
CUST00181,11,17442.94,1585.7218181818182,11.0,57085.98545454545
CUST00182,6,10037.59,1672.9316666666666,10.0,36135.324
CUST00183,5,7741.63,1548.326,11.0,25336.243636363637
CUST00184,10,6894.34,689.434,10.0,24819.624
CUST00185,9,12067.43,1340.8255555555556,7.0,62061.06857142857
CUST00186,12,19084.24,1590.3533333333332,1.0,687032.64
CUST00187,12,17422.98,1451.915,7.0,89603.89714285714
CUST00188,15,22374.32,1491.6213333333333,3.0,268491.84
CUST00189,13,13275.97,1021.2284615384615,8.0,59741.865
CUST00190,11,14934.13,1357.648181818182,0.0,14934.13
CUST00191,22,29652.79,1347.854090909091,11.0,97045.49454545455
CUST00192,16,23094.54,1443.40875,5.0,166280.688
CUST00193,17,21757.71,1279.865294117647,3.0,261092.52
CUST00194,13,15928.87,1225.2976923076924,2.0,286719.66
CUST00195,10,13325.56,1332.556,5.0,95944.032
CUST00196,5,7182.37,1436.474,7.0,36937.90285714286
CUST00197,8,9150.13,1143.76625,9.0,36600.52
CUST00198,13,25004.74,1923.4415384615384,3.0,300056.88
CUST00199,14,17907.68,1279.12,10.0,64467.648
CUST00200,5,3504.75,700.95,8.0,15771.375
CUST00201,9,14851.33,1650.1477777777777,10.0,53464.788
CUST00202,11,17226.3,1566.0272727272727,7.0,88592.4
CUST00203,5,5485.94,1097.188,9.0,21943.76
CUST00204,10,11282.49,1128.249,11.0,36924.512727272726
CUST00205,4,5941.6,1485.4,5.0,42779.52
CUST00206,7,6683.44,954.7771428571428,2.0,120301.92
CUST00207,12,9942.55,828.5458333333333,4.0,89482.95
CUST00208,12,15673.67,1306.1391666666666,0.0,15673.67
CUST00209,7,12595.61,1799.3728571428571,7.0,64777.422857142854
CUST00210,10,17041.41,1704.141,0.0,17041.41
CUST00211,7,8205.27,1172.1814285714286,5.0,59077.944
CUST00212,10,11817.46,1181.746,11.0,38675.32363636364
CUST00213,12,9590.09,799.1741666666667,0.0,9590.09
CUST00214,8,4900.28,612.535,8.0,22051.26
CUST00215,16,22135.61,1383.475625,8.0,99610.245
CUST00216,10,9121.31,912.131,11.0,29851.56
CUST00217,14,30648.47,2189.1764285714285,0.0,30648.47
CUST00218,5,2125.65,425.13,11.0,6956.672727272728
CUST00219,8,7162.77,895.34625,1.0,257859.72
CUST00220,16,20580.89,1286.305625,5.0,148182.408
CUST00221,7,13753.01,1964.7157142857143,2.0,247554.18
CUST00222,13,19354.3,1488.7923076923078,6.0,116125.8
CUST00223,10,17872.0,1787.2,5.0,128678.4
CUST00224,3,2604.45,868.15,3.0,31253.4
CUST00225,10,14083.98,1408.398,2.0,253511.64
CUST00226,15,21125.9,1408.3933333333334,10.0,76053.24
CUST00227,15,24945.62,1663.0413333333333,9.0,99782.48
CUST00228,7,16176.12,2310.8742857142856,8.0,72792.54
CUST00229,13,14757.76,1135.2123076923076,8.0,66409.92
CUST00230,7,9973.94,1424.8485714285714,3.0,119687.28
CUST00231,9,11922.43,1324.7144444444446,6.0,71534.58
CUST00232,11,16331.42,1484.6745454545455,9.0,65325.68
CUST00233,6,6542.19,1090.365,6.0,39253.14
CUST00234,6,9202.19,1533.6983333333333,2.0,165639.42
CUST00235,8,10679.54,1334.9425,4.0,96115.86
CUST00236,13,14216.84,1093.603076923077,3.0,170602.08
CUST00237,9,15113.5,1679.2777777777778,11.0,49462.36363636364
CUST00238,13,19595.58,1507.3523076923077,3.0,235146.96
CUST00239,10,14197.63,1419.763,11.0,46464.97090909091
CUST00240,15,23448.58,1563.2386666666666,9.0,93794.32
CUST00241,16,27192.57,1699.535625,2.0,489466.26
CUST00242,8,10180.62,1272.5775,8.0,45812.79
CUST00243,11,18364.59,1669.5081818181818,0.0,18364.59
CUST00244,9,18256.09,2028.4544444444443,9.0,73024.36
CUST00245,7,8630.09,1232.87,3.0,103561.08
CUST00246,8,6486.64,810.83,10.0,23351.904
CUST00247,8,8284.66,1035.5825,0.0,8284.66
CUST00248,8,4410.93,551.36625,6.0,26465.58
CUST00249,10,13723.09,1372.309,10.0,49403.124
CUST00250,9,6576.07,730.6744444444445,9.0,26304.28
CUST00251,9,9440.86,1048.9844444444445,0.0,9440.86
CUST00252,7,4798.82,685.5457142857143,2.0,86378.76
CUST00253,7,5376.04,768.0057142857142,0.0,5376.04
CUST00254,6,10095.36,1682.56,7.0,51918.99428571429
CUST00255,9,13275.41,1475.0455555555557,6.0,79652.46
CUST00256,8,6282.02,785.2525,6.0,37692.12
CUST00257,6,7188.54,1198.09,4.0,64696.86
CUST00258,12,12445.45,1037.1208333333334,8.0,56004.525
CUST00259,12,18156.98,1513.0816666666667,10.0,65365.128
CUST00260,12,16494.28,1374.5233333333333,4.0,148448.52
CUST00261,5,6119.6,1223.92,10.0,22030.56
CUST00262,9,11870.08,1318.8977777777777,0.0,11870.08
CUST00263,11,14906.72,1355.1563636363637,1.0,536641.92
CUST00264,10,18355.82,1835.582,8.0,82601.19
CUST00265,8,4507.15,563.39375,8.0,20282.175
CUST00266,9,13119.83,1457.7588888888888,9.0,52479.32
CUST00267,11,14971.56,1361.050909090909,6.0,89829.36
CUST00268,10,23977.29,2397.729,1.0,863182.44
CUST00269,7,11089.88,1584.2685714285715,7.0,57033.66857142857
CUST00270,13,13878.91,1067.6084615384616,11.0,45421.887272727276
CUST00271,10,18988.35,1898.835,0.0,18988.35
CUST00272,6,7187.9,1197.9833333333333,9.0,28751.6
CUST00273,9,7114.65,790.5166666666667,3.0,85375.8
CUST00274,12,15419.29,1284.9408333333333,6.0,92515.74
CUST00275,14,23609.25,1686.375,5.0,169986.6
CUST00276,13,13414.45,1031.8807692307691,10.0,48292.02
CUST00277,10,17674.95,1767.495,1.0,636298.2
CUST00278,16,33111.68,2069.48,5.0,238404.096
CUST00279,7,4763.73,680.5328571428571,10.0,17149.428
CUST00280,4,6682.2,1670.55,8.0,30069.9
CUST00281,7,10708.49,1529.7842857142857,3.0,128501.88
CUST00282,3,7299.23,2433.076666666667,10.0,26277.228
CUST00283,9,12933.43,1437.0477777777778,2.0,232801.74
CUST00284,12,12604.92,1050.41,10.0,45377.712
CUST00285,10,11220.08,1122.008,11.0,36720.26181818182
CUST00286,13,10995.53,845.81,9.0,43982.12
CUST00287,11,14681.14,1334.649090909091,5.0,105704.208
CUST00288,6,9847.05,1641.175,1.0,354493.8
CUST00289,12,14199.22,1183.2683333333334,7.0,73024.56
CUST00290,8,15407.54,1925.9425,5.0,110934.288
CUST00291,5,4729.57,945.914,7.0,24323.502857142856
CUST00292,9,12458.19,1384.2433333333333,9.0,49832.76
CUST00293,9,14961.76,1662.4177777777777,6.0,89770.56
CUST00294,7,8210.76,1172.9657142857143,2.0,147793.68
CUST00295,10,15321.38,1532.138,11.0,50142.69818181818
CUST00296,9,16718.93,1857.658888888889,2.0,300940.74
CUST00297,8,11669.21,1458.65125,7.0,60013.08
CUST00298,12,17185.72,1432.1433333333334,9.0,68742.88
CUST00299,11,13685.93,1244.1754545454546,11.0,44790.31636363636
CUST00300,6,6058.34,1009.7233333333334,10.0,21810.024
CUST00301,9,14834.03,1648.2255555555555,3.0,178008.36
CUST00302,3,6015.76,2005.2533333333333,9.0,24063.04
CUST00303,9,12727.76,1414.1955555555555,4.0,114549.84
CUST00304,12,16657.85,1388.1541666666667,1.0,599682.6
CUST00305,12,16529.39,1377.4491666666668,9.0,66117.56
CUST00306,7,6084.87,869.2671428571429,11.0,19914.12
CUST00307,15,18140.48,1209.3653333333334,1.0,653057.28
CUST00308,8,11385.39,1423.17375,0.0,11385.39
CUST00309,5,5600.16,1120.032,5.0,40321.152
CUST00310,8,13747.97,1718.49625,7.0,70703.84571428571
CUST00311,10,13652.09,1365.209,11.0,44679.567272727276
CUST00312,12,18731.33,1560.9441666666667,0.0,18731.33
CUST00313,5,6465.36,1293.072,4.0,58188.24
CUST00314,10,13024.47,1302.447,2.0,234440.46
CUST00315,10,15936.32,1593.632,6.0,95617.92
CUST00316,3,5068.35,1689.45,8.0,22807.575
CUST00317,12,21934.58,1827.8816666666667,7.0,112806.41142857143
CUST00318,7,13213.61,1887.6585714285713,7.0,67955.70857142858
CUST00319,15,23868.92,1591.2613333333334,1.0,859281.12
CUST00320,7,11290.17,1612.8814285714286,11.0,36949.64727272727
CUST00321,10,16488.16,1648.816,8.0,74196.72
CUST00322,9,9215.27,1023.9188888888889,8.0,41468.715
CUST00323,14,15323.11,1094.5078571428571,9.0,61292.44
CUST00324,11,11330.36,1030.0327272727272,11.0,37081.178181818184
CUST00325,9,5692.71,632.5233333333333,10.0,20493.756
CUST00326,11,14624.04,1329.4581818181819,6.0,87744.24
CUST00327,9,12564.58,1396.0644444444445,7.0,64617.84
CUST00328,13,14037.01,1079.77,3.0,168444.12
CUST00329,7,16098.42,2299.7742857142857,10.0,57954.312
CUST00330,8,7606.23,950.77875,2.0,136912.14
CUST00331,14,15606.08,1114.72,7.0,80259.84
CUST00332,7,5344.29,763.47,5.0,38478.888
CUST00333,4,8043.3,2010.825,11.0,26323.52727272727
CUST00334,10,12885.62,1288.562,4.0,115970.58
CUST00335,7,8807.78,1258.2542857142857,6.0,52846.68
CUST00336,11,18415.82,1674.1654545454546,10.0,66296.952
CUST00337,12,14879.57,1239.9641666666666,2.0,267832.26
CUST00338,11,16831.04,1530.0945454545454,3.0,201972.48
CUST00339,6,3261.36,543.56,3.0,39136.32
CUST00340,7,7884.8,1126.4,9.0,31539.2
CUST00341,11,10372.22,942.9290909090909,11.0,33945.44727272727
CUST00342,8,5994.3,749.2875,6.0,35965.8
CUST00343,11,15247.5,1386.1363636363637,7.0,78415.71428571429
CUST00344,9,10166.41,1129.601111111111,3.0,121996.92
CUST00345,14,11086.73,791.9092857142857,11.0,36283.843636363636
CUST00346,11,16901.04,1536.4581818181819,5.0,121687.488
CUST00347,12,15601.89,1300.1575,10.0,56166.804
CUST00348,5,7745.57,1549.114,11.0,25349.138181818184
CUST00349,8,10218.34,1277.2925,11.0,33441.84
CUST00350,7,9853.93,1407.7042857142858,1.0,354741.48
CUST00351,8,10022.95,1252.86875,6.0,60137.7
CUST00352,8,14286.66,1785.8325,1.0,514319.76
CUST00353,12,14506.52,1208.8766666666668,4.0,130558.68
CUST00354,9,11467.7,1274.1888888888889,4.0,103209.3
CUST00355,11,21538.67,1958.060909090909,0.0,21538.67
CUST00356,9,11222.83,1246.9811111111112,5.0,80804.376
CUST00357,6,6591.92,1098.6533333333334,5.0,47461.824
CUST00358,9,5167.11,574.1233333333333,0.0,5167.11
CUST00359,19,28799.14,1515.7442105263158,2.0,518384.52
CUST00360,12,13806.84,1150.57,4.0,124261.56
CUST00361,11,17029.65,1548.15,8.0,76633.425
CUST00362,9,10418.89,1157.6544444444444,6.0,62513.34
CUST00363,10,13963.69,1396.369,1.0,502692.84
CUST00364,12,23552.08,1962.6733333333334,0.0,23552.08
CUST00365,12,19268.35,1605.6958333333334,0.0,19268.35
CUST00366,8,15437.05,1929.63125,7.0,79390.54285714286
CUST00367,10,17249.74,1724.974,9.0,68998.96
CUST00368,10,14724.04,1472.404,3.0,176688.48
CUST00369,8,12417.63,1552.20375,11.0,40639.516363636365
CUST00370,15,14084.02,938.9346666666667,10.0,50702.472
CUST00371,7,10070.3,1438.6142857142856,3.0,120843.6
CUST00372,8,13756.13,1719.51625,11.0,45020.06181818182
CUST00373,13,13857.45,1065.9576923076922,0.0,13857.45
CUST00374,12,16558.1,1379.8416666666667,2.0,298045.8
CUST00375,11,17117.03,1556.0936363636363,1.0,616213.08
CUST00376,7,8473.39,1210.4842857142858,6.0,50840.34
CUST00377,7,7660.08,1094.297142857143,9.0,30640.32
CUST00378,6,7945.18,1324.1966666666667,5.0,57205.296
CUST00379,12,24856.1,2071.3416666666667,5.0,178963.92
CUST00380,10,15229.56,1522.956,7.0,78323.45142857142
CUST00381,10,10202.65,1020.265,11.0,33390.490909090906
CUST00382,6,7610.53,1268.4216666666666,1.0,273979.08
CUST00383,10,15515.88,1551.588,1.0,558571.68
CUST00384,9,9213.24,1023.6933333333334,11.0,30152.421818181818
CUST00385,14,17675.17,1262.5121428571429,0.0,17675.17
CUST00386,9,13221.54,1469.06,9.0,52886.16
CUST00387,12,15961.31,1330.1091666666666,2.0,287303.58
CUST00388,13,15790.28,1214.636923076923,9.0,63161.12
CUST00389,14,19005.31,1357.5221428571429,9.0,76021.24
CUST00390,12,25188.08,2099.0066666666667,1.0,906770.88
CUST00391,8,7556.88,944.61,11.0,24731.607272727273
CUST00392,8,12820.12,1602.515,7.0,65932.04571428572
CUST00393,9,12620.93,1402.3255555555556,10.0,45435.348
CUST00394,10,15785.54,1578.554,3.0,189426.48
CUST00395,6,7888.94,1314.8233333333333,5.0,56800.368
CUST00396,12,14142.98,1178.5816666666667,5.0,101829.456
CUST00397,7,11783.2,1683.3142857142857,5.0,84839.04
CUST00398,9,6592.83,732.5366666666666,7.0,33905.98285714286
CUST00399,4,5856.53,1464.1325,9.0,23426.12
CUST00400,10,14712.56,1471.256,5.0,105930.432
CUST00401,12,7868.17,655.6808333333333,0.0,7868.17
CUST00402,6,10575.59,1762.5983333333334,6.0,63453.54
CUST00403,9,11030.47,1225.6077777777778,10.0,39709.692
CUST00404,12,24809.19,2067.4325,4.0,223282.71
CUST00405,11,12848.27,1168.0245454545454,6.0,77089.62
CUST00406,7,6795.21,970.7442857142858,2.0,122313.78
CUST00407,12,19091.77,1590.9808333333333,0.0,19091.77
CUST00408,7,6946.66,992.38,6.0,41679.96
CUST00409,10,13077.91,1307.791,10.0,47080.476
CUST00410,10,18834.28,1883.428,7.0,96862.01142857142
CUST00411,10,13116.5,1311.65,5.0,94438.8
CUST00412,5,7326.65,1465.33,7.0,37679.91428571429
CUST00413,15,23540.1,1569.34,2.0,423721.8
CUST00414,10,9432.46,943.246,3.0,113189.52
CUST00415,5,6456.03,1291.206,5.0,46483.416
CUST00416,6,7736.99,1289.4983333333332,0.0,7736.99
CUST00417,8,12592.38,1574.0475,6.0,75554.28
CUST00418,17,19983.62,1175.5070588235294,3.0,239803.44
CUST00419,9,9439.53,1048.8366666666666,5.0,67964.616
CUST00420,11,13320.75,1210.9772727272727,11.0,43595.181818181816
CUST00421,13,15036.98,1156.6907692307693,10.0,54133.128
CUST00422,11,14649.79,1331.7990909090909,3.0,175797.48
CUST00423,7,10055.39,1436.4842857142858,4.0,90498.51
CUST00424,7,4692.73,670.39,11.0,15358.025454545455
CUST00425,13,24053.51,1850.27,2.0,432963.18
CUST00426,4,9353.28,2338.32,9.0,37413.12
CUST00427,13,18216.77,1401.29,11.0,59618.52
CUST00428,13,13733.64,1056.4338461538462,9.0,54934.56
CUST00429,7,5977.0,853.8571428571429,3.0,71724.0
CUST00430,14,20576.81,1469.7721428571429,10.0,74076.516
CUST00431,9,7752.33,861.37,8.0,34885.485
CUST00432,12,10582.43,881.8691666666666,8.0,47620.935
CUST00433,9,18279.73,2031.081111111111,5.0,131614.056
CUST00434,5,3853.98,770.796,6.0,23123.88
CUST00435,8,9321.95,1165.24375,7.0,47941.45714285714
CUST00436,9,9879.2,1097.6888888888889,9.0,39516.8
CUST00437,13,13425.56,1032.7353846153846,10.0,48332.016
CUST00438,20,26829.81,1341.4905,7.0,137981.88
CUST00439,7,6695.46,956.4942857142858,5.0,48207.312
CUST00440,8,12077.51,1509.68875,9.0,48310.04
CUST00441,8,10776.9,1347.1125,9.0,43107.6
CUST00442,9,11266.61,1251.8455555555556,7.0,57942.565714285716
CUST00443,6,8538.77,1423.1283333333333,3.0,102465.24
CUST00444,16,18768.58,1173.03625,3.0,225222.96
CUST00445,8,16229.29,2028.66125,10.0,58425.444
CUST00446,15,15434.06,1028.9373333333333,0.0,15434.06
CUST00447,6,5432.29,905.3816666666667,7.0,27937.49142857143
CUST00448,13,21191.36,1630.1046153846153,2.0,381444.48
CUST00449,14,19975.19,1426.7992857142858,5.0,143821.368
CUST00450,10,10163.98,1016.398,0.0,10163.98
CUST00451,9,7880.48,875.6088888888889,10.0,28369.728
CUST00452,12,19043.12,1586.9266666666667,10.0,68555.232
CUST00453,3,3006.61,1002.2033333333334,0.0,3006.61
CUST00454,19,19778.13,1040.9542105263158,9.0,79112.52
CUST00455,9,11265.43,1251.7144444444446,10.0,40555.548
CUST00456,15,22658.87,1510.5913333333333,10.0,81571.932
CUST00457,12,13201.85,1100.1541666666667,3.0,158422.2
CUST00458,12,18486.22,1540.5183333333334,9.0,73944.88
CUST00459,12,20097.31,1674.7758333333334,2.0,361751.58
CUST00460,14,19734.02,1409.5728571428572,5.0,142084.944
CUST00461,13,15824.41,1217.2623076923078,7.0,81382.68
CUST00462,8,9528.9,1191.1125,1.0,343040.4
CUST00463,11,17438.57,1585.3245454545454,2.0,313894.26
CUST00464,13,16164.33,1243.41,9.0,64657.32
CUST00465,17,20692.2,1217.1882352941177,2.0,372459.6
CUST00466,13,11923.24,917.1723076923076,4.0,107309.16
CUST00467,11,18557.51,1687.0463636363636,9.0,74230.04
CUST00468,12,11403.49,950.2908333333334,8.0,51315.705
CUST00469,15,16113.51,1074.234,5.0,116017.272
CUST00470,10,14532.09,1453.209,1.0,523155.24
CUST00471,12,21270.94,1772.5783333333334,11.0,69613.98545454546
CUST00472,10,17284.78,1728.478,4.0,155563.02
CUST00473,5,9228.89,1845.778,0.0,9228.89
CUST00474,5,2457.43,491.486,7.0,12638.211428571429
CUST00475,11,18421.32,1674.6654545454546,6.0,110527.92
CUST00476,6,7537.41,1256.235,8.0,33918.345
CUST00477,16,19596.34,1224.77125,3.0,235156.08
CUST00478,4,6952.74,1738.185,8.0,31287.33
CUST00479,7,11958.29,1708.327142857143,11.0,39136.22181818182
CUST00480,8,12402.23,1550.27875,4.0,111620.07
CUST00481,10,12472.25,1247.225,4.0,112250.25
CUST00482,10,17459.96,1745.996,0.0,17459.96
CUST00483,4,6099.3,1524.825,2.0,109787.4
CUST00484,6,11261.68,1876.9466666666667,9.0,45046.72
CUST00485,9,15199.05,1688.7833333333333,8.0,68395.725
CUST00486,10,11752.91,1175.291,6.0,70517.46
CUST00487,11,13662.06,1242.0054545454545,3.0,163944.72
CUST00488,10,10149.64,1014.964,0.0,10149.64
CUST00489,15,15900.11,1060.0073333333332,11.0,52036.72363636363
CUST00490,2,1584.12,792.06,7.0,8146.902857142857
CUST00491,15,13568.96,904.5973333333334,2.0,244241.28
CUST00492,7,11945.42,1706.4885714285715,4.0,107508.78
CUST00493,10,8432.61,843.261,0.0,8432.61
CUST00494,10,16475.8,1647.58,1.0,593128.8
CUST00495,15,16371.71,1091.4473333333333,4.0,147345.39
CUST00496,9,7476.91,830.7677777777777,7.0,38452.68
CUST00497,7,10206.32,1458.0457142857142,6.0,61237.92
CUST00498,9,11242.29,1249.1433333333334,9.0,44969.16
CUST00499,10,10668.33,1066.833,5.0,76811.976
CUST00500,3,3406.48,1135.4933333333333,8.0,15329.16
CUST00501,7,11932.98,1704.7114285714285,2.0,214793.64
CUST00502,6,8260.65,1376.775,2.0,148691.7
CUST00503,7,9053.96,1293.422857142857,7.0,46563.22285714286
CUST00504,13,11436.03,879.6946153846154,0.0,11436.03
CUST00505,13,16783.28,1291.0215384615385,8.0,75524.76
CUST00506,10,9840.77,984.077,10.0,35426.772
CUST00507,11,15153.9,1377.6272727272728,0.0,15153.9
CUST00508,11,12930.91,1175.5372727272727,1.0,465512.76
CUST00509,12,15898.9,1324.9083333333333,4.0,143090.1
CUST00510,12,23832.55,1986.0458333333333,11.0,77997.43636363637
CUST00511,6,7778.48,1296.4133333333334,5.0,56005.056
CUST00512,10,13998.73,1399.873,9.0,55994.92
CUST00513,14,16331.09,1166.5064285714286,11.0,53447.203636363636
CUST00514,8,10552.93,1319.11625,4.0,94976.37
CUST00515,9,9241.61,1026.8455555555556,10.0,33269.796
CUST00516,7,9405.67,1343.6671428571428,11.0,30782.192727272726
CUST00517,5,1396.22,279.244,0.0,1396.22
CUST00518,14,12796.12,914.0085714285714,1.0,460660.32
CUST00519,7,10453.04,1493.2914285714285,9.0,41812.16
CUST00520,7,13059.28,1865.6114285714286,9.0,52237.12
CUST00521,13,20148.85,1549.9115384615384,0.0,20148.85
CUST00522,8,13054.01,1631.75125,8.0,58743.045
CUST00523,8,7229.9,903.7375,8.0,32534.55
CUST00524,10,9560.62,956.062,6.0,57363.72
CUST00525,10,17585.44,1758.544,8.0,79134.48
CUST00526,7,8064.16,1152.0228571428572,10.0,29030.976
CUST00527,10,9823.04,982.304,4.0,88407.36
CUST00528,13,19575.65,1505.8192307692307,10.0,70472.34
CUST00529,8,16529.36,2066.17,7.0,85008.13714285714
CUST00530,9,11854.92,1317.2133333333334,7.0,60968.16
CUST00531,7,10912.63,1558.9471428571428,2.0,196427.34
CUST00532,9,12083.26,1342.5844444444444,10.0,43499.736
CUST00533,8,15363.01,1920.37625,2.0,276534.18
CUST00534,10,10786.94,1078.694,1.0,388329.84
CUST00535,5,5450.46,1090.092,8.0,24527.07
CUST00536,9,12901.91,1433.5455555555557,4.0,116117.19
CUST00537,15,16880.8,1125.3866666666668,5.0,121541.76
CUST00538,12,19438.13,1619.8441666666668,1.0,699772.68
CUST00539,12,22122.51,1843.5425,3.0,265470.12
CUST00540,9,12380.5,1375.611111111111,9.0,49522.0
CUST00541,9,17328.43,1925.381111111111,1.0,623823.48
CUST00542,7,6989.3,998.4714285714285,0.0,6989.3
CUST00543,11,21675.34,1970.4854545454546,9.0,86701.36
CUST00544,11,14536.76,1321.5236363636363,7.0,74760.48
CUST00545,7,7441.09,1063.0128571428572,0.0,7441.09
CUST00546,15,24644.45,1642.9633333333334,1.0,887200.2
CUST00547,9,11138.96,1237.6622222222222,5.0,80200.512
CUST00548,6,5807.96,967.9933333333333,5.0,41817.312
CUST00549,10,13800.47,1380.047,2.0,248408.46
CUST00550,10,14674.64,1467.464,10.0,52828.704
CUST00551,9,9990.11,1110.0122222222221,2.0,179821.98
CUST00552,15,14057.21,937.1473333333333,9.0,56228.84
CUST00553,12,15346.53,1278.8775,5.0,110495.016
CUST00554,7,8293.56,1184.7942857142857,9.0,33174.24
CUST00555,12,11683.75,973.6458333333334,11.0,38237.72727272727
CUST00556,8,5696.39,712.04875,6.0,34178.34
CUST00557,9,13771.46,1530.1622222222222,9.0,55085.84
CUST00558,10,17794.39,1779.439,0.0,17794.39
CUST00559,12,17217.7,1434.8083333333334,9.0,68870.8
CUST00560,6,8185.82,1364.3033333333333,5.0,58937.904
CUST00561,9,10000.28,1111.1422222222222,10.0,36001.008
CUST00562,13,16686.72,1283.5938461538462,8.0,75090.24
CUST00563,14,16279.81,1162.8435714285715,3.0,195357.72
CUST00564,9,12126.41,1347.378888888889,1.0,436550.76
CUST00565,7,12239.78,1748.54,4.0,110158.02
CUST00566,6,5864.59,977.4316666666666,6.0,35187.54
CUST00567,13,23414.62,1801.1246153846155,5.0,168585.264
CUST00568,8,8005.34,1000.6675,2.0,144096.12
CUST00569,9,7374.75,819.4166666666666,11.0,24135.545454545456
CUST00570,12,15770.11,1314.1758333333332,1.0,567723.96
CUST00571,10,9020.65,902.065,0.0,9020.65
CUST00572,9,9178.99,1019.8877777777777,3.0,110147.88
CUST00573,6,6360.02,1060.0033333333333,10.0,22896.072
CUST00574,15,17584.22,1172.2813333333334,1.0,633031.92
CUST00575,7,7021.61,1003.0871428571429,10.0,25277.796
CUST00576,9,7693.13,854.7922222222222,5.0,55390.536
CUST00577,13,12929.97,994.613076923077,6.0,77579.82
CUST00578,10,12627.84,1262.784,1.0,454602.24
CUST00579,8,15372.78,1921.5975,7.0,79060.01142857142
CUST00580,10,14185.43,1418.543,7.0,72953.64
CUST00581,12,11255.92,937.9933333333333,0.0,11255.92
CUST00582,12,18132.6,1511.05,8.0,81596.7
CUST00583,6,14922.52,2487.0866666666666,9.0,59690.08
CUST00584,8,10212.47,1276.55875,7.0,52521.27428571429
CUST00585,13,20228.2,1556.0153846153846,5.0,145643.04
CUST00586,12,18872.21,1572.6841666666667,11.0,61763.59636363637
CUST00587,9,6965.16,773.9066666666666,1.0,250745.76
CUST00588,20,34524.8,1726.24,5.0,248578.56
CUST00589,7,8938.16,1276.88,3.0,107257.92
CUST00590,10,8992.43,899.243,5.0,64745.496
CUST00591,10,13993.06,1399.306,6.0,83958.36
CUST00592,9,11639.24,1293.2488888888888,5.0,83802.528
CUST00593,8,12108.69,1513.58625,10.0,43591.284
CUST00594,4,5919.84,1479.96,0.0,5919.84
CUST00595,4,5736.47,1434.1175,9.0,22945.88
CUST00596,16,19092.68,1193.2925,4.0,171834.12
CUST00597,11,10150.15,922.7409090909091,1.0,365405.4
CUST00598,8,14060.27,1757.53375,0.0,14060.27
CUST00599,8,12554.04,1569.255,8.0,56493.18
CUST00600,8,10357.68,1294.71,1.0,372876.48
CUST00601,9,19510.32,2167.8133333333335,0.0,19510.32
CUST00602,7,15316.87,2188.1242857142856,0.0,15316.87
CUST00603,8,11837.62,1479.7025,11.0,38741.30181818182
CUST00604,5,4063.25,812.65,4.0,36569.25
CUST00605,9,14602.68,1622.52,2.0,262848.24
CUST00606,15,22590.08,1506.0053333333333,2.0,406621.44
CUST00607,7,7002.77,1000.3957142857142,5.0,50419.944
CUST00608,5,2303.76,460.752,8.0,10366.92
CUST00609,12,15822.47,1318.5391666666667,11.0,51782.62909090909
CUST00610,15,25092.87,1672.858,10.0,90334.332
CUST00611,8,14998.32,1874.79,7.0,77134.21714285715
CUST00612,11,12109.82,1100.8927272727274,0.0,12109.82
CUST00613,6,13229.27,2204.8783333333336,1.0,476253.72
CUST00614,9,8166.5,907.3888888888889,4.0,73498.5
CUST00615,12,20466.86,1705.5716666666667,5.0,147361.392
CUST00616,11,15044.94,1367.7218181818182,8.0,67702.23
CUST00617,12,12783.16,1065.2633333333333,9.0,51132.64
CUST00618,13,14548.29,1119.0992307692309,10.0,52373.844
CUST00619,8,8584.86,1073.1075,7.0,44150.70857142857
CUST00620,5,8041.69,1608.338,7.0,41357.26285714286
CUST00621,7,15287.87,2183.9814285714288,3.0,183454.44
CUST00622,9,9956.38,1106.2644444444445,0.0,9956.38
CUST00623,11,18460.05,1678.1863636363637,6.0,110760.3
CUST00624,7,11003.01,1571.8585714285714,6.0,66018.06
CUST00625,9,13775.79,1530.6433333333334,11.0,45084.40363636363
CUST00626,9,16717.98,1857.5533333333333,7.0,85978.18285714286
CUST00627,7,7514.31,1073.472857142857,0.0,7514.31
CUST00628,8,10732.29,1341.53625,9.0,42929.16
CUST00629,13,12425.98,955.8446153846154,4.0,111833.82
CUST00630,15,18613.93,1240.9286666666667,2.0,335050.74
CUST00631,8,7397.36,924.67,9.0,29589.44
CUST00632,9,5067.22,563.0244444444445,3.0,60806.64
CUST00633,10,20376.97,2037.697,6.0,122261.82
CUST00634,9,11831.96,1314.6622222222222,5.0,85190.112
CUST00635,14,21068.06,1504.8614285714286,0.0,21068.06
CUST00636,11,18947.2,1722.4727272727273,3.0,227366.4
CUST00637,7,12386.16,1769.4514285714286,1.0,445901.76
CUST00638,6,7704.38,1284.0633333333333,6.0,46226.28
CUST00639,11,16102.33,1463.8481818181817,3.0,193227.96
CUST00640,10,12502.96,1250.296,9.0,50011.84
CUST00641,13,14376.02,1105.8476923076923,11.0,47048.792727272725
CUST00642,8,8495.66,1061.9575,1.0,305843.76
CUST00643,10,12254.09,1225.409,10.0,44114.724
CUST00644,14,11153.53,796.6807142857143,2.0,200763.54
CUST00645,10,13066.67,1306.667,1.0,470400.12
CUST00646,16,20337.71,1271.106875,3.0,244052.52
CUST00647,8,16270.96,2033.87,1.0,585754.56
CUST00648,8,7452.55,931.56875,4.0,67072.95
CUST00649,12,16434.0,1369.5,7.0,84517.71428571429
CUST00650,13,21567.23,1659.0176923076924,9.0,86268.92
CUST00651,13,18843.19,1449.476153846154,3.0,226118.28
CUST00652,12,9050.77,754.2308333333333,2.0,162913.86
CUST00653,8,11787.26,1473.4075,0.0,11787.26
CUST00654,11,20124.53,1829.5027272727273,11.0,65862.09818181818
CUST00655,12,16213.7,1351.1416666666667,2.0,291846.6
CUST00656,12,15428.36,1285.6966666666667,1.0,555420.96
CUST00657,12,12111.05,1009.2541666666667,4.0,108999.45
CUST00658,15,21572.33,1438.1553333333334,7.0,110943.41142857143
CUST00659,11,15349.03,1395.3663636363635,2.0,276282.54
CUST00660,10,10619.09,1061.909,8.0,47785.905
CUST00661,10,10779.14,1077.914,3.0,129349.68
CUST00662,12,14926.56,1243.88,8.0,67169.52
CUST00663,9,13368.15,1485.35,1.0,481253.4
CUST00664,13,18717.76,1439.8276923076924,10.0,67383.936
CUST00665,13,22814.71,1754.9776923076922,2.0,410664.78
CUST00666,9,12049.17,1338.7966666666666,8.0,54221.265
CUST00667,10,14695.63,1469.563,1.0,529042.68
CUST00668,8,6609.8,826.225,10.0,23795.28
CUST00669,10,9497.64,949.764,3.0,113971.68
CUST00670,14,15380.4,1098.6,9.0,61521.6
CUST00671,13,20946.18,1611.2446153846154,2.0,377031.24
CUST00672,6,11253.03,1875.505,9.0,45012.12
CUST00673,11,14076.27,1279.6609090909092,7.0,72392.24571428572
CUST00674,7,6359.21,908.4585714285714,11.0,20811.96
CUST00675,12,21225.39,1768.7825,4.0,191028.51
CUST00676,9,7359.94,817.7711111111112,3.0,88319.28
CUST00677,17,24782.57,1457.7982352941176,11.0,81106.59272727273
CUST00678,12,16130.64,1344.22,7.0,82957.57714285715
CUST00679,10,13335.66,1333.566,8.0,60010.47
CUST00680,9,11801.37,1311.2633333333333,4.0,106212.33
CUST00681,9,9449.59,1049.9544444444443,0.0,9449.59
CUST00682,5,2878.55,575.71,8.0,12953.475
CUST00683,10,13735.95,1373.595,5.0,98898.84
CUST00684,8,13335.49,1666.93625,11.0,43643.42181818182
CUST00685,11,16108.19,1464.3809090909092,5.0,115978.968
CUST00686,8,10867.51,1358.43875,0.0,10867.51
CUST00687,11,9585.49,871.4081818181818,3.0,115025.88
CUST00688,5,2564.93,512.986,7.0,13191.068571428572
CUST00689,13,14607.42,1123.6476923076923,10.0,52586.712
CUST00690,5,8066.72,1613.344,2.0,145200.96
CUST00691,6,7953.82,1325.6366666666668,7.0,40905.36
CUST00692,9,11029.8,1225.5333333333333,7.0,56724.68571428571
CUST00693,10,13777.37,1377.737,3.0,165328.44
CUST00694,12,18915.9,1576.325,10.0,68097.24
CUST00695,19,21619.48,1137.8673684210526,4.0,194575.32
CUST00696,13,26599.28,2046.0984615384616,0.0,26599.28
CUST00697,14,21210.74,1515.0528571428572,8.0,95448.33
CUST00698,8,13146.68,1643.335,7.0,67611.49714285714
CUST00699,8,7812.01,976.50125,0.0,7812.01
CUST00700,16,17757.49,1109.843125,6.0,106544.94
CUST00701,6,16359.65,2726.608333333333,4.0,147236.85
CUST00702,6,3103.19,517.1983333333334,1.0,111714.84
CUST00703,13,22287.65,1714.4346153846154,3.0,267451.8
CUST00704,11,14123.58,1283.9618181818182,10.0,50844.888
CUST00705,12,18240.43,1520.0358333333334,4.0,164163.87
CUST00706,10,10412.62,1041.262,9.0,41650.48
CUST00707,7,11314.77,1616.3957142857143,8.0,50916.465
CUST00708,13,22613.36,1739.4892307692307,9.0,90453.44
CUST00709,13,18784.17,1444.936153846154,4.0,169057.53
CUST00710,11,11297.32,1027.0290909090909,0.0,11297.32
CUST00711,10,17435.91,1743.591,11.0,57062.97818181818
CUST00712,17,12100.04,711.7670588235294,11.0,39600.13090909091
CUST00713,13,13637.4,1049.0307692307692,9.0,54549.6
CUST00714,12,9759.6,813.3,8.0,43918.2
CUST00715,9,20622.59,2291.398888888889,10.0,74241.324
CUST00716,5,5525.9,1105.18,6.0,33155.4
CUST00717,11,7290.26,662.7509090909091,2.0,131224.68
CUST00718,11,18525.65,1684.15,1.0,666923.4
CUST00719,17,28394.24,1670.2494117647059,6.0,170365.44
CUST00720,7,5377.3,768.1857142857143,11.0,17598.436363636363
CUST00721,4,7851.35,1962.8375,1.0,282648.6
CUST00722,10,16844.66,1684.466,1.0,606407.76
CUST00723,12,13134.57,1094.5475,2.0,236422.26
CUST00724,14,24500.31,1750.0221428571429,4.0,220502.79
CUST00725,10,13261.26,1326.126,3.0,159135.12
CUST00726,8,13113.72,1639.215,11.0,42917.62909090909
CUST00727,13,25318.03,1947.5407692307692,10.0,91144.908
CUST00728,10,13248.12,1324.812,4.0,119233.08
CUST00729,9,21736.81,2415.201111111111,4.0,195631.29
CUST00730,11,10490.73,953.7027272727273,11.0,34333.29818181818
CUST00731,19,23551.53,1239.5542105263157,6.0,141309.18
CUST00732,14,14507.79,1036.2707142857143,3.0,174093.48
CUST00733,6,7807.87,1301.3116666666667,2.0,140541.66
CUST00734,3,10663.63,3554.5433333333335,0.0,10663.63
CUST00735,10,15074.68,1507.468,11.0,49335.31636363636
CUST00736,14,17826.25,1273.3035714285713,5.0,128349.0
CUST00737,7,7618.45,1088.35,7.0,39180.6
CUST00738,14,10357.55,739.825,6.0,62145.3
CUST00739,13,13184.77,1014.2130769230769,6.0,79108.62
CUST00740,13,24467.58,1882.1215384615384,6.0,146805.48
CUST00741,10,8161.59,816.159,4.0,73454.31
CUST00742,5,6818.91,1363.782,9.0,27275.64
CUST00743,5,7197.48,1439.496,11.0,23555.38909090909
CUST00744,10,12595.19,1259.519,4.0,113356.71
CUST00745,6,14012.94,2335.49,11.0,45860.53090909091
CUST00746,10,7759.62,775.962,8.0,34918.29
CUST00747,11,11145.77,1013.2518181818182,8.0,50155.965
CUST00748,12,15944.56,1328.7133333333334,8.0,71750.52
CUST00749,14,10564.97,754.6407142857142,7.0,54334.131428571425
CUST00750,12,12653.0,1054.4166666666667,10.0,45550.8
CUST00751,10,19987.39,1998.739,8.0,89943.255
CUST00752,5,9671.92,1934.384,6.0,58031.52
CUST00753,11,8998.13,818.0118181818182,4.0,80983.17
CUST00754,7,9192.72,1313.2457142857143,4.0,82734.48
CUST00755,10,13874.29,1387.429,6.0,83245.74
CUST00756,4,2483.31,620.8275,8.0,11174.895
CUST00757,13,22466.67,1728.2053846153847,7.0,115542.87428571428
CUST00758,9,14402.65,1600.2944444444445,10.0,51849.54
CUST00759,6,4275.14,712.5233333333333,7.0,21986.434285714287
CUST00760,8,13520.77,1690.09625,7.0,69535.38857142857
CUST00761,14,13344.88,953.2057142857143,8.0,60051.96
CUST00762,12,14149.42,1179.1183333333333,8.0,63672.39
CUST00763,4,7984.66,1996.165,2.0,143723.88
CUST00764,18,22591.5,1255.0833333333333,1.0,813294.0
CUST00765,13,16731.89,1287.0684615384616,4.0,150587.01
CUST00766,9,13514.3,1501.588888888889,11.0,44228.61818181818
CUST00767,13,18423.98,1417.2292307692308,10.0,66326.328
CUST00768,8,16273.69,2034.21125,7.0,83693.26285714285
CUST00769,11,14218.74,1292.6127272727272,1.0,511874.64
CUST00770,6,3926.22,654.37,8.0,17667.99
CUST00771,11,17804.9,1618.6272727272728,10.0,64097.64
CUST00772,4,4092.41,1023.1025,2.0,73663.38
CUST00773,16,29891.18,1868.19875,2.0,538041.24
CUST00774,9,5201.94,577.9933333333333,4.0,46817.46
CUST00775,11,18553.82,1686.7109090909091,9.0,74215.28
CUST00776,14,18679.72,1334.2657142857142,4.0,168117.48
CUST00777,12,18538.62,1544.885,8.0,83423.79
CUST00778,7,11983.36,1711.9085714285713,8.0,53925.12
CUST00779,9,12726.75,1414.0833333333333,3.0,152721.0
CUST00780,10,8041.28,804.128,5.0,57897.216
CUST00781,14,10825.87,773.2764285714286,7.0,55675.90285714286
CUST00782,11,17741.85,1612.8954545454546,5.0,127741.32
CUST00783,14,17022.55,1215.8964285714285,0.0,17022.55
CUST00784,7,11383.0,1626.142857142857,11.0,37253.454545454544
CUST00785,8,6606.58,825.8225,8.0,29729.61
CUST00786,17,21880.11,1287.065294117647,11.0,71607.63272727272
CUST00787,10,10571.15,1057.115,10.0,38056.14
CUST00788,9,11904.39,1322.71,9.0,47617.56
CUST00789,14,13622.03,973.0021428571429,7.0,70056.15428571429
CUST00790,8,12240.38,1530.0475,8.0,55081.71
CUST00791,11,16275.25,1479.5681818181818,8.0,73238.625
CUST00792,9,8159.63,906.6255555555556,11.0,26704.243636363637
CUST00793,15,22409.38,1493.9586666666667,1.0,806737.68
CUST00794,12,13666.89,1138.9075,0.0,13666.89
CUST00795,8,5154.58,644.3225,2.0,92782.44
CUST00796,7,7240.66,1034.38,1.0,260663.76
CUST00797,10,17166.48,1716.648,1.0,617993.28
CUST00798,13,17682.59,1360.1992307692308,0.0,17682.59
CUST00799,14,21175.54,1512.5385714285715,2.0,381159.72
CUST00800,12,19232.37,1602.6975,8.0,86545.665
CUST00801,9,13591.33,1510.1477777777777,3.0,163095.96
CUST00802,7,10112.47,1444.6385714285714,7.0,52006.98857142857
CUST00803,8,11998.96,1499.87,2.0,215981.28
CUST00804,15,25152.62,1676.8413333333333,11.0,82317.66545454545
CUST00805,4,4006.91,1001.7275,8.0,18031.095
CUST00806,12,11397.66,949.805,7.0,58616.537142857145
CUST00807,4,5149.52,1287.38,7.0,26483.245714285713
CUST00808,13,23918.24,1839.8646153846155,10.0,86105.664
CUST00809,11,16711.66,1519.2418181818182,9.0,66846.64
CUST00810,12,17874.51,1489.5425,9.0,71498.04
CUST00811,8,14460.56,1807.57,2.0,260290.08
CUST00812,7,9803.57,1400.51,0.0,9803.57
CUST00813,10,17631.43,1763.143,2.0,317365.74
CUST00814,15,20417.69,1361.1793333333333,2.0,367518.42
CUST00815,7,11623.29,1660.47,1.0,418438.44
CUST00816,8,8145.13,1018.14125,6.0,48870.78
CUST00817,15,20798.55,1386.57,0.0,20798.55
CUST00818,14,15621.93,1115.8521428571428,1.0,562389.48
CUST00819,10,16413.35,1641.335,8.0,73860.075
CUST00820,8,11330.45,1416.30625,2.0,203948.1
CUST00821,10,19346.04,1934.604,1.0,696457.44
CUST00822,13,20311.07,1562.39,3.0,243732.84
CUST00823,13,17297.9,1330.6076923076923,3.0,207574.8
CUST00824,6,9559.88,1593.3133333333333,3.0,114718.56
CUST00825,8,13481.58,1685.1975,11.0,44121.534545454546
CUST00826,14,16084.17,1148.8692857142858,2.0,289515.06
CUST00827,10,19373.64,1937.364,1.0,697451.04
CUST00828,9,9147.13,1016.3477777777778,6.0,54882.78
CUST00829,12,15785.75,1315.4791666666667,11.0,51662.454545454544
CUST00830,14,24565.59,1754.685,2.0,442180.62
CUST00831,13,15496.3,1192.0230769230768,10.0,55786.68
CUST00832,17,22787.41,1340.4358823529412,3.0,273448.92
CUST00833,11,15521.03,1411.0027272727273,4.0,139689.27
CUST00834,3,1919.22,639.74,3.0,23030.64
CUST00835,12,23095.73,1924.6441666666667,2.0,415723.14
CUST00836,10,11887.74,1188.774,3.0,142652.88
CUST00837,12,13053.99,1087.8325,0.0,13053.99
CUST00838,11,11512.81,1046.6190909090908,3.0,138153.72
CUST00839,12,16407.49,1367.2908333333332,11.0,53697.24
CUST00840,12,22775.39,1897.9491666666668,5.0,163982.808
CUST00841,14,20585.24,1470.3742857142856,10.0,74106.864
CUST00842,8,11832.73,1479.09125,9.0,47330.92
CUST00843,9,12661.36,1406.8177777777778,3.0,151936.32
CUST00844,14,16917.06,1208.3614285714286,10.0,60901.416
CUST00845,9,8792.7,976.9666666666667,5.0,63307.44
CUST00846,15,20593.3,1372.8866666666668,10.0,74135.88
CUST00847,12,8785.44,732.12,7.0,45182.26285714286
CUST00848,12,14702.56,1225.2133333333334,4.0,132323.04
CUST00849,12,20504.01,1708.6675,5.0,147628.872
CUST00850,11,14885.11,1353.1918181818182,9.0,59540.44
CUST00851,10,9480.11,948.011,0.0,9480.11
CUST00852,5,7250.29,1450.058,4.0,65252.61
CUST00853,6,6544.96,1090.8266666666666,10.0,23561.856
CUST00854,12,17387.14,1448.9283333333333,6.0,104322.84
CUST00855,7,14230.09,2032.87,6.0,85380.54
CUST00856,9,15167.09,1685.2322222222222,0.0,15167.09
CUST00857,15,18478.66,1231.9106666666667,8.0,83153.97
CUST00858,11,20024.27,1820.388181818182,2.0,360436.86
CUST00859,7,6916.11,988.0157142857142,10.0,24897.996
CUST00860,9,12214.83,1357.2033333333334,3.0,146577.96
CUST00861,9,10258.05,1139.7833333333333,4.0,92322.45
CUST00862,10,12428.36,1242.836,9.0,49713.44
CUST00863,7,10038.32,1434.0457142857142,8.0,45172.44
CUST00864,8,14044.45,1755.55625,7.0,72228.6
CUST00865,4,3888.17,972.0425,11.0,12724.92
CUST00866,5,2911.02,582.204,10.0,10479.672
CUST00867,6,4106.65,684.4416666666667,4.0,36959.85
CUST00868,7,6942.03,991.7185714285714,7.0,35701.868571428575
CUST00869,13,13910.89,1070.0684615384616,0.0,13910.89
CUST00870,12,16684.87,1390.4058333333332,0.0,16684.87
CUST00871,10,8980.82,898.082,2.0,161654.76
CUST00872,16,27235.57,1702.223125,10.0,98048.052
CUST00873,16,22405.61,1400.350625,4.0,201650.49
CUST00874,12,16741.03,1395.0858333333333,3.0,200892.36
CUST00875,10,12586.99,1258.699,7.0,64733.09142857143
CUST00876,10,15261.79,1526.179,8.0,68678.055
CUST00877,7,10106.63,1443.8042857142857,0.0,10106.63
CUST00878,10,12595.44,1259.544,3.0,151145.28
CUST00879,13,16082.85,1237.1423076923077,9.0,64331.4
CUST00880,12,17092.11,1424.3425,10.0,61531.596
CUST00881,8,9344.58,1168.0725,1.0,336404.88
CUST00882,2,1452.49,726.245,1.0,52289.64
CUST00883,15,21809.53,1453.9686666666666,4.0,196285.77
CUST00884,10,16846.44,1684.644,6.0,101078.64
CUST00885,6,6036.45,1006.075,6.0,36218.7
CUST00886,7,13497.86,1928.2657142857142,1.0,485922.96
CUST00887,12,13839.68,1153.3066666666666,3.0,166076.16
CUST00888,10,12748.32,1274.832,8.0,57367.44
CUST00889,7,10687.87,1526.8385714285714,1.0,384763.32
CUST00890,12,20809.43,1734.1191666666666,10.0,74913.948
CUST00891,10,11018.76,1101.876,3.0,132225.12
CUST00892,10,12345.09,1234.509,5.0,88884.648
CUST00893,7,10796.93,1542.4185714285713,10.0,38868.948
CUST00894,9,12121.19,1346.798888888889,10.0,43636.284
CUST00895,11,11331.05,1030.0954545454545,1.0,407917.8
CUST00896,17,32734.02,1925.530588235294,11.0,107129.52
CUST00897,13,7692.55,591.7346153846154,1.0,276931.8
CUST00898,14,20113.73,1436.695,0.0,20113.73
CUST00899,11,13269.12,1206.2836363636363,6.0,79614.72
CUST00900,9,9028.43,1003.1588888888889,6.0,54170.58
CUST00901,10,9203.92,920.392,0.0,9203.92
CUST00902,10,14937.25,1493.725,5.0,107548.2
CUST00903,6,4801.03,800.1716666666666,5.0,34567.416
CUST00904,7,4741.75,677.3928571428571,10.0,17070.3
CUST00905,6,9693.97,1615.6616666666666,1.0,348982.92
CUST00906,5,12809.41,2561.882,1.0,461138.76
CUST00907,10,15641.08,1564.108,3.0,187692.96
CUST00908,9,15746.65,1749.6277777777777,10.0,56687.94
CUST00909,10,9617.72,961.772,0.0,9617.72
CUST00910,13,17752.81,1365.6007692307692,4.0,159775.29
CUST00911,9,8960.18,995.5755555555555,1.0,322566.48
CUST00912,8,12360.85,1545.10625,5.0,88998.12
CUST00913,8,9587.8,1198.475,10.0,34516.08
CUST00914,6,12739.7,2123.2833333333333,7.0,65518.45714285714
CUST00915,14,19575.17,1398.2264285714286,3.0,234902.04
CUST00916,11,12809.87,1164.5336363636363,5.0,92231.064
CUST00917,13,16298.14,1253.7030769230769,8.0,73341.63
CUST00918,12,14352.94,1196.0783333333334,11.0,46973.25818181818
CUST00919,9,10210.73,1134.5255555555555,1.0,367586.28
CUST00920,10,18784.11,1878.411,5.0,135245.592
CUST00921,11,15821.29,1438.2990909090909,5.0,113913.288
CUST00922,6,8883.49,1480.5816666666667,9.0,35533.96
CUST00923,9,12735.05,1415.0055555555555,3.0,152820.6
CUST00924,7,14813.5,2116.214285714286,0.0,14813.5
CUST00925,6,17837.32,2972.8866666666668,11.0,58376.68363636364
CUST00926,10,25184.65,2518.465,9.0,100738.6
CUST00927,6,12590.24,2098.3733333333334,1.0,453248.64
CUST00928,11,14029.49,1275.408181818182,4.0,126265.41
CUST00929,13,16580.68,1275.436923076923,7.0,85272.06857142856
CUST00930,10,13706.88,1370.688,1.0,493447.68
CUST00931,11,12694.93,1154.0845454545454,8.0,57127.185
CUST00932,15,18450.43,1230.0286666666666,5.0,132843.096
CUST00933,10,15664.1,1566.41,1.0,563907.6
CUST00934,11,21597.82,1963.4381818181819,9.0,86391.28
CUST00935,14,15968.1,1140.5785714285714,11.0,52259.236363636366
CUST00936,14,20677.64,1476.9742857142858,8.0,93049.38
CUST00937,9,11228.99,1247.6655555555556,9.0,44915.96
CUST00938,11,13157.52,1196.138181818182,0.0,13157.52
CUST00939,15,18978.07,1265.2046666666668,10.0,68321.052
CUST00940,10,14933.38,1493.338,10.0,53760.168
CUST00941,4,6683.82,1670.955,1.0,240617.52
CUST00942,4,13167.49,3291.8725,11.0,43093.60363636364
CUST00943,12,13241.48,1103.4566666666667,11.0,43335.752727272724
CUST00944,7,6600.23,942.89,1.0,237608.28
CUST00945,16,15032.29,939.518125,4.0,135290.61
CUST00946,9,8645.54,960.6155555555556,1.0,311239.44
CUST00947,8,8256.07,1032.00875,3.0,99072.84
CUST00948,9,12075.14,1341.6822222222222,0.0,12075.14
CUST00949,14,18834.96,1345.3542857142857,1.0,678058.56
CUST00950,10,15653.07,1565.307,0.0,15653.07
CUST00951,7,9836.71,1405.2442857142858,3.0,118040.52
CUST00952,6,3998.9,666.4833333333333,6.0,23993.4
CUST00953,12,11261.81,938.4841666666666,2.0,202712.58
CUST00954,7,9063.8,1294.8285714285714,2.0,163148.4
CUST00955,11,11978.38,1088.9436363636364,4.0,107805.42
CUST00956,7,10011.49,1430.212857142857,10.0,36041.364
CUST00957,8,17199.29,2149.91125,0.0,17199.29
CUST00958,6,8514.68,1419.1133333333332,3.0,102176.16
CUST00959,7,8379.81,1197.1157142857144,11.0,27424.832727272726
CUST00960,12,23218.08,1934.84,4.0,208962.72
CUST00961,11,7953.24,723.0218181818182,0.0,7953.24
CUST00962,13,19605.5,1508.1153846153845,11.0,64163.454545454544
CUST00963,13,17608.3,1354.4846153846154,11.0,57627.163636363635
CUST00964,19,26389.15,1388.9026315789474,8.0,118751.175
CUST00965,8,12006.49,1500.81125,7.0,61747.66285714286
CUST00966,11,10438.99,948.9990909090909,5.0,75160.728
CUST00967,6,5826.62,971.1033333333334,9.0,23306.48
CUST00968,6,7567.32,1261.22,6.0,45403.92
CUST00969,10,12349.47,1234.947,1.0,444580.92
CUST00970,8,17206.93,2150.86625,0.0,17206.93
CUST00971,5,2164.76,432.952,2.0,38965.68
CUST00972,9,11749.53,1305.5033333333333,9.0,46998.12
CUST00973,9,6244.97,693.8855555555556,1.0,224818.92
CUST00974,10,15476.1,1547.61,6.0,92856.6
CUST00975,11,14090.77,1280.979090909091,3.0,169089.24
CUST00976,5,3651.22,730.244,10.0,13144.392
CUST00977,6,6890.97,1148.495,2.0,124037.46
CUST00978,16,15116.4,944.775,5.0,108838.08
CUST00979,13,8868.67,682.2053846153846,9.0,35474.68
CUST00980,9,12778.47,1419.83,11.0,41820.44727272727
CUST00981,13,19571.17,1505.4746153846154,11.0,64051.10181818182
CUST00982,7,5110.65,730.0928571428572,9.0,20442.6
CUST00983,14,13973.09,998.0778571428572,11.0,45730.112727272724
CUST00984,7,7396.32,1056.6171428571429,5.0,53253.504
CUST00985,7,7916.04,1130.8628571428571,0.0,7916.04
CUST00986,8,12025.45,1503.18125,10.0,43291.62
CUST00987,9,10377.07,1153.0077777777778,0.0,10377.07
CUST00988,11,20154.34,1832.2127272727273,2.0,362778.12
CUST00989,10,6285.2,628.52,10.0,22626.72
CUST00990,9,12747.56,1416.3955555555556,4.0,114728.04
CUST00991,7,12799.87,1828.5528571428572,9.0,51199.48
CUST00992,13,18065.27,1389.6361538461538,0.0,18065.27
CUST00993,15,24575.96,1638.3973333333333,7.0,126390.65142857142
CUST00994,7,12428.28,1775.4685714285715,11.0,40674.37090909091
CUST00995,10,14310.98,1431.098,6.0,85865.88
CUST00996,10,17893.68,1789.368,11.0,58561.134545454544
CUST00997,8,13189.38,1648.6725,7.0,67831.09714285714
CUST00998,14,15692.62,1120.9014285714286,11.0,51357.66545454545
CUST00999,8,8767.89,1095.98625,10.0,31564.404
CUST01000,11,12580.4,1143.6727272727273,6.0,75482.4
CUST01001,19,40891.35,2152.176315789474,1.0,1472088.6
CUST01002,6,11078.46,1846.41,5.0,79764.912
CUST01003,9,14528.55,1614.2833333333333,10.0,52302.78
CUST01004,15,20847.43,1389.8286666666668,5.0,150101.496
CUST01005,10,10498.29,1049.829,4.0,94484.61
CUST01006,7,15032.7,2147.5285714285715,1.0,541177.2
CUST01007,12,10536.4,878.0333333333333,2.0,189655.2
CUST01008,10,17982.13,1798.213,2.0,323678.34
CUST01009,15,23796.47,1586.4313333333334,6.0,142778.82
CUST01010,12,15138.63,1261.5525,6.0,90831.78
CUST01011,6,8801.23,1466.8716666666667,4.0,79211.07
CUST01012,11,15622.99,1420.2718181818182,3.0,187475.88
CUST01013,12,18984.67,1582.0558333333333,9.0,75938.68
CUST01014,6,9922.64,1653.7733333333333,7.0,51030.72
CUST01015,13,15213.04,1170.2338461538461,5.0,109533.888
CUST01016,10,14526.9,1452.69,10.0,52296.84
CUST01017,7,13895.78,1985.1114285714286,3.0,166749.36
CUST01018,12,9824.25,818.6875,6.0,58945.5
CUST01019,14,21431.59,1530.827857142857,0.0,21431.59
CUST01020,7,13717.22,1959.6028571428571,9.0,54868.88
CUST01021,10,14727.37,1472.737,8.0,66273.165
CUST01022,13,19774.33,1521.1023076923077,9.0,79097.32
CUST01023,9,12552.52,1394.7244444444445,4.0,112972.68
CUST01024,10,9155.01,915.501,9.0,36620.04
CUST01025,15,18184.39,1212.2926666666667,11.0,59512.54909090909
CUST01026,11,8040.32,730.9381818181819,3.0,96483.84
CUST01027,8,7949.89,993.73625,1.0,286196.04
CUST01028,7,12003.55,1714.7928571428572,8.0,54015.975
CUST01029,12,26199.87,2183.3225,6.0,157199.22
CUST01030,7,12630.88,1804.4114285714286,5.0,90942.336
CUST01031,10,12892.37,1289.237,10.0,46412.532
CUST01032,8,9063.29,1132.91125,11.0,29661.676363636365
CUST01033,11,17860.8,1623.709090909091,11.0,58453.527272727275
CUST01034,9,12863.92,1429.3244444444445,10.0,46310.112
CUST01035,7,9028.12,1289.7314285714285,5.0,65002.464
CUST01036,7,8518.43,1216.9185714285713,5.0,61332.696
CUST01037,7,6231.82,890.26,8.0,28043.19
CUST01038,6,7799.91,1299.985,11.0,25526.97818181818
CUST01039,11,24778.75,2252.6136363636365,0.0,24778.75
CUST01040,11,13720.07,1247.2790909090909,0.0,13720.07
CUST01041,11,22969.88,2088.170909090909,7.0,118130.81142857143
CUST01042,10,17578.5,1757.85,11.0,57529.63636363636
CUST01043,11,13632.06,1239.2781818181818,11.0,44614.01454545455
CUST01044,7,8202.34,1171.7628571428572,3.0,98428.08
CUST01045,16,16729.8,1045.6125,9.0,66919.2
CUST01046,9,4884.84,542.76,6.0,29309.04
CUST01047,12,16983.76,1415.3133333333333,3.0,203805.12
CUST01048,4,6894.96,1723.74,5.0,49643.712
CUST01049,13,14315.16,1101.1661538461537,9.0,57260.64
CUST01050,9,14570.7,1618.9666666666667,11.0,47685.92727272727
CUST01051,10,22337.91,2233.791,0.0,22337.91
CUST01052,5,3345.1,669.02,2.0,60211.8
CUST01053,9,6986.35,776.2611111111111,1.0,251508.6
CUST01054,8,15176.36,1897.045,0.0,15176.36
CUST01055,14,10708.64,764.9028571428571,0.0,10708.64
CUST01056,11,17946.57,1631.5063636363636,3.0,215358.84
CUST01057,11,9546.08,867.8254545454546,11.0,31241.716363636362
CUST01058,14,24122.01,1723.0007142857144,2.0,434196.18
CUST01059,5,9722.45,1944.49,6.0,58334.7
CUST01060,10,15611.57,1561.157,0.0,15611.57
CUST01061,7,14226.42,2032.3457142857144,0.0,14226.42
CUST01062,10,15584.98,1558.498,0.0,15584.98
CUST01063,7,12565.85,1795.1214285714286,9.0,50263.4
CUST01064,14,22333.95,1595.2821428571428,11.0,73092.92727272728
CUST01065,12,11713.19,976.0991666666666,5.0,84334.968
CUST01066,10,16828.62,1682.862,8.0,75728.79
CUST01067,12,10857.04,904.7533333333333,11.0,35532.13090909091
CUST01068,6,5610.33,935.055,7.0,28853.125714285714
CUST01069,13,26598.92,2046.0707692307692,2.0,478780.56
CUST01070,10,12465.41,1246.541,1.0,448754.76
CUST01071,7,8910.37,1272.91,10.0,32077.332
CUST01072,10,10981.04,1098.104,0.0,10981.04
CUST01073,7,9966.82,1423.8314285714287,6.0,59800.92
CUST01074,12,13692.94,1141.0783333333334,6.0,82157.64
CUST01075,16,22696.51,1418.531875,6.0,136179.06
CUST01076,7,9352.38,1336.0542857142857,2.0,168342.84
CUST01077,13,18383.46,1414.1123076923077,1.0,661804.56
CUST01078,10,16307.14,1630.714,7.0,83865.29142857142
CUST01079,13,13239.81,1018.4469230769231,7.0,68090.45142857142
CUST01080,9,6821.28,757.92,2.0,122783.04
CUST01081,2,2556.62,1278.31,7.0,13148.331428571428
CUST01082,6,2923.0,487.1666666666667,9.0,11692.0
CUST01083,4,7974.6,1993.65,9.0,31898.4
CUST01084,12,20693.6,1724.4666666666667,11.0,67724.5090909091
CUST01085,9,9221.6,1024.6222222222223,9.0,36886.4
CUST01086,12,16184.2,1348.6833333333334,11.0,52966.472727272725
CUST01087,7,6772.84,967.5485714285714,8.0,30477.78
CUST01088,10,13522.55,1352.255,10.0,48681.18
CUST01089,8,10901.38,1362.6725,4.0,98112.42
CUST01090,5,5387.12,1077.424,0.0,5387.12
CUST01091,9,8647.77,960.8633333333333,10.0,31131.972
CUST01092,13,21722.31,1670.946923076923,11.0,71091.19636363637
CUST01093,10,16288.28,1628.828,8.0,73297.26
CUST01094,16,16342.6,1021.4125,9.0,65370.4
CUST01095,14,9307.25,664.8035714285714,1.0,335061.0
CUST01096,13,17510.88,1346.9907692307693,3.0,210130.56
CUST01097,11,11229.63,1020.8754545454545,6.0,67377.78
CUST01098,7,7007.61,1001.0871428571429,7.0,36039.137142857144
CUST01099,12,27181.74,2265.145,10.0,97854.264
CUST01100,5,6062.6,1212.52,7.0,31179.085714285713
CUST01101,14,22353.92,1596.7085714285715,3.0,268247.04
CUST01102,8,11104.74,1388.0925,8.0,49971.33
CUST01103,7,8658.34,1236.9057142857143,0.0,8658.34
CUST01104,10,11977.93,1197.793,0.0,11977.93
CUST01105,7,4945.48,706.4971428571429,1.0,178037.28
CUST01106,6,8812.69,1468.7816666666668,8.0,39657.105
CUST01107,12,13685.21,1140.4341666666667,0.0,13685.21
CUST01108,9,11332.13,1259.1255555555556,7.0,58279.525714285715
CUST01109,11,16479.59,1498.1445454545456,1.0,593265.24
CUST01110,12,23573.9,1964.4916666666666,9.0,94295.6
CUST01111,8,7133.77,891.72125,11.0,23346.883636363636
CUST01112,15,17537.32,1169.1546666666666,4.0,157835.88
CUST01113,11,16634.54,1512.230909090909,1.0,598843.44
CUST01114,11,11948.81,1086.2554545454545,8.0,53769.645
CUST01115,7,6386.5,912.3571428571429,10.0,22991.4
CUST01116,12,19785.11,1648.7591666666667,1.0,712263.96
CUST01117,7,12817.95,1831.1357142857144,6.0,76907.7
CUST01118,14,14051.19,1003.6564285714286,2.0,252921.42
CUST01119,7,3668.54,524.0771428571428,7.0,18866.777142857143
CUST01120,8,18714.61,2339.32625,11.0,61247.814545454545
CUST01121,12,17348.9,1445.7416666666666,1.0,624560.4
CUST01122,8,11474.07,1434.25875,4.0,103266.63
CUST01123,7,8945.9,1277.9857142857143,6.0,53675.4
CUST01124,9,6143.05,682.5611111111111,0.0,6143.05
CUST01125,8,11630.7,1453.8375,6.0,69784.2
CUST01126,9,18732.64,2081.4044444444444,4.0,168593.76
CUST01127,9,15854.97,1761.6633333333334,10.0,57077.892
CUST01128,13,19139.24,1472.2492307692307,4.0,172253.16
CUST01129,12,13446.57,1120.5475,7.0,69153.78857142857
CUST01130,5,3698.66,739.732,1.0,133151.76
CUST01131,7,9250.61,1321.5157142857142,11.0,30274.723636363637
CUST01132,7,6429.22,918.46,1.0,231451.92
CUST01133,10,17277.59,1727.759,11.0,56544.84
CUST01134,11,9973.16,906.6509090909091,3.0,119677.92
CUST01135,7,9229.33,1318.4757142857143,1.0,332255.88
CUST01136,4,5004.16,1251.04,4.0,45037.44
CUST01137,8,14338.0,1792.25,5.0,103233.6
CUST01138,14,19763.71,1411.6935714285714,6.0,118582.26
CUST01139,15,24793.63,1652.9086666666667,1.0,892570.68
CUST01140,12,23813.04,1984.42,1.0,857269.44
CUST01141,7,10714.76,1530.68,4.0,96432.84
CUST01142,15,19846.41,1323.094,11.0,64951.887272727276
CUST01143,13,16093.24,1237.9415384615384,3.0,193118.88
CUST01144,13,25828.58,1986.813846153846,0.0,25828.58
CUST01145,7,6583.02,940.4314285714286,0.0,6583.02
CUST01146,9,17814.45,1979.3833333333334,5.0,128264.04
CUST01147,9,13729.43,1525.4922222222222,5.0,98851.896
CUST01148,10,14301.08,1430.108,0.0,14301.08
CUST01149,6,8190.66,1365.11,6.0,49143.96
CUST01150,14,24496.07,1749.7192857142857,10.0,88185.852
CUST01151,7,12853.12,1836.16,1.0,462712.32
CUST01152,13,10326.62,794.3553846153847,9.0,41306.48
CUST01153,14,21873.2,1562.3714285714286,0.0,21873.2
CUST01154,13,20504.57,1577.2746153846153,4.0,184541.13
CUST01155,11,16683.44,1516.6763636363637,4.0,150150.96
CUST01156,11,17005.12,1545.92,7.0,87454.90285714286
CUST01157,14,17755.66,1268.2614285714285,2.0,319601.88
CUST01158,16,18649.37,1165.585625,0.0,18649.37
CUST01159,13,26314.09,2024.1607692307691,4.0,236826.81
CUST01160,8,13580.55,1697.56875,0.0,13580.55
CUST01161,15,17487.49,1165.8326666666667,9.0,69949.96
CUST01162,11,18210.81,1655.5281818181818,9.0,72843.24
CUST01163,15,27125.28,1808.352,4.0,244127.52
CUST01164,13,24596.03,1892.0023076923078,3.0,295152.36
CUST01165,10,11382.85,1138.285,5.0,81956.52
CUST01166,9,15510.04,1723.3377777777778,6.0,93060.24
CUST01167,10,16863.02,1686.302,2.0,303534.36
CUST01168,16,22943.2,1433.95,1.0,825955.2
CUST01169,9,12222.38,1358.0422222222223,3.0,146668.56
CUST01170,9,11358.25,1262.0277777777778,2.0,204448.5
CUST01171,9,9880.42,1097.8244444444445,0.0,9880.42
CUST01172,7,6640.86,948.6942857142857,9.0,26563.44
CUST01173,11,17332.5,1575.6818181818182,0.0,17332.5
CUST01174,8,12517.33,1564.66625,9.0,50069.32
CUST01175,15,19073.74,1271.5826666666667,9.0,76294.96
CUST01176,13,20799.28,1599.9446153846154,3.0,249591.36
CUST01177,13,16507.58,1269.813846153846,7.0,84896.12571428572
CUST01178,8,7734.59,966.82375,7.0,39777.89142857143
CUST01179,5,6150.51,1230.102,5.0,44283.672
CUST01180,10,13583.45,1358.345,6.0,81500.7
CUST01181,5,6816.61,1363.322,2.0,122698.98
CUST01182,8,9397.17,1174.64625,4.0,84574.53
CUST01183,12,18494.97,1541.2475,9.0,73979.88
CUST01184,8,16654.25,2081.78125,11.0,54504.818181818184
CUST01185,8,7691.65,961.45625,6.0,46149.9
CUST01186,13,16608.97,1277.613076923077,5.0,119584.584
CUST01187,6,6297.8,1049.6333333333334,3.0,75573.6
CUST01188,6,6667.09,1111.1816666666666,10.0,24001.524
CUST01189,9,11705.76,1300.64,4.0,105351.84
CUST01190,14,13933.56,995.2542857142857,11.0,45600.74181818182
CUST01191,15,11297.86,753.1906666666666,9.0,45191.44
CUST01192,9,9063.99,1007.11,3.0,108767.88
CUST01193,11,8729.28,793.5709090909091,5.0,62850.816
CUST01194,9,12954.81,1439.4233333333334,0.0,12954.81
CUST01195,12,20338.47,1694.8725,9.0,81353.88
CUST01196,10,15292.38,1529.238,8.0,68815.71
CUST01197,7,10491.36,1498.7657142857142,9.0,41965.44
CUST01198,13,19100.6,1469.2769230769231,2.0,343810.8
CUST01199,8,8170.53,1021.31625,9.0,32682.12
CUST01200,14,19082.22,1363.0157142857142,5.0,137391.984
CUST01201,5,4284.4,856.88,2.0,77119.2
CUST01202,10,7054.56,705.456,9.0,28218.24
CUST01203,9,9454.83,1050.5366666666666,10.0,34037.388
CUST01204,11,14006.39,1273.3081818181818,0.0,14006.39
CUST01205,9,15975.85,1775.0944444444444,5.0,115026.12
CUST01206,12,15201.6,1266.8,2.0,273628.8
CUST01207,16,26476.11,1654.756875,9.0,105904.44
CUST01208,16,24033.98,1502.12375,2.0,432611.64
CUST01209,14,24302.65,1735.9035714285715,4.0,218723.85
CUST01210,3,4668.26,1556.0866666666666,6.0,28009.56
CUST01211,15,17982.16,1198.8106666666667,11.0,58850.70545454545
CUST01212,10,10770.66,1077.066,2.0,193871.88
CUST01213,7,12086.76,1726.68,10.0,43512.336
CUST01214,8,8383.17,1047.89625,10.0,30179.412
CUST01215,13,18189.25,1399.173076923077,9.0,72757.0
CUST01216,11,19647.06,1786.0963636363635,5.0,141458.832
CUST01217,11,16725.57,1520.5063636363636,7.0,86017.21714285715
CUST01218,14,17285.55,1234.682142857143,8.0,77784.975
CUST01219,10,14645.45,1464.545,9.0,58581.8
CUST01220,9,21658.76,2406.528888888889,5.0,155943.072
CUST01221,9,7049.37,783.2633333333333,5.0,50755.464
CUST01222,4,4649.05,1162.2625,7.0,23909.4
CUST01223,11,16330.14,1484.5581818181818,11.0,53444.09454545454
CUST01224,13,16175.4,1244.2615384615385,8.0,72789.3
CUST01225,13,17213.41,1324.1084615384616,11.0,56334.796363636364
CUST01226,8,13075.44,1634.43,1.0,470715.84
CUST01227,11,14159.36,1287.2145454545455,5.0,101947.392
CUST01228,6,10716.4,1786.0666666666666,2.0,192895.2
CUST01229,1,157.87,157.87,0.0,157.87
CUST01230,20,25866.26,1293.313,7.0,133026.48
CUST01231,8,8109.54,1013.6925,6.0,48657.24
CUST01232,15,27679.2,1845.28,10.0,99645.12
CUST01233,11,18043.38,1640.3072727272727,6.0,108260.28
CUST01234,11,20573.7,1870.3363636363636,11.0,67332.10909090909
CUST01235,11,24800.68,2254.6072727272726,0.0,24800.68
CUST01236,5,6502.59,1300.518,5.0,46818.648
CUST01237,13,25048.77,1926.8284615384616,4.0,225438.93
CUST01238,8,14901.78,1862.7225,3.0,178821.36
CUST01239,11,21727.04,1975.1854545454546,2.0,391086.72
CUST01240,14,14102.13,1007.295,4.0,126919.17
CUST01241,11,14029.44,1275.4036363636365,2.0,252529.92
CUST01242,9,11588.22,1287.58,10.0,41717.592
CUST01243,9,11347.87,1260.8744444444444,2.0,204261.66
CUST01244,11,15718.34,1428.94,8.0,70732.53
CUST01245,6,5897.23,982.8716666666667,4.0,53075.07
CUST01246,9,10704.84,1189.4266666666667,6.0,64229.04
CUST01247,13,18419.03,1416.8484615384616,2.0,331542.54
CUST01248,8,7972.24,996.53,10.0,28700.064
CUST01249,8,11166.05,1395.75625,7.0,57425.4
CUST01250,9,5885.26,653.9177777777778,8.0,26483.67
CUST01251,9,9380.18,1042.2422222222222,1.0,337686.48
CUST01252,9,13681.53,1520.17,11.0,44775.91636363637
CUST01253,7,13484.54,1926.3628571428571,8.0,60680.43
CUST01254,10,12688.3,1268.83,3.0,152259.6
CUST01255,10,10535.77,1053.577,7.0,54183.96
CUST01256,11,23420.7,2129.1545454545453,10.0,84314.52
CUST01257,10,13387.5,1338.75,5.0,96390.0
CUST01258,14,13361.11,954.365,1.0,480999.96
CUST01259,10,13088.19,1308.819,7.0,67310.69142857143
CUST01260,9,7313.53,812.6144444444444,0.0,7313.53
CUST01261,12,13165.19,1097.0991666666666,3.0,157982.28
CUST01262,13,12500.11,961.5469230769231,2.0,225001.98
CUST01263,10,14507.07,1450.707,0.0,14507.07
CUST01264,4,7085.01,1771.2525,9.0,28340.04
CUST01265,12,7274.15,606.1791666666667,8.0,32733.675
CUST01266,8,9760.86,1220.1075,7.0,50198.70857142857
CUST01267,16,24807.98,1550.49875,6.0,148847.88
CUST01268,16,22074.92,1379.6825,10.0,79469.712
CUST01269,5,7128.11,1425.622,5.0,51322.392
CUST01270,12,18135.6,1511.3,1.0,652881.6
CUST01271,10,13310.05,1331.005,4.0,119790.45
CUST01272,7,10871.46,1553.0657142857142,11.0,35579.32363636364
CUST01273,10,18056.97,1805.697,4.0,162512.73
CUST01274,7,10147.61,1449.6585714285713,10.0,36531.396
CUST01275,9,14154.85,1572.7611111111112,5.0,101914.92
CUST01276,11,14459.23,1314.4754545454546,6.0,86755.38
CUST01277,13,13718.17,1055.243846153846,1.0,493854.12
CUST01278,4,5265.17,1316.2925,8.0,23693.265
CUST01279,11,10327.08,938.8254545454546,9.0,41308.32
CUST01280,9,10998.14,1222.0155555555555,11.0,35993.91272727273
CUST01281,13,15692.71,1207.1315384615384,3.0,188312.52
CUST01282,15,15991.99,1066.1326666666666,3.0,191903.88
CUST01283,8,11538.08,1442.26,11.0,37760.98909090909
CUST01284,7,13902.83,1986.1185714285714,9.0,55611.32
CUST01285,8,10083.13,1260.39125,4.0,90748.17
CUST01286,14,19312.75,1379.482142857143,4.0,173814.75
CUST01287,6,8115.34,1352.5566666666666,0.0,8115.34
CUST01288,10,14796.12,1479.612,10.0,53266.032
CUST01289,7,8952.4,1278.9142857142858,0.0,8952.4
CUST01290,7,13283.52,1897.6457142857143,8.0,59775.84
CUST01291,7,14980.06,2140.0085714285715,6.0,89880.36
CUST01292,11,13023.36,1183.9418181818182,1.0,468840.96
CUST01293,8,8652.14,1081.5175,10.0,31147.704
CUST01294,7,10417.98,1488.2828571428572,4.0,93761.82
CUST01295,11,11122.38,1011.1254545454545,10.0,40040.568
CUST01296,8,4923.03,615.37875,9.0,19692.12
CUST01297,11,12621.06,1147.3690909090908,5.0,90871.632
CUST01298,9,12494.43,1388.27,8.0,56224.935
CUST01299,8,7713.96,964.245,9.0,30855.84
CUST01300,8,11130.96,1391.37,7.0,57244.93714285714
CUST01301,9,16658.84,1850.9822222222222,3.0,199906.08
CUST01302,12,18514.7,1542.8916666666667,11.0,60593.56363636364
CUST01303,5,3390.94,678.188,5.0,24414.768
CUST01304,10,13688.63,1368.863,3.0,164263.56
CUST01305,12,13527.6,1127.3,11.0,44272.145454545454
CUST01306,5,9938.36,1987.672,3.0,119260.32
CUST01307,9,10194.42,1132.7133333333334,4.0,91749.78
CUST01308,9,8073.29,897.0322222222222,3.0,96879.48
CUST01309,8,10344.64,1293.08,8.0,46550.88
CUST01310,13,13201.29,1015.4838461538461,1.0,475246.44
CUST01311,9,7774.8,863.8666666666667,10.0,27989.28
CUST01312,11,14046.3,1276.9363636363637,4.0,126416.7
CUST01313,12,16855.97,1404.6641666666667,7.0,86687.84571428571
CUST01314,7,6237.41,891.0585714285714,10.0,22454.676
CUST01315,8,11908.67,1488.58375,9.0,47634.68
CUST01316,7,6643.14,949.02,7.0,34164.72
CUST01317,11,21142.12,1922.010909090909,9.0,84568.48
CUST01318,8,10083.89,1260.48625,1.0,363020.04
CUST01319,5,4371.9,874.38,1.0,157388.4
CUST01320,9,15117.86,1679.7622222222221,5.0,108848.592
CUST01321,5,9281.03,1856.206,0.0,9281.03
CUST01322,12,11494.1,957.8416666666667,5.0,82757.52
CUST01323,8,8279.46,1034.9325,9.0,33117.84
CUST01324,9,17901.78,1989.0866666666666,11.0,58587.64363636364
CUST01325,16,19952.04,1247.0025,1.0,718273.44
CUST01326,12,11545.31,962.1091666666666,4.0,103907.79
CUST01327,12,21140.26,1761.6883333333333,7.0,108721.33714285714
CUST01328,14,24273.82,1733.8442857142857,9.0,97095.28
CUST01329,7,13045.88,1863.6971428571428,11.0,42695.60727272727
CUST01330,10,13303.52,1330.352,5.0,95785.344
CUST01331,10,14049.0,1404.9,10.0,50576.4
CUST01332,9,7602.58,844.7311111111111,6.0,45615.48
CUST01333,9,13125.58,1458.3977777777777,9.0,52502.32
CUST01334,12,19391.53,1615.9608333333333,5.0,139619.016
CUST01335,12,11949.0,995.75,0.0,11949.0
CUST01336,7,5929.5,847.0714285714286,1.0,213462.0
CUST01337,8,7824.42,978.0525,7.0,40239.874285714286
CUST01338,11,21784.06,1980.3690909090908,11.0,71293.28727272728
CUST01339,11,10959.86,996.3509090909091,4.0,98638.74
CUST01340,7,7360.73,1051.5328571428572,7.0,37855.182857142856
CUST01341,8,11124.85,1390.60625,9.0,44499.4
CUST01342,7,6805.39,972.1985714285714,9.0,27221.56
CUST01343,11,16309.35,1482.668181818182,1.0,587136.6
CUST01344,9,12046.0,1338.4444444444443,2.0,216828.0
CUST01345,10,14218.96,1421.896,6.0,85313.76
CUST01346,13,18563.68,1427.9753846153847,10.0,66829.248
CUST01347,12,14317.74,1193.145,7.0,73634.09142857142
CUST01348,7,7704.19,1100.5985714285714,1.0,277350.84
CUST01349,8,13727.37,1715.92125,10.0,49418.532
CUST01350,13,18443.76,1418.7507692307693,7.0,94853.62285714285
CUST01351,15,14968.18,997.8786666666666,8.0,67356.81
CUST01352,7,10903.5,1557.642857142857,8.0,49065.75
CUST01353,9,16512.17,1834.6855555555555,2.0,297219.06
CUST01354,11,13435.33,1221.3936363636365,3.0,161223.96
CUST01355,10,12852.78,1285.278,6.0,77116.68
CUST01356,5,9433.02,1886.604,11.0,30871.701818181817
CUST01357,11,15393.86,1399.4418181818182,9.0,61575.44
CUST01358,6,2443.55,407.2583333333333,0.0,2443.55
CUST01359,7,14285.81,2040.83,1.0,514289.16
CUST01360,9,16096.48,1788.4977777777779,2.0,289736.64
CUST01361,5,7848.58,1569.716,10.0,28254.888
CUST01362,7,13324.0,1903.4285714285713,2.0,239832.0
CUST01363,10,8826.81,882.681,2.0,158882.58
CUST01364,10,13484.34,1348.434,6.0,80906.04
CUST01365,10,10880.34,1088.034,10.0,39169.224
CUST01366,11,13242.88,1203.898181818182,11.0,43340.33454545455
CUST01367,7,10882.2,1554.6,4.0,97939.8
CUST01368,10,13448.69,1344.869,8.0,60519.105
CUST01369,14,25960.11,1854.2935714285713,1.0,934563.96
CUST01370,11,12886.78,1171.5254545454545,9.0,51547.12
CUST01371,13,11405.64,877.3569230769231,7.0,58657.577142857146
CUST01372,12,14848.97,1237.4141666666667,4.0,133640.73
CUST01373,13,22197.82,1707.5246153846153,1.0,799121.52
CUST01374,15,25528.07,1701.8713333333333,7.0,131287.21714285715
CUST01375,11,10457.33,950.6663636363636,8.0,47057.985
CUST01376,10,8294.92,829.492,10.0,29861.712
CUST01377,10,9500.01,950.001,5.0,68400.072
CUST01378,12,17175.4,1431.2833333333333,0.0,17175.4
CUST01379,11,17942.17,1631.1063636363635,6.0,107653.02
CUST01380,12,17600.06,1466.6716666666666,0.0,17600.06
CUST01381,10,24272.81,2427.281,7.0,124831.59428571428
CUST01382,3,4143.49,1381.1633333333334,3.0,49721.88
CUST01383,9,11184.92,1242.7688888888888,10.0,40265.712
CUST01384,10,15835.15,1583.515,7.0,81437.91428571429
CUST01385,7,11466.36,1638.0514285714285,1.0,412788.96
CUST01386,14,13604.66,971.7614285714286,7.0,69966.82285714286
CUST01387,7,11841.08,1691.5828571428572,2.0,213139.44
CUST01388,10,17385.43,1738.543,1.0,625875.48
CUST01389,7,10631.82,1518.8314285714287,11.0,34795.04727272727
CUST01390,9,12570.12,1396.68,8.0,56565.54
CUST01391,2,3379.7,1689.85,3.0,40556.4
CUST01392,10,18223.04,1822.304,11.0,59639.04
CUST01393,9,14209.22,1578.8022222222223,2.0,255765.96
CUST01394,10,14256.28,1425.628,11.0,46656.91636363637
CUST01395,8,11287.48,1410.935,1.0,406349.28
CUST01396,12,18827.33,1568.9441666666667,3.0,225927.96
CUST01397,10,12382.68,1238.268,0.0,12382.68
CUST01398,13,23284.55,1791.1192307692309,5.0,167648.76
CUST01399,15,20130.94,1342.0626666666667,4.0,181178.46
CUST01400,7,11040.27,1577.1814285714286,3.0,132483.24
CUST01401,7,7890.2,1127.1714285714286,7.0,40578.171428571426
CUST01402,7,5807.16,829.5942857142857,3.0,69685.92
CUST01403,6,13299.23,2216.5383333333334,9.0,53196.92
CUST01404,12,16768.3,1397.3583333333333,11.0,54878.07272727273
CUST01405,10,14732.01,1473.201,11.0,48213.85090909091
CUST01406,4,3239.75,809.9375,3.0,38877.0
CUST01407,9,11754.56,1306.0622222222223,7.0,60452.02285714286
CUST01408,10,16547.24,1654.724,11.0,54154.60363636364
CUST01409,7,11767.57,1681.0814285714287,9.0,47070.28
CUST01410,5,7078.04,1415.608,4.0,63702.36
CUST01411,15,19898.23,1326.5486666666666,10.0,71633.628
CUST01412,13,21700.85,1669.2961538461539,10.0,78123.06
CUST01413,14,20899.43,1492.8164285714286,10.0,75237.948
CUST01414,13,11614.28,893.4061538461539,5.0,83622.816
CUST01415,9,9184.11,1020.4566666666667,4.0,82656.99
CUST01416,8,6096.46,762.0575,10.0,21947.256
CUST01417,13,20544.58,1580.3523076923077,2.0,369802.44
CUST01418,13,18882.43,1452.4946153846154,11.0,61797.04363636364
CUST01419,9,10848.41,1205.378888888889,11.0,35503.887272727276
CUST01420,10,10275.31,1027.531,2.0,184955.58
CUST01421,7,7110.24,1015.7485714285714,0.0,7110.24
CUST01422,9,9415.8,1046.2,5.0,67793.76
CUST01423,9,11380.37,1264.4855555555555,6.0,68282.22
CUST01424,16,28572.08,1785.755,9.0,114288.32
CUST01425,12,17027.91,1418.9925,4.0,153251.19
CUST01426,10,12880.66,1288.066,1.0,463703.76
CUST01427,13,14869.09,1143.7761538461539,9.0,59476.36
CUST01428,7,9139.43,1305.6328571428571,5.0,65803.896
CUST01429,5,2753.18,550.636,2.0,49557.24
CUST01430,8,12642.66,1580.3325,5.0,91027.152
CUST01431,10,10750.97,1075.097,8.0,48379.365
CUST01432,9,8352.07,928.0077777777777,2.0,150337.26
CUST01433,11,14576.84,1325.1672727272728,5.0,104953.248
CUST01434,16,20261.33,1266.333125,2.0,364703.94
CUST01435,9,8095.81,899.5344444444445,2.0,145724.58
CUST01436,11,14157.88,1287.08,10.0,50968.368
CUST01437,5,4889.66,977.932,1.0,176027.76
CUST01438,13,18160.13,1396.933076923077,11.0,59433.152727272725
CUST01439,9,7672.55,852.5055555555556,7.0,39458.828571428574
CUST01440,9,14042.5,1560.2777777777778,4.0,126382.5
CUST01441,7,6932.67,990.3814285714286,4.0,62394.03
CUST01442,12,17935.92,1494.66,5.0,129138.624
CUST01443,11,15421.35,1401.9409090909091,6.0,92528.1
CUST01444,8,7446.26,930.7825,11.0,24369.578181818182
CUST01445,4,3293.14,823.285,2.0,59276.52
CUST01446,6,3852.24,642.04,9.0,15408.96
CUST01447,13,21724.98,1671.1523076923077,4.0,195524.82
CUST01448,11,20174.5,1834.0454545454545,8.0,90785.25
CUST01449,12,9707.15,808.9291666666667,0.0,9707.15
CUST01450,13,19205.0,1477.3076923076924,5.0,138276.0
CUST01451,11,13852.26,1259.2963636363636,0.0,13852.26
CUST01452,11,15117.83,1374.3481818181817,11.0,49476.534545454546
CUST01453,9,11616.42,1290.7133333333334,9.0,46465.68
CUST01454,7,9712.28,1387.4685714285715,6.0,58273.68
CUST01455,11,13116.99,1192.4536363636364,11.0,42928.33090909091
CUST01456,8,10016.19,1252.02375,7.0,51511.834285714285
CUST01457,14,13910.69,993.6207142857143,10.0,50078.484
CUST01458,11,7370.6,670.0545454545454,1.0,265341.6
CUST01459,17,17764.86,1044.9917647058824,5.0,127906.992
CUST01460,10,16672.62,1667.262,2.0,300107.16
CUST01461,15,18198.99,1213.266,0.0,18198.99
CUST01462,9,19301.63,2144.6255555555554,4.0,173714.67
CUST01464,10,11371.11,1137.111,6.0,68226.66
CUST01465,15,29442.34,1962.8226666666667,10.0,105992.424
CUST01466,12,18165.81,1513.8175,7.0,93424.16571428571
CUST01467,10,9181.52,918.152,5.0,66106.944
CUST01468,17,15425.68,907.3929411764706,9.0,61702.72
CUST01469,9,14823.81,1647.09,11.0,48514.28727272727
CUST01470,8,10460.8,1307.6,0.0,10460.8
CUST01471,16,15042.39,940.149375,7.0,77360.86285714286
CUST01472,10,25573.55,2557.355,4.0,230161.95
CUST01473,11,21061.15,1914.65,5.0,151640.28
CUST01474,12,17731.95,1477.6625,2.0,319175.1
CUST01475,10,21917.72,2191.772,8.0,98629.74
CUST01476,11,19198.2,1745.290909090909,7.0,98733.6
CUST01477,9,5816.45,646.2722222222222,6.0,34898.7
CUST01478,10,14213.48,1421.348,4.0,127921.32
CUST01479,15,18923.55,1261.57,6.0,113541.3
CUST01480,10,16280.53,1628.053,3.0,195366.36
CUST01481,10,13762.17,1376.217,6.0,82573.02
CUST01482,10,9796.11,979.611,0.0,9796.11
CUST01483,12,21563.82,1796.985,11.0,70572.50181818182
CUST01484,9,14825.51,1647.2788888888888,5.0,106743.672
CUST01485,10,13588.18,1358.818,8.0,61146.81
CUST01486,16,24938.6,1558.6625,7.0,128255.65714285715
CUST01487,6,7298.9,1216.4833333333333,6.0,43793.4
CUST01488,9,11440.9,1271.2111111111112,2.0,205936.2
CUST01489,6,9025.75,1504.2916666666667,7.0,46418.142857142855
CUST01490,7,7108.83,1015.5471428571428,6.0,42652.98
CUST01491,5,7357.3,1471.46,8.0,33107.85
CUST01492,11,11533.74,1048.5218181818182,0.0,11533.74
CUST01493,6,5153.21,858.8683333333333,5.0,37103.112
CUST01494,9,12948.39,1438.71,1.0,466142.04
CUST01495,15,23735.03,1582.3353333333334,4.0,213615.27
CUST01496,9,10608.99,1178.7766666666666,10.0,38192.364
CUST01497,16,23531.43,1470.714375,10.0,84713.148
CUST01498,11,8673.56,788.5054545454545,3.0,104082.72
CUST01499,6,8409.9,1401.65,2.0,151378.2
CUST01500,15,19340.58,1289.372,2.0,348130.44
CUST01501,14,13658.85,975.6321428571429,4.0,122929.65
CUST01502,8,13251.85,1656.48125,2.0,238533.3
CUST01503,6,5916.91,986.1516666666666,2.0,106504.38
CUST01504,7,6538.28,934.04,6.0,39229.68
CUST01505,9,8365.72,929.5244444444445,10.0,30116.592
CUST01506,9,17222.91,1913.6566666666668,7.0,88574.96571428572
CUST01507,7,11381.72,1625.96,10.0,40974.192
CUST01508,13,22127.47,1702.113076923077,5.0,159317.784
CUST01509,5,5157.44,1031.488,11.0,16878.894545454546
CUST01510,11,14269.98,1297.270909090909,3.0,171239.76
CUST01511,8,11693.99,1461.74875,2.0,210491.82
CUST01512,10,13712.46,1371.246,10.0,49364.856
CUST01513,10,21084.67,2108.467,0.0,21084.67
CUST01514,2,3465.26,1732.63,2.0,62374.68
CUST01515,11,9473.47,861.2245454545455,3.0,113681.64
CUST01516,10,14070.38,1407.038,11.0,46048.516363636365
CUST01517,7,10151.87,1450.2671428571427,6.0,60911.22
CUST01518,9,9749.02,1083.2244444444445,0.0,9749.02
CUST01519,12,15813.24,1317.77,10.0,56927.664
CUST01520,12,17343.84,1445.32,5.0,124875.648
CUST01521,5,3494.49,698.898,4.0,31450.41
CUST01522,15,20868.19,1391.2126666666666,1.0,751254.84
CUST01523,5,9645.05,1929.01,4.0,86805.45
CUST01524,12,12614.84,1051.2366666666667,0.0,12614.84
CUST01525,9,11880.89,1320.098888888889,8.0,53464.005
CUST01526,13,12338.56,949.12,11.0,40380.74181818182
CUST01527,7,4455.62,636.5171428571429,4.0,40100.58
CUST01528,12,13920.58,1160.0483333333334,1.0,501140.88
CUST01529,12,19781.19,1648.4325,10.0,71212.284
CUST01530,13,18909.31,1454.5623076923077,1.0,680735.16
CUST01531,11,16542.0,1503.8181818181818,9.0,66168.0
CUST01532,12,16945.02,1412.085,5.0,122004.144
CUST01533,10,13943.49,1394.349,10.0,50196.564
CUST01534,11,15910.1,1446.3727272727272,5.0,114552.72
CUST01535,8,12253.51,1531.68875,7.0,63018.05142857143
CUST01536,10,14679.42,1467.942,3.0,176153.04
CUST01537,18,24533.49,1362.9716666666666,3.0,294401.88
CUST01538,10,12840.54,1284.054,10.0,46225.944
CUST01539,11,13886.25,1262.3863636363637,7.0,71415.0
CUST01540,7,4817.86,688.2657142857142,10.0,17344.296
CUST01541,8,11258.56,1407.32,5.0,81061.632
CUST01542,12,20862.17,1738.5141666666666,11.0,68276.19272727273
CUST01543,9,12812.9,1423.6555555555556,7.0,65894.91428571429
CUST01544,7,10552.34,1507.4771428571428,0.0,10552.34
CUST01545,9,13983.76,1553.7511111111112,3.0,167805.12
CUST01546,15,30751.42,2050.094666666667,5.0,221410.224
CUST01547,2,1392.96,696.48,5.0,10029.312
CUST01548,4,4796.87,1199.2175,6.0,28781.22
CUST01549,12,14371.03,1197.5858333333333,0.0,14371.03
CUST01550,9,14641.59,1626.8433333333332,11.0,47917.93090909091
CUST01551,10,11116.26,1111.626,8.0,50023.17
CUST01552,13,15645.36,1203.4892307692307,8.0,70404.12
CUST01553,21,37120.86,1767.66,9.0,148483.44
CUST01554,10,13837.65,1383.765,0.0,13837.65
CUST01555,3,6104.26,2034.7533333333333,6.0,36625.56
CUST01556,10,13122.51,1312.251,6.0,78735.06
CUST01557,14,22426.09,1601.8635714285715,8.0,100917.405
CUST01558,12,16204.06,1350.3383333333334,9.0,64816.24
CUST01559,9,13581.98,1509.108888888889,10.0,48895.128
CUST01560,9,8626.24,958.4711111111111,0.0,8626.24
CUST01561,4,3073.63,768.4075,7.0,15807.24
CUST01562,9,11965.94,1329.548888888889,4.0,107693.46
CUST01563,10,13001.76,1300.176,7.0,66866.19428571429
CUST01564,2,1657.38,828.69,5.0,11933.136
CUST01565,11,17349.51,1577.2281818181818,6.0,104097.06
CUST01566,10,14201.05,1420.105,11.0,46476.163636363635
CUST01567,8,7626.89,953.36125,10.0,27456.804
CUST01568,7,4201.22,600.1742857142857,8.0,18905.49
CUST01569,9,12950.17,1438.9077777777777,6.0,77701.02
CUST01570,15,29738.46,1982.564,4.0,267646.14
CUST01571,6,6959.03,1159.8383333333334,0.0,6959.03
CUST01572,7,7151.94,1021.7057142857143,4.0,64367.46
CUST01573,3,7236.76,2412.2533333333336,1.0,260523.36
CUST01574,15,11957.17,797.1446666666667,4.0,107614.53
CUST01575,17,22423.48,1319.0282352941176,7.0,115320.75428571428
CUST01576,8,9816.73,1227.09125,1.0,353402.28
CUST01577,13,18044.32,1388.0246153846153,10.0,64959.552
CUST01578,13,23732.85,1825.6038461538462,5.0,170876.52
CUST01579,15,24604.95,1640.33,11.0,80525.29090909091
CUST01580,13,13104.0,1008.0,4.0,117936.0
CUST01581,7,8423.64,1203.3771428571429,7.0,43321.577142857146
CUST01582,10,15846.77,1584.677,1.0,570483.72
CUST01583,6,13047.61,2174.6016666666665,6.0,78285.66
CUST01584,9,9075.63,1008.4033333333333,2.0,163361.34
CUST01585,11,13860.32,1260.0290909090909,10.0,49897.152
CUST01586,7,7321.74,1045.962857142857,8.0,32947.83
CUST01587,20,31052.32,1552.616,4.0,279470.88
CUST01588,12,13954.05,1162.8375,6.0,83724.3
CUST01589,11,15117.18,1374.2890909090909,1.0,544218.48
CUST01590,12,12012.09,1001.0075,0.0,12012.09
CUST01591,13,15856.36,1219.72,2.0,285414.48
CUST01592,9,12195.57,1355.0633333333333,2.0,219520.26
CUST01593,13,24773.32,1905.64,6.0,148639.92
CUST01594,13,17374.56,1336.5046153846154,11.0,56862.196363636365
CUST01595,7,7772.07,1110.2957142857142,11.0,25435.865454545456
CUST01596,17,27895.6,1640.9176470588236,3.0,334747.2
CUST01597,10,9072.54,907.254,9.0,36290.16
CUST01598,5,4680.21,936.042,11.0,15317.050909090909
CUST01599,11,11010.84,1000.9854545454546,11.0,36035.476363636364
CUST01600,5,9768.62,1953.724,2.0,175835.16
CUST01601,6,7165.01,1194.1683333333333,0.0,7165.01
CUST01602,8,14785.46,1848.1825,4.0,133069.14
CUST01603,15,19781.88,1318.792,10.0,71214.768
CUST01604,10,12235.82,1223.582,9.0,48943.28
CUST01605,15,21195.81,1413.054,10.0,76304.916
CUST01606,4,4435.66,1108.915,1.0,159683.76
CUST01607,5,8862.82,1772.564,2.0,159530.76
CUST01608,15,26546.93,1769.7953333333332,8.0,119461.185
CUST01609,12,20382.86,1698.5716666666667,2.0,366891.48
CUST01610,6,6931.51,1155.2516666666668,5.0,49906.872
CUST01611,9,12167.69,1351.9655555555555,5.0,87607.368
CUST01612,11,10560.87,960.079090909091,2.0,190095.66
CUST01613,12,9320.44,776.7033333333334,1.0,335535.84
CUST01614,8,7432.74,929.0925,7.0,38225.52
CUST01615,11,11148.29,1013.4809090909091,8.0,50167.305
CUST01616,8,9909.4,1238.675,3.0,118912.8
CUST01617,15,18779.26,1251.9506666666666,6.0,112675.56
CUST01618,10,7244.66,724.466,9.0,28978.64
CUST01619,6,12839.87,2139.9783333333335,3.0,154078.44
CUST01620,3,8499.59,2833.1966666666667,6.0,50997.54
CUST01621,7,9787.6,1398.2285714285715,7.0,50336.22857142857
CUST01622,13,22486.64,1729.7415384615385,6.0,134919.84
CUST01623,9,11833.5,1314.8333333333333,11.0,38727.818181818184
CUST01624,8,18739.58,2342.4475,0.0,18739.58
CUST01625,8,12222.82,1527.8525,1.0,440021.52
CUST01626,17,16845.49,990.9111764705882,1.0,606437.64
CUST01627,12,18430.08,1535.84,6.0,110580.48
CUST01628,6,10255.25,1709.2083333333333,1.0,369189.0
CUST01629,12,10412.84,867.7366666666667,2.0,187431.12
CUST01630,6,8181.22,1363.5366666666666,2.0,147261.96
CUST01631,7,10165.77,1452.2528571428572,10.0,36596.772
CUST01632,13,24660.45,1896.9576923076922,7.0,126825.17142857143
CUST01633,10,11693.57,1169.357,1.0,420968.52
CUST01634,4,5875.9,1468.975,8.0,26441.55
CUST01635,6,5575.86,929.31,2.0,100365.48
CUST01636,10,18087.49,1808.749,9.0,72349.96
CUST01637,2,709.83,354.915,0.0,709.83
CUST01638,7,7192.21,1027.4585714285715,3.0,86306.52
CUST01639,7,9148.66,1306.9514285714286,5.0,65870.352
CUST01640,16,28630.82,1789.42625,1.0,1030709.52
CUST01641,11,12934.49,1175.8627272727272,3.0,155213.88
CUST01642,8,12323.29,1540.41125,9.0,49293.16
CUST01643,7,10113.06,1444.722857142857,10.0,36407.016
CUST01644,9,11645.46,1293.94,2.0,209618.28
CUST01645,7,8972.04,1281.72,4.0,80748.36
CUST01646,11,11217.24,1019.7490909090909,3.0,134606.88
CUST01647,9,9401.24,1044.5822222222223,0.0,9401.24
CUST01648,13,18986.95,1460.5346153846153,8.0,85441.275
CUST01649,11,8758.78,796.2527272727273,3.0,105105.36
CUST01650,14,16458.11,1175.5792857142858,2.0,296245.98
CUST01651,7,8678.39,1239.77,6.0,52070.34
CUST01652,12,13497.78,1124.815,3.0,161973.36
CUST01653,15,18445.51,1229.7006666666666,11.0,60367.123636363634
CUST01654,9,9063.73,1007.0811111111111,5.0,65258.856
CUST01655,10,9140.43,914.043,1.0,329055.48
CUST01656,14,18006.23,1286.1592857142857,0.0,18006.23
CUST01657,10,15487.37,1548.737,3.0,185848.44
CUST01658,14,19445.12,1388.9371428571428,4.0,175006.08
CUST01659,6,6520.25,1086.7083333333333,8.0,29341.125
CUST01660,12,15271.74,1272.645,10.0,54978.264
CUST01661,11,15785.96,1435.0872727272726,9.0,63143.84
CUST01662,7,13755.84,1965.12,9.0,55023.36
CUST01663,16,16794.26,1049.64125,8.0,75574.17
CUST01664,11,10970.42,997.310909090909,11.0,35903.192727272726
CUST01665,7,8449.97,1207.1385714285714,2.0,152099.46
CUST01666,4,3749.81,937.4525,9.0,14999.24
CUST01667,7,9461.04,1351.577142857143,5.0,68119.488
CUST01668,19,22113.88,1163.8884210526317,5.0,159219.936
CUST01669,12,18407.42,1533.9516666666666,2.0,331333.56
CUST01670,13,19428.26,1494.4815384615385,4.0,174854.34
CUST01671,8,4568.19,571.02375,10.0,16445.484
CUST01672,11,13873.41,1261.219090909091,2.0,249721.38
CUST01673,11,19690.16,1790.0145454545454,7.0,101263.68
CUST01674,13,13178.11,1013.7007692307692,8.0,59301.495
CUST01675,8,11407.78,1425.9725,4.0,102670.02
CUST01676,8,4899.92,612.49,11.0,16036.101818181818
CUST01677,10,10125.69,1012.569,5.0,72904.968
CUST01678,4,6424.3,1606.075,3.0,77091.6
CUST01679,9,16845.89,1871.7655555555555,2.0,303226.02
CUST01680,8,11103.04,1387.88,1.0,399709.44
CUST01681,10,16460.6,1646.06,8.0,74072.7
CUST01682,17,23365.7,1374.4529411764706,8.0,105145.65
CUST01683,8,13782.49,1722.81125,7.0,70881.37714285715
CUST01684,7,10220.75,1460.107142857143,3.0,122649.0
CUST01685,11,18875.57,1715.9609090909091,3.0,226506.84
CUST01686,13,15192.82,1168.6784615384615,3.0,182313.84
CUST01687,10,12621.84,1262.184,6.0,75731.04
CUST01688,14,15495.95,1106.8535714285715,8.0,69731.775
CUST01689,12,17845.77,1487.1475,8.0,80305.965
CUST01690,16,19107.09,1194.193125,11.0,62532.29454545455
CUST01691,9,10504.1,1167.1222222222223,7.0,54021.08571428571
CUST01692,7,9498.34,1356.9057142857143,2.0,170970.12
CUST01693,10,14860.88,1486.088,11.0,48635.60727272727
CUST01694,5,6983.34,1396.668,7.0,35914.32
CUST01695,14,15852.04,1132.2885714285715,7.0,81524.77714285714
CUST01696,9,15460.79,1717.8655555555556,7.0,79512.63428571429
CUST01697,15,21530.69,1435.3793333333333,1.0,775104.84
CUST01698,10,13586.43,1358.643,0.0,13586.43
CUST01699,10,17343.27,1734.327,2.0,312178.86
CUST01700,6,10030.05,1671.675,1.0,361081.8
CUST01701,6,10832.76,1805.46,7.0,55711.33714285714
CUST01702,9,11698.54,1299.8377777777778,4.0,105286.86
CUST01703,13,19227.09,1479.0069230769232,4.0,173043.81
CUST01704,13,19397.7,1492.1307692307691,10.0,69831.72
CUST01705,9,11589.2,1287.6888888888889,1.0,417211.2
CUST01706,8,13025.73,1628.21625,10.0,46892.628
CUST01707,15,25027.14,1668.476,3.0,300325.68
CUST01708,13,12740.42,980.0323076923077,10.0,45865.512
CUST01709,8,12537.69,1567.21125,11.0,41032.44
CUST01710,11,16165.55,1469.5954545454545,1.0,581959.8
CUST01711,8,19467.55,2433.44375,3.0,233610.6
CUST01712,16,23918.42,1494.90125,3.0,287021.04
CUST01713,14,21001.64,1500.1171428571429,1.0,756059.04
CUST01714,10,17004.64,1700.464,5.0,122433.408
CUST01715,10,12051.14,1205.114,2.0,216920.52
CUST01716,5,4918.08,983.616,6.0,29508.48
CUST01717,12,16259.08,1354.9233333333334,9.0,65036.32
CUST01718,8,7001.42,875.1775,1.0,252051.12
CUST01719,9,13603.47,1511.4966666666667,10.0,48972.492
CUST01720,8,18455.66,2306.9575,1.0,664403.76
CUST01721,16,16669.62,1041.85125,8.0,75013.29
CUST01722,8,10341.76,1292.72,6.0,62050.56
CUST01723,9,15909.81,1767.7566666666667,7.0,81821.88
CUST01724,9,10736.08,1192.8977777777777,5.0,77299.776
CUST01725,12,18251.77,1520.9808333333333,3.0,219021.24
CUST01726,11,21637.2,1967.0181818181818,0.0,21637.2
CUST01727,9,11103.03,1233.67,4.0,99927.27
CUST01728,12,13078.28,1089.8566666666666,0.0,13078.28
CUST01729,8,12358.09,1544.76125,7.0,63555.89142857143
CUST01730,9,15777.13,1753.0144444444445,11.0,51634.24363636364
CUST01731,17,32502.97,1911.939411764706,1.0,1170106.92
CUST01732,6,5921.06,986.8433333333334,3.0,71052.72
CUST01733,8,13308.69,1663.58625,2.0,239556.42
CUST01734,14,13741.29,981.5207142857142,11.0,44971.494545454545
CUST01735,12,20646.55,1720.5458333333333,7.0,106182.25714285714
CUST01736,18,24763.02,1375.7233333333334,7.0,127352.67428571428
CUST01737,7,5533.9,790.5571428571428,8.0,24902.55
CUST01738,4,5205.68,1301.42,6.0,31234.08
CUST01739,9,9494.58,1054.9533333333334,0.0,9494.58
CUST01740,8,13851.33,1731.41625,9.0,55405.32
CUST01741,12,17858.55,1488.2125,0.0,17858.55
CUST01742,11,15991.87,1453.8063636363636,5.0,115141.464
CUST01743,6,5978.45,996.4083333333333,3.0,71741.4
CUST01744,9,9686.27,1076.2522222222221,2.0,174352.86
CUST01745,10,24176.3,2417.63,8.0,108793.35
CUST01746,9,10115.88,1123.9866666666667,5.0,72834.336
CUST01747,9,15935.48,1770.608888888889,5.0,114735.456
CUST01748,7,7906.58,1129.5114285714285,4.0,71159.22
CUST01749,10,6675.73,667.573,5.0,48065.256
CUST01750,10,17782.48,1778.248,10.0,64016.928
CUST01751,7,9969.12,1424.16,5.0,71777.664
CUST01752,10,10375.69,1037.569,7.0,53360.69142857143
CUST01753,7,16734.35,2390.6214285714286,10.0,60243.66
CUST01754,11,10559.45,959.95,6.0,63356.7
CUST01755,12,14111.97,1175.9975,10.0,50803.092
CUST01756,12,20796.5,1733.0416666666667,7.0,106953.42857142857
CUST01757,10,12540.36,1254.036,3.0,150484.32
CUST01758,9,10108.91,1123.2122222222222,6.0,60653.46
CUST01759,14,23330.35,1666.4535714285714,1.0,839892.6
CUST01760,9,12113.74,1345.9711111111112,6.0,72682.44
CUST01761,7,5457.82,779.6885714285714,0.0,5457.82
CUST01762,10,15962.63,1596.263,10.0,57465.468
CUST01763,2,2427.19,1213.595,1.0,87378.84
CUST01764,7,7443.79,1063.3985714285714,5.0,53595.288
CUST01765,10,8300.15,830.015,10.0,29880.54
CUST01766,16,17697.02,1106.06375,6.0,106182.12
CUST01767,17,14093.78,829.0458823529411,10.0,50737.608
CUST01768,6,4187.69,697.9483333333334,8.0,18844.605
CUST01769,9,8848.43,983.1588888888889,3.0,106181.16
CUST01770,9,10157.62,1128.6244444444444,3.0,121891.44
CUST01771,13,23676.17,1821.243846153846,5.0,170468.424
CUST01772,5,6179.31,1235.862,11.0,20223.196363636365
CUST01773,12,17722.55,1476.8791666666666,1.0,638011.8
CUST01774,9,15175.44,1686.16,10.0,54631.584
CUST01775,11,15133.6,1375.7818181818182,11.0,49528.145454545454
CUST01776,15,20513.65,1367.5766666666666,4.0,184622.85
CUST01777,6,7017.99,1169.665,8.0,31580.955
CUST01778,13,13075.54,1005.8107692307692,1.0,470719.44
CUST01779,11,17354.52,1577.6836363636364,7.0,89251.81714285714
CUST01780,15,15270.24,1018.016,0.0,15270.24
CUST01781,9,19674.52,2186.0577777777776,4.0,177070.68
CUST01782,17,15252.19,897.1876470588236,4.0,137269.71
CUST01783,12,12905.76,1075.48,8.0,58075.92
CUST01784,18,25233.43,1401.8572222222222,5.0,181680.696
CUST01785,13,18032.91,1387.146923076923,11.0,59016.796363636364
CUST01786,12,16641.97,1386.8308333333334,1.0,599110.92
CUST01787,6,5231.68,871.9466666666667,1.0,188340.48
CUST01788,11,6626.5,602.4090909090909,7.0,34079.142857142855
CUST01789,11,12056.5,1096.0454545454545,4.0,108508.5
CUST01790,18,22199.01,1233.2783333333334,1.0,799164.36
CUST01791,6,9844.43,1640.7383333333332,9.0,39377.72
CUST01792,8,12253.95,1531.74375,8.0,55142.775
CUST01793,14,27770.65,1983.6178571428572,9.0,111082.6
CUST01794,15,18117.49,1207.8326666666667,7.0,93175.66285714286
CUST01795,11,15710.14,1428.1945454545455,7.0,80795.00571428571
CUST01796,17,18831.36,1107.7270588235294,1.0,677928.96
CUST01797,10,20395.4,2039.54,11.0,66748.58181818182
CUST01798,7,5940.83,848.69,0.0,5940.83
CUST01799,11,10733.87,975.8063636363636,10.0,38641.932
CUST01800,6,16366.25,2727.7083333333335,2.0,294592.5
CUST01801,10,13938.25,1393.825,9.0,55753.0
CUST01802,7,8585.88,1226.5542857142857,9.0,34343.52
CUST01803,5,3643.87,728.774,11.0,11925.392727272727
CUST01804,9,10463.83,1162.6477777777777,11.0,34245.26181818182
CUST01805,13,16261.96,1250.92,10.0,58543.056
CUST01806,18,22080.74,1226.7077777777777,7.0,113558.09142857142
CUST01807,8,10312.81,1289.10125,8.0,46407.645
CUST01808,12,19777.14,1648.095,9.0,79108.56
CUST01809,7,9855.15,1407.8785714285714,1.0,354785.4
CUST01810,5,6136.45,1227.29,10.0,22091.22
CUST01811,10,7978.13,797.813,2.0,143606.34
CUST01812,14,16008.51,1143.465,7.0,82329.48
CUST01813,14,14292.52,1020.8942857142857,4.0,128632.68
CUST01814,7,9335.43,1333.6328571428571,11.0,30552.316363636364
CUST01815,6,9387.49,1564.5816666666667,5.0,67589.928
CUST01816,8,14109.72,1763.715,6.0,84658.32
CUST01817,13,26021.69,2001.6684615384615,6.0,156130.14
CUST01818,8,9185.59,1148.19875,10.0,33068.124
CUST01819,14,18585.89,1327.5635714285713,11.0,60826.54909090909
CUST01820,12,17804.97,1483.7475,1.0,640978.92
CUST01821,11,9522.5,865.6818181818181,10.0,34281.0
CUST01822,15,23241.9,1549.46,4.0,209177.1
CUST01823,14,22781.97,1627.2835714285713,8.0,102518.865
CUST01824,6,8116.14,1352.69,0.0,8116.14
CUST01825,8,8276.99,1034.62375,10.0,29797.164
CUST01826,9,13053.23,1450.358888888889,10.0,46991.628
CUST01827,14,14224.34,1016.0242857142857,1.0,512076.24
CUST01828,7,8702.54,1243.22,4.0,78322.86
CUST01829,13,13938.94,1072.226153846154,0.0,13938.94
CUST01830,14,17991.67,1285.1192857142858,10.0,64770.012
CUST01831,13,23860.79,1835.4453846153847,4.0,214747.11
CUST01832,6,5731.62,955.27,0.0,5731.62
CUST01833,7,10606.54,1515.22,9.0,42426.16
CUST01834,14,23162.23,1654.445,9.0,92648.92
CUST01835,13,21453.46,1650.2661538461539,2.0,386162.28
CUST01836,5,10058.24,2011.648,10.0,36209.664
CUST01837,9,13691.31,1521.2566666666667,8.0,61610.895
CUST01838,7,11593.29,1656.1842857142858,2.0,208679.22
CUST01839,14,16223.22,1158.8014285714285,10.0,58403.592
CUST01840,11,13485.18,1225.9254545454546,8.0,60683.31
CUST01841,12,13896.3,1158.025,7.0,71466.68571428572
CUST01842,13,15792.77,1214.8284615384616,10.0,56853.972
CUST01843,14,18430.45,1316.4607142857142,5.0,132699.24
CUST01844,12,12651.03,1054.2525,5.0,91087.416
CUST01845,13,14059.5,1081.5,10.0,50614.2
CUST01846,4,6249.88,1562.47,10.0,22499.568
CUST01847,8,11624.69,1453.08625,5.0,83697.768
CUST01848,8,10638.67,1329.83375,0.0,10638.67
CUST01849,7,14714.64,2102.0914285714284,9.0,58858.56
CUST01850,2,2192.19,1096.095,2.0,39459.42
CUST01851,10,8545.8,854.58,1.0,307648.8
CUST01852,10,12403.48,1240.348,2.0,223262.64
CUST01853,7,13555.53,1936.5042857142857,1.0,487999.08
CUST01854,15,26860.18,1790.6786666666667,3.0,322322.16
CUST01855,11,5460.0,496.3636363636364,11.0,17869.090909090908
CUST01856,10,15058.15,1505.815,10.0,54209.34
CUST01857,8,10496.91,1312.11375,8.0,47236.095
CUST01858,15,23191.93,1546.1286666666667,0.0,23191.93
CUST01859,7,10334.73,1476.39,6.0,62008.38
CUST01860,10,12968.62,1296.862,8.0,58358.79
CUST01861,13,13602.18,1046.3215384615385,10.0,48967.848
CUST01862,10,10303.42,1030.342,8.0,46365.39
CUST01863,13,14946.19,1149.706923076923,10.0,53806.284
CUST01864,10,17001.59,1700.159,6.0,102009.54
CUST01865,7,10027.85,1432.55,3.0,120334.2
CUST01866,13,15510.45,1193.1115384615384,10.0,55837.62
CUST01867,12,24346.7,2028.8916666666667,9.0,97386.8
CUST01868,7,4412.26,630.3228571428572,2.0,79420.68
CUST01869,7,3986.45,569.4928571428571,11.0,13046.563636363637
CUST01870,9,14979.46,1664.3844444444444,5.0,107852.112
CUST01871,7,6343.85,906.2642857142857,5.0,45675.72
CUST01872,8,6016.79,752.09875,7.0,30943.49142857143
CUST01873,7,15574.32,2224.902857142857,7.0,80096.50285714286
CUST01874,4,2085.19,521.2975,10.0,7506.684
CUST01875,13,15040.47,1156.9592307692308,9.0,60161.88
CUST01876,9,13886.38,1542.931111111111,3.0,166636.56
CUST01877,10,12379.97,1237.997,10.0,44567.892
CUST01878,13,16897.37,1299.7976923076924,5.0,121661.064
CUST01879,14,18881.42,1348.672857142857,8.0,84966.39
CUST01880,7,5773.06,824.7228571428572,7.0,29690.022857142856
CUST01881,10,8434.84,843.484,5.0,60730.848
CUST01882,5,9506.45,1901.29,9.0,38025.8
CUST01883,14,25054.21,1789.5864285714285,1.0,901951.56
CUST01884,9,15321.26,1702.3622222222223,6.0,91927.56
CUST01885,13,25782.04,1983.2338461538461,10.0,92815.344
CUST01886,7,10071.06,1438.722857142857,5.0,72511.632
CUST01887,7,6728.11,961.1585714285715,6.0,40368.66
CUST01888,9,14076.32,1564.0355555555554,4.0,126686.88
CUST01889,8,11501.87,1437.73375,8.0,51758.415
CUST01890,11,18105.18,1645.9254545454546,11.0,59253.31636363636
CUST01891,14,25439.36,1817.097142857143,6.0,152636.16
CUST01892,7,12704.42,1814.9171428571428,7.0,65337.01714285714
CUST01893,10,15474.17,1547.417,6.0,92845.02
CUST01894,8,12292.29,1536.53625,0.0,12292.29
CUST01895,8,11215.22,1401.9025,7.0,57678.27428571429
CUST01896,7,12022.06,1717.4371428571428,0.0,12022.06
CUST01897,12,14304.88,1192.0733333333333,2.0,257487.84
CUST01898,8,12575.41,1571.92625,9.0,50301.64
CUST01899,9,7619.8,846.6444444444444,3.0,91437.6
CUST01900,12,16380.56,1365.0466666666666,11.0,53609.10545454545
CUST01901,11,17266.08,1569.6436363636365,4.0,155394.72
CUST01902,16,17611.54,1100.72125,9.0,70446.16
CUST01903,5,6544.24,1308.848,11.0,21417.512727272726
CUST01904,11,11371.38,1033.7618181818182,9.0,45485.52
CUST01905,11,10364.91,942.2645454545454,4.0,93284.19
CUST01906,11,18657.69,1696.1536363636365,8.0,83959.605
CUST01907,12,12614.65,1051.2208333333333,11.0,41284.30909090909
CUST01908,7,7182.11,1026.0157142857142,4.0,64638.99
CUST01909,12,21062.94,1755.245,7.0,108323.69142857143
CUST01910,11,20723.21,1883.9281818181819,11.0,67821.41454545455
CUST01911,9,16618.2,1846.4666666666667,7.0,85465.02857142857
CUST01912,13,16892.67,1299.436153846154,10.0,60813.612
CUST01913,7,12775.35,1825.05,0.0,12775.35
CUST01914,16,17141.12,1071.32,3.0,205693.44
CUST01915,15,23934.02,1595.6013333333333,7.0,123089.24571428572
CUST01916,12,12867.4,1072.2833333333333,1.0,463226.4
CUST01917,11,13160.47,1196.4063636363637,2.0,236888.46
CUST01918,11,13265.99,1205.999090909091,8.0,59696.955
CUST01919,5,2755.99,551.198,0.0,2755.99
CUST01920,11,19090.13,1735.4663636363637,0.0,19090.13
CUST01921,7,9339.4,1334.2,8.0,42027.3
CUST01922,10,17552.49,1755.249,3.0,210629.88
CUST01923,10,10494.78,1049.478,6.0,62968.68
CUST01924,6,12583.57,2097.2616666666668,10.0,45300.852
CUST01925,6,6567.65,1094.6083333333333,11.0,21494.127272727274
CUST01926,7,9064.67,1294.952857142857,11.0,29666.192727272726
CUST01927,12,21094.78,1757.8983333333333,1.0,759412.08
CUST01928,12,19045.26,1587.105,10.0,68562.936
CUST01929,13,13267.16,1020.5507692307692,7.0,68231.10857142857
CUST01930,10,11583.28,1158.328,0.0,11583.28
CUST01931,17,33516.14,1971.5376470588235,11.0,109689.18545454546
CUST01932,9,9337.46,1037.4955555555555,8.0,42018.57
CUST01933,8,16276.58,2034.5725,9.0,65106.32
CUST01934,4,6718.61,1679.6525,7.0,34552.85142857143
CUST01935,10,15037.15,1503.715,8.0,67667.175
CUST01936,8,11371.93,1421.49125,8.0,51173.685
CUST01937,10,15227.31,1522.731,3.0,182727.72
CUST01938,7,10647.25,1521.0357142857142,6.0,63883.5
CUST01939,6,16676.44,2779.4066666666668,11.0,54577.44
CUST01940,8,9332.09,1166.51125,3.0,111985.08
CUST01941,8,7077.12,884.64,7.0,36396.61714285714
CUST01942,12,20525.01,1710.4175,11.0,67172.76
CUST01943,10,11314.76,1131.476,5.0,81466.272
CUST01944,3,6826.28,2275.4266666666667,8.0,30718.26
CUST01945,8,8832.26,1104.0325,2.0,158980.68
CUST01946,9,12566.89,1396.3211111111111,5.0,90481.608
CUST01947,13,15170.71,1166.9776923076922,3.0,182048.52
CUST01948,11,18326.5,1666.0454545454545,2.0,329877.0
CUST01949,7,11516.49,1645.212857142857,0.0,11516.49
CUST01950,6,5947.16,991.1933333333334,1.0,214097.76
CUST01951,10,12929.59,1292.959,8.0,58183.155
CUST01952,9,13471.44,1496.8266666666666,2.0,242485.92
CUST01953,9,16498.33,1833.1477777777777,6.0,98989.98
CUST01954,6,7500.01,1250.0016666666668,10.0,27000.036
CUST01955,11,16311.66,1482.878181818182,8.0,73402.47
CUST01956,14,22515.04,1608.2171428571428,6.0,135090.24
CUST01957,8,14190.07,1773.75875,1.0,510842.52
CUST01958,11,15191.62,1381.0563636363636,7.0,78128.33142857143
CUST01959,12,15550.88,1295.9066666666668,9.0,62203.52
CUST01960,10,12786.81,1278.681,9.0,51147.24
CUST01961,11,16266.77,1478.7972727272727,10.0,58560.372
CUST01962,6,8334.36,1389.06,6.0,50006.16
CUST01963,12,14169.62,1180.8016666666667,7.0,72872.33142857143
CUST01964,12,16276.22,1356.3516666666667,3.0,195314.64
CUST01965,9,10818.76,1202.0844444444444,6.0,64912.56
CUST01966,13,17539.42,1349.186153846154,10.0,63141.912
CUST01967,9,18018.08,2002.0088888888888,6.0,108108.48
CUST01968,6,9716.89,1619.4816666666666,10.0,34980.804
CUST01969,11,18816.21,1710.5645454545454,10.0,67738.356
CUST01970,10,11754.34,1175.434,10.0,42315.624
CUST01971,6,7496.75,1249.4583333333333,0.0,7496.75
CUST01972,9,6925.63,769.5144444444444,6.0,41553.78
CUST01973,7,16142.7,2306.1,10.0,58113.72
CUST01974,10,10572.26,1057.226,4.0,95150.34
CUST01975,7,11218.88,1602.6971428571428,0.0,11218.88
CUST01976,6,9554.04,1592.34,4.0,85986.36
CUST01977,7,12470.45,1781.4928571428572,5.0,89787.24
CUST01978,9,10776.03,1197.3366666666666,8.0,48492.135
CUST01979,11,18514.26,1683.1145454545454,8.0,83314.17
CUST01980,7,9369.04,1338.4342857142858,4.0,84321.36
CUST01981,8,11322.88,1415.36,7.0,58231.95428571429
CUST01982,8,12680.42,1585.0525,4.0,114123.78
CUST01983,13,15420.6,1186.2,0.0,15420.6
CUST01984,10,12715.29,1271.529,8.0,57218.805
CUST01985,7,10664.56,1523.5085714285715,5.0,76784.832
CUST01986,14,15416.91,1101.2078571428572,3.0,185002.92
CUST01987,14,17582.74,1255.91,2.0,316489.32
CUST01988,6,7632.21,1272.035,6.0,45793.26
CUST01989,13,12137.45,933.65,8.0,54618.525
CUST01990,5,6505.4,1301.08,10.0,23419.44
CUST01991,10,10732.9,1073.29,8.0,48298.05
CUST01992,13,11832.96,910.2276923076923,10.0,42598.656
CUST01993,7,9478.35,1354.05,11.0,31020.054545454546
CUST01994,12,21314.52,1776.21,9.0,85258.08
CUST01995,11,14005.2,1273.2,8.0,63023.4
CUST01996,7,8152.23,1164.6042857142857,1.0,293480.28
CUST01997,9,17481.91,1942.4344444444444,2.0,314674.38
CUST01998,17,14021.56,824.7976470588235,2.0,252388.08
CUST01999,11,12911.11,1173.7372727272727,4.0,116199.99
CUST02000,10,14175.77,1417.577,4.0,127581.93
CUST02001,10,11831.82,1183.182,9.0,47327.28
CUST02002,13,24807.03,1908.2330769230769,11.0,81186.64363636363
CUST02003,12,14697.93,1224.8275,2.0,264562.74
CUST02004,15,20790.2,1386.0133333333333,11.0,68040.65454545454
CUST02005,11,12820.2,1165.4727272727273,5.0,92305.44
CUST02006,10,13574.62,1357.462,6.0,81447.72
CUST02007,5,10312.28,2062.456,4.0,92810.52
CUST02008,13,18597.01,1430.5392307692307,0.0,18597.01
CUST02009,8,19737.02,2467.1275,5.0,142106.544
CUST02010,19,18184.63,957.0857894736843,7.0,93520.95428571428
CUST02011,12,16109.13,1342.4275,1.0,579928.68
CUST02012,6,9546.77,1591.1283333333333,8.0,42960.465
CUST02013,10,14858.11,1485.811,10.0,53489.196
CUST02014,9,11492.76,1276.9733333333334,3.0,137913.12
CUST02015,10,11608.91,1160.891,6.0,69653.46
CUST02016,8,18884.12,2360.515,7.0,97118.33142857143
CUST02017,19,27973.23,1472.2752631578946,2.0,503518.14
CUST02018,7,8618.44,1231.2057142857143,10.0,31026.384
CUST02019,11,15837.06,1439.7327272727273,2.0,285067.08
CUST02020,8,8587.01,1073.37625,1.0,309132.36
CUST02021,14,18531.12,1323.6514285714286,10.0,66712.032
CUST02022,15,16060.68,1070.712,4.0,144546.12
CUST02023,10,12706.8,1270.68,10.0,45744.48
CUST02024,12,19223.97,1601.9975,2.0,346031.46
CUST02025,6,5560.46,926.7433333333333,5.0,40035.312
CUST02026,11,18228.04,1657.0945454545454,4.0,164052.36
CUST02027,12,16618.45,1384.8708333333334,3.0,199421.4
CUST02028,12,19648.9,1637.4083333333333,9.0,78595.6
CUST02029,12,14745.22,1228.7683333333334,0.0,14745.22
CUST02030,11,12575.06,1143.1872727272728,4.0,113175.54
CUST02031,9,14862.65,1651.4055555555556,4.0,133763.85
CUST02032,5,2389.08,477.816,6.0,14334.48
CUST02033,12,13964.11,1163.6758333333332,11.0,45700.72363636363
CUST02034,9,11992.25,1332.4722222222222,3.0,143907.0
CUST02035,12,23876.42,1989.7016666666666,0.0,23876.42
CUST02036,13,15267.94,1174.456923076923,9.0,61071.76
CUST02037,17,24757.91,1456.3476470588234,7.0,127326.39428571428
CUST02038,7,8391.17,1198.7385714285715,0.0,8391.17
CUST02039,6,7705.48,1284.2466666666667,0.0,7705.48
CUST02040,9,12066.85,1340.7611111111112,8.0,54300.825
CUST02041,10,6570.6,657.06,0.0,6570.6
CUST02042,8,8361.35,1045.16875,5.0,60201.72
CUST02043,12,18328.64,1527.3866666666668,10.0,65983.104
CUST02044,9,12888.1,1432.0111111111112,1.0,463971.6
CUST02045,10,12897.27,1289.727,11.0,42209.247272727276
CUST02046,13,17831.02,1371.616923076923,10.0,64191.672
CUST02047,13,16992.1,1307.0846153846153,2.0,305857.8
CUST02048,11,10631.44,966.4945454545455,0.0,10631.44
CUST02049,14,17104.81,1221.7721428571429,7.0,87967.59428571428
CUST02050,11,16265.41,1478.6736363636364,0.0,16265.41
CUST02051,7,12530.34,1790.0485714285714,5.0,90218.448
CUST02052,9,10047.02,1116.3355555555556,0.0,10047.02
CUST02053,14,17917.88,1279.8485714285714,4.0,161260.92
CUST02054,7,17078.75,2439.8214285714284,7.0,87833.57142857143
CUST02055,4,8333.86,2083.465,3.0,100006.32
CUST02056,6,6019.53,1003.255,6.0,36117.18
CUST02057,12,15086.2,1257.1833333333334,0.0,15086.2
CUST02058,7,16023.39,2289.055714285714,7.0,82406.00571428571
CUST02059,13,18649.08,1434.5446153846153,10.0,67136.688
CUST02060,12,16047.73,1337.3108333333332,0.0,16047.73
CUST02061,7,12784.94,1826.42,0.0,12784.94
CUST02062,7,10729.96,1532.8514285714286,3.0,128759.52
CUST02063,16,18239.61,1139.975625,3.0,218875.32
CUST02064,16,25715.71,1607.231875,5.0,185153.112
CUST02065,11,19591.7,1781.0636363636363,6.0,117550.2
CUST02066,4,7270.24,1817.56,2.0,130864.32
CUST02067,7,5012.76,716.1085714285714,1.0,180459.36
CUST02068,11,18678.28,1698.0254545454545,0.0,18678.28
CUST02069,10,11659.86,1165.986,9.0,46639.44
CUST02070,7,7306.23,1043.7471428571428,7.0,37574.897142857146
CUST02071,9,11001.27,1222.3633333333332,9.0,44005.08
CUST02072,6,3643.01,607.1683333333333,11.0,11922.578181818182
CUST02073,7,8138.29,1162.6128571428571,2.0,146489.22
CUST02074,14,26196.91,1871.2078571428572,0.0,26196.91
CUST02075,8,12853.4,1606.675,11.0,42065.67272727273
CUST02076,8,12499.95,1562.49375,5.0,89999.64
CUST02077,11,11685.1,1062.2818181818182,0.0,11685.1
CUST02078,4,3012.88,753.22,2.0,54231.84
CUST02079,10,15887.58,1588.758,4.0,142988.22
CUST02080,8,15467.41,1933.42625,0.0,15467.41
CUST02081,6,12475.92,2079.32,3.0,149711.04
CUST02082,7,9879.64,1411.3771428571429,4.0,88916.76
CUST02083,13,15798.41,1215.2623076923078,9.0,63193.64
CUST02084,12,17116.01,1426.3341666666668,5.0,123235.272
CUST02085,7,9041.46,1291.6371428571429,8.0,40686.57
CUST02086,8,10559.33,1319.91625,10.0,38013.588
CUST02087,7,9140.03,1305.7185714285715,6.0,54840.18
CUST02088,10,26469.86,2646.986,0.0,26469.86
CUST02089,16,24899.77,1556.235625,4.0,224097.93
CUST02090,7,7110.51,1015.7871428571428,11.0,23270.76
CUST02091,12,12593.18,1049.4316666666666,2.0,226677.24
CUST02092,17,27900.44,1641.2023529411765,4.0,251103.96
CUST02093,11,20539.07,1867.1881818181819,6.0,123234.42
CUST02094,10,11685.4,1168.54,11.0,38243.12727272727
CUST02095,10,12183.65,1218.365,1.0,438611.4
CUST02096,17,16847.09,991.005294117647,1.0,606495.24
CUST02097,4,3788.31,947.0775,3.0,45459.72
CUST02098,10,14893.99,1489.399,1.0,536183.64
CUST02099,12,11808.93,984.0775,6.0,70853.58
CUST02100,10,18151.18,1815.118,2.0,326721.24
CUST02101,12,17522.95,1460.2458333333334,4.0,157706.55
CUST02102,6,7531.08,1255.18,5.0,54223.776
CUST02103,8,11354.85,1419.35625,7.0,58396.37142857143
CUST02104,8,15672.06,1959.0075,8.0,70524.27
CUST02105,13,24367.1,1874.3923076923077,7.0,125316.5142857143
CUST02106,12,14308.37,1192.3641666666667,8.0,64387.665
CUST02107,16,29954.58,1872.16125,1.0,1078364.88
CUST02108,10,19138.39,1913.839,11.0,62634.73090909091
CUST02109,11,25570.81,2324.619090909091,3.0,306849.72
CUST02110,2,2351.15,1175.575,0.0,2351.15
CUST02111,12,22110.43,1842.5358333333334,9.0,88441.72
CUST02112,8,14233.95,1779.24375,8.0,64052.775
CUST02113,14,20908.98,1493.4985714285715,11.0,68429.38909090908
CUST02114,8,15633.05,1954.13125,11.0,51162.70909090909
CUST02115,11,13358.66,1214.4236363636364,4.0,120227.94
CUST02116,17,26005.62,1529.7423529411765,9.0,104022.48
CUST02117,7,9454.89,1350.6985714285715,9.0,37819.56
CUST02118,6,8328.29,1388.0483333333334,7.0,42831.205714285716
CUST02119,8,12629.68,1578.71,0.0,12629.68
CUST02120,8,10830.54,1353.8175,4.0,97474.86
CUST02121,9,12366.47,1374.0522222222223,9.0,49465.88
CUST02122,4,4527.53,1131.8825,6.0,27165.18
CUST02123,8,10159.82,1269.9775,2.0,182876.76
CUST02124,9,14262.52,1584.7244444444445,4.0,128362.68
CUST02125,6,8727.28,1454.5466666666666,3.0,104727.36
CUST02126,10,13241.89,1324.189,6.0,79451.34
CUST02127,15,26333.39,1755.5593333333334,2.0,474001.02
CUST02128,12,15789.46,1315.7883333333334,0.0,15789.46
CUST02129,12,19629.71,1635.8091666666667,3.0,235556.52
CUST02130,9,18232.96,2025.8844444444444,8.0,82048.32
CUST02131,9,10225.21,1136.1344444444444,4.0,92026.89
CUST02132,7,9383.1,1340.442857142857,11.0,30708.327272727274
CUST02133,11,16198.3,1472.5727272727272,9.0,64793.2
CUST02134,11,14381.4,1307.4,4.0,129432.6
CUST02135,10,19640.58,1964.058,11.0,64278.26181818182
CUST02136,15,20746.23,1383.082,2.0,373432.14
CUST02137,18,23714.68,1317.4822222222222,4.0,213432.12
CUST02138,8,8229.41,1028.67625,7.0,42322.68
CUST02139,10,10266.86,1026.686,1.0,369606.96
CUST02140,10,13854.29,1385.429,2.0,249377.22
CUST02141,11,18978.39,1725.3081818181818,7.0,97603.14857142857
CUST02142,4,7089.54,1772.385,4.0,63805.86
CUST02143,9,11247.37,1249.7077777777777,2.0,202452.66
CUST02144,12,14111.06,1175.9216666666666,0.0,14111.06
CUST02145,14,23602.12,1685.8657142857144,7.0,121382.33142857143
CUST02146,7,9004.57,1286.3671428571429,9.0,36018.28
CUST02147,7,7939.97,1134.2814285714285,8.0,35729.865
CUST02148,15,26278.78,1751.9186666666667,11.0,86003.28
CUST02149,11,13033.28,1184.8436363636363,1.0,469198.08
CUST02150,17,24013.8,1412.5764705882352,1.0,864496.8
CUST02151,16,21252.35,1328.271875,1.0,765084.6
CUST02152,11,14101.63,1281.9663636363637,6.0,84609.78
CUST02153,7,4508.77,644.11,2.0,81157.86
CUST02154,18,33506.57,1861.476111111111,9.0,134026.28
CUST02155,13,19325.28,1486.56,7.0,99387.15428571429
CUST02156,14,18310.87,1307.9192857142857,9.0,73243.48
CUST02157,8,14119.27,1764.90875,3.0,169431.24
CUST02158,11,16710.88,1519.1709090909092,0.0,16710.88
CUST02159,12,12949.85,1079.1541666666667,8.0,58274.325
CUST02160,11,14636.6,1330.6,7.0,75273.94285714286
CUST02161,9,13549.04,1505.4488888888889,6.0,81294.24
CUST02162,12,15640.09,1303.3408333333334,3.0,187681.08
CUST02163,10,13091.65,1309.165,8.0,58912.425
CUST02164,5,6424.27,1284.854,3.0,77091.24
CUST02165,14,19138.51,1367.0364285714286,2.0,344493.18
CUST02166,4,8977.27,2244.3175,10.0,32318.172
CUST02167,8,12813.06,1601.6325,6.0,76878.36
CUST02168,8,12586.74,1573.3425,8.0,56640.33
CUST02169,12,14648.64,1220.72,10.0,52735.104
CUST02170,10,12404.39,1240.439,11.0,40596.185454545455
CUST02171,12,7553.77,629.4808333333333,11.0,24721.429090909092
CUST02172,11,19269.38,1751.7618181818182,10.0,69369.768
CUST02173,8,8362.79,1045.34875,3.0,100353.48
CUST02174,17,30671.28,1804.1929411764706,4.0,276041.52
CUST02175,7,10710.5,1530.0714285714287,5.0,77115.6
CUST02176,15,21225.98,1415.0653333333332,9.0,84903.92
CUST02177,10,15906.37,1590.637,6.0,95438.22
CUST02178,8,11116.97,1389.62125,2.0,200105.46
CUST02179,12,20660.09,1721.6741666666667,10.0,74376.324
CUST02180,6,7164.09,1194.015,2.0,128953.62
CUST02181,8,11752.0,1469.0,6.0,70512.0
CUST02182,10,14664.31,1466.431,8.0,65989.395
CUST02183,8,15010.3,1876.2875,10.0,54037.08
CUST02184,7,11801.69,1685.9557142857143,7.0,60694.40571428571
CUST02185,10,9486.38,948.638,2.0,170754.84
CUST02186,6,10323.38,1720.5633333333333,3.0,123880.56
CUST02187,12,16655.89,1387.9908333333333,6.0,99935.34
CUST02188,11,14264.76,1296.7963636363636,0.0,14264.76
CUST02189,4,7618.36,1904.59,5.0,54852.192
CUST02190,7,10771.53,1538.79,5.0,77555.016
CUST02191,8,10398.57,1299.82125,7.0,53478.36
CUST02192,9,13780.84,1531.2044444444443,1.0,496110.24
CUST02193,14,19135.17,1366.797857142857,7.0,98409.44571428571
CUST02194,17,17954.92,1056.1717647058824,6.0,107729.52
CUST02195,9,12792.15,1421.35,6.0,76752.9
CUST02196,6,8550.12,1425.02,11.0,27982.21090909091
CUST02197,10,9566.76,956.676,10.0,34440.336
CUST02198,9,14367.2,1596.3555555555556,5.0,103443.84
CUST02199,12,17648.4,1470.7,0.0,17648.4
CUST02200,13,25870.26,1990.02,10.0,93132.936
CUST02201,11,16440.38,1494.58,9.0,65761.52
CUST02202,12,21890.61,1824.2175,11.0,71641.99636363637
CUST02203,17,20430.43,1201.79,7.0,105070.78285714285
CUST02204,12,17501.56,1458.4633333333334,5.0,126011.232
CUST02205,9,10500.21,1166.69,11.0,34364.32363636364
CUST02206,7,4228.02,604.0028571428571,3.0,50736.24
CUST02207,8,6932.93,866.61625,10.0,24958.548
CUST02208,11,15653.41,1423.0372727272727,8.0,70440.345
CUST02209,12,10760.16,896.68,8.0,48420.72
CUST02210,8,11801.79,1475.22375,11.0,38624.04
CUST02211,17,15152.03,891.2958823529411,8.0,68184.135
CUST02212,9,8625.05,958.3388888888888,6.0,51750.3
CUST02213,7,15797.76,2256.822857142857,1.0,568719.36
CUST02214,7,8666.99,1238.1414285714286,7.0,44573.09142857143
CUST02215,13,11863.57,912.5823076923077,2.0,213544.26
CUST02216,11,15103.77,1373.07,11.0,49430.52
CUST02217,6,8257.42,1376.2366666666667,8.0,37158.39
CUST02218,7,11120.23,1588.6042857142857,4.0,100082.07
CUST02219,11,14302.92,1300.2654545454545,11.0,46809.556363636366
CUST02220,10,10463.41,1046.341,4.0,94170.69
CUST02221,16,25304.95,1581.559375,9.0,101219.8
CUST02222,8,9962.56,1245.32,11.0,32604.741818181818
CUST02223,11,9217.95,837.9954545454545,9.0,36871.8
CUST02224,9,15356.72,1706.3022222222223,10.0,55284.192
CUST02225,12,17742.38,1478.5316666666668,9.0,70969.52
CUST02226,15,23362.28,1557.4853333333333,9.0,93449.12
CUST02227,15,13852.69,923.5126666666666,0.0,13852.69
CUST02228,9,19253.43,2139.27,6.0,115520.58
CUST02229,11,13533.0,1230.2727272727273,8.0,60898.5
CUST02230,7,7401.22,1057.317142857143,11.0,24222.174545454545
CUST02231,9,12843.55,1427.0611111111111,5.0,92473.56
CUST02232,16,15529.29,970.580625,3.0,186351.48
CUST02233,7,13697.31,1956.7585714285715,8.0,61637.895
CUST02234,16,18164.58,1135.28625,5.0,130784.976
CUST02235,10,16385.51,1638.551,10.0,58987.836
CUST02236,11,25723.87,2338.5336363636366,7.0,132294.18857142856
CUST02237,11,7665.45,696.8590909090909,5.0,55191.24
CUST02238,7,8025.92,1146.56,10.0,28893.312
CUST02239,11,16970.8,1542.8,7.0,87278.4
CUST02240,15,26518.52,1767.9013333333332,1.0,954666.72
CUST02241,9,15176.18,1686.2422222222222,11.0,49667.498181818184
CUST02242,10,16572.63,1657.263,2.0,298307.34
CUST02243,8,13243.7,1655.4625,11.0,43343.01818181818
CUST02244,10,14072.28,1407.228,11.0,46054.73454545454
CUST02245,3,3913.56,1304.52,1.0,140888.16
CUST02246,10,11303.73,1130.373,0.0,11303.73
CUST02247,16,24723.34,1545.20875,3.0,296680.08
CUST02248,12,14063.09,1171.9241666666667,10.0,50627.124
CUST02249,14,18211.43,1300.8164285714286,1.0,655611.48
CUST02250,5,4045.6,809.12,2.0,72820.8
CUST02251,6,10927.02,1821.17,6.0,65562.12
CUST02252,10,14569.57,1456.957,1.0,524504.52
CUST02253,14,18955.51,1353.965,11.0,62036.214545454546
CUST02254,16,23184.31,1449.019375,3.0,278211.72
CUST02255,12,14908.9,1242.4083333333333,5.0,107344.08
CUST02256,5,7507.11,1501.422,3.0,90085.32
CUST02257,12,16411.44,1367.62,0.0,16411.44
CUST02258,3,1094.93,364.9766666666667,5.0,7883.496
CUST02259,6,7879.73,1313.2883333333334,5.0,56734.056
CUST02260,12,12798.64,1066.5533333333333,1.0,460751.04
CUST02261,8,10650.3,1331.2875,3.0,127803.6
CUST02262,8,6790.2,848.775,11.0,22222.47272727273
CUST02263,4,6698.71,1674.6775,4.0,60288.39
CUST02264,13,16281.91,1252.4546153846154,7.0,83735.53714285714
CUST02265,8,8960.75,1120.09375,10.0,32258.7
CUST02266,6,9803.86,1633.9766666666667,9.0,39215.44
CUST02267,15,17138.53,1142.5686666666666,6.0,102831.18
CUST02268,9,13665.87,1518.43,6.0,81995.22
CUST02269,4,3196.94,799.235,4.0,28772.46
CUST02270,9,13935.17,1548.3522222222223,2.0,250833.06
CUST02271,10,17394.81,1739.481,1.0,626213.16
CUST02272,12,13480.86,1123.405,5.0,97062.192
CUST02273,8,5390.09,673.76125,8.0,24255.405
CUST02274,7,19636.93,2805.2757142857145,1.0,706929.48
CUST02275,8,4119.37,514.92125,7.0,21185.33142857143
CUST02276,8,13832.95,1729.11875,0.0,13832.95
CUST02277,8,7097.13,887.14125,0.0,7097.13
CUST02278,10,18231.25,1823.125,7.0,93760.71428571429
CUST02279,15,20482.01,1365.4673333333333,2.0,368676.18
CUST02280,14,15645.45,1117.5321428571428,11.0,51203.29090909091
CUST02281,10,19140.86,1914.086,7.0,98438.70857142858
CUST02282,8,8162.8,1020.35,9.0,32651.2
CUST02283,9,8607.41,956.3788888888889,11.0,28169.705454545456
CUST02284,14,15830.01,1130.715,6.0,94980.06
CUST02285,11,17825.05,1620.459090909091,7.0,91671.68571428572
CUST02286,2,2145.8,1072.9,1.0,77248.8
CUST02287,12,12531.86,1044.3216666666667,9.0,50127.44
CUST02288,7,10147.26,1449.6085714285714,1.0,365301.36
CUST02289,11,14134.05,1284.9136363636364,11.0,46256.89090909091
CUST02290,9,14091.5,1565.7222222222222,7.0,72470.57142857143
CUST02291,6,5482.49,913.7483333333333,3.0,65789.88
CUST02292,9,8166.01,907.3344444444444,10.0,29397.636
CUST02293,4,6261.55,1565.3875,0.0,6261.55
CUST02294,10,11096.67,1109.667,9.0,44386.68
CUST02295,6,6010.31,1001.7183333333334,8.0,27046.395
CUST02296,11,11515.31,1046.8463636363635,5.0,82910.232
CUST02297,11,15785.69,1435.0627272727272,7.0,81183.54857142858
CUST02298,6,13834.76,2305.7933333333335,9.0,55339.04
CUST02299,14,19195.03,1371.0735714285715,2.0,345510.54
CUST02300,4,9889.67,2472.4175,8.0,44503.515
CUST02301,15,14046.26,936.4173333333333,9.0,56185.04
CUST02302,8,6651.73,831.46625,6.0,39910.38
CUST02303,9,11842.4,1315.8222222222223,2.0,213163.2
CUST02304,13,15377.93,1182.9176923076923,10.0,55360.548
CUST02305,13,15087.26,1160.5584615384616,0.0,15087.26
CUST02306,16,21632.17,1352.010625,1.0,778758.12
CUST02307,16,25807.32,1612.9575,5.0,185812.704
CUST02308,15,17222.39,1148.1593333333333,11.0,56364.185454545455
CUST02309,11,16030.51,1457.3190909090908,4.0,144274.59
CUST02310,8,17805.02,2225.6275,5.0,128196.144
CUST02311,7,8653.49,1236.212857142857,5.0,62305.128
CUST02312,11,16955.34,1541.3945454545456,5.0,122078.448
CUST02313,16,36447.42,2277.96375,9.0,145789.68
CUST02314,18,31237.66,1735.4255555555555,11.0,102232.34181818181
CUST02315,10,10386.09,1038.609,4.0,93474.81
CUST02316,9,10358.85,1150.9833333333333,8.0,46614.825
CUST02317,8,6617.75,827.21875,1.0,238239.0
CUST02318,14,22116.72,1579.7657142857142,10.0,79620.192
CUST02319,12,13249.63,1104.1358333333333,3.0,158995.56
CUST02320,9,14130.21,1570.0233333333333,4.0,127171.89
CUST02321,14,20994.92,1499.6371428571429,8.0,94477.14
CUST02322,9,16915.09,1879.4544444444443,6.0,101490.54
CUST02323,7,10861.45,1551.6357142857144,11.0,35546.56363636364
CUST02324,13,19749.76,1519.2123076923076,7.0,101570.19428571429
CUST02325,16,22430.14,1401.88375,10.0,80748.504
CUST02326,11,14297.61,1299.7827272727272,3.0,171571.32
CUST02327,10,12774.5,1277.45,9.0,51098.0
CUST02328,9,12218.62,1357.6244444444444,2.0,219935.16
CUST02329,11,13996.99,1272.4536363636364,10.0,50389.164
CUST02330,9,9992.39,1110.2655555555555,4.0,89931.51
CUST02331,12,16313.87,1359.4891666666667,11.0,53390.847272727275
CUST02332,9,19581.14,2175.682222222222,5.0,140984.208
CUST02333,7,6846.5,978.0714285714286,10.0,24647.4
CUST02334,7,10298.6,1471.2285714285715,2.0,185374.8
CUST02335,7,2870.74,410.10571428571427,2.0,51673.32
CUST02336,17,15987.9,940.464705882353,10.0,57556.44
CUST02337,14,18395.17,1313.9407142857142,10.0,66222.612
CUST02338,13,22979.76,1767.6738461538462,6.0,137878.56
CUST02339,10,11638.74,1163.874,9.0,46554.96
CUST02340,3,4885.6,1628.5333333333333,5.0,35176.32
CUST02341,13,16281.94,1252.456923076923,9.0,65127.76
CUST02342,6,10443.58,1740.5966666666666,8.0,46996.11
CUST02343,9,11790.64,1310.0711111111111,2.0,212231.52
CUST02344,7,9297.39,1328.1985714285715,7.0,47815.14857142857
CUST02345,8,7363.33,920.41625,5.0,53015.976
CUST02346,6,4117.05,686.175,3.0,49404.6
CUST02347,12,10009.36,834.1133333333333,11.0,32757.905454545453
CUST02348,9,6611.38,734.5977777777778,2.0,119004.84
CUST02349,8,9966.93,1245.86625,5.0,71761.896
CUST02350,11,9510.99,864.6354545454545,11.0,31126.876363636362
CUST02351,7,8785.12,1255.0171428571427,9.0,35140.48
CUST02352,9,18965.95,2107.3277777777776,7.0,97539.17142857143
CUST02353,11,18078.02,1643.4563636363637,1.0,650808.72
CUST02354,10,10018.7,1001.87,2.0,180336.6
CUST02355,9,13770.86,1530.0955555555556,4.0,123937.74
CUST02356,8,13528.66,1691.0825,1.0,487031.76
CUST02357,10,11913.62,1191.362,2.0,214445.16
CUST02358,11,9765.96,887.8145454545455,10.0,35157.456
CUST02359,9,10043.62,1115.9577777777777,7.0,51652.90285714286
CUST02360,4,8019.01,2004.7525,1.0,288684.36
CUST02361,6,12459.05,2076.508333333333,5.0,89705.16
CUST02362,9,13534.17,1503.7966666666666,5.0,97446.024
CUST02363,8,16714.54,2089.3175,2.0,300861.72
CUST02364,9,6232.33,692.4811111111111,7.0,32051.98285714286
CUST02365,3,4855.64,1618.5466666666666,2.0,87401.52
CUST02366,9,8557.21,950.8011111111111,8.0,38507.445
CUST02367,10,14858.97,1485.897,0.0,14858.97
CUST02368,10,10797.0,1079.7,6.0,64782.0
CUST02369,10,8703.54,870.354,11.0,28484.31272727273
CUST02370,10,13452.88,1345.288,11.0,44027.60727272727
CUST02371,16,18536.0,1158.5,7.0,95328.0
CUST02372,11,8672.64,788.4218181818181,6.0,52035.84
CUST02373,10,17733.2,1773.32,11.0,58035.92727272727
CUST02374,6,9927.49,1654.5816666666667,8.0,44673.705
CUST02375,14,15221.56,1087.2542857142857,6.0,91329.36
CUST02376,11,14519.08,1319.9163636363637,4.0,130671.72
CUST02377,8,10279.36,1284.92,1.0,370056.96
CUST02378,14,13151.37,939.3835714285714,0.0,13151.37
CUST02379,7,10326.63,1475.2328571428573,9.0,41306.52
CUST02380,11,16495.21,1499.5645454545454,0.0,16495.21
CUST02381,13,10055.62,773.5092307692307,0.0,10055.62
CUST02382,11,22311.87,2028.351818181818,10.0,80322.732
CUST02383,14,16211.38,1157.9557142857143,6.0,97268.28
CUST02384,13,25745.38,1980.4138461538462,6.0,154472.28
CUST02385,14,13176.11,941.1507142857142,1.0,474339.96
CUST02386,9,8427.88,936.4311111111111,1.0,303403.68
CUST02387,9,15864.45,1762.7166666666667,4.0,142780.05
CUST02388,8,10654.72,1331.84,0.0,10654.72
CUST02389,5,6627.08,1325.416,4.0,59643.72
CUST02390,12,23636.48,1969.7066666666667,11.0,77355.75272727273
CUST02391,11,11626.22,1056.929090909091,1.0,418543.92
CUST02392,7,10640.92,1520.1314285714286,8.0,47884.14
CUST02393,7,12939.62,1848.5171428571427,9.0,51758.48
CUST02394,8,10001.69,1250.21125,0.0,10001.69
CUST02395,9,7291.57,810.1744444444445,9.0,29166.28
CUST02396,8,9699.26,1212.4075,9.0,38797.04
CUST02397,9,8541.47,949.0522222222222,9.0,34165.88
CUST02398,7,9706.62,1386.66,9.0,38826.48
CUST02399,4,2374.05,593.5125,5.0,17093.16
CUST02400,8,9888.03,1236.00375,0.0,9888.03
CUST02401,11,9197.24,836.1127272727273,11.0,30100.05818181818
CUST02402,7,10371.45,1481.6357142857144,10.0,37337.22
CUST02403,8,19002.95,2375.36875,7.0,97729.45714285714
CUST02404,10,10085.97,1008.597,4.0,90773.73
CUST02405,13,8613.35,662.5653846153846,6.0,51680.1
CUST02406,10,8718.56,871.856,8.0,39233.52
CUST02407,14,35294.76,2521.054285714286,0.0,35294.76
CUST02408,9,13287.8,1476.4222222222222,1.0,478360.8
CUST02409,5,8429.29,1685.858,1.0,303454.44
CUST02410,12,12978.88,1081.5733333333333,10.0,46723.968
CUST02411,14,21568.06,1540.5757142857142,9.0,86272.24
CUST02412,13,18475.93,1421.2253846153847,8.0,83141.685
CUST02413,13,17479.7,1344.5923076923077,11.0,57206.29090909091
CUST02414,10,13889.26,1388.926,5.0,100002.672
CUST02415,13,17760.94,1366.226153846154,3.0,213131.28
CUST02416,9,15675.21,1741.69,0.0,15675.21
CUST02417,12,9811.07,817.5891666666666,0.0,9811.07
CUST02418,14,19297.4,1378.3857142857144,3.0,231568.8
CUST02419,8,6864.67,858.08375,11.0,22466.192727272726
CUST02420,9,13566.92,1507.4355555555555,11.0,44400.829090909094
CUST02421,7,7783.87,1111.9814285714285,3.0,93406.44
CUST02422,12,16074.26,1339.5216666666668,2.0,289336.68
CUST02423,15,26603.6,1773.5733333333333,1.0,957729.6
CUST02424,7,11904.12,1700.5885714285714,10.0,42854.832
CUST02425,6,10088.36,1681.3933333333334,9.0,40353.44
CUST02426,9,9793.11,1088.1233333333332,9.0,39172.44
CUST02427,12,21489.2,1790.7666666666667,9.0,85956.8
CUST02428,9,11684.11,1298.2344444444445,5.0,84125.592
CUST02429,8,13835.4,1729.425,2.0,249037.2
CUST02430,8,8646.83,1080.85375,5.0,62257.176
CUST02431,11,14696.45,1336.040909090909,7.0,75581.74285714286
CUST02432,14,24917.36,1779.8114285714287,8.0,112128.12
CUST02433,13,13443.33,1034.1023076923077,4.0,120989.97
CUST02434,8,11585.72,1448.215,4.0,104271.48
CUST02435,13,16161.46,1243.1892307692308,3.0,193937.52
CUST02436,7,13129.04,1875.577142857143,5.0,94529.088
CUST02437,8,9596.72,1199.59,3.0,115160.64
CUST02438,8,10007.28,1250.91,5.0,72052.416
CUST02439,12,23788.83,1982.4025,7.0,122342.55428571429
CUST02440,11,17935.5,1630.5,3.0,215226.0
CUST02441,6,3972.89,662.1483333333333,10.0,14302.404
CUST02442,11,11574.45,1052.2227272727273,2.0,208340.1
CUST02443,14,28297.65,2021.2607142857144,8.0,127339.425
CUST02444,9,11413.97,1268.2188888888888,7.0,58700.41714285714
CUST02445,17,25531.89,1501.8758823529413,5.0,183829.608
CUST02446,12,19951.83,1662.6525,4.0,179566.47
CUST02447,5,6760.56,1352.112,5.0,48676.032
CUST02448,12,19179.83,1598.3191666666667,5.0,138094.776
CUST02449,10,17024.99,1702.499,2.0,306449.82
CUST02450,13,14023.14,1078.7030769230769,1.0,504833.04
CUST02451,15,16091.21,1072.7473333333332,5.0,115856.712
CUST02452,16,21811.7,1363.23125,9.0,87246.8
CUST02453,9,12941.18,1437.908888888889,2.0,232941.24
CUST02454,5,10672.24,2134.448,0.0,10672.24
CUST02455,13,9520.82,732.3707692307693,5.0,68549.904
CUST02456,9,12271.83,1363.5366666666666,8.0,55223.235
CUST02457,9,17293.42,1921.4911111111112,3.0,207521.04
CUST02458,7,9776.33,1396.6185714285714,1.0,351947.88
CUST02459,11,12986.51,1180.591818181818,7.0,66787.76571428572
CUST02460,10,18622.42,1862.242,6.0,111734.52
CUST02461,11,12945.09,1176.8263636363636,1.0,466023.24
CUST02462,12,19125.7,1593.8083333333334,10.0,68852.52
CUST02463,9,15485.41,1720.601111111111,1.0,557474.76
CUST02464,9,14576.5,1619.611111111111,10.0,52475.4
CUST02465,10,7846.7,784.67,4.0,70620.3
CUST02466,10,11702.25,1170.225,6.0,70213.5
CUST02467,11,17541.47,1594.679090909091,2.0,315746.46
CUST02468,14,20951.2,1496.5142857142857,6.0,125707.2
CUST02469,8,5469.69,683.71125,2.0,98454.42
CUST02470,9,10846.14,1205.1266666666668,4.0,97615.26
CUST02471,9,14390.54,1598.9488888888889,0.0,14390.54
CUST02472,6,7961.47,1326.9116666666666,6.0,47768.82
CUST02473,4,3499.16,874.79,11.0,11451.796363636364
CUST02474,18,24212.37,1345.1316666666667,3.0,290548.44
CUST02475,9,11332.95,1259.2166666666667,7.0,58283.74285714285
CUST02476,8,9863.53,1232.94125,5.0,71017.416
CUST02477,14,10928.27,780.5907142857143,1.0,393417.72
CUST02478,11,24433.79,2221.2536363636364,6.0,146602.74
CUST02479,10,21396.42,2139.642,10.0,77027.112
CUST02480,17,28838.33,1696.3723529411764,9.0,115353.32
CUST02481,7,5106.07,729.4385714285714,7.0,26259.788571428573
CUST02482,9,11631.89,1292.4322222222222,4.0,104687.01
CUST02483,9,11887.46,1320.828888888889,9.0,47549.84
CUST02484,5,12586.69,2517.338,8.0,56640.105
CUST02485,10,12701.13,1270.113,4.0,114310.17
CUST02486,8,10794.36,1349.295,9.0,43177.44
CUST02487,9,17810.47,1978.941111111111,8.0,80147.115
CUST02488,9,14001.91,1555.7677777777778,7.0,72009.82285714286
CUST02489,11,20956.12,1905.101818181818,6.0,125736.72
CUST02490,9,10449.68,1161.0755555555556,8.0,47023.56
CUST02491,5,6306.72,1261.344,0.0,6306.72
CUST02492,9,16325.87,1813.9855555555555,10.0,58773.132
CUST02493,7,11780.65,1682.95,3.0,141367.8
CUST02494,11,14375.41,1306.8554545454544,0.0,14375.41
CUST02495,8,8644.85,1080.60625,6.0,51869.1
CUST02496,6,2915.09,485.84833333333336,6.0,17490.54
CUST02497,9,11695.39,1299.4877777777779,3.0,140344.68
CUST02498,7,6917.2,988.1714285714286,4.0,62254.8
CUST02499,11,7413.96,673.9963636363636,9.0,29655.84
CUST02500,11,15767.03,1433.3663636363635,2.0,283806.54
CUST02501,11,14335.98,1303.270909090909,4.0,129023.82
CUST02502,4,8149.8,2037.45,6.0,48898.8
CUST02503,6,10959.44,1826.5733333333333,8.0,49317.48
CUST02504,8,8636.16,1079.52,5.0,62180.352
CUST02505,17,28623.04,1683.7082352941177,1.0,1030429.44
CUST02506,12,16463.64,1371.97,5.0,118538.208
CUST02507,10,13567.35,1356.735,9.0,54269.4
CUST02508,18,19565.63,1086.9794444444444,5.0,140872.536
CUST02509,13,16646.38,1280.4907692307693,10.0,59926.968
CUST02510,13,20125.94,1548.1492307692308,2.0,362266.92
CUST02511,13,17184.08,1321.8523076923077,0.0,17184.08
CUST02512,17,24938.45,1466.9676470588236,11.0,81616.74545454545
CUST02513,8,17073.99,2134.24875,4.0,153665.91
CUST02514,14,10209.46,729.2471428571429,4.0,91885.14
CUST02515,9,15217.71,1690.8566666666666,10.0,54783.756
CUST02516,7,15916.59,2273.7985714285714,6.0,95499.54
CUST02517,6,2614.34,435.72333333333336,0.0,2614.34
CUST02518,11,16415.91,1492.3554545454544,8.0,73871.595
CUST02519,19,35210.08,1853.1621052631579,7.0,181080.41142857142
CUST02520,10,15864.34,1586.434,6.0,95186.04
CUST02521,6,7844.46,1307.41,5.0,56480.112
CUST02522,7,5930.95,847.2785714285715,5.0,42702.84
CUST02523,10,11898.54,1189.854,10.0,42834.744
CUST02524,11,20911.13,1901.0118181818182,4.0,188200.17
CUST02525,20,39101.19,1955.0595,10.0,140764.284
CUST02526,10,14568.24,1456.824,1.0,524456.64
CUST02527,7,4732.99,676.1414285714286,7.0,24341.091428571428
CUST02528,9,15376.32,1708.48,10.0,55354.752
CUST02529,11,11974.99,1088.6354545454546,3.0,143699.88
CUST02530,8,16480.99,2060.12375,2.0,296657.82
CUST02531,11,18012.82,1637.5290909090909,10.0,64846.152
CUST02532,9,13035.77,1448.418888888889,1.0,469287.72
CUST02533,11,12520.82,1138.2563636363636,0.0,12520.82
CUST02534,13,23050.95,1773.15,1.0,829834.2
CUST02535,6,4963.3,827.2166666666667,11.0,16243.527272727273
CUST02536,12,14351.05,1195.9208333333333,9.0,57404.2
CUST02537,12,14854.33,1237.8608333333334,8.0,66844.485
CUST02538,8,6248.84,781.105,11.0,20450.749090909092
CUST02539,6,4655.81,775.9683333333334,5.0,33521.832
CUST02540,10,11372.87,1137.287,11.0,37220.30181818182
CUST02541,8,9349.66,1168.7075,4.0,84146.94
CUST02542,6,5344.23,890.705,10.0,19239.228
CUST02543,8,11710.56,1463.82,10.0,42158.016
CUST02544,14,15137.39,1081.2421428571429,5.0,108989.208
CUST02545,15,20390.95,1359.3966666666668,2.0,367037.1
CUST02546,10,8655.2,865.52,11.0,28326.109090909093
CUST02547,19,21377.26,1125.118947368421,4.0,192395.34
CUST02548,4,3033.73,758.4325,9.0,12134.92
CUST02549,8,16431.62,2053.9525,2.0,295769.16
CUST02550,10,22371.6,2237.16,3.0,268459.2
CUST02551,8,12898.43,1612.30375,5.0,92868.696
CUST02552,11,17589.44,1599.04,6.0,105536.64
CUST02553,9,17003.62,1889.2911111111111,6.0,102021.72
CUST02554,10,17286.82,1728.682,0.0,17286.82
CUST02555,7,8346.2,1192.3142857142857,6.0,50077.2
CUST02556,11,17726.71,1611.519090909091,2.0,319080.78
CUST02557,13,12365.14,951.1646153846153,2.0,222572.52
CUST02558,8,9191.57,1148.94625,2.0,165448.26
CUST02559,8,6660.07,832.50875,0.0,6660.07
CUST02560,7,5811.98,830.2828571428571,11.0,19021.025454545455
CUST02561,9,12489.12,1387.68,4.0,112402.08
CUST02562,8,11316.74,1414.5925,1.0,407402.64
CUST02563,16,19152.41,1197.025625,0.0,19152.41
CUST02564,9,14265.06,1585.0066666666667,10.0,51354.216
CUST02565,8,8415.08,1051.885,10.0,30294.288
CUST02566,11,10613.82,964.8927272727273,9.0,42455.28
CUST02567,8,14684.94,1835.6175,9.0,58739.76
CUST02568,9,7966.04,885.1155555555556,7.0,40968.205714285716
CUST02569,7,12237.61,1748.23,1.0,440553.96
CUST02570,9,15074.8,1674.9777777777779,1.0,542692.8
CUST02571,11,10909.3,991.7545454545455,6.0,65455.8
CUST02572,9,14501.77,1611.3077777777778,4.0,130515.93
CUST02573,6,4429.62,738.27,1.0,159466.32
CUST02574,4,7713.52,1928.38,5.0,55537.344
CUST02575,11,10426.56,947.8690909090909,4.0,93839.04
CUST02576,11,17990.57,1635.5063636363636,0.0,17990.57
CUST02577,9,13583.06,1509.2288888888888,11.0,44453.65090909091
CUST02578,11,11902.45,1082.040909090909,5.0,85697.64
CUST02579,6,6822.45,1137.075,0.0,6822.45
CUST02580,4,9279.87,2319.9675,0.0,9279.87
CUST02581,14,18784.02,1341.7157142857143,8.0,84528.09
CUST02582,4,1864.9,466.225,6.0,11189.4
CUST02583,8,18236.72,2279.59,1.0,656521.92
CUST02584,5,4987.55,997.51,9.0,19950.2
CUST02585,16,20696.61,1293.538125,7.0,106439.70857142858
CUST02586,3,7253.51,2417.8366666666666,4.0,65281.59
CUST02587,2,592.94,296.47,2.0,10672.92
CUST02588,14,19032.09,1359.435,4.0,171288.81
CUST02589,12,16468.76,1372.3966666666668,0.0,16468.76
CUST02590,10,14221.49,1422.149,8.0,63996.705
CUST02591,12,23391.36,1949.28,3.0,280696.32
CUST02592,8,5270.06,658.7575,2.0,94861.08
CUST02593,9,9569.24,1063.2488888888888,6.0,57415.44
CUST02594,13,15663.3,1204.8692307692309,8.0,70484.85
CUST02595,13,16656.78,1281.2907692307692,1.0,599644.08
CUST02596,10,7023.96,702.396,4.0,63215.64
CUST02597,19,24771.04,1303.7389473684211,7.0,127393.92
CUST02598,8,11813.84,1476.73,10.0,42529.824
CUST02599,5,7511.96,1502.392,3.0,90143.52
CUST02600,11,17850.95,1622.8136363636363,7.0,91804.88571428572
CUST02601,5,9777.13,1955.426,1.0,351976.68
CUST02602,8,13771.88,1721.485,10.0,49578.768
CUST02603,6,10667.07,1777.845,4.0,96003.63
CUST02604,11,15017.65,1365.240909090909,7.0,77233.62857142858
CUST02605,10,13575.0,1357.5,5.0,97740.0
CUST02606,16,28190.41,1761.900625,5.0,202970.952
CUST02607,10,11108.22,1110.822,9.0,44432.88
CUST02608,9,18597.8,2066.4222222222224,7.0,95645.82857142857
CUST02609,11,11097.45,1008.8590909090909,3.0,133169.4
CUST02610,13,16769.82,1289.986153846154,2.0,301856.76
CUST02611,5,7646.66,1529.332,6.0,45879.96
CUST02612,12,13876.65,1156.3875,11.0,45414.490909090906
CUST02613,17,25109.73,1477.0429411764705,2.0,451975.14
CUST02614,9,18444.33,2049.37,10.0,66399.588
CUST02615,11,15678.57,1425.3245454545454,8.0,70553.565
CUST02616,6,5388.3,898.05,9.0,21553.2
CUST02617,7,10528.91,1504.13,3.0,126346.92
CUST02618,13,24855.46,1911.9584615384615,2.0,447398.28
CUST02619,11,12197.7,1108.8818181818183,11.0,39919.74545454545
CUST02620,14,22330.31,1595.0221428571429,10.0,80389.116
CUST02621,11,21602.75,1963.8863636363637,9.0,86411.0
CUST02622,10,17735.41,1773.541,0.0,17735.41
CUST02623,5,5207.15,1041.43,1.0,187457.4
CUST02624,10,12888.43,1288.843,1.0,463983.48
CUST02625,7,9631.24,1375.8914285714286,11.0,31520.421818181818
CUST02626,13,16172.86,1244.0661538461538,6.0,97037.16
CUST02627,8,9425.74,1178.2175,1.0,339326.64
CUST02628,12,13415.19,1117.9325,2.0,241473.42
CUST02629,10,13322.0,1332.2,11.0,43599.27272727273
CUST02630,10,8122.32,812.232,2.0,146201.76
CUST02631,13,17038.0,1310.6153846153845,4.0,153342.0
CUST02632,7,5891.13,841.59,0.0,5891.13
CUST02633,6,6319.94,1053.3233333333333,4.0,56879.46
CUST02634,7,7825.15,1117.8785714285714,4.0,70426.35
CUST02635,23,31271.9,1359.6478260869565,9.0,125087.6
CUST02636,10,15644.75,1564.475,8.0,70401.375
CUST02637,9,20256.98,2250.7755555555555,10.0,72925.128
CUST02638,9,13580.52,1508.9466666666667,11.0,44445.33818181818
CUST02639,8,15169.95,1896.24375,4.0,136529.55
CUST02640,3,3850.04,1283.3466666666666,3.0,46200.48
CUST02641,7,8539.01,1219.8585714285714,3.0,102468.12
CUST02642,6,9266.12,1544.3533333333332,8.0,41697.54
CUST02643,11,12288.68,1117.1527272727274,3.0,147464.16
CUST02644,11,16474.1,1497.6454545454546,9.0,65896.4
CUST02645,10,8919.87,891.987,11.0,29192.30181818182
CUST02646,9,9771.24,1085.6933333333334,11.0,31978.603636363638
CUST02647,11,14259.93,1296.3572727272726,2.0,256678.74
CUST02648,11,13156.71,1196.0645454545454,3.0,157880.52
CUST02649,10,10960.99,1096.099,0.0,10960.99
CUST02650,14,21218.1,1515.5785714285714,2.0,381925.8
CUST02651,10,21413.85,2141.385,3.0,256966.2
CUST02652,13,17581.98,1352.46,1.0,632951.28
CUST02653,9,10342.9,1149.2111111111112,0.0,10342.9
CUST02654,10,8414.76,841.476,0.0,8414.76
CUST02655,11,15405.28,1400.48,5.0,110918.016
CUST02656,7,13353.17,1907.5957142857144,1.0,480714.12
CUST02657,10,14351.58,1435.158,0.0,14351.58
CUST02658,11,11624.1,1056.7363636363636,3.0,139489.2
CUST02659,16,21236.2,1327.2625,5.0,152900.64
CUST02660,5,5874.47,1174.894,2.0,105740.46
CUST02661,9,13176.27,1464.03,7.0,67763.67428571428
CUST02662,8,15388.81,1923.60125,0.0,15388.81
CUST02663,2,387.74,193.87,3.0,4652.88
CUST02664,8,15958.41,1994.80125,11.0,52227.523636363636
CUST02665,10,15107.7,1510.77,0.0,15107.7
CUST02666,14,15550.3,1110.7357142857143,5.0,111962.16
CUST02667,9,16353.69,1817.0766666666666,7.0,84104.69142857143
CUST02668,17,22496.66,1323.3329411764705,7.0,115697.10857142857
CUST02669,11,9710.5,882.7727272727273,7.0,49939.71428571428
CUST02670,13,17293.75,1330.2884615384614,0.0,17293.75
CUST02671,15,24862.6,1657.5066666666667,0.0,24862.6
CUST02672,8,7904.8,988.1,3.0,94857.6
CUST02673,7,12640.85,1805.8357142857142,2.0,227535.3
CUST02674,9,8346.09,927.3433333333334,3.0,100153.08
CUST02675,3,8011.53,2670.51,10.0,28841.508
CUST02676,13,21794.21,1676.4776923076922,7.0,112084.50857142857
CUST02677,6,4690.68,781.78,10.0,16886.448
CUST02678,7,11968.7,1709.8142857142857,9.0,47874.8
CUST02679,5,6952.07,1390.414,8.0,31284.315
CUST02680,10,10287.1,1028.71,1.0,370335.6
CUST02681,13,12693.26,976.4046153846153,1.0,456957.36
CUST02682,17,26900.75,1582.3970588235295,7.0,138346.7142857143
CUST02683,9,19308.64,2145.4044444444444,4.0,173777.76
CUST02684,9,5353.28,594.8088888888889,11.0,17519.825454545455
CUST02685,10,11296.12,1129.612,2.0,203330.16
CUST02686,14,18162.38,1297.3128571428572,2.0,326922.84
CUST02687,7,10763.66,1537.6657142857143,5.0,77498.352
CUST02688,13,18920.27,1455.4053846153847,3.0,227043.24
CUST02689,6,7411.92,1235.32,4.0,66707.28
CUST02690,10,16433.52,1643.352,9.0,65734.08
CUST02691,8,10739.41,1342.42625,1.0,386618.76
CUST02692,9,11535.7,1281.7444444444445,9.0,46142.8
CUST02693,12,16309.49,1359.1241666666667,3.0,195713.88
CUST02694,15,15627.94,1041.8626666666667,8.0,70325.73
CUST02695,6,7120.74,1186.79,2.0,128173.32
CUST02696,10,11236.74,1123.674,2.0,202261.32
CUST02697,4,4550.52,1137.63,5.0,32763.744
CUST02698,13,13352.58,1027.1215384615384,8.0,60086.61
CUST02699,12,14223.45,1185.2875,7.0,73149.17142857143
CUST02700,10,19722.33,1972.233,1.0,710003.88
CUST02701,7,4759.75,679.9642857142857,7.0,24478.714285714286
CUST02702,10,13738.23,1373.823,11.0,44961.48
CUST02703,3,3375.12,1125.04,6.0,20250.72
CUST02704,8,14835.19,1854.39875,10.0,53406.684
CUST02705,8,12696.23,1587.02875,10.0,45706.428
CUST02706,11,19962.72,1814.7927272727272,3.0,239552.64
CUST02707,9,12548.35,1394.2611111111112,9.0,50193.4
CUST02708,13,18263.94,1404.9184615384615,8.0,82187.73
CUST02709,9,10825.01,1202.7788888888888,10.0,38970.036
CUST02710,8,14361.59,1795.19875,8.0,64627.155
CUST02711,8,12381.91,1547.73875,8.0,55718.595
CUST02712,11,12574.95,1143.1772727272728,4.0,113174.55
CUST02713,10,12022.13,1202.213,10.0,43279.668
CUST02714,7,9136.3,1305.1857142857143,6.0,54817.8
CUST02715,9,5720.05,635.5611111111111,1.0,205921.8
CUST02716,9,18280.67,2031.1855555555555,9.0,73122.68
CUST02717,8,9637.09,1204.63625,4.0,86733.81
CUST02718,8,11723.02,1465.3775,0.0,11723.02
CUST02719,9,18287.87,2031.9855555555555,8.0,82295.415
CUST02720,9,12387.96,1376.44,4.0,111491.64
CUST02721,11,16287.86,1480.7145454545455,6.0,97727.16
CUST02722,13,16801.36,1292.4123076923076,3.0,201616.32
CUST02723,8,12508.57,1563.57125,4.0,112577.13
CUST02724,11,10049.64,913.6036363636364,10.0,36178.704
CUST02725,11,16030.11,1457.2827272727272,4.0,144270.99
CUST02726,8,8385.42,1048.1775,2.0,150937.56
CUST02727,11,21786.07,1980.5518181818181,0.0,21786.07
CUST02728,15,24696.56,1646.4373333333333,11.0,80825.10545454545
CUST02729,12,13446.58,1120.5483333333334,3.0,161358.96
CUST02730,10,9679.63,967.963,5.0,69693.336
CUST02731,8,6891.21,861.40125,9.0,27564.84
CUST02732,10,7092.53,709.253,9.0,28370.12
CUST02733,11,13231.82,1202.8927272727274,6.0,79390.92
CUST02734,11,17178.42,1561.6745454545455,1.0,618423.12
CUST02735,14,19522.45,1394.4607142857142,3.0,234269.4
CUST02736,9,17276.77,1919.641111111111,5.0,124392.744
CUST02737,17,22483.46,1322.5564705882352,8.0,101175.57
CUST02738,11,18610.43,1691.8572727272726,1.0,669975.48
CUST02739,15,13893.55,926.2366666666667,2.0,250083.9
CUST02740,12,20507.34,1708.945,7.0,105466.32
CUST02741,10,12339.03,1233.903,1.0,444205.08
CUST02742,11,16584.74,1507.7036363636364,2.0,298525.32
CUST02743,7,8603.54,1229.077142857143,7.0,44246.77714285714
CUST02744,13,19312.69,1485.5915384615384,11.0,63205.167272727274
CUST02745,15,16063.76,1070.9173333333333,6.0,96382.56
CUST02746,14,21718.85,1551.3464285714285,2.0,390939.3
CUST02747,10,24233.54,2423.354,4.0,218101.86
CUST02748,8,10666.99,1333.37375,3.0,128003.88
CUST02749,7,6812.09,973.1557142857143,7.0,35033.60571428572
CUST02750,9,8126.29,902.9211111111111,2.0,146273.22
CUST02751,8,12215.02,1526.8775,2.0,219870.36
CUST02752,7,11383.61,1626.23,2.0,204904.98
CUST02753,11,10361.18,941.9254545454545,3.0,124334.16
CUST02754,7,3953.81,564.83,7.0,20333.88
CUST02755,16,29657.27,1853.579375,6.0,177943.62
CUST02756,12,17597.97,1466.4975,10.0,63352.692
CUST02757,10,5421.22,542.122,10.0,19516.392
CUST02758,12,14532.37,1211.0308333333332,2.0,261582.66
CUST02759,12,15280.28,1273.3566666666666,10.0,55009.008
CUST02760,14,15859.67,1132.8335714285715,1.0,570948.12
CUST02761,8,6545.09,818.13625,4.0,58905.81
CUST02762,8,16190.98,2023.8725,10.0,58287.528
CUST02763,6,11051.27,1841.8783333333333,5.0,79569.144
CUST02764,9,13965.99,1551.7766666666666,9.0,55863.96
CUST02765,12,16143.86,1345.3216666666667,4.0,145294.74
CUST02766,9,12477.58,1386.3977777777777,4.0,112298.22
CUST02767,9,10006.92,1111.88,7.0,51464.16
CUST02768,11,11015.55,1001.4136363636363,1.0,396559.8
CUST02769,14,15126.2,1080.442857142857,7.0,77791.88571428572
CUST02770,10,13756.38,1375.638,5.0,99045.936
CUST02771,10,13433.07,1343.307,9.0,53732.28
CUST02772,15,20611.62,1374.108,11.0,67456.2109090909
CUST02773,10,7815.16,781.516,6.0,46890.96
CUST02774,17,22741.66,1337.744705882353,4.0,204674.94
CUST02775,6,9931.48,1655.2466666666667,6.0,59588.88
CUST02776,6,9230.11,1538.3516666666667,11.0,30207.63272727273
CUST02777,5,10368.31,2073.662,5.0,74651.832
CUST02778,4,2720.85,680.2125,4.0,24487.65
CUST02779,5,9052.55,1810.51,3.0,108630.6
CUST02780,9,13524.29,1502.6988888888889,8.0,60859.305
CUST02781,10,12473.78,1247.378,2.0,224528.04
CUST02782,9,15236.79,1692.9766666666667,3.0,182841.48
CUST02783,12,12147.76,1012.3133333333334,8.0,54664.92
CUST02784,15,19829.73,1321.982,2.0,356935.14
CUST02785,7,7688.0,1098.2857142857142,7.0,39538.28571428572
CUST02786,13,18146.83,1395.91,9.0,72587.32
CUST02787,9,11204.59,1244.9544444444443,2.0,201682.62
CUST02788,9,12925.76,1436.1955555555555,0.0,12925.76
CUST02789,8,12169.31,1521.16375,8.0,54761.895
CUST02790,10,20502.36,2050.236,4.0,184521.24
CUST02791,13,14993.42,1153.34,11.0,49069.37454545454
CUST02792,10,16738.97,1673.897,2.0,301301.46
CUST02793,5,3399.97,679.994,7.0,17485.56
CUST02794,15,24303.9,1620.26,0.0,24303.9
CUST02795,15,17065.0,1137.6666666666667,9.0,68260.0
CUST02796,7,11705.88,1672.2685714285715,1.0,421411.68
CUST02797,7,11167.52,1595.36,6.0,67005.12
CUST02798,8,9585.21,1198.15125,2.0,172533.78
CUST02799,12,15234.18,1269.515,0.0,15234.18
CUST02800,7,13659.86,1951.4085714285713,1.0,491754.96
CUST02801,6,4103.17,683.8616666666667,11.0,13428.556363636364
CUST02802,9,14867.31,1651.9233333333334,8.0,66902.895
CUST02803,12,11899.94,991.6616666666666,6.0,71399.64
CUST02804,6,5010.1,835.0166666666667,5.0,36072.72
CUST02805,13,21769.27,1674.5592307692307,0.0,21769.27
CUST02806,10,12094.01,1209.401,4.0,108846.09
CUST02807,8,10898.78,1362.3475,2.0,196178.04
CUST02808,9,16885.18,1876.131111111111,10.0,60786.648
CUST02809,17,20820.07,1224.71,4.0,187380.63
CUST02810,7,6298.09,899.7271428571429,1.0,226731.24
CUST02811,9,15444.38,1716.0422222222223,0.0,15444.38
CUST02812,11,17079.92,1552.72,11.0,55897.92
CUST02813,6,8919.14,1486.5233333333333,9.0,35676.56
CUST02814,8,9149.05,1143.63125,0.0,9149.05
CUST02815,14,17914.21,1279.5864285714285,3.0,214970.52
CUST02816,14,16460.72,1175.7657142857142,2.0,296292.96
CUST02817,5,3297.97,659.594,1.0,118726.92
CUST02818,9,14491.35,1610.15,2.0,260844.3
CUST02819,8,8292.56,1036.57,11.0,27139.287272727273
CUST02820,11,19697.09,1790.6445454545456,5.0,141819.048
CUST02821,10,9640.84,964.084,9.0,38563.36
CUST02822,6,13018.22,2169.7033333333334,10.0,46865.592
CUST02823,7,11126.62,1589.5171428571427,9.0,44506.48
CUST02824,10,13379.4,1337.94,3.0,160552.8
CUST02825,9,15562.04,1729.1155555555556,3.0,186744.48
CUST02826,15,24665.69,1644.3793333333333,2.0,443982.42
CUST02827,7,3782.86,540.4085714285715,0.0,3782.86
CUST02828,6,8881.63,1480.2716666666668,1.0,319738.68
CUST02829,8,7873.85,984.23125,10.0,28345.86
CUST02830,7,6494.54,927.7914285714286,0.0,6494.54
CUST02831,9,16058.1,1784.2333333333333,10.0,57809.16
CUST02832,12,21096.94,1758.0783333333334,7.0,108498.54857142858
CUST02833,8,17200.91,2150.11375,1.0,619232.76
CUST02834,10,11155.31,1115.531,11.0,36508.28727272727
CUST02835,10,14950.96,1495.096,3.0,179411.52
CUST02836,8,12762.02,1595.2525,9.0,51048.08
CUST02837,14,24121.04,1722.9314285714286,9.0,96484.16
CUST02838,10,17092.74,1709.274,1.0,615338.64
CUST02839,14,14056.79,1004.0564285714286,1.0,506044.44
CUST02840,10,7417.27,741.727,6.0,44503.62
CUST02841,6,11166.95,1861.1583333333333,2.0,201005.1
CUST02842,10,15049.1,1504.91,11.0,49251.6
CUST02843,11,16792.03,1526.5481818181818,8.0,75564.135
CUST02844,11,13137.64,1194.330909090909,7.0,67565.00571428571
CUST02845,8,15040.97,1880.12125,11.0,49224.99272727273
CUST02846,9,13425.84,1491.76,4.0,120832.56
CUST02847,12,9025.27,752.1058333333333,9.0,36101.08
CUST02848,9,10976.22,1219.58,7.0,56449.131428571425
CUST02849,5,7604.69,1520.938,9.0,30418.76
CUST02850,14,18561.55,1325.825,6.0,111369.3
CUST02851,7,11206.56,1600.9371428571428,10.0,40343.616
CUST02852,8,9753.86,1219.2325,2.0,175569.48
CUST02853,12,19302.78,1608.565,5.0,138980.016
CUST02854,10,14925.66,1492.566,8.0,67165.47
CUST02855,3,1555.83,518.61,10.0,5600.988
CUST02856,7,7972.22,1138.8885714285714,3.0,95666.64
CUST02857,6,8511.89,1418.6483333333333,3.0,102142.68
CUST02858,10,13493.48,1349.348,6.0,80960.88
CUST02859,11,10252.1,932.0090909090909,5.0,73815.12
CUST02860,9,15618.83,1735.4255555555555,1.0,562277.88
CUST02861,10,13748.52,1374.852,6.0,82491.12
CUST02862,10,21301.34,2130.134,3.0,255616.08
CUST02863,12,14272.78,1189.3983333333333,10.0,51382.008
CUST02864,8,6514.13,814.26625,2.0,117254.34
CUST02865,7,10743.51,1534.787142857143,7.0,55252.33714285714
CUST02866,7,8025.06,1146.4371428571428,11.0,26263.832727272726
CUST02867,13,15409.87,1185.3746153846155,3.0,184918.44
CUST02868,12,13202.41,1100.2008333333333,5.0,95057.352
CUST02869,13,17377.17,1336.7053846153847,6.0,104263.02
CUST02870,10,12708.13,1270.813,1.0,457492.68
CUST02871,11,14676.88,1334.2618181818182,11.0,48033.42545454545
CUST02872,7,7757.31,1108.1871428571428,11.0,25387.56
CUST02873,5,3090.52,618.104,2.0,55629.36
CUST02874,7,6609.96,944.28,10.0,23795.856
CUST02875,9,10428.36,1158.7066666666667,10.0,37542.096
CUST02876,10,8267.23,826.723,6.0,49603.38
CUST02877,18,25486.56,1415.92,2.0,458758.08
CUST02878,8,11593.0,1449.125,0.0,11593.0
CUST02879,14,14099.92,1007.1371428571429,4.0,126899.28
CUST02880,13,21648.63,1665.2792307692307,7.0,111335.81142857143
CUST02881,11,10040.31,912.7554545454545,11.0,32859.196363636365
CUST02882,6,14227.67,2371.278333333333,11.0,46563.28363636364
CUST02883,8,15057.45,1882.18125,11.0,49278.92727272727
CUST02884,8,12933.27,1616.65875,1.0,465597.72
CUST02885,9,10471.71,1163.5233333333333,6.0,62830.26
CUST02886,12,14889.61,1240.8008333333332,2.0,268012.98
CUST02887,16,32530.91,2033.181875,8.0,146389.095
CUST02888,11,12093.75,1099.4318181818182,3.0,145125.0
CUST02889,18,22396.67,1244.2594444444444,5.0,161256.024
CUST02890,7,7903.25,1129.0357142857142,6.0,47419.5
CUST02891,8,9079.01,1134.87625,7.0,46692.05142857143
CUST02892,12,13264.67,1105.3891666666666,6.0,79588.02
CUST02893,6,2427.84,404.64,3.0,29134.08
CUST02894,14,18718.63,1337.045,0.0,18718.63
CUST02895,6,9713.89,1618.9816666666666,4.0,87425.01
CUST02896,12,19417.48,1618.1233333333332,2.0,349514.64
CUST02897,10,9099.32,909.932,10.0,32757.552
CUST02898,10,10957.27,1095.727,6.0,65743.62
CUST02899,9,11002.08,1222.4533333333334,9.0,44008.32
CUST02900,16,21947.02,1371.68875,2.0,395046.36
CUST02901,14,19424.74,1387.4814285714285,4.0,174822.66
CUST02902,12,16059.3,1338.275,11.0,52557.70909090909
CUST02903,10,12328.38,1232.838,3.0,147940.56
CUST02904,9,8737.59,970.8433333333334,9.0,34950.36
CUST02905,5,5999.04,1199.808,10.0,21596.544
CUST02906,11,15722.99,1429.3627272727272,2.0,283013.82
CUST02907,12,7107.36,592.28,9.0,28429.44
CUST02908,9,13019.46,1446.6066666666666,11.0,42609.141818181815
CUST02909,9,15416.32,1712.9244444444444,4.0,138746.88
CUST02910,7,10972.67,1567.5242857142857,2.0,197508.06
CUST02911,10,15077.53,1507.753,0.0,15077.53
CUST02912,7,6084.01,869.1442857142857,10.0,21902.436
CUST02913,15,18970.04,1264.6693333333333,8.0,85365.18
CUST02914,8,9970.95,1246.36875,1.0,358954.2
CUST02915,13,15792.7,1214.823076923077,0.0,15792.7
CUST02916,7,6966.13,995.1614285714286,10.0,25078.068
CUST02917,9,8439.68,937.7422222222223,2.0,151914.24
CUST02918,10,15164.55,1516.455,3.0,181974.6
CUST02919,9,11264.4,1251.6,10.0,40551.84
CUST02920,10,18086.93,1808.693,8.0,81391.185
CUST02921,9,14047.77,1560.8633333333332,6.0,84286.62
CUST02922,9,13294.7,1477.1888888888889,7.0,68372.74285714286
CUST02923,14,23582.08,1684.4342857142858,6.0,141492.48
CUST02924,11,17739.8,1612.709090909091,11.0,58057.527272727275
CUST02925,7,9158.33,1308.3328571428572,4.0,82424.97
CUST02926,13,15325.49,1178.8838461538462,6.0,91952.94
CUST02927,12,12745.27,1062.1058333333333,3.0,152943.24
CUST02928,17,21312.77,1253.6923529411765,3.0,255753.24
CUST02929,5,8700.16,1740.032,10.0,31320.576
CUST02930,19,29790.71,1567.9321052631578,11.0,97496.8690909091
CUST02931,10,8413.1,841.31,0.0,8413.1
CUST02932,7,5507.53,786.79,5.0,39654.216
CUST02933,14,17099.74,1221.41,8.0,76948.83
CUST02934,11,12263.64,1114.8763636363637,3.0,147163.68
CUST02935,9,13160.62,1462.2911111111111,9.0,52642.48
CUST02936,3,5019.37,1673.1233333333332,11.0,16427.02909090909
CUST02937,11,13349.7,1213.6090909090908,11.0,43689.92727272727
CUST02938,12,18117.16,1509.7633333333333,1.0,652217.76
CUST02939,8,10460.91,1307.61375,7.0,53798.96571428572
CUST02940,8,9810.9,1226.3625,6.0,58865.4
CUST02941,15,20128.69,1341.9126666666666,3.0,241544.28
CUST02942,10,18321.44,1832.144,10.0,65957.184
CUST02943,10,12591.87,1259.187,7.0,64758.188571428575
CUST02944,8,8392.74,1049.0925,9.0,33570.96
CUST02945,12,14939.54,1244.9616666666666,5.0,107564.688
CUST02946,11,11820.26,1074.5690909090908,5.0,85105.872
CUST02947,2,1808.16,904.08,11.0,5917.614545454546
CUST02948,6,3080.5,513.4166666666666,6.0,18483.0
CUST02949,11,14253.56,1295.7781818181818,11.0,46648.01454545455
CUST02950,14,18855.85,1346.8464285714285,10.0,67881.06
CUST02951,12,18947.5,1578.9583333333333,7.0,97444.28571428571
CUST02952,12,15980.8,1331.7333333333333,3.0,191769.6
CUST02953,8,8348.6,1043.575,0.0,8348.6
CUST02954,9,14447.82,1605.3133333333333,11.0,47283.774545454544
CUST02955,14,24953.19,1782.3707142857143,10.0,89831.484
CUST02956,15,23195.48,1546.3653333333334,2.0,417518.64
CUST02957,11,11693.29,1063.0263636363636,5.0,84191.688
CUST02958,10,13456.67,1345.667,2.0,242220.06
CUST02959,8,7254.18,906.7725,5.0,52230.096
CUST02960,12,20379.04,1698.2533333333333,0.0,20379.04
CUST02961,12,24945.65,2078.804166666667,11.0,81640.3090909091
CUST02962,9,9165.28,1018.3644444444444,4.0,82487.52
CUST02963,15,26971.46,1798.0973333333334,3.0,323657.52
CUST02964,9,8481.45,942.3833333333333,1.0,305332.2
CUST02965,8,14479.22,1809.9025,11.0,47386.538181818185
CUST02966,7,6693.98,956.2828571428571,8.0,30122.91
CUST02967,13,20917.29,1609.0223076923078,11.0,68456.58545454545
CUST02968,13,17191.54,1322.4261538461537,1.0,618895.44
CUST02969,8,17442.3,2180.2875,0.0,17442.3
CUST02970,9,12190.21,1354.4677777777779,10.0,43884.756
CUST02971,10,17092.19,1709.219,4.0,153829.71
CUST02972,13,22274.9,1713.4538461538461,0.0,22274.9
CUST02973,8,7084.06,885.5075,1.0,255026.16
CUST02974,9,9474.66,1052.74,2.0,170543.88
CUST02975,2,893.87,446.935,5.0,6435.864
CUST02976,6,10738.44,1789.74,8.0,48322.98
CUST02977,10,14258.17,1425.817,4.0,128323.53
CUST02978,15,23538.87,1569.258,7.0,121057.04571428572
CUST02979,12,12391.37,1032.6141666666667,7.0,63727.04571428571
CUST02980,4,5086.89,1271.7225,2.0,91564.02
CUST02981,8,10168.5,1271.0625,1.0,366066.0
CUST02982,13,25953.59,1996.43,10.0,93432.924
CUST02983,10,19473.82,1947.382,11.0,63732.501818181816
CUST02984,15,23630.38,1575.3586666666667,11.0,77335.7890909091
CUST02985,8,7069.94,883.7425,7.0,36359.69142857143
CUST02986,13,22482.07,1729.39,5.0,161870.904
CUST02987,7,8752.97,1250.4242857142858,5.0,63021.384
CUST02988,7,10683.89,1526.27,3.0,128206.68
CUST02989,13,18113.75,1393.3653846153845,4.0,163023.75
CUST02990,12,13336.47,1111.3725,7.0,68587.56
CUST02991,13,21531.73,1656.2869230769231,5.0,155028.456
CUST02992,10,16517.38,1651.738,7.0,84946.52571428572
CUST02993,14,23759.93,1697.1378571428572,5.0,171071.496
CUST02994,9,12498.05,1388.6722222222222,11.0,40902.70909090909
CUST02995,12,18501.37,1541.7808333333332,1.0,666049.32
CUST02996,11,20943.78,1903.98,9.0,83775.12
CUST02997,13,20219.78,1555.3676923076923,8.0,90989.01
CUST02998,8,10661.73,1332.71625,8.0,47977.785
CUST02999,6,4264.25,710.7083333333334,1.0,153513.0
CUST03000,10,19342.91,1934.291,1.0,696344.76
CUST03001,6,4387.24,731.2066666666667,11.0,14358.24
CUST03002,5,10436.57,2087.314,6.0,62619.42
CUST03003,4,4927.04,1231.76,3.0,59124.48
CUST03004,9,11735.43,1303.9366666666667,2.0,211237.74
CUST03005,9,13296.99,1477.4433333333334,4.0,119672.91
CUST03006,7,6226.43,889.49,4.0,56037.87
CUST03007,14,18982.79,1355.9135714285715,7.0,97625.77714285714
CUST03008,7,7176.9,1025.2714285714285,0.0,7176.9
CUST03009,10,17296.46,1729.646,7.0,88953.22285714286
CUST03010,4,6415.28,1603.82,3.0,76983.36
CUST03011,12,16280.18,1356.6816666666666,10.0,58608.648
CUST03012,11,15918.96,1447.1781818181819,0.0,15918.96
CUST03013,13,12491.72,960.9015384615385,6.0,74950.32
CUST03014,6,10165.92,1694.32,5.0,73194.624
CUST03015,10,12574.97,1257.497,2.0,226349.46
CUST03016,11,9674.23,879.4754545454546,2.0,174136.14
CUST03017,8,17057.85,2132.23125,0.0,17057.85
CUST03018,18,21201.66,1177.87,7.0,109037.10857142857
CUST03019,6,11035.03,1839.1716666666666,6.0,66210.18
CUST03020,10,14961.6,1496.16,2.0,269308.8
CUST03021,12,13293.33,1107.7775,1.0,478559.88
CUST03022,8,5112.08,639.01,7.0,26290.69714285714
CUST03023,11,9358.63,850.7845454545454,5.0,67382.136
CUST03024,12,18903.46,1575.2883333333334,6.0,113420.76
CUST03025,9,7819.24,868.8044444444445,10.0,28149.264
CUST03026,9,10576.19,1175.1322222222223,10.0,38074.284
CUST03027,7,10129.03,1447.0042857142857,2.0,182322.54
CUST03028,14,15201.05,1085.7892857142858,1.0,547237.8
CUST03029,17,26386.13,1552.1252941176472,0.0,26386.13
CUST03030,11,17377.83,1579.8027272727272,3.0,208533.96
CUST03031,9,8110.07,901.1188888888889,11.0,26542.04727272727
CUST03032,10,11405.76,1140.576,6.0,68434.56
CUST03033,5,10391.7,2078.34,1.0,374101.2
CUST03034,5,8582.6,1716.52,7.0,44139.08571428571
CUST03035,7,12300.74,1757.2485714285715,1.0,442826.64
CUST03036,12,11079.99,923.3325,9.0,44319.96
CUST03037,8,7274.18,909.2725,7.0,37410.06857142857
CUST03038,8,13692.16,1711.52,5.0,98583.552
CUST03039,16,13819.79,863.736875,0.0,13819.79
CUST03040,19,18938.79,996.7784210526315,9.0,75755.16
CUST03041,5,5089.84,1017.968,11.0,16657.65818181818
CUST03042,9,13162.34,1462.4822222222222,0.0,13162.34
CUST03043,4,8700.8,2175.2,1.0,313228.8
CUST03044,15,20198.42,1346.5613333333333,7.0,103877.58857142857
CUST03045,11,12684.6,1153.1454545454546,7.0,65235.08571428571
CUST03046,13,21613.88,1662.6061538461538,7.0,111157.09714285714
CUST03047,11,18334.5,1666.7727272727273,0.0,18334.5
CUST03048,11,10916.01,992.3645454545455,0.0,10916.01
CUST03049,4,3804.87,951.2175,11.0,12452.301818181819
CUST03050,9,14628.73,1625.4144444444444,9.0,58514.92
CUST03051,9,10626.3,1180.7,0.0,10626.3
CUST03052,8,11576.79,1447.09875,11.0,37887.67636363636
CUST03053,8,15006.43,1875.80375,5.0,108046.296
CUST03054,9,6541.73,726.8588888888889,8.0,29437.785
CUST03055,15,24532.04,1635.4693333333332,1.0,883153.44
CUST03056,6,9223.48,1537.2466666666667,10.0,33204.528
CUST03057,15,26071.38,1738.092,7.0,134081.38285714286
CUST03058,14,14508.2,1036.3,9.0,58032.8
CUST03059,7,7602.94,1086.1342857142856,1.0,273705.84
CUST03060,17,21402.77,1258.9864705882353,5.0,154099.944
CUST03061,8,14709.14,1838.6425,2.0,264764.52
CUST03062,6,10145.31,1690.885,6.0,60871.86
CUST03063,12,9529.42,794.1183333333333,11.0,31187.192727272726
CUST03064,10,13336.4,1333.64,4.0,120027.6
CUST03065,8,11049.27,1381.15875,2.0,198886.86
CUST03066,9,6526.48,725.1644444444445,11.0,21359.38909090909
CUST03067,9,11761.92,1306.88,3.0,141143.04
CUST03068,5,5220.83,1044.166,1.0,187949.88
CUST03069,6,13326.97,2221.161666666667,0.0,13326.97
CUST03070,9,11817.85,1313.0944444444444,0.0,11817.85
CUST03071,11,19306.27,1755.1154545454544,11.0,63184.156363636364
CUST03072,9,16155.24,1795.0266666666666,11.0,52871.69454545454
CUST03073,7,14891.3,2127.3285714285716,4.0,134021.7
CUST03074,14,22035.82,1573.9871428571428,11.0,72117.2290909091
CUST03075,9,8089.27,898.8077777777778,4.0,72803.43
CUST03076,10,17598.97,1759.897,10.0,63356.292
CUST03077,13,13243.28,1018.7138461538461,1.0,476758.08
CUST03078,9,11255.38,1250.5977777777778,11.0,36835.78909090909
CUST03079,15,26867.64,1791.176,4.0,241808.76
CUST03080,13,12107.72,931.363076923077,10.0,43587.792
CUST03081,7,7888.17,1126.8814285714286,11.0,25815.82909090909
CUST03082,10,13461.93,1346.193,3.0,161543.16
CUST03083,10,10811.28,1081.128,8.0,48650.76
CUST03084,7,11459.24,1637.0342857142857,1.0,412532.64
CUST03085,6,6214.61,1035.7683333333334,8.0,27965.745
CUST03086,8,14545.73,1818.21625,9.0,58182.92
CUST03087,14,23504.63,1678.902142857143,10.0,84616.668
CUST03088,7,8724.08,1246.297142857143,0.0,8724.08
CUST03089,11,13133.15,1193.9227272727273,9.0,52532.6
CUST03090,14,23265.64,1661.8314285714287,11.0,76142.09454545454
CUST03091,11,15732.7,1430.2454545454545,5.0,113275.44
CUST03092,8,7676.92,959.615,11.0,25124.465454545454
CUST03093,11,17011.02,1546.4563636363637,7.0,87485.24571428572
CUST03094,10,12869.24,1286.924,6.0,77215.44
CUST03095,13,14147.78,1088.2907692307692,11.0,46301.825454545455
CUST03096,10,16381.34,1638.134,11.0,53611.65818181818
CUST03097,8,6293.76,786.72,10.0,22657.536
CUST03098,9,10391.97,1154.6633333333334,4.0,93527.73
CUST03099,5,10173.27,2034.654,9.0,40693.08
CUST03100,8,9567.49,1195.93625,9.0,38269.96
CUST03101,13,16693.65,1284.126923076923,1.0,600971.4
CUST03102,7,9748.3,1392.6142857142856,9.0,38993.2
CUST03103,10,14267.46,1426.746,7.0,73375.50857142857
CUST03104,7,5317.93,759.7042857142857,7.0,27349.354285714286
CUST03105,10,10025.03,1002.503,11.0,32809.189090909094
CUST03106,12,14868.59,1239.0491666666667,6.0,89211.54
CUST03107,9,13663.1,1518.1222222222223,7.0,70267.37142857142
CUST03108,15,16886.57,1125.7713333333334,6.0,101319.42
CUST03109,7,3731.76,533.1085714285714,4.0,33585.84
CUST03110,9,4678.97,519.8855555555556,2.0,84221.46
CUST03111,5,10546.29,2109.258,11.0,34515.13090909091
CUST03112,17,23984.84,1410.8729411764705,5.0,172690.848
CUST03113,10,11373.98,1137.398,7.0,58494.75428571428
CUST03114,14,20030.06,1430.7185714285715,2.0,360541.08
CUST03115,10,13148.87,1314.887,8.0,59169.915
CUST03116,17,24498.89,1441.1111764705881,6.0,146993.34
CUST03117,11,19696.3,1790.5727272727272,5.0,141813.36
CUST03118,15,21396.87,1426.458,11.0,70026.12
CUST03119,4,6353.41,1588.3525,6.0,38120.46
CUST03120,9,9102.56,1011.3955555555556,0.0,9102.56
CUST03121,9,15174.21,1686.0233333333333,2.0,273135.78
CUST03122,14,18272.09,1305.1492857142857,7.0,93970.74857142857
CUST03123,12,15283.62,1273.635,10.0,55021.032
CUST03124,7,6821.55,974.5071428571429,3.0,81858.6
CUST03125,13,13123.81,1009.5238461538462,5.0,94491.432
CUST03126,10,13694.44,1369.444,11.0,44818.167272727274
CUST03127,7,5625.86,803.6942857142857,8.0,25316.37
CUST03128,7,12685.22,1812.1742857142858,11.0,41515.26545454546
CUST03129,13,15016.88,1155.1446153846155,0.0,15016.88
CUST03130,12,15527.33,1293.9441666666667,5.0,111796.776
CUST03131,7,9169.11,1309.8728571428571,11.0,30007.996363636365
CUST03132,10,12103.54,1210.354,10.0,43572.744
CUST03133,12,26105.2,2175.4333333333334,7.0,134255.3142857143
CUST03134,16,20083.17,1255.198125,1.0,722994.12
CUST03135,6,10540.9,1756.8166666666666,7.0,54210.34285714286
CUST03136,14,23224.83,1658.9164285714285,7.0,119441.98285714285
CUST03137,12,17585.39,1465.4491666666668,9.0,70341.56
CUST03138,11,12349.8,1122.709090909091,3.0,148197.6
CUST03139,11,12075.57,1097.7790909090909,10.0,43472.052
CUST03140,8,21691.59,2711.44875,3.0,260299.08
CUST03141,14,14227.06,1016.2185714285714,8.0,64021.77
CUST03142,9,10095.75,1121.75,7.0,51921.0
CUST03143,9,10498.83,1166.5366666666666,1.0,377957.88
CUST03144,10,8625.64,862.564,1.0,310523.04
CUST03145,8,9850.78,1231.3475,0.0,9850.78
CUST03146,9,14699.32,1633.2577777777778,9.0,58797.28
CUST03147,11,20640.17,1876.379090909091,9.0,82560.68
CUST03148,13,12355.94,950.4569230769231,0.0,12355.94
CUST03149,12,20438.67,1703.2225,11.0,66890.19272727273
CUST03150,14,15986.0,1141.857142857143,3.0,191832.0
CUST03151,4,10668.77,2667.1925,11.0,34915.97454545455
CUST03152,6,7347.36,1224.56,1.0,264504.96
CUST03153,23,33106.41,1439.4091304347826,0.0,33106.41
CUST03154,8,6425.68,803.21,10.0,23132.448
CUST03155,17,31159.25,1832.8970588235295,2.0,560866.5
CUST03156,10,13951.45,1395.145,6.0,83708.7
CUST03157,7,8521.23,1217.3185714285714,11.0,27887.66181818182
CUST03158,13,17226.14,1325.0876923076924,2.0,310070.52
CUST03159,10,9034.85,903.485,8.0,40656.825
CUST03160,9,9588.14,1065.348888888889,11.0,31379.36727272727
CUST03161,7,13276.81,1896.6871428571428,3.0,159321.72
CUST03162,4,5660.8,1415.2,1.0,203788.8
CUST03163,9,15374.67,1708.2966666666666,8.0,69186.015
CUST03164,9,9030.07,1003.3411111111111,7.0,46440.36
CUST03165,16,13554.78,847.17375,10.0,48797.208
CUST03166,10,13098.14,1309.814,1.0,471533.04
CUST03167,12,14442.67,1203.5558333333333,4.0,129984.03
CUST03168,11,14061.76,1278.341818181818,7.0,72317.62285714285
CUST03169,7,10785.36,1540.7657142857142,11.0,35297.54181818182
CUST03170,8,13962.07,1745.25875,0.0,13962.07
CUST03171,13,14546.66,1118.9738461538461,11.0,47607.25090909091
CUST03172,9,13502.04,1500.2266666666667,6.0,81012.24
CUST03173,14,14657.18,1046.9414285714286,7.0,75379.78285714285
CUST03174,7,6463.63,923.3757142857143,9.0,25854.52
CUST03175,11,30828.34,2802.5763636363636,2.0,554910.12
CUST03176,6,9681.7,1613.6166666666666,9.0,38726.8
CUST03177,7,7947.01,1135.287142857143,1.0,286092.36
CUST03178,10,14678.7,1467.87,10.0,52843.32
CUST03179,12,16474.89,1372.9075,9.0,65899.56
CUST03180,13,16906.93,1300.533076923077,11.0,55331.77090909091
CUST03181,12,18609.62,1550.8016666666667,2.0,334973.16
CUST03182,13,17748.17,1365.243846153846,3.0,212978.04
CUST03183,8,7842.69,980.33625,7.0,40333.834285714285
CUST03184,9,17133.17,1903.6855555555555,1.0,616794.12
CUST03185,6,7259.27,1209.8783333333333,4.0,65333.43
CUST03186,13,17237.3,1325.946153846154,4.0,155135.7
CUST03187,7,12759.68,1822.8114285714287,0.0,12759.68
CUST03188,12,15092.19,1257.6825,3.0,181106.28
CUST03189,13,13110.28,1008.483076923077,10.0,47197.008
CUST03190,12,14421.87,1201.8225,9.0,57687.48
CUST03191,9,8361.27,929.03,10.0,30100.572
CUST03192,8,10036.93,1254.61625,9.0,40147.72
CUST03193,8,9882.17,1235.27125,5.0,71151.624
CUST03194,11,18659.1,1696.2818181818182,1.0,671727.6
CUST03195,9,17416.71,1935.19,2.0,313500.78
CUST03196,5,6620.37,1324.074,1.0,238333.32
CUST03197,9,14341.18,1593.4644444444446,8.0,64535.31
CUST03198,13,19846.23,1526.633076923077,11.0,64951.29818181818
CUST03199,18,29594.1,1644.1166666666666,0.0,29594.1
CUST03200,8,12850.66,1606.3325,6.0,77103.96
CUST03201,16,25598.25,1599.890625,6.0,153589.5
CUST03202,10,15378.94,1537.894,8.0,69205.23
CUST03203,13,24198.71,1861.4392307692308,1.0,871153.56
CUST03204,11,19975.27,1815.9336363636364,11.0,65373.61090909091
CUST03205,14,20831.8,1487.9857142857143,6.0,124990.8
CUST03206,13,15614.6,1201.123076923077,10.0,56212.56
CUST03207,11,13124.68,1193.1527272727274,10.0,47248.848
CUST03208,5,7849.05,1569.81,11.0,25687.8
CUST03209,7,13497.66,1928.2371428571428,6.0,80985.96
CUST03210,8,5113.02,639.1275,7.0,26295.53142857143
CUST03211,9,14097.31,1566.3677777777777,8.0,63437.895
CUST03212,9,14161.67,1573.5188888888888,11.0,46347.28363636364
CUST03213,5,6176.42,1235.284,2.0,111175.56
CUST03214,11,18328.25,1666.2045454545455,5.0,131963.4
CUST03215,12,18695.61,1557.9675,0.0,18695.61
CUST03216,11,11849.09,1077.19,6.0,71094.54
CUST03217,7,7806.08,1115.1542857142856,0.0,7806.08
CUST03218,9,19850.32,2205.5911111111113,7.0,102087.36
CUST03219,12,17912.49,1492.7075,9.0,71649.96
CUST03220,12,11104.76,925.3966666666666,4.0,99942.84
CUST03221,6,18754.57,3125.7616666666668,11.0,61378.59272727273
CUST03222,8,11333.3,1416.6625,7.0,58285.54285714286
CUST03223,13,18118.9,1393.7615384615385,8.0,81535.05
CUST03224,8,11873.47,1484.18375,4.0,106861.23
CUST03225,9,10794.29,1199.3655555555556,11.0,35326.76727272727
CUST03226,14,18499.25,1321.375,2.0,332986.5
CUST03227,14,16169.23,1154.945,1.0,582092.28
CUST03228,8,7195.38,899.4225,3.0,86344.56
CUST03229,14,19471.24,1390.8028571428572,2.0,350482.32
CUST03230,6,13799.79,2299.965,6.0,82798.74
CUST03231,9,11088.11,1232.0122222222221,3.0,133057.32
CUST03232,10,12507.3,1250.73,1.0,450262.8
CUST03233,10,11458.2,1145.82,0.0,11458.2
CUST03234,13,21183.96,1629.5353846153846,3.0,254207.52
CUST03235,8,10427.84,1303.48,8.0,46925.28
CUST03236,9,12522.59,1391.398888888889,7.0,64401.89142857143
CUST03237,21,28949.51,1378.5480952380951,4.0,260545.59
CUST03238,9,13360.55,1484.5055555555555,5.0,96195.96
CUST03239,8,11200.82,1400.1025,4.0,100807.38
CUST03240,6,6505.28,1084.2133333333334,9.0,26021.12
CUST03241,9,13891.21,1543.4677777777779,9.0,55564.84
CUST03242,7,8841.27,1263.0385714285715,7.0,45469.38857142857
CUST03243,8,9697.27,1212.15875,2.0,174550.86
CUST03244,7,10719.01,1531.287142857143,9.0,42876.04
CUST03245,8,11829.18,1478.6475,9.0,47316.72
CUST03246,11,9532.4,866.5818181818182,7.0,49023.77142857143
CUST03247,18,19612.27,1089.5705555555555,6.0,117673.62
CUST03248,6,7531.61,1255.2683333333334,10.0,27113.796
CUST03249,12,16307.3,1358.9416666666666,4.0,146765.7
CUST03250,9,21491.41,2387.9344444444446,2.0,386845.38
CUST03251,9,15779.13,1753.2366666666667,9.0,63116.52
CUST03252,12,15250.49,1270.8741666666667,6.0,91502.94
CUST03253,3,2595.61,865.2033333333334,1.0,93441.96
CUST03254,10,17829.16,1782.916,11.0,58349.97818181818
CUST03255,12,17012.07,1417.6725,4.0,153108.63
CUST03256,9,16647.48,1849.72,10.0,59930.928
CUST03257,14,16431.76,1173.6971428571428,11.0,53776.66909090909
CUST03258,6,2629.16,438.1933333333333,1.0,94649.76
CUST03259,12,13088.68,1090.7233333333334,7.0,67313.21142857143
CUST03260,12,18703.91,1558.6591666666666,1.0,673340.76
CUST03261,16,13387.82,836.73875,3.0,160653.84
CUST03262,10,18839.51,1883.951,10.0,67822.236
CUST03263,12,13424.3,1118.6916666666666,8.0,60409.35
CUST03264,7,8856.55,1265.2214285714285,8.0,39854.475
CUST03265,7,5268.79,752.6842857142857,3.0,63225.48
CUST03266,6,6560.72,1093.4533333333334,3.0,78728.64
CUST03267,9,10586.9,1176.3222222222223,1.0,381128.4
CUST03268,8,12443.26,1555.4075,10.0,44795.736
CUST03269,8,11080.72,1385.09,1.0,398905.92
CUST03270,14,19683.39,1405.9564285714287,2.0,354301.02
CUST03271,8,10613.43,1326.67875,5.0,76416.696
CUST03272,3,6515.06,2171.6866666666665,4.0,58635.54
CUST03273,10,18772.32,1877.232,6.0,112633.92
CUST03274,9,8976.17,997.3522222222222,2.0,161571.06
CUST03275,8,12047.02,1505.8775,4.0,108423.18
CUST03276,9,11119.52,1235.5022222222221,4.0,100075.68
CUST03277,10,13123.81,1312.381,4.0,118114.29
CUST03278,3,5776.49,1925.4966666666667,9.0,23105.96
CUST03279,11,10809.06,982.6418181818182,4.0,97281.54
CUST03280,5,2191.86,438.372,0.0,2191.86
CUST03281,7,11157.66,1593.9514285714286,3.0,133891.92
CUST03282,5,5213.86,1042.772,2.0,93849.48
CUST03283,13,14264.22,1097.2476923076922,10.0,51351.192
CUST03284,13,21971.52,1690.116923076923,7.0,112996.38857142857
CUST03285,8,7113.52,889.19,8.0,32010.84
CUST03286,16,20545.83,1284.114375,11.0,67240.89818181818
CUST03287,8,7819.27,977.40875,8.0,35186.715
CUST03288,6,3822.18,637.03,7.0,19656.925714285713
CUST03289,11,20145.86,1831.4418181818182,6.0,120875.16
CUST03290,11,16788.31,1526.21,6.0,100729.86
CUST03291,10,13944.44,1394.444,10.0,50199.984
CUST03292,9,13920.34,1546.7044444444443,6.0,83522.04
CUST03293,10,13118.22,1311.822,2.0,236127.96
CUST03294,13,22481.24,1729.3261538461538,2.0,404662.32
CUST03295,10,13312.84,1331.284,3.0,159754.08
CUST03296,5,4508.49,901.698,1.0,162305.64
CUST03297,14,13894.45,992.4607142857143,5.0,100040.04
CUST03298,7,17028.85,2432.692857142857,2.0,306519.3
CUST03299,12,18114.46,1509.5383333333334,7.0,93160.08
CUST03300,14,12274.36,876.74,1.0,441876.96
CUST03301,6,11923.52,1987.2533333333333,7.0,61320.96
CUST03302,6,6514.77,1085.795,11.0,21321.065454545456
CUST03303,9,11984.45,1331.6055555555556,0.0,11984.45
CUST03304,10,13753.26,1375.326,8.0,61889.67
CUST03305,11,17130.62,1557.3290909090908,2.0,308351.16
CUST03306,6,13014.85,2169.141666666667,10.0,46853.46
CUST03307,7,9454.81,1350.6871428571428,3.0,113457.72
CUST03308,13,23152.24,1780.9415384615384,2.0,416740.32
CUST03309,11,14586.79,1326.0718181818181,3.0,175041.48
CUST03310,10,13519.84,1351.984,1.0,486714.24
CUST03311,6,11803.3,1967.2166666666667,1.0,424918.8
CUST03312,17,26867.95,1580.4676470588236,9.0,107471.8
CUST03313,13,15711.51,1208.5776923076924,1.0,565614.36
CUST03314,7,9503.16,1357.5942857142857,5.0,68422.752
CUST03315,10,12562.52,1256.252,11.0,41113.70181818182
CUST03316,12,14868.02,1239.0016666666668,10.0,53524.872
CUST03317,7,16183.93,2311.99,1.0,582621.48
CUST03318,13,18081.71,1390.9007692307691,5.0,130188.312
CUST03319,3,4838.27,1612.7566666666667,10.0,17417.772
CUST03320,12,15834.56,1319.5466666666666,9.0,63338.24
CUST03321,10,21017.79,2101.779,9.0,84071.16
CUST03322,10,17310.45,1731.045,8.0,77897.025
CUST03323,7,8297.47,1185.3528571428571,2.0,149354.46
CUST03324,9,7683.77,853.7522222222223,1.0,276615.72
CUST03325,6,6723.18,1120.53,3.0,80678.16
CUST03326,8,7317.73,914.71625,4.0,65859.57
CUST03327,10,11430.91,1143.091,7.0,58787.537142857145
CUST03328,11,12847.86,1167.9872727272727,7.0,66074.70857142858
CUST03329,12,17278.53,1439.8775,5.0,124405.416
CUST03330,15,23703.91,1580.2606666666666,11.0,77576.43272727272
CUST03331,6,9856.76,1642.7933333333333,4.0,88710.84
CUST03332,11,13716.32,1246.9381818181819,2.0,246893.76
CUST03333,6,9503.37,1583.895,6.0,57020.22
CUST03334,7,9612.1,1373.1571428571428,10.0,34603.56
CUST03335,13,10543.91,811.07,1.0,379580.76
CUST03336,7,11622.0,1660.2857142857142,10.0,41839.2
CUST03337,14,16027.16,1144.797142857143,10.0,57697.776
CUST03338,6,5227.55,871.2583333333333,8.0,23523.975
CUST03339,12,15343.17,1278.5975,11.0,50214.01090909091
CUST03340,14,15975.06,1141.0757142857142,11.0,52282.01454545455
CUST03341,14,17817.78,1272.6985714285715,2.0,320720.04
CUST03342,8,12867.78,1608.4725,11.0,42112.73454545454
CUST03343,11,15069.1,1369.918181818182,2.0,271243.8
CUST03344,7,12251.96,1750.28,4.0,110267.64
CUST03345,9,13380.31,1486.701111111111,7.0,68813.02285714286
CUST03346,8,7293.58,911.6975,4.0,65642.22
CUST03347,10,12960.21,1296.021,1.0,466567.56
CUST03348,8,10797.57,1349.69625,3.0,129570.84
CUST03349,9,13895.5,1543.9444444444443,10.0,50023.8
CUST03350,12,14813.46,1234.455,1.0,533284.56
CUST03351,11,16886.96,1535.1781818181819,11.0,55266.41454545454
CUST03352,13,19630.83,1510.063846153846,8.0,88338.735
CUST03353,12,23799.04,1983.2533333333333,7.0,122395.06285714285
CUST03354,13,25729.11,1979.1623076923076,0.0,25729.11
CUST03355,8,12682.04,1585.255,4.0,114138.36
CUST03356,4,6731.31,1682.8275,8.0,30290.895
CUST03357,6,6523.53,1087.255,1.0,234847.08
CUST03358,10,11348.99,1134.899,1.0,408563.64
CUST03359,7,9392.18,1341.74,5.0,67623.696
CUST03360,14,19584.11,1398.865,10.0,70502.796
CUST03361,5,4980.46,996.092,10.0,17929.656
CUST03362,7,10477.69,1496.8128571428572,6.0,62866.14
CUST03363,8,15455.55,1931.94375,6.0,92733.3
CUST03364,9,8250.14,916.6822222222222,3.0,99001.68
CUST03365,13,15613.19,1201.0146153846154,3.0,187358.28
CUST03366,11,17559.73,1596.3390909090908,8.0,79018.785
CUST03367,15,28894.76,1926.3173333333334,1.0,1040211.36
CUST03368,5,6754.03,1350.806,6.0,40524.18
CUST03369,14,13355.64,953.9742857142858,2.0,240401.52
CUST03370,6,9496.9,1582.8166666666666,9.0,37987.6
CUST03371,7,9877.21,1411.03,11.0,32325.414545454547
CUST03372,10,11103.69,1110.369,6.0,66622.14
CUST03373,10,15436.1,1543.61,0.0,15436.1
CUST03374,17,17797.71,1046.924117647059,2.0,320358.78
CUST03375,13,15845.62,1218.8938461538462,9.0,63382.48
CUST03376,12,17276.71,1439.7258333333334,3.0,207320.52
CUST03377,12,10114.48,842.8733333333333,3.0,121373.76
CUST03378,8,9708.14,1213.5175,9.0,38832.56
CUST03379,12,17922.69,1493.5575,8.0,80652.105
CUST03380,8,12098.24,1512.28,11.0,39594.24
CUST03381,9,13436.48,1492.9422222222222,4.0,120928.32
CUST03382,10,13654.5,1365.45,7.0,70223.14285714286
CUST03383,9,14615.46,1623.94,7.0,75165.22285714286
CUST03384,10,10143.58,1014.358,2.0,182584.44
CUST03385,9,19001.15,2111.238888888889,5.0,136808.28
CUST03386,10,16500.74,1650.074,2.0,297013.32
CUST03387,7,8118.06,1159.722857142857,5.0,58450.032
CUST03388,8,11123.99,1390.49875,6.0,66743.94
CUST03389,13,17545.82,1349.6784615384615,2.0,315824.76
CUST03390,11,10513.37,955.7609090909091,3.0,126160.44
CUST03391,12,14735.09,1227.9241666666667,5.0,106092.648
CUST03392,9,9838.48,1093.1644444444444,4.0,88546.32
CUST03393,11,16967.93,1542.5390909090909,2.0,305422.74
CUST03394,12,12484.01,1040.3341666666668,4.0,112356.09
CUST03395,10,15942.87,1594.287,8.0,71742.915
CUST03396,10,12528.58,1252.858,4.0,112757.22
CUST03397,16,20310.94,1269.43375,0.0,20310.94
CUST03398,8,9929.67,1241.20875,6.0,59578.02
CUST03399,7,14438.72,2062.674285714286,11.0,47253.99272727273
CUST03400,11,13359.61,1214.51,10.0,48094.596
CUST03401,12,22466.77,1872.2308333333333,4.0,202200.93
CUST03402,11,16287.9,1480.7181818181818,0.0,16287.9
CUST03403,6,11311.01,1885.1683333333333,1.0,407196.36
CUST03404,9,13367.81,1485.3122222222223,3.0,160413.72
CUST03405,10,17014.62,1701.462,9.0,68058.48
CUST03406,16,18855.55,1178.471875,2.0,339399.9
CUST03407,9,13342.29,1482.4766666666667,1.0,480322.44
CUST03408,11,15007.11,1364.2827272727272,4.0,135063.99
CUST03409,9,14354.33,1594.9255555555555,10.0,51675.588
CUST03410,10,9163.67,916.367,11.0,29990.192727272726
CUST03411,9,8745.87,971.7633333333333,7.0,44978.76
CUST03412,7,10641.3,1520.1857142857143,9.0,42565.2
CUST03413,9,12417.12,1379.68,11.0,40637.847272727275
CUST03414,11,11755.34,1068.6672727272728,9.0,47021.36
CUST03415,6,3798.87,633.145,8.0,17094.915
CUST03416,6,8061.32,1343.5533333333333,7.0,41458.217142857146
CUST03417,10,19288.83,1928.883,3.0,231465.96
CUST03418,16,21854.39,1365.899375,10.0,78675.804
CUST03419,10,9947.34,994.734,2.0,179052.12
CUST03420,9,8601.17,955.6855555555555,11.0,28149.283636363638
CUST03421,9,12117.24,1346.36,11.0,39656.42181818182
CUST03422,10,12654.48,1265.448,1.0,455561.28
CUST03423,14,19785.49,1413.2492857142856,1.0,712277.64
CUST03424,10,10885.9,1088.59,1.0,391892.4
CUST03425,7,9113.26,1301.8942857142856,7.0,46868.194285714286
CUST03426,10,22089.31,2208.931,7.0,113602.16571428571
CUST03427,13,17298.75,1330.673076923077,8.0,77844.375
CUST03428,6,8599.11,1433.185,2.0,154783.98
CUST03429,8,13037.57,1629.69625,10.0,46935.252
CUST03430,9,13383.62,1487.068888888889,3.0,160603.44
CUST03431,14,21998.6,1571.3285714285714,0.0,21998.6
CUST03432,8,12069.42,1508.6775,3.0,144833.04
CUST03433,9,18911.06,2101.228888888889,1.0,680798.16
CUST03434,6,10824.61,1804.1016666666667,6.0,64947.66
CUST03435,10,15310.99,1531.099,1.0,551195.64
CUST03436,13,23984.95,1844.996153846154,9.0,95939.8
CUST03437,9,9406.16,1045.128888888889,11.0,30783.796363636364
CUST03438,17,21428.34,1260.4905882352941,7.0,110202.89142857143
CUST03439,14,19578.21,1398.4435714285714,8.0,88101.945
CUST03440,9,13219.58,1468.8422222222223,0.0,13219.58
CUST03441,12,19641.22,1636.7683333333334,8.0,88385.49
CUST03442,9,12439.03,1382.1144444444444,2.0,223902.54
CUST03443,10,11349.76,1134.976,7.0,58370.194285714286
CUST03444,3,5941.35,1980.45,6.0,35648.1
CUST03445,15,21219.2,1414.6133333333332,5.0,152778.24
CUST03446,12,9758.31,813.1925,10.0,35129.916
CUST03447,12,13851.1,1154.2583333333334,2.0,249319.8
CUST03448,3,1974.79,658.2633333333333,6.0,11848.74
CUST03449,8,11819.74,1477.4675,10.0,42551.064
CUST03450,8,12568.3,1571.0375,0.0,12568.3
CUST03451,8,12843.01,1605.37625,11.0,42031.66909090909
CUST03452,10,13976.18,1397.618,1.0,503142.48
CUST03453,10,12038.97,1203.897,4.0,108350.73
CUST03454,10,6556.86,655.686,2.0,118023.48
CUST03455,11,13078.92,1188.9927272727273,0.0,13078.92
CUST03456,8,9560.8,1195.1,9.0,38243.2
CUST03457,12,16367.64,1363.97,3.0,196411.68
CUST03458,8,9077.6,1134.7,4.0,81698.4
CUST03459,7,11108.75,1586.9642857142858,8.0,49989.375
CUST03460,12,22462.43,1871.8691666666666,10.0,80864.748
CUST03461,16,21926.31,1370.394375,11.0,71758.83272727273
CUST03462,13,18359.68,1412.283076923077,5.0,132189.696
CUST03463,10,13521.96,1352.196,4.0,121697.64
CUST03464,6,6764.99,1127.4983333333332,11.0,22139.967272727274
CUST03465,5,10577.91,2115.582,0.0,10577.91
CUST03466,9,10689.65,1187.7388888888888,0.0,10689.65
CUST03467,12,21192.46,1766.0383333333334,4.0,190732.14
CUST03468,7,13163.12,1880.4457142857143,3.0,157957.44
CUST03469,5,10521.27,2104.254,9.0,42085.08
CUST03470,9,13559.43,1506.6033333333332,8.0,61017.435
CUST03471,17,27772.71,1633.6888235294118,1.0,999817.56
CUST03472,8,9713.76,1214.22,11.0,31790.487272727274
CUST03473,11,16175.07,1470.4609090909091,0.0,16175.07
CUST03474,7,6421.02,917.2885714285715,5.0,46231.344
CUST03475,7,10121.4,1445.9142857142858,0.0,10121.4
CUST03476,19,21777.45,1146.1815789473685,3.0,261329.4
CUST03477,15,28795.56,1919.704,0.0,28795.56
CUST03478,15,20423.05,1361.5366666666666,4.0,183807.45
CUST03479,11,18061.67,1641.97,8.0,81277.515
CUST03480,11,15296.81,1390.6190909090908,4.0,137671.29
CUST03481,10,13261.38,1326.138,9.0,53045.52
CUST03482,15,17818.19,1187.8793333333333,8.0,80181.855
CUST03483,9,10251.74,1139.0822222222223,1.0,369062.64
CUST03484,10,9287.87,928.787,5.0,66872.664
CUST03485,6,7349.02,1224.8366666666666,5.0,52912.944
CUST03486,12,22463.77,1871.9808333333333,11.0,73517.79272727272
CUST03487,10,11816.73,1181.673,10.0,42540.228
CUST03488,10,14333.51,1433.351,0.0,14333.51
CUST03489,18,24451.14,1358.3966666666668,0.0,24451.14
CUST03490,15,30607.52,2040.5013333333334,8.0,137733.84
CUST03491,9,5665.71,629.5233333333333,4.0,50991.39
CUST03492,15,15085.55,1005.7033333333334,2.0,271539.9
CUST03493,12,23208.84,1934.07,7.0,119359.74857142857
CUST03494,12,13756.56,1146.38,7.0,70748.02285714286
CUST03495,8,9111.85,1138.98125,2.0,164013.3
CUST03496,7,12876.24,1839.462857142857,5.0,92708.928
CUST03497,7,8945.99,1277.9985714285715,7.0,46007.94857142857
CUST03498,11,10379.87,943.6245454545455,8.0,46709.415
CUST03499,11,13143.06,1194.8236363636363,1.0,473150.16
CUST03500,7,8862.72,1266.1028571428571,2.0,159528.96
CUST03501,12,12032.43,1002.7025,0.0,12032.43
CUST03502,13,23468.4,1805.2615384615385,10.0,84486.24
CUST03503,10,8899.25,889.925,8.0,40046.625
CUST03504,8,7874.01,984.25125,2.0,141732.18
CUST03505,10,20005.89,2000.589,10.0,72021.204
CUST03506,13,18129.49,1394.5761538461538,1.0,652661.64
CUST03507,15,25245.12,1683.008,8.0,113603.04
CUST03508,11,13796.61,1254.2372727272727,2.0,248338.98
CUST03509,3,4499.57,1499.8566666666666,3.0,53994.84
CUST03510,11,20754.14,1886.74,6.0,124524.84
CUST03511,12,18101.47,1508.4558333333334,0.0,18101.47
CUST03512,11,15073.15,1370.2863636363636,9.0,60292.6
CUST03513,11,16678.55,1516.2318181818182,5.0,120085.56
CUST03514,8,6337.05,792.13125,10.0,22813.38
CUST03515,14,17541.23,1252.945,11.0,57407.66181818182
CUST03516,10,14252.43,1425.243,3.0,171029.16
CUST03517,6,7264.37,1210.7283333333332,11.0,23774.30181818182
CUST03518,7,11034.43,1576.347142857143,11.0,36112.68
CUST03519,7,6386.54,912.3628571428571,0.0,6386.54
CUST03520,14,17944.5,1281.75,5.0,129200.4
CUST03521,7,7770.16,1110.0228571428572,11.0,25429.614545454544
CUST03522,9,12684.75,1409.4166666666667,7.0,65235.857142857145
CUST03523,9,7508.31,834.2566666666667,4.0,67574.79
CUST03524,8,6669.59,833.69875,7.0,34300.74857142857
CUST03525,7,7099.03,1014.1471428571429,3.0,85188.36
CUST03526,9,14406.5,1600.7222222222222,2.0,259317.0
CUST03527,4,7055.08,1763.77,11.0,23089.352727272726
CUST03528,10,13019.74,1301.974,0.0,13019.74
CUST03529,5,11484.34,2296.868,6.0,68906.04
CUST03530,13,18923.36,1455.643076923077,2.0,340620.48
CUST03531,9,13466.61,1496.29,7.0,69256.85142857143
CUST03532,10,14529.17,1452.917,2.0,261525.06
CUST03533,9,11577.71,1286.4122222222222,5.0,83359.512
CUST03534,8,9679.02,1209.8775,8.0,43555.59
CUST03535,10,13021.27,1302.127,8.0,58595.715
CUST03536,7,9395.55,1342.2214285714285,7.0,48319.97142857143
CUST03537,5,5729.82,1145.964,2.0,103136.76
CUST03538,9,15866.45,1762.9388888888889,3.0,190397.4
CUST03539,9,9061.37,1006.8188888888889,9.0,36245.48
CUST03540,12,16004.45,1333.7041666666667,7.0,82308.6
CUST03541,7,5679.86,811.4085714285715,10.0,20447.496
CUST03542,14,19537.81,1395.557857142857,7.0,100480.16571428571
CUST03543,11,17809.89,1619.080909090909,6.0,106859.34
CUST03544,11,13102.9,1191.1727272727273,4.0,117926.1
CUST03545,12,22287.88,1857.3233333333333,7.0,114623.38285714286
CUST03546,7,6340.35,905.7642857142857,11.0,20750.236363636363
CUST03547,13,25180.09,1936.93,5.0,181296.648
CUST03548,7,6551.82,935.9742857142858,0.0,6551.82
CUST03549,16,25403.86,1587.74125,3.0,304846.32
CUST03550,14,15081.82,1077.2728571428572,6.0,90490.92
CUST03551,22,35527.03,1614.865,4.0,319743.27
CUST03552,10,16274.54,1627.454,3.0,195294.48
CUST03553,9,15683.88,1742.6533333333334,3.0,188206.56
CUST03554,3,1352.86,450.9533333333333,2.0,24351.48
CUST03555,14,19680.5,1405.75,1.0,708498.0
CUST03556,13,16837.62,1295.2015384615383,5.0,121230.864
CUST03557,11,15317.59,1392.5081818181818,6.0,91905.54
CUST03558,12,17888.71,1490.7258333333334,0.0,17888.71
CUST03559,11,19166.72,1742.429090909091,6.0,115000.32
CUST03560,10,9693.14,969.314,0.0,9693.14
CUST03561,8,5160.14,645.0175,5.0,37153.008
CUST03562,10,13828.13,1382.813,0.0,13828.13
CUST03563,10,10454.44,1045.444,10.0,37635.984
CUST03564,6,9953.68,1658.9466666666667,0.0,9953.68
CUST03565,11,14512.9,1319.3545454545454,7.0,74637.77142857143
CUST03566,4,5050.74,1262.685,9.0,20202.96
CUST03567,13,17916.53,1378.1946153846154,5.0,128999.016
CUST03568,8,11178.93,1397.36625,7.0,57491.64
CUST03569,9,10659.9,1184.4333333333334,3.0,127918.8
CUST03570,8,14832.13,1854.01625,8.0,66744.585
CUST03571,8,10854.06,1356.7575,10.0,39074.616
CUST03572,8,9183.83,1147.97875,11.0,30056.17090909091
CUST03573,11,16208.58,1473.5072727272727,1.0,583508.88
CUST03574,11,8528.03,775.2754545454545,10.0,30700.908
CUST03575,13,16505.7,1269.6692307692308,0.0,16505.7
CUST03576,7,8496.73,1213.8185714285714,10.0,30588.228
CUST03577,12,12321.34,1026.7783333333334,1.0,443568.24
CUST03578,12,20156.96,1679.7466666666667,0.0,20156.96
CUST03579,13,28417.24,2185.9415384615386,3.0,341006.88
CUST03580,10,11463.04,1146.304,5.0,82533.888
CUST03581,10,11642.62,1164.262,8.0,52391.79
CUST03582,7,12063.59,1723.37,0.0,12063.59
CUST03583,7,9967.68,1423.9542857142858,0.0,9967.68
CUST03584,7,7844.33,1120.6185714285714,4.0,70598.97
CUST03585,12,14866.36,1238.8633333333332,8.0,66898.62
CUST03586,16,24964.78,1560.29875,9.0,99859.12
CUST03587,12,13764.11,1147.0091666666667,9.0,55056.44
CUST03588,11,14244.68,1294.9709090909091,4.0,128202.12
CUST03589,4,7854.43,1963.6075,0.0,7854.43
CUST03590,7,9927.05,1418.15,11.0,32488.52727272727
CUST03591,7,10145.61,1449.3728571428571,7.0,52177.422857142854
CUST03592,7,5623.79,803.3985714285715,9.0,22495.16
CUST03593,14,14063.07,1004.505,9.0,56252.28
CUST03594,11,15099.66,1372.6963636363637,6.0,90597.96
CUST03595,4,3197.99,799.4975,2.0,57563.82
CUST03596,12,11325.99,943.8325,0.0,11325.99
CUST03597,12,22899.36,1908.28,2.0,412188.48
CUST03598,13,13923.05,1071.003846153846,1.0,501229.8
CUST03599,8,11838.47,1479.80875,2.0,213092.46
CUST03600,11,10959.07,996.2790909090909,10.0,39452.652
CUST03601,7,16297.99,2328.2842857142855,9.0,65191.96
CUST03602,11,10717.11,974.2827272727272,9.0,42868.44
CUST03603,6,9122.65,1520.4416666666666,8.0,41051.925
CUST03604,10,20629.13,2062.913,6.0,123774.78
CUST03605,12,17337.43,1444.7858333333334,11.0,56740.68
CUST03606,18,42239.44,2346.6355555555556,4.0,380154.96
CUST03607,5,2932.28,586.456,10.0,10556.208
CUST03608,3,10388.26,3462.7533333333336,10.0,37397.736
CUST03609,8,13875.61,1734.45125,10.0,49952.196
CUST03610,8,11918.11,1489.76375,0.0,11918.11
CUST03611,9,7604.53,844.9477777777778,2.0,136881.54
CUST03612,8,8438.28,1054.785,6.0,50629.68
CUST03613,12,20763.4,1730.2833333333333,4.0,186870.6
CUST03614,11,12047.07,1095.1881818181819,1.0,433694.52
CUST03615,9,14106.62,1567.4022222222222,7.0,72548.33142857143
CUST03616,13,18242.2,1403.246153846154,0.0,18242.2
CUST03617,8,10024.89,1253.11125,9.0,40099.56
CUST03618,10,13119.03,1311.903,4.0,118071.27
CUST03619,12,12610.37,1050.8641666666667,9.0,50441.48
CUST03620,6,7578.36,1263.06,11.0,24801.905454545453
CUST03621,13,16656.66,1281.2815384615385,3.0,199879.92
CUST03622,12,15467.56,1288.9633333333334,0.0,15467.56
CUST03623,14,16968.14,1212.01,3.0,203617.68
CUST03624,10,12745.91,1274.591,10.0,45885.276
CUST03625,11,15785.36,1435.0327272727272,1.0,568272.96
CUST03626,18,29964.33,1664.685,10.0,107871.588
CUST03627,12,15510.76,1292.5633333333333,7.0,79769.62285714285
CUST03628,6,7835.94,1305.99,3.0,94031.28
CUST03629,9,11890.62,1321.18,4.0,107015.58
CUST03630,15,26136.49,1742.4326666666666,2.0,470456.82
CUST03631,9,12955.21,1439.4677777777779,8.0,58298.445
CUST03632,6,6972.27,1162.045,10.0,25100.172
CUST03633,11,8526.47,775.1336363636364,1.0,306952.92
CUST03634,13,15984.75,1229.5961538461538,0.0,15984.75
CUST03635,12,16183.0,1348.5833333333333,6.0,97098.0
CUST03636,9,6778.57,753.1744444444445,0.0,6778.57
CUST03637,12,22011.5,1834.2916666666667,4.0,198103.5
CUST03638,8,5324.13,665.51625,6.0,31944.78
CUST03639,8,14295.03,1786.87875,11.0,46783.73454545454
CUST03640,17,17391.43,1023.025294117647,2.0,313045.74
CUST03641,10,14131.3,1413.13,8.0,63590.85
CUST03642,13,15619.67,1201.5130769230768,6.0,93718.02
CUST03643,13,12178.34,936.7953846153846,2.0,219210.12
CUST03644,6,11782.1,1963.6833333333334,9.0,47128.4
CUST03645,12,9571.91,797.6591666666667,7.0,49226.96571428572
CUST03646,8,16078.98,2009.8725,0.0,16078.98
CUST03647,9,13348.28,1483.1422222222222,5.0,96107.616
CUST03648,4,4907.96,1226.99,6.0,29447.76
CUST03649,10,8687.01,868.701,3.0,104244.12
CUST03650,13,20965.48,1612.7292307692308,2.0,377378.64
CUST03651,13,21382.47,1644.8053846153846,0.0,21382.47
CUST03652,8,9118.3,1139.7875,1.0,328258.8
CUST03653,9,17856.67,1984.0744444444445,8.0,80355.015
CUST03654,9,19095.7,2121.7444444444445,4.0,171861.3
CUST03655,17,19595.9,1152.7,3.0,235150.8
CUST03656,5,8697.58,1739.516,3.0,104370.96
CUST03657,9,12324.02,1369.3355555555556,3.0,147888.24
CUST03658,14,21581.89,1541.5635714285713,9.0,86327.56
CUST03659,8,14627.96,1828.495,0.0,14627.96
CUST03660,9,18420.99,2046.7766666666666,5.0,132631.128
CUST03661,8,11203.88,1400.485,10.0,40333.968
CUST03662,7,7208.9,1029.8428571428572,1.0,259520.4
CUST03663,9,9976.18,1108.4644444444446,3.0,119714.16
CUST03664,4,6982.38,1745.595,3.0,83788.56
CUST03665,13,14231.97,1094.7669230769231,3.0,170783.64
CUST03666,16,16361.58,1022.59875,6.0,98169.48
CUST03667,7,6462.36,923.1942857142857,1.0,232644.96
CUST03668,11,14904.37,1354.9427272727273,7.0,76651.04571428572
CUST03669,13,23591.59,1814.7376923076922,5.0,169859.448
CUST03670,5,4852.39,970.478,4.0,43671.51
CUST03671,13,14981.28,1152.4061538461538,6.0,89887.68
CUST03672,11,12027.57,1093.4154545454546,11.0,39362.95636363636
CUST03673,8,7408.19,926.02375,5.0,53338.968
CUST03674,6,8265.8,1377.6333333333334,1.0,297568.8
CUST03675,7,8368.26,1195.4657142857143,2.0,150628.68
CUST03676,5,8760.14,1752.028,7.0,45052.14857142857
CUST03677,9,15025.05,1669.45,11.0,49172.89090909091
CUST03678,9,8242.72,915.8577777777778,6.0,49456.32
CUST03679,6,9371.69,1561.9483333333333,6.0,56230.14
CUST03680,6,7610.22,1268.37,9.0,30440.88
CUST03681,8,12444.6,1555.575,10.0,44800.56
CUST03682,10,20928.49,2092.849,2.0,376712.82
CUST03683,16,24135.13,1508.445625,7.0,124123.52571428572
CUST03684,11,10196.12,926.92,3.0,122353.44
CUST03685,10,15755.17,1575.517,9.0,63020.68
CUST03686,12,24689.44,2057.4533333333334,8.0,111102.48
CUST03687,8,11529.57,1441.19625,6.0,69177.42
CUST03688,6,10693.56,1782.26,6.0,64161.36
CUST03689,8,9501.33,1187.66625,0.0,9501.33
CUST03690,9,11939.65,1326.6277777777777,6.0,71637.9
CUST03691,12,23918.65,1993.2208333333333,7.0,123010.2
CUST03692,13,12509.12,962.24,1.0,450328.32
CUST03693,12,19364.32,1613.6933333333334,6.0,116185.92
CUST03694,12,18336.34,1528.0283333333334,4.0,165027.06
CUST03695,10,11285.02,1128.502,10.0,40626.072
CUST03696,9,16249.47,1805.4966666666667,5.0,116996.184
CUST03697,7,12327.79,1761.1128571428571,9.0,49311.16
CUST03698,9,13091.75,1454.638888888889,4.0,117825.75
CUST03699,19,17715.17,932.3773684210527,11.0,57976.92
CUST03700,9,11394.05,1266.0055555555555,3.0,136728.6
CUST03701,11,21202.0,1927.4545454545455,6.0,127212.0
CUST03702,10,12789.37,1278.937,0.0,12789.37
CUST03703,8,6205.89,775.73625,7.0,31916.005714285715
CUST03704,15,13664.47,910.9646666666666,7.0,70274.41714285714
CUST03705,10,13903.66,1390.366,11.0,45502.887272727276
CUST03706,14,19558.42,1397.03,10.0,70410.312
CUST03707,18,26561.16,1475.62,5.0,191240.352
CUST03708,14,17990.3,1285.0214285714285,2.0,323825.4
CUST03709,7,5693.24,813.32,0.0,5693.24
CUST03710,12,19126.24,1593.8533333333332,4.0,172136.16
CUST03711,10,13900.13,1390.013,8.0,62550.585
CUST03712,8,9514.03,1189.25375,9.0,38056.12
CUST03713,12,10490.17,874.1808333333333,2.0,188823.06
CUST03714,5,7956.32,1591.264,3.0,95475.84
CUST03715,12,14687.14,1223.9283333333333,7.0,75533.86285714286
CUST03716,15,16592.05,1106.1366666666668,5.0,119462.76
CUST03717,8,13907.1,1738.3875,7.0,71522.22857142857
CUST03718,17,29494.6,1734.9764705882353,0.0,29494.6
CUST03719,11,13158.67,1196.2427272727273,8.0,59214.015
CUST03720,19,29560.99,1555.8415789473684,7.0,152027.94857142857
CUST03721,8,10119.38,1264.9225,10.0,36429.768
CUST03722,17,25724.1,1513.1823529411765,0.0,25724.1
CUST03723,5,2633.83,526.766,6.0,15802.98
CUST03724,17,21718.45,1277.5558823529411,9.0,86873.8
CUST03725,11,9463.27,860.2972727272727,11.0,30970.701818181817
CUST03726,11,11006.14,1000.5581818181818,2.0,198110.52
CUST03727,15,19445.72,1296.3813333333333,6.0,116674.32
CUST03728,14,22220.28,1587.162857142857,1.0,799930.08
CUST03729,5,8857.76,1771.552,10.0,31887.936
CUST03730,5,7645.59,1529.118,3.0,91747.08
CUST03731,10,15084.19,1508.419,11.0,49366.44
CUST03732,11,8924.19,811.29,4.0,80317.71
CUST03733,8,12021.99,1502.74875,2.0,216395.82
CUST03734,11,6877.91,625.2645454545454,11.0,22509.523636363636
CUST03735,9,7262.52,806.9466666666667,7.0,37350.102857142854
CUST03736,14,11841.9,845.85,3.0,142102.8
CUST03737,9,16587.52,1843.0577777777778,8.0,74643.84
CUST03738,17,23920.48,1407.0870588235293,8.0,107642.16
CUST03739,6,7816.22,1302.7033333333334,9.0,31264.88
CUST03740,5,4540.04,908.008,7.0,23348.777142857143
CUST03741,13,22638.15,1741.3961538461538,2.0,407486.7
CUST03742,15,19735.97,1315.7313333333334,11.0,64590.44727272727
CUST03743,6,6273.68,1045.6133333333332,4.0,56463.12
CUST03744,10,6797.12,679.712,2.0,122348.16
CUST03745,10,14687.86,1468.786,0.0,14687.86
CUST03746,10,13086.27,1308.627,11.0,42827.792727272725
CUST03747,3,4248.38,1416.1266666666668,10.0,15294.168
CUST03748,11,15420.38,1401.8527272727272,0.0,15420.38
CUST03749,7,10955.79,1565.1128571428571,11.0,35855.31272727273
CUST03750,11,18814.15,1710.3772727272728,8.0,84663.675
CUST03751,11,13144.67,1194.97,0.0,13144.67
CUST03752,9,7555.97,839.5522222222222,1.0,272014.92
CUST03753,15,18063.83,1204.2553333333333,8.0,81287.235
CUST03754,7,9132.29,1304.6128571428571,9.0,36529.16
CUST03755,9,11534.74,1281.6377777777777,9.0,46138.96
CUST03756,9,12779.21,1419.9122222222222,8.0,57506.445
CUST03757,10,17418.46,1741.846,4.0,156766.14
CUST03758,8,14850.78,1856.3475,10.0,53462.808
CUST03759,9,11035.23,1226.1366666666668,3.0,132422.76
CUST03760,7,9557.03,1365.29,8.0,43006.635
CUST03761,4,1027.83,256.9575,3.0,12333.96
CUST03762,10,12379.53,1237.953,4.0,111415.77
CUST03763,8,11422.32,1427.79,2.0,205601.76
CUST03764,8,13120.1,1640.0125,6.0,78720.6
CUST03765,8,10677.64,1334.705,9.0,42710.56
CUST03766,9,15100.71,1677.8566666666666,4.0,135906.39
CUST03767,9,13462.2,1495.8,3.0,161546.4
CUST03768,10,13701.89,1370.189,4.0,123317.01
CUST03769,6,5703.82,950.6366666666667,10.0,20533.752
CUST03770,7,4877.47,696.7814285714286,5.0,35117.784
CUST03771,15,21351.64,1423.4426666666666,10.0,76865.904
CUST03772,8,13774.76,1721.845,0.0,13774.76
CUST03773,7,9676.41,1382.3442857142857,0.0,9676.41
CUST03774,8,14966.55,1870.81875,8.0,67349.475
CUST03775,5,4000.06,800.012,3.0,48000.72
CUST03776,10,17965.51,1796.551,10.0,64675.836
CUST03777,15,28065.13,1871.0086666666666,10.0,101034.468
CUST03778,8,17030.98,2128.8725,5.0,122623.056
CUST03779,13,21757.88,1673.683076923077,5.0,156656.736
CUST03780,13,21809.62,1677.663076923077,0.0,21809.62
CUST03781,8,10683.57,1335.44625,1.0,384608.52
CUST03782,7,8209.52,1172.7885714285715,10.0,29554.272
CUST03783,8,6819.62,852.4525,1.0,245506.32
CUST03784,9,9868.02,1096.4466666666667,0.0,9868.02
CUST03785,13,17350.71,1334.67,3.0,208208.52
CUST03786,15,21493.11,1432.874,1.0,773751.96
CUST03787,11,16253.43,1477.5845454545454,3.0,195041.16
CUST03788,4,2727.06,681.765,7.0,14024.88
CUST03789,13,14692.95,1130.2269230769232,1.0,528946.2
CUST03790,10,17649.82,1764.982,9.0,70599.28
CUST03791,10,12402.13,1240.213,6.0,74412.78
CUST03792,8,13143.17,1642.89625,7.0,67593.44571428571
CUST03793,8,6349.39,793.67375,4.0,57144.51
CUST03794,15,8300.89,553.3926666666666,4.0,74708.01
CUST03795,12,20036.84,1669.7366666666667,1.0,721326.24
CUST03796,13,16786.11,1291.2392307692307,6.0,100716.66
CUST03797,11,16885.21,1535.019090909091,4.0,151966.89
CUST03798,12,18171.33,1514.2775,4.0,163541.97
CUST03799,8,7781.05,972.63125,10.0,28011.78
CUST03800,9,13568.81,1507.6455555555556,5.0,97695.432
CUST03801,10,9096.49,909.649,8.0,40934.205
CUST03802,6,9916.31,1652.7183333333332,1.0,356987.16
CUST03803,4,3712.66,928.165,5.0,26731.152
CUST03804,14,11822.78,844.4842857142858,3.0,141873.36
CUST03805,7,4074.2,582.0285714285715,11.0,13333.745454545455
CUST03806,8,7647.91,955.98875,4.0,68831.19
CUST03807,13,17570.49,1351.5761538461538,10.0,63253.764
CUST03808,12,20547.75,1712.3125,2.0,369859.5
CUST03809,10,8230.59,823.059,0.0,8230.59
CUST03810,12,15600.83,1300.0691666666667,11.0,51057.26181818182
CUST03811,7,8542.46,1220.3514285714286,1.0,307528.56
CUST03812,9,19742.16,2193.5733333333333,2.0,355358.88
CUST03813,16,10407.27,650.454375,0.0,10407.27
CUST03814,5,5417.71,1083.542,7.0,27862.50857142857
CUST03815,14,27006.93,1929.0664285714286,8.0,121531.185
CUST03816,11,11119.03,1010.8209090909091,11.0,36389.55272727273
CUST03817,7,11339.53,1619.932857142857,7.0,58317.58285714286
CUST03818,11,11547.95,1049.8136363636363,1.0,415726.2
CUST03819,7,8850.61,1264.3728571428571,9.0,35402.44
CUST03820,10,15488.03,1548.803,9.0,61952.12
CUST03821,11,16277.72,1479.7927272727272,7.0,83713.98857142858
CUST03822,12,19037.06,1586.4216666666666,6.0,114222.36
CUST03823,11,19708.08,1791.6436363636365,2.0,354745.44
CUST03824,7,7775.26,1110.7514285714285,0.0,7775.26
CUST03825,11,15320.08,1392.7345454545455,7.0,78788.98285714285
CUST03826,11,11679.08,1061.7345454545455,5.0,84089.376
CUST03827,9,13374.08,1486.0088888888888,1.0,481466.88
CUST03828,11,7837.57,712.5063636363636,0.0,7837.57
CUST03829,14,19492.23,1392.3021428571428,11.0,63792.752727272724
CUST03830,10,12356.76,1235.676,10.0,44484.336
CUST03831,9,15266.84,1696.3155555555556,9.0,61067.36
CUST03832,16,15889.66,993.10375,9.0,63558.64
CUST03833,8,5680.1,710.0125,1.0,204483.6
CUST03834,13,18436.68,1418.206153846154,5.0,132744.096
CUST03835,13,17804.35,1369.5653846153846,10.0,64095.66
CUST03836,13,18391.15,1414.7038461538461,9.0,73564.6
CUST03837,7,14820.45,2117.207142857143,1.0,533536.2
CUST03838,6,6444.64,1074.1066666666666,5.0,46401.408
CUST03839,6,8349.38,1391.5633333333333,1.0,300577.68
CUST03840,8,10798.48,1349.81,3.0,129581.76
CUST03841,9,10646.68,1182.9644444444446,7.0,54754.35428571429
CUST03842,10,13644.74,1364.474,4.0,122802.66
CUST03843,11,15796.59,1436.0536363636363,8.0,71084.655
CUST03844,9,8505.69,945.0766666666667,11.0,27836.803636363635
CUST03845,9,7510.04,834.4488888888889,4.0,67590.36
CUST03846,15,17757.88,1183.8586666666667,8.0,79910.46
CUST03847,14,20915.37,1493.955,4.0,188238.33
CUST03848,10,13471.27,1347.127,8.0,60620.715
CUST03849,10,19034.24,1903.424,11.0,62293.876363636366
CUST03850,10,10978.68,1097.868,2.0,197616.24
CUST03851,8,8934.52,1116.815,7.0,45948.96
CUST03852,13,20581.19,1583.1684615384615,7.0,105846.12
CUST03853,13,25888.2,1991.4,9.0,103552.8
CUST03854,8,17854.56,2231.82,7.0,91823.45142857142
CUST03855,15,25951.49,1730.0993333333333,8.0,116781.705
CUST03856,5,7685.81,1537.162,9.0,30743.24
CUST03857,14,16676.68,1191.1914285714286,1.0,600360.48
CUST03858,13,26926.0,2071.230769230769,8.0,121167.0
CUST03859,7,14247.43,2035.347142857143,4.0,128226.87
CUST03860,16,20653.66,1290.85375,2.0,371765.88
CUST03861,12,13650.31,1137.5258333333334,1.0,491411.16
CUST03862,10,15654.69,1565.469,4.0,140892.21
CUST03863,5,7523.81,1504.762,1.0,270857.16
CUST03864,9,8323.03,924.7811111111112,6.0,49938.18
CUST03865,10,16360.59,1636.059,0.0,16360.59
CUST03866,8,14036.07,1754.50875,0.0,14036.07
CUST03867,7,10720.16,1531.4514285714286,6.0,64320.96
CUST03868,13,24139.04,1856.8492307692309,6.0,144834.24
CUST03869,13,20487.2,1575.9384615384615,1.0,737539.2
CUST03870,14,13192.58,942.3271428571428,3.0,158310.96
CUST03871,8,7455.89,931.98625,3.0,89470.68
CUST03872,5,4186.3,837.26,11.0,13700.618181818181
CUST03873,6,6323.57,1053.9283333333333,6.0,37941.42
CUST03874,7,9690.04,1384.2914285714285,9.0,38760.16
CUST03875,11,18530.9,1684.6272727272728,9.0,74123.6
CUST03876,15,23055.54,1537.036,11.0,75454.49454545455
CUST03877,7,10942.53,1563.2185714285715,9.0,43770.12
CUST03878,11,9944.64,904.0581818181818,8.0,44750.88
CUST03879,11,18304.37,1664.0336363636363,0.0,18304.37
CUST03880,6,12276.82,2046.1366666666668,7.0,63137.93142857143
CUST03881,15,15271.01,1018.0673333333333,2.0,274878.18
CUST03882,11,13358.63,1214.4209090909092,10.0,48091.068
CUST03883,14,24029.65,1716.4035714285715,6.0,144177.9
CUST03884,8,7679.6,959.95,10.0,27646.56
CUST03885,5,9511.87,1902.374,2.0,171213.66
CUST03886,13,15829.52,1217.6553846153847,7.0,81408.96
CUST03887,7,5181.85,740.2642857142857,2.0,93273.3
CUST03888,7,11763.15,1680.45,10.0,42347.34
CUST03889,11,12909.17,1173.560909090909,1.0,464730.12
CUST03890,8,14963.34,1870.4175,5.0,107736.048
CUST03891,9,16393.04,1821.4488888888889,11.0,53649.94909090909
CUST03892,5,8208.47,1641.694,11.0,26864.083636363637
CUST03893,5,8895.27,1779.054,11.0,29111.79272727273
CUST03894,14,25451.48,1817.962857142857,7.0,130893.32571428572
CUST03895,7,8505.85,1215.1214285714286,8.0,38276.325
CUST03896,4,4240.08,1060.02,5.0,30528.576
CUST03897,10,14525.08,1452.508,10.0,52290.288
CUST03898,13,19486.77,1498.9823076923076,6.0,116920.62
CUST03899,10,12198.37,1219.837,0.0,12198.37
CUST03900,10,15015.03,1501.503,7.0,77220.15428571429
CUST03901,7,13384.98,1912.14,3.0,160619.76
CUST03902,9,9609.42,1067.7133333333334,7.0,49419.874285714286
CUST03903,9,14919.07,1657.6744444444444,2.0,268543.26
CUST03904,8,10663.98,1332.9975,3.0,127967.76
CUST03905,11,16048.29,1458.9354545454546,5.0,115547.688
CUST03906,11,19680.73,1789.1572727272728,10.0,70850.628
CUST03907,11,9304.98,845.9072727272727,0.0,9304.98
CUST03908,7,6398.08,914.0114285714286,10.0,23033.088
CUST03909,9,13693.6,1521.5111111111112,0.0,13693.6
CUST03910,8,13530.46,1691.3075,8.0,60887.07
CUST03911,11,11694.92,1063.1745454545455,3.0,140339.04
CUST03912,12,13917.15,1159.7625,2.0,250508.7
CUST03913,8,15402.74,1925.3425,10.0,55449.864
CUST03914,11,16936.42,1539.6745454545455,3.0,203237.04
CUST03915,11,24944.13,2267.648181818182,10.0,89798.868
CUST03916,3,3299.75,1099.9166666666667,9.0,13199.0
CUST03917,8,6184.08,773.01,2.0,111313.44
CUST03918,12,19477.13,1623.0941666666668,11.0,63743.33454545455
CUST03919,10,9738.56,973.856,2.0,175294.08
CUST03920,10,11908.94,1190.894,5.0,85744.368
CUST03921,8,11262.8,1407.85,2.0,202730.4
CUST03922,9,8737.64,970.8488888888888,5.0,62911.008
CUST03923,7,13398.31,1914.0442857142857,2.0,241169.58
CUST03924,12,14252.72,1187.7266666666667,7.0,73299.70285714285
CUST03925,9,15016.86,1668.54,11.0,49146.08727272727
CUST03926,11,20177.22,1834.2927272727272,11.0,66034.53818181818
CUST03927,16,24481.68,1530.105,6.0,146890.08
CUST03928,7,7414.29,1059.1842857142858,11.0,24264.94909090909
CUST03929,10,17608.54,1760.854,9.0,70434.16
CUST03930,15,21960.88,1464.0586666666666,0.0,21960.88
CUST03931,9,15177.39,1686.3766666666668,4.0,136596.51
CUST03932,12,13908.83,1159.0691666666667,0.0,13908.83
CUST03933,12,18742.37,1561.8641666666667,2.0,337362.66
CUST03934,13,13638.98,1049.1523076923077,1.0,491003.28
CUST03935,12,11842.12,986.8433333333334,2.0,213158.16
CUST03936,13,21965.11,1689.6238461538462,0.0,21965.11
CUST03937,8,11588.02,1448.5025,4.0,104292.18
CUST03938,5,10688.86,2137.772,1.0,384798.96
CUST03939,15,23358.72,1557.248,3.0,280304.64
CUST03940,8,10843.43,1355.42875,3.0,130121.16
CUST03941,14,19749.63,1410.6878571428572,1.0,710986.68
CUST03942,15,22035.57,1469.038,4.0,198320.13
CUST03943,12,10633.54,886.1283333333333,11.0,34800.67636363636
CUST03944,14,22639.88,1617.1342857142856,0.0,22639.88
CUST03945,13,18087.75,1391.3653846153845,3.0,217053.0
CUST03946,9,8329.94,925.5488888888889,2.0,149938.92
CUST03947,11,13335.4,1212.3090909090909,5.0,96014.88
CUST03948,9,15767.03,1751.8922222222222,11.0,51601.189090909094
CUST03949,12,14460.77,1205.0641666666668,7.0,74369.67428571428
CUST03950,13,12447.88,957.5292307692308,11.0,40738.516363636365
CUST03951,10,15526.4,1552.64,0.0,15526.4
CUST03952,9,12014.83,1334.9811111111112,3.0,144177.96
CUST03953,15,25908.99,1727.266,7.0,133246.23428571428
CUST03954,10,16174.75,1617.475,3.0,194097.0
CUST03955,10,8276.93,827.693,3.0,99323.16
CUST03956,10,22926.53,2292.653,4.0,206338.77
CUST03957,8,9222.12,1152.765,6.0,55332.72
CUST03958,11,12748.64,1158.9672727272728,2.0,229475.52
CUST03959,4,8605.87,2151.4675,8.0,38726.415
CUST03960,15,29293.48,1952.8986666666667,10.0,105456.528
CUST03961,15,12862.75,857.5166666666667,11.0,42096.27272727273
CUST03962,6,9312.09,1552.015,4.0,83808.81
CUST03963,8,6054.26,756.7825,3.0,72651.12
CUST03964,8,8878.98,1109.8725,9.0,35515.92
CUST03965,6,7661.22,1276.87,1.0,275803.92
CUST03966,6,10601.53,1766.9216666666666,0.0,10601.53
CUST03967,12,15569.73,1297.4775,2.0,280255.14
CUST03968,12,20047.88,1670.6566666666668,2.0,360861.84
CUST03969,13,23845.66,1834.2815384615385,7.0,122634.82285714286
CUST03970,11,22953.18,2086.652727272727,6.0,137719.08
CUST03971,5,8038.19,1607.638,5.0,57874.968
CUST03972,10,14011.16,1401.116,10.0,50440.176
CUST03973,9,12630.02,1403.3355555555556,1.0,454680.72
CUST03974,9,10580.05,1175.5611111111111,1.0,380881.8
CUST03975,10,10524.99,1052.499,2.0,189449.82
CUST03976,13,21027.1,1617.4692307692308,11.0,68815.96363636364
CUST03977,12,18681.44,1556.7866666666666,4.0,168132.96
CUST03978,12,14924.55,1243.7125,7.0,76754.82857142857
CUST03979,7,6172.69,881.8128571428572,9.0,24690.76
CUST03980,6,8029.42,1338.2366666666667,10.0,28905.912
CUST03981,9,8809.68,978.8533333333334,3.0,105716.16
CUST03982,10,7357.69,735.769,11.0,24079.712727272727
CUST03983,14,21210.55,1515.0392857142858,4.0,190894.95
CUST03984,7,8110.28,1158.6114285714286,8.0,36496.26
CUST03985,10,10584.83,1058.483,7.0,54436.26857142857
CUST03986,10,13491.15,1349.115,11.0,44152.854545454546
CUST03987,9,16654.75,1850.5277777777778,0.0,16654.75
CUST03988,10,16015.24,1601.524,0.0,16015.24
CUST03989,6,12627.8,2104.633333333333,1.0,454600.8
CUST03990,8,8647.47,1080.93375,7.0,44472.70285714286
CUST03991,13,16513.0,1270.2307692307693,3.0,198156.0
CUST03992,3,1773.34,591.1133333333333,7.0,9120.034285714286
CUST03993,8,6541.22,817.6525,8.0,29435.49
CUST03994,10,13135.78,1313.578,10.0,47288.808
CUST03995,10,14594.21,1459.421,8.0,65673.945
CUST03996,6,12486.18,2081.03,10.0,44950.248
CUST03997,11,14622.59,1329.3263636363636,6.0,87735.54
CUST03998,12,13362.44,1113.5366666666666,6.0,80174.64
CUST03999,15,17835.51,1189.034,4.0,160519.59
CUST04000,11,9513.56,864.8690909090909,5.0,68497.632
CUST04001,13,17479.8,1344.6,2.0,314636.4
CUST04002,8,13001.96,1625.245,1.0,468070.56
CUST04003,15,17262.78,1150.852,1.0,621460.08
CUST04004,2,5867.13,2933.565,3.0,70405.56
CUST04005,11,14392.08,1308.370909090909,0.0,14392.08
CUST04006,9,18283.09,2031.4544444444443,8.0,82273.905
CUST04007,9,8365.34,929.4822222222223,1.0,301152.24
CUST04008,12,14682.42,1223.535,1.0,528567.12
CUST04009,14,19492.09,1392.2921428571428,5.0,140343.048
CUST04010,15,12194.16,812.944,7.0,62712.822857142855
CUST04011,11,10529.47,957.2245454545455,2.0,189530.46
CUST04012,5,4482.85,896.57,4.0,40345.65
CUST04013,7,6161.17,880.1671428571428,5.0,44360.424
CUST04014,8,12136.56,1517.07,6.0,72819.36
CUST04015,11,13221.44,1201.949090909091,7.0,67995.97714285714
CUST04016,14,17796.03,1271.145,7.0,91522.44
CUST04017,16,19283.1,1205.19375,3.0,231397.2
CUST04018,10,11849.03,1184.903,1.0,426565.08
CUST04019,13,21023.43,1617.186923076923,2.0,378421.74
CUST04020,16,26616.15,1663.509375,0.0,26616.15
CUST04021,19,19314.37,1016.5457894736842,1.0,695317.32
CUST04022,10,14088.72,1408.872,1.0,507193.92
CUST04023,9,13526.52,1502.9466666666667,10.0,48695.472
CUST04024,15,22820.03,1521.3353333333334,10.0,82152.108
CUST04025,7,3427.93,489.70428571428573,6.0,20567.58
CUST04026,14,13935.14,995.3671428571429,11.0,45605.91272727273
CUST04027,11,13913.75,1264.8863636363637,2.0,250447.5
CUST04028,15,19153.74,1276.916,0.0,19153.74
CUST04029,12,8692.44,724.37,3.0,104309.28
CUST04030,2,1892.51,946.255,0.0,1892.51
CUST04031,10,8952.12,895.212,4.0,80569.08
CUST04032,14,16910.79,1207.9135714285715,8.0,76098.555
CUST04033,13,14871.58,1143.9676923076922,5.0,107075.376
CUST04034,11,20160.96,1832.8145454545454,5.0,145158.912
CUST04035,12,13871.38,1155.9483333333333,10.0,49936.968
CUST04036,11,12948.24,1177.1127272727272,0.0,12948.24
CUST04037,9,18935.74,2103.971111111111,7.0,97383.80571428571
CUST04038,10,7758.42,775.842,5.0,55860.624
CUST04039,16,26003.92,1625.245,4.0,234035.28
CUST04040,10,17192.79,1719.279,9.0,68771.16
CUST04041,9,9873.83,1097.0922222222223,3.0,118485.96
CUST04042,11,9248.76,840.7963636363636,1.0,332955.36
CUST04043,13,20416.32,1570.486153846154,10.0,73498.752
CUST04044,11,15598.09,1418.0081818181818,5.0,112306.248
CUST04045,11,18882.91,1716.628181818182,2.0,339892.38
CUST04046,5,5152.57,1030.514,1.0,185492.52
CUST04047,14,21653.7,1546.692857142857,7.0,111361.88571428572
CUST04048,9,10666.0,1185.111111111111,11.0,34906.90909090909
CUST04049,6,7850.15,1308.3583333333333,2.0,141302.7
CUST04050,7,7857.37,1122.4814285714285,2.0,141432.66
CUST04051,6,9047.32,1507.8866666666668,0.0,9047.32
CUST04052,5,6783.27,1356.654,1.0,244197.72
CUST04053,9,12096.79,1344.0877777777778,7.0,62212.06285714286
CUST04054,14,21810.76,1557.9114285714286,2.0,392593.68
CUST04055,18,23936.9,1329.8277777777778,2.0,430864.2
CUST04056,10,15706.89,1570.689,10.0,56544.804
CUST04057,7,15213.95,2173.4214285714284,1.0,547702.2
CUST04058,17,22312.92,1312.524705882353,2.0,401632.56
CUST04059,18,32041.22,1780.0677777777778,7.0,164783.41714285716
CUST04060,14,22180.85,1584.3464285714285,0.0,22180.85
CUST04061,9,6999.08,777.6755555555555,7.0,35995.26857142857
CUST04062,9,13527.26,1503.0288888888888,1.0,486981.36
CUST04063,12,13107.84,1092.32,7.0,67411.74857142857
CUST04064,8,10696.97,1337.12125,8.0,48136.365
CUST04065,8,11609.57,1451.19625,1.0,417944.52
CUST04066,12,21938.86,1828.2383333333332,6.0,131633.16
CUST04067,7,7142.11,1020.3014285714286,8.0,32139.495
CUST04068,8,10205.77,1275.72125,5.0,73481.544
CUST04069,13,15392.26,1184.02,2.0,277060.68
CUST04070,10,14851.38,1485.138,3.0,178216.56
CUST04071,8,9246.91,1155.86375,6.0,55481.46
CUST04072,11,18515.21,1683.2009090909091,0.0,18515.21
CUST04073,11,10790.6,980.9636363636364,9.0,43162.4
CUST04074,7,11709.13,1672.7328571428573,5.0,84305.736
CUST04075,7,9460.2,1351.4571428571428,11.0,30960.654545454545
CUST04076,11,14151.67,1286.5154545454545,6.0,84910.02
CUST04077,11,14560.39,1323.6718181818183,3.0,174724.68
CUST04078,14,22064.73,1576.0521428571428,9.0,88258.92
CUST04079,5,8916.13,1783.226,2.0,160490.34
CUST04080,13,11664.66,897.2815384615385,5.0,83985.552
CUST04081,13,16041.04,1233.9261538461537,1.0,577477.44
CUST04082,8,14634.56,1829.32,10.0,52684.416
CUST04083,11,13055.13,1186.83,1.0,469984.68
CUST04084,9,5865.47,651.7188888888888,0.0,5865.47
CUST04085,8,12031.27,1503.90875,7.0,61875.102857142854
CUST04086,12,11880.74,990.0616666666666,3.0,142568.88
CUST04087,11,12137.25,1103.3863636363637,7.0,62420.142857142855
CUST04088,4,7935.91,1983.9775,9.0,31743.64
CUST04089,11,11177.27,1016.1154545454546,2.0,201190.86
CUST04090,6,8112.73,1352.1216666666667,3.0,97352.76
CUST04091,9,19915.08,2212.786666666667,1.0,716942.88
CUST04092,14,15836.23,1131.1592857142857,11.0,51827.66181818182
CUST04093,17,26058.71,1532.865294117647,4.0,234528.39
CUST04094,9,12040.01,1337.7788888888888,1.0,433440.36
CUST04095,11,18040.38,1640.0345454545454,0.0,18040.38
CUST04096,5,2576.65,515.33,6.0,15459.9
CUST04097,6,10606.43,1767.7383333333332,8.0,47728.935
CUST04098,12,19523.72,1626.9766666666667,9.0,78094.88
CUST04099,7,7181.65,1025.95,0.0,7181.65
CUST04100,7,13433.97,1919.1385714285714,4.0,120905.73
CUST04101,13,16252.03,1250.1561538461538,3.0,195024.36
CUST04102,11,13422.27,1220.2063636363637,0.0,13422.27
CUST04103,9,12276.39,1364.0433333333333,1.0,441950.04
CUST04104,12,18633.75,1552.8125,11.0,60983.181818181816
CUST04105,10,13567.33,1356.733,2.0,244211.94
CUST04106,10,16939.35,1693.935,0.0,16939.35
CUST04107,13,21063.47,1620.2669230769231,2.0,379142.46
CUST04108,11,13253.14,1204.830909090909,7.0,68159.00571428571
CUST04109,9,10139.42,1126.6022222222223,6.0,60836.52
CUST04110,10,8845.67,884.567,7.0,45492.01714285714
CUST04111,9,11242.93,1249.2144444444446,6.0,67457.58
CUST04112,9,10973.27,1219.2522222222221,6.0,65839.62
CUST04113,10,14129.8,1412.98,2.0,254336.4
CUST04114,16,22325.23,1395.326875,4.0,200927.07
CUST04115,11,17641.17,1603.7427272727273,9.0,70564.68
CUST04116,17,22760.51,1338.8535294117646,0.0,22760.51
CUST04117,5,10066.12,2013.224,7.0,51768.61714285714
CUST04118,11,17684.01,1607.6372727272728,10.0,63662.436
CUST04119,11,12477.52,1134.32,2.0,224595.36
CUST04120,8,10881.08,1360.135,2.0,195859.44
CUST04121,5,7240.16,1448.032,0.0,7240.16
CUST04122,11,13125.9,1193.2636363636364,1.0,472532.4
CUST04123,10,12608.54,1260.854,3.0,151302.48
CUST04124,11,18922.73,1720.2481818181818,0.0,18922.73
CUST04125,14,14425.61,1030.4007142857142,3.0,173107.32
CUST04126,8,15876.96,1984.62,7.0,81652.93714285715
CUST04127,11,12563.28,1142.1163636363635,1.0,452278.08
CUST04128,7,6664.5,952.0714285714286,5.0,47984.4
CUST04129,12,15391.0,1282.5833333333333,10.0,55407.6
CUST04130,8,10328.95,1291.11875,10.0,37184.22
CUST04131,12,15111.16,1259.2633333333333,9.0,60444.64
CUST04132,15,21839.29,1455.9526666666666,5.0,157242.888
CUST04133,10,11784.84,1178.484,7.0,60607.74857142857
CUST04134,10,11739.6,1173.96,0.0,11739.6
CUST04135,9,16826.55,1869.6166666666666,0.0,16826.55
CUST04136,12,11147.24,928.9366666666666,9.0,44588.96
CUST04137,17,27506.44,1618.0258823529412,0.0,27506.44
CUST04138,17,22094.87,1299.6982352941177,5.0,159083.064
CUST04139,3,6328.6,2109.5333333333333,5.0,45565.92
CUST04140,8,9327.51,1165.93875,9.0,37310.04
CUST04141,10,12668.09,1266.809,3.0,152017.08
CUST04142,12,18500.73,1541.7275,2.0,333013.14
CUST04143,14,22191.26,1585.09,5.0,159777.072
CUST04144,10,20298.24,2029.824,8.0,91342.08
CUST04145,10,16273.32,1627.332,0.0,16273.32
CUST04146,10,11462.51,1146.251,11.0,37513.66909090909
CUST04147,8,14036.1,1754.5125,3.0,168433.2
CUST04148,9,9875.31,1097.2566666666667,3.0,118503.72
CUST04149,7,9932.04,1418.8628571428571,1.0,357553.44
CUST04150,5,6970.6,1394.12,2.0,125470.8
CUST04151,6,11732.95,1955.4916666666666,1.0,422386.2
CUST04152,11,17200.72,1563.7018181818182,3.0,206408.64
CUST04153,10,21059.31,2105.931,1.0,758135.16
CUST04154,7,5496.7,785.2428571428571,11.0,17989.2
CUST04155,11,13043.19,1185.7445454545455,6.0,78259.14
CUST04156,13,14339.63,1103.0484615384617,3.0,172075.56
CUST04157,12,20529.7,1710.8083333333334,9.0,82118.8
CUST04158,6,6133.72,1022.2866666666666,10.0,22081.392
CUST04159,11,17740.85,1612.8045454545454,11.0,58060.96363636364
CUST04160,12,15180.0,1265.0,9.0,60720.0
CUST04161,13,15955.54,1227.3492307692309,0.0,15955.54
CUST04162,10,14842.85,1484.285,10.0,53434.26
CUST04163,10,8849.54,884.954,0.0,8849.54
CUST04164,14,18605.02,1328.93,7.0,95682.96
CUST04165,10,12535.97,1253.597,1.0,451294.92
CUST04166,11,18468.5,1678.9545454545455,0.0,18468.5
CUST04167,6,8871.1,1478.5166666666667,7.0,45622.8
CUST04168,20,27740.76,1387.038,4.0,249666.84
CUST04169,9,10331.39,1147.9322222222222,4.0,92982.51
CUST04170,7,10573.46,1510.4942857142858,7.0,54377.794285714284
CUST04171,7,8614.0,1230.5714285714287,7.0,44300.57142857143
CUST04172,13,19130.65,1471.5884615384616,6.0,114783.9
CUST04173,7,4884.53,697.79,4.0,43960.77
CUST04174,10,12961.59,1296.159,7.0,66659.60571428572
CUST04175,11,18091.49,1644.6809090909092,3.0,217097.88
CUST04176,10,11564.37,1156.437,9.0,46257.48
CUST04177,4,7700.24,1925.06,6.0,46201.44
CUST04178,12,16092.17,1341.0141666666666,7.0,82759.73142857142
CUST04179,11,15831.05,1439.1863636363637,7.0,81416.82857142857
CUST04180,15,11553.22,770.2146666666666,11.0,37810.538181818185
CUST04181,5,8243.39,1648.678,4.0,74190.51
CUST04182,9,10613.87,1179.318888888889,11.0,34736.30181818182
CUST04183,13,17971.65,1382.4346153846154,8.0,80872.425
CUST04184,13,18381.64,1413.9723076923076,1.0,661739.04
CUST04185,5,5355.62,1071.124,11.0,17527.483636363635
CUST04186,9,14189.49,1576.61,8.0,63852.705
CUST04187,11,9554.97,868.6336363636364,8.0,42997.365
CUST04188,10,6672.0,667.2,9.0,26688.0
CUST04189,6,7781.96,1296.9933333333333,5.0,56030.112
CUST04190,5,3528.06,705.612,0.0,3528.06
CUST04191,11,19726.2,1793.290909090909,2.0,355071.6
CUST04192,10,8999.57,899.957,3.0,107994.84
CUST04193,10,11325.66,1132.566,4.0,101930.94
CUST04194,12,20723.99,1726.9991666666667,4.0,186515.91
CUST04195,8,6655.15,831.89375,5.0,47917.08
CUST04196,10,9465.83,946.583,2.0,170384.94
CUST04197,11,14902.61,1354.7827272727272,4.0,134123.49
CUST04198,17,21419.11,1259.9476470588236,11.0,70098.90545454546
CUST04199,14,21067.01,1504.7864285714286,1.0,758412.36
CUST04200,16,20033.48,1252.0925,7.0,103029.32571428572
CUST04201,13,20046.31,1542.023846153846,11.0,65606.10545454545
CUST04202,9,7604.09,844.8988888888889,5.0,54749.448
CUST04203,9,16128.15,1792.0166666666667,3.0,193537.8
CUST04204,4,6431.92,1607.98,4.0,57887.28
CUST04205,13,18377.5,1413.6538461538462,3.0,220530.0
CUST04206,14,10040.14,717.1528571428571,6.0,60240.84
CUST04207,13,25302.44,1946.3415384615384,11.0,82807.98545454546
CUST04208,4,2250.57,562.6425,7.0,11574.36
CUST04209,5,6071.52,1214.304,6.0,36429.12
CUST04210,7,12002.05,1714.5785714285714,3.0,144024.6
CUST04211,6,11285.91,1880.985,9.0,45143.64
CUST04212,11,7127.57,647.9609090909091,10.0,25659.252
CUST04213,13,10049.47,773.0361538461539,8.0,45222.615
CUST04214,13,19645.55,1511.196153846154,1.0,707239.8
CUST04215,8,11439.0,1429.875,8.0,51475.5
CUST04216,10,9124.28,912.428,10.0,32847.408
CUST04217,9,11865.72,1318.4133333333334,9.0,47462.88
CUST04218,6,14087.83,2347.971666666667,3.0,169053.96
CUST04219,11,18035.24,1639.5672727272727,7.0,92752.66285714286
CUST04220,10,8407.11,840.711,8.0,37831.995
CUST04221,12,14750.53,1229.2108333333333,8.0,66377.385
CUST04222,6,12297.88,2049.6466666666665,0.0,12297.88
CUST04223,7,9607.85,1372.55,10.0,34588.26
CUST04224,5,9740.88,1948.176,10.0,35067.168
CUST04225,10,11044.6,1104.46,3.0,132535.2
CUST04226,11,9517.59,865.2354545454546,2.0,171316.62
CUST04227,12,14512.42,1209.3683333333333,2.0,261223.56
CUST04228,8,8985.36,1123.17,8.0,40434.12
CUST04229,8,6335.03,791.87875,9.0,25340.12
CUST04230,13,13772.36,1059.4123076923076,1.0,495804.96
CUST04231,9,14003.06,1555.8955555555556,0.0,14003.06
CUST04232,8,13004.72,1625.59,10.0,46816.992
CUST04233,11,13511.81,1228.3463636363635,11.0,44220.46909090909
CUST04234,8,9186.49,1148.31125,6.0,55118.94
CUST04235,9,11779.55,1308.838888888889,9.0,47118.2
CUST04236,12,11942.95,995.2458333333333,9.0,47771.8
CUST04237,7,12795.22,1827.8885714285714,9.0,51180.88
CUST04238,8,11107.38,1388.4225,4.0,99966.42
CUST04239,7,15988.92,2284.1314285714284,9.0,63955.68
CUST04240,14,17040.52,1217.18,3.0,204486.24
CUST04241,10,14257.67,1425.767,9.0,57030.68
CUST04242,15,20745.43,1383.0286666666666,0.0,20745.43
CUST04243,12,13964.26,1163.6883333333333,2.0,251356.68
CUST04244,10,12609.21,1260.921,3.0,151310.52
CUST04245,7,4659.17,665.5957142857143,8.0,20966.265
CUST04246,10,14309.02,1430.902,6.0,85854.12
CUST04247,4,3522.51,880.6275,2.0,63405.18
CUST04248,9,8457.4,939.7111111111111,2.0,152233.2
CUST04249,8,14210.51,1776.31375,7.0,73082.62285714285
CUST04250,6,11796.4,1966.0666666666666,10.0,42467.04
CUST04251,8,18686.2,2335.775,10.0,67270.32
CUST04252,10,11830.13,1183.013,2.0,212942.34
CUST04253,10,15992.07,1599.207,3.0,191904.84
CUST04254,3,5330.77,1776.9233333333334,3.0,63969.24
CUST04255,8,11512.53,1439.06625,10.0,41445.108
CUST04256,7,16317.56,2331.08,3.0,195810.72
CUST04257,9,12208.55,1356.5055555555555,10.0,43950.78
CUST04258,8,17849.12,2231.14,4.0,160642.08
CUST04259,5,9117.08,1823.416,3.0,109404.96
CUST04260,8,10635.66,1329.4575,9.0,42542.64
CUST04261,7,11383.86,1626.2657142857142,0.0,11383.86
CUST04262,9,9478.79,1053.1988888888889,3.0,113745.48
CUST04263,15,23727.73,1581.8486666666668,1.0,854198.28
CUST04264,12,17874.79,1489.5658333333333,0.0,17874.79
CUST04265,11,18546.16,1686.0145454545454,9.0,74184.64
CUST04266,19,28688.5,1509.921052631579,1.0,1032786.0
CUST04267,12,13077.49,1089.7908333333332,7.0,67255.66285714286
CUST04268,16,23054.51,1440.906875,1.0,829962.36
CUST04269,12,22609.27,1884.1058333333333,2.0,406966.86
CUST04270,14,23592.09,1685.1492857142857,1.0,849315.24
CUST04271,11,16265.07,1478.6427272727274,7.0,83648.93142857144
CUST04272,8,6865.58,858.1975,10.0,24716.088
CUST04273,7,13183.12,1883.3028571428572,4.0,118648.08
CUST04274,10,11911.05,1191.105,5.0,85759.56
CUST04275,10,18368.32,1836.832,5.0,132251.904
CUST04276,14,26767.45,1911.9607142857142,9.0,107069.8
CUST04277,9,10619.07,1179.8966666666668,3.0,127428.84
CUST04278,14,19497.99,1392.7135714285714,11.0,63811.60363636364
CUST04279,12,21209.02,1767.4183333333333,4.0,190881.18
CUST04280,12,21383.61,1781.9675,2.0,384904.98
CUST04281,11,17754.3,1614.0272727272727,7.0,91307.82857142857
CUST04282,16,16023.23,1001.451875,6.0,96139.38
CUST04283,10,11993.62,1199.362,7.0,61681.474285714285
CUST04284,11,25842.62,2349.329090909091,7.0,132904.90285714285
CUST04285,16,21208.0,1325.5,0.0,21208.0
CUST04286,9,9843.81,1093.7566666666667,9.0,39375.24
CUST04287,7,13160.36,1880.0514285714285,4.0,118443.24
CUST04288,10,16067.23,1606.723,7.0,82631.46857142857
CUST04289,6,7765.52,1294.2533333333333,4.0,69889.68
CUST04290,6,5947.87,991.3116666666666,9.0,23791.48
CUST04291,7,4650.01,664.2871428571428,3.0,55800.12
CUST04292,13,15287.19,1175.9376923076923,2.0,275169.42
CUST04293,15,18255.23,1217.0153333333333,2.0,328594.14
CUST04294,7,8297.49,1185.3557142857144,3.0,99569.88
CUST04295,6,3880.12,646.6866666666666,5.0,27936.864
CUST04296,8,14856.99,1857.12375,11.0,48622.876363636366
CUST04297,11,10421.14,947.3763636363636,0.0,10421.14
CUST04298,8,7285.6,910.7,8.0,32785.2
CUST04299,12,19902.11,1658.5091666666667,0.0,19902.11
CUST04300,13,19541.46,1503.1892307692308,4.0,175873.14
CUST04301,11,8439.81,767.2554545454545,9.0,33759.24
CUST04302,14,15091.89,1077.9921428571429,11.0,49391.64
CUST04303,12,21615.22,1801.2683333333334,7.0,111163.98857142858
CUST04304,16,28547.91,1784.244375,10.0,102772.476
CUST04305,12,15090.51,1257.5425,7.0,77608.33714285714
CUST04306,6,9906.47,1651.0783333333334,3.0,118877.64
CUST04307,11,21307.2,1937.0181818181818,0.0,21307.2
CUST04308,4,5910.17,1477.5425,6.0,35461.02
CUST04309,8,14323.99,1790.49875,3.0,171887.88
CUST04310,10,18119.87,1811.987,0.0,18119.87
CUST04311,8,8009.94,1001.2425,4.0,72089.46
CUST04312,10,13951.89,1395.189,3.0,167422.68
CUST04313,8,12421.23,1552.65375,11.0,40651.29818181818
CUST04314,10,10544.26,1054.426,5.0,75918.672
CUST04315,11,17674.2,1606.7454545454545,2.0,318135.6
CUST04316,5,9354.25,1870.85,10.0,33675.3
CUST04317,8,19354.96,2419.37,6.0,116129.76
CUST04318,10,18332.48,1833.248,8.0,82496.16
CUST04319,12,14225.31,1185.4425,8.0,64013.895
CUST04320,8,9344.29,1168.03625,8.0,42049.305
CUST04321,7,12306.89,1758.1271428571429,1.0,443048.04
CUST04322,10,12749.33,1274.933,7.0,65567.98285714285
CUST04323,14,14846.11,1060.4364285714287,4.0,133614.99
CUST04324,6,8290.95,1381.825,11.0,27134.01818181818
CUST04325,14,17142.67,1224.4764285714286,9.0,68570.68
CUST04326,9,5022.17,558.0188888888889,1.0,180798.12
CUST04327,15,15884.17,1058.9446666666668,10.0,57183.012
CUST04328,8,11880.91,1485.11375,4.0,106928.19
CUST04329,9,12615.4,1401.7111111111112,1.0,454154.4
CUST04330,10,13517.57,1351.757,7.0,69518.93142857144
CUST04331,6,5911.38,985.23,6.0,35468.28
CUST04332,10,19687.66,1968.766,0.0,19687.66
CUST04333,6,7661.35,1276.8916666666667,5.0,55161.72
CUST04334,15,20406.55,1360.4366666666667,4.0,183658.95
CUST04335,9,5198.46,577.6066666666667,7.0,26734.937142857143
CUST04336,13,14946.15,1149.7038461538461,5.0,107612.28
CUST04337,12,16170.56,1347.5466666666666,0.0,16170.56
CUST04338,10,13902.39,1390.239,6.0,83414.34
CUST04339,9,13822.96,1535.8844444444444,4.0,124406.64
CUST04340,7,11648.37,1664.0528571428572,3.0,139780.44
CUST04341,6,11078.2,1846.3666666666666,5.0,79763.04
CUST04342,11,12807.11,1164.2827272727272,9.0,51228.44
CUST04343,11,15229.45,1384.4954545454545,0.0,15229.45
CUST04344,13,17087.24,1314.403076923077,2.0,307570.32
CUST04345,11,13857.1,1259.7363636363636,8.0,62356.95
CUST04346,10,15203.0,1520.3,9.0,60812.0
CUST04347,3,3187.08,1062.36,1.0,114734.88
CUST04348,9,14700.25,1633.361111111111,10.0,52920.9
CUST04349,10,15508.99,1550.899,2.0,279161.82
CUST04350,13,19359.38,1489.183076923077,5.0,139387.536
CUST04351,7,6835.96,976.5657142857143,10.0,24609.456
CUST04352,6,4982.56,830.4266666666666,0.0,4982.56
CUST04353,8,10229.25,1278.65625,8.0,46031.625
CUST04354,6,9741.06,1623.51,3.0,116892.72
CUST04355,11,17059.14,1550.830909090909,5.0,122825.808
CUST04356,9,14014.63,1557.181111111111,0.0,14014.63
CUST04357,7,15412.99,2201.8557142857144,4.0,138716.91
CUST04358,11,11313.77,1028.5245454545454,3.0,135765.24
CUST04359,9,11149.6,1238.8444444444444,4.0,100346.4
CUST04360,12,16563.75,1380.3125,10.0,59629.5
CUST04361,10,16775.66,1677.566,3.0,201307.92
CUST04362,12,9036.7,753.0583333333333,9.0,36146.8
CUST04363,9,16398.08,1822.0088888888888,7.0,84332.98285714285
CUST04364,9,9186.88,1020.7644444444444,3.0,110242.56
CUST04365,9,9672.89,1074.7655555555555,0.0,9672.89
CUST04366,13,20862.55,1604.8115384615385,5.0,150210.36
CUST04367,13,14804.2,1138.7846153846153,9.0,59216.8
CUST04368,13,40931.93,3148.61,7.0,210507.06857142856
CUST04369,13,16016.14,1232.0107692307693,6.0,96096.84
CUST04370,11,13861.9,1260.1727272727273,3.0,166342.8
CUST04371,8,6908.3,863.5375,9.0,27633.2
CUST04372,4,3885.13,971.2825,3.0,46621.56
CUST04373,8,13245.72,1655.715,6.0,79474.32
CUST04374,10,10442.3,1044.23,8.0,46990.35
CUST04375,17,28254.42,1662.024705882353,5.0,203431.824
CUST04376,9,13939.68,1548.8533333333332,4.0,125457.12
CUST04377,13,11679.19,898.3992307692308,1.0,420450.84
CUST04378,13,14941.36,1149.3353846153846,1.0,537888.96
CUST04379,9,17338.32,1926.48,7.0,89168.50285714286
CUST04380,9,17191.07,1910.118888888889,11.0,56261.68363636364
CUST04381,4,5556.76,1389.19,0.0,5556.76
CUST04382,18,27691.76,1538.431111111111,6.0,166150.56
CUST04383,11,13966.8,1269.709090909091,4.0,125701.2
CUST04384,11,16922.54,1538.4127272727274,9.0,67690.16
CUST04385,12,11288.58,940.715,6.0,67731.48
CUST04386,14,24581.9,1755.85,1.0,884948.4
CUST04387,10,16200.86,1620.086,10.0,58323.096
CUST04388,9,13610.74,1512.3044444444445,2.0,244993.32
CUST04389,13,17722.48,1363.2676923076924,4.0,159502.32
CUST04390,8,17431.96,2178.995,6.0,104591.76
CUST04391,12,17147.38,1428.9483333333333,11.0,56118.69818181818
CUST04392,9,9265.61,1029.5122222222221,11.0,30323.814545454545
CUST04393,10,9193.49,919.349,3.0,110321.88
CUST04394,9,16237.28,1804.1422222222222,3.0,194847.36
CUST04395,11,16755.52,1523.229090909091,8.0,75399.84
CUST04396,11,8675.62,788.6927272727273,6.0,52053.72
CUST04397,8,6241.51,780.18875,2.0,112347.18
CUST04398,6,8562.93,1427.155,2.0,154132.74
CUST04399,10,9799.94,979.994,1.0,352797.84
CUST04400,13,14925.92,1148.1476923076923,6.0,89555.52
CUST04401,11,8583.26,780.2963636363636,7.0,44142.48
CUST04402,7,9371.63,1338.8042857142857,4.0,84344.67
CUST04403,8,6050.72,756.34,7.0,31117.98857142857
CUST04404,7,12962.93,1851.847142857143,5.0,93333.096
CUST04405,10,12395.35,1239.535,7.0,63747.514285714286
CUST04406,15,21147.62,1409.8413333333333,7.0,108759.18857142857
CUST04407,8,13434.02,1679.2525,0.0,13434.02
CUST04408,14,14152.52,1010.8942857142857,0.0,14152.52
CUST04409,6,8143.15,1357.1916666666666,8.0,36644.175
CUST04410,10,6622.22,662.222,0.0,6622.22
CUST04411,8,17314.95,2164.36875,9.0,69259.8
CUST04412,6,8962.95,1493.825,7.0,46095.171428571426
CUST04413,9,17697.07,1966.341111111111,0.0,17697.07
CUST04414,16,21580.67,1348.791875,2.0,388452.06
CUST04415,16,17841.73,1115.108125,7.0,91757.46857142857
CUST04416,11,14177.01,1288.8190909090908,0.0,14177.01
CUST04417,12,15595.43,1299.6191666666666,9.0,62381.72
CUST04418,8,11287.78,1410.9725,9.0,45151.12
CUST04419,8,10208.29,1276.03625,6.0,61249.74
CUST04420,8,13585.45,1698.18125,10.0,48907.62
CUST04421,8,8577.6,1072.2,4.0,77198.4
CUST04422,8,9053.01,1131.62625,0.0,9053.01
CUST04423,16,27642.61,1727.663125,6.0,165855.66
CUST04424,12,13905.33,1158.7775,8.0,62573.985
CUST04425,11,19244.77,1749.5245454545454,8.0,86601.465
CUST04426,9,8237.37,915.2633333333333,10.0,29654.532
CUST04427,18,28737.66,1596.5366666666666,5.0,206911.152
CUST04428,11,23891.63,2171.9663636363634,2.0,430049.34
CUST04429,12,24440.65,2036.7208333333333,10.0,87986.34
CUST04430,5,5227.87,1045.574,3.0,62734.44
CUST04431,15,13516.77,901.118,10.0,48660.372
CUST04432,16,15912.81,994.550625,4.0,143215.29
CUST04433,10,9531.06,953.106,7.0,49016.88
CUST04434,9,15250.71,1694.5233333333333,7.0,78432.22285714286
CUST04435,8,19032.81,2379.10125,2.0,342590.58
CUST04436,10,13600.57,1360.057,2.0,244810.26
CUST04437,12,16828.85,1402.4041666666667,3.0,201946.2
CUST04438,11,13668.13,1242.5572727272727,3.0,164017.56
CUST04439,14,15404.74,1100.3385714285714,7.0,79224.37714285715
CUST04440,5,4979.06,995.812,3.0,59748.72
CUST04441,11,9444.59,858.5990909090909,3.0,113335.08
CUST04442,11,17258.9,1568.990909090909,5.0,124264.08
CUST04443,11,13592.35,1235.668181818182,4.0,122331.15
CUST04444,10,13263.85,1326.385,6.0,79583.1
CUST04445,6,8956.37,1492.7283333333332,5.0,64485.864
CUST04446,3,2297.57,765.8566666666667,11.0,7519.32
CUST04447,11,13989.95,1271.8136363636363,1.0,503638.2
CUST04448,11,7255.83,659.6209090909091,10.0,26120.988
CUST04449,8,11926.11,1490.76375,0.0,11926.11
CUST04450,5,7164.61,1432.922,9.0,28658.44
CUST04451,7,8078.07,1154.01,0.0,8078.07
CUST04452,10,15371.2,1537.12,4.0,138340.8
CUST04453,9,9670.81,1074.5344444444445,7.0,49735.59428571429
CUST04454,10,7997.21,799.721,4.0,71974.89
CUST04455,11,13101.33,1191.03,2.0,235823.94
CUST04456,6,5496.03,916.005,5.0,39571.416
CUST04457,9,10320.52,1146.7244444444445,7.0,53076.96
CUST04458,11,20289.17,1844.47,9.0,81156.68
CUST04459,5,6744.74,1348.948,10.0,24281.064
CUST04460,7,5713.35,816.1928571428572,1.0,205680.6
CUST04461,13,25592.12,1968.6246153846155,9.0,102368.48
CUST04462,8,10205.41,1275.67625,8.0,45924.345
CUST04463,11,10030.83,911.8936363636363,7.0,51587.125714285714
CUST04464,6,3810.79,635.1316666666667,5.0,27437.688
CUST04465,10,11332.48,1133.248,6.0,67994.88
CUST04466,6,10006.39,1667.7316666666666,0.0,10006.39
CUST04467,9,16080.37,1786.7077777777777,6.0,96482.22
CUST04468,10,13292.98,1329.298,0.0,13292.98
CUST04469,8,7446.26,930.7825,4.0,67016.34
CUST04470,11,15482.41,1407.4918181818182,11.0,50669.70545454545
CUST04471,7,9162.18,1308.8828571428571,7.0,47119.782857142854
CUST04472,9,13669.43,1518.8255555555556,11.0,44736.31636363636
CUST04473,9,10443.57,1160.3966666666668,0.0,10443.57
CUST04474,16,28755.34,1797.20875,11.0,94108.38545454545
CUST04475,9,11443.5,1271.5,10.0,41196.6
CUST04476,18,25577.5,1420.9722222222222,8.0,115098.75
CUST04477,11,14578.33,1325.3027272727272,5.0,104963.976
CUST04478,9,15450.23,1716.6922222222222,7.0,79458.32571428572
CUST04479,9,15060.78,1673.42,11.0,49289.825454545455
CUST04480,8,8054.14,1006.7675,11.0,26359.003636363635
CUST04481,7,8182.47,1168.9242857142858,11.0,26778.992727272725
CUST04482,4,5414.42,1353.605,8.0,24364.89
CUST04483,15,12992.0,866.1333333333333,3.0,155904.0
CUST04484,4,3973.24,993.31,5.0,28607.328
CUST04485,8,8434.67,1054.33375,4.0,75912.03
CUST04486,13,17804.17,1369.5515384615385,11.0,58268.192727272726
CUST04487,13,18526.87,1425.1438461538462,0.0,18526.87
CUST04488,6,11209.03,1868.1716666666666,1.0,403525.08
CUST04489,8,7248.71,906.08875,0.0,7248.71
CUST04490,12,20836.1,1736.3416666666667,10.0,75009.96
CUST04491,9,10850.59,1205.621111111111,6.0,65103.54
CUST04492,8,15963.12,1995.39,10.0,57467.232
CUST04493,6,6716.38,1119.3966666666668,5.0,48357.936
CUST04494,13,15232.48,1171.7292307692308,0.0,15232.48
CUST04495,10,11692.28,1169.228,9.0,46769.12
CUST04496,6,6407.01,1067.835,10.0,23065.236
CUST04497,11,20513.25,1864.840909090909,10.0,73847.7
CUST04498,10,18426.1,1842.61,10.0,66333.96
CUST04499,7,10394.8,1484.9714285714285,3.0,124737.6
CUST04500,13,26617.17,2047.4746153846154,3.0,319406.04
CUST04501,14,11991.79,856.5564285714286,8.0,53963.055
CUST04502,9,19061.96,2117.9955555555557,10.0,68623.056
CUST04503,13,20054.62,1542.663076923077,3.0,240655.44
CUST04504,8,7590.41,948.80125,7.0,39036.39428571428
CUST04505,9,12169.26,1352.14,5.0,87618.672
CUST04506,8,18321.41,2290.17625,2.0,329785.38
CUST04507,10,12459.64,1245.964,10.0,44854.704
CUST04508,5,3038.4,607.68,11.0,9943.854545454546
CUST04509,13,18731.04,1440.8492307692309,1.0,674317.44
CUST04510,13,19657.93,1512.1484615384616,9.0,78631.72
CUST04511,4,3285.83,821.4575,0.0,3285.83
CUST04512,7,8220.19,1174.3128571428572,2.0,147963.42
CUST04513,6,9408.29,1568.0483333333334,2.0,169349.22
CUST04514,7,6923.38,989.0542857142857,3.0,83080.56
CUST04515,7,10211.55,1458.7928571428572,0.0,10211.55
CUST04516,13,13441.1,1033.9307692307693,7.0,69125.65714285715
CUST04517,10,13543.5,1354.35,11.0,44324.181818181816
CUST04518,14,19453.3,1389.5214285714285,1.0,700318.8
CUST04519,8,10074.24,1259.28,9.0,40296.96
CUST04520,12,14525.36,1210.4466666666667,9.0,58101.44
CUST04521,12,16575.28,1381.2733333333333,0.0,16575.28
CUST04522,12,22427.23,1868.9358333333332,1.0,807380.28
CUST04523,8,12075.61,1509.45125,9.0,48302.44
CUST04524,7,6954.28,993.4685714285714,2.0,125177.04
CUST04525,7,12181.04,1740.1485714285714,1.0,438517.44
CUST04526,13,17334.99,1333.4607692307693,1.0,624059.64
CUST04527,10,14456.11,1445.611,6.0,86736.66
CUST04528,9,13499.95,1499.9944444444445,4.0,121499.55
CUST04529,9,14409.33,1601.0366666666666,5.0,103747.176
CUST04530,10,13968.24,1396.824,3.0,167618.88
CUST04531,7,17389.68,2484.24,4.0,156507.12
CUST04532,8,6369.64,796.205,4.0,57326.76
CUST04533,11,20414.48,1855.861818181818,7.0,104988.75428571428
CUST04534,6,5489.03,914.8383333333334,1.0,197605.08
CUST04535,6,3024.43,504.07166666666666,6.0,18146.58
CUST04536,9,7686.73,854.0811111111111,5.0,55344.456
CUST04537,6,3563.39,593.8983333333333,0.0,3563.39
CUST04538,6,11629.01,1938.1683333333333,0.0,11629.01
CUST04539,11,17247.08,1567.9163636363637,8.0,77611.86
CUST04540,13,21022.17,1617.09,4.0,189199.53
CUST04541,6,7166.33,1194.3883333333333,9.0,28665.32
CUST04542,9,8769.11,974.3455555555555,1.0,315687.96
CUST04543,7,10157.47,1451.067142857143,1.0,365668.92
CUST04544,9,7110.19,790.0211111111112,2.0,127983.42
CUST04545,13,16585.72,1275.8246153846153,1.0,597085.92
CUST04546,14,9937.83,709.845,7.0,51108.84
CUST04547,7,7631.54,1090.22,7.0,39247.92
CUST04548,7,8574.58,1224.94,4.0,77171.22
CUST04549,12,13873.89,1156.1575,7.0,71351.43428571429
CUST04550,5,5851.58,1170.316,1.0,210656.88
CUST04551,5,10539.91,2107.982,0.0,10539.91
CUST04552,16,14297.79,893.611875,4.0,128680.11
CUST04553,13,18331.09,1410.0838461538463,6.0,109986.54
CUST04554,15,21908.42,1460.5613333333333,9.0,87633.68
CUST04555,13,24142.67,1857.1284615384616,9.0,96570.68
CUST04556,9,20012.33,2223.592222222222,0.0,20012.33
CUST04557,7,8017.89,1145.412857142857,10.0,28864.404
CUST04558,14,19143.15,1367.3678571428572,6.0,114858.9
CUST04559,10,8587.45,858.745,1.0,309148.2
CUST04560,10,13092.43,1309.243,3.0,157109.16
CUST04561,18,19785.1,1099.1722222222222,0.0,19785.1
CUST04562,7,7538.06,1076.8657142857144,1.0,271370.16
CUST04563,6,5644.22,940.7033333333334,1.0,203191.92
CUST04564,10,14742.7,1474.27,11.0,48248.836363636365
CUST04565,3,4739.88,1579.96,5.0,34127.136
CUST04566,10,13417.7,1341.77,4.0,120759.3
CUST04567,10,11099.73,1109.973,3.0,133196.76
CUST04568,11,11987.94,1089.8127272727272,5.0,86313.168
CUST04569,13,16218.47,1247.5746153846153,0.0,16218.47
CUST04570,7,4663.53,666.2185714285714,0.0,4663.53
CUST04571,11,14827.99,1347.999090909091,11.0,48527.96727272727
CUST04572,7,17635.9,2519.4142857142856,7.0,90698.91428571429
CUST04573,10,15546.27,1554.627,1.0,559665.72
CUST04574,8,11632.05,1454.00625,10.0,41875.38
CUST04575,16,16694.64,1043.415,1.0,601007.04
CUST04576,19,26284.0,1383.3684210526317,1.0,946224.0
CUST04577,11,18697.2,1699.7454545454545,2.0,336549.6
CUST04578,8,15579.95,1947.49375,0.0,15579.95
CUST04579,5,3783.71,756.742,0.0,3783.71
CUST04580,9,12964.39,1440.4877777777779,5.0,93343.608
CUST04581,14,22412.96,1600.9257142857143,7.0,115266.65142857142
CUST04582,9,9749.13,1083.2366666666667,7.0,50138.38285714286
CUST04583,9,9437.84,1048.648888888889,5.0,67952.448
CUST04584,13,21020.31,1616.946923076923,8.0,94591.395
CUST04585,14,17588.64,1256.3314285714287,5.0,126638.208
CUST04586,5,5785.23,1157.046,0.0,5785.23
CUST04587,11,15571.81,1415.6190909090908,4.0,140146.29
CUST04588,7,6254.16,893.4514285714286,1.0,225149.76
CUST04589,13,20024.13,1540.3176923076924,7.0,102981.24
CUST04590,6,8932.83,1488.805,8.0,40197.735
CUST04591,15,20883.79,1392.2526666666668,8.0,93977.055
CUST04592,11,15652.18,1422.9254545454546,5.0,112695.696
CUST04593,10,17102.29,1710.229,7.0,87954.63428571429
CUST04594,14,16202.03,1157.287857142857,5.0,116654.616
CUST04595,10,11313.4,1131.34,11.0,37025.67272727273
CUST04596,6,7298.11,1216.3516666666667,7.0,37533.137142857144
CUST04597,5,8928.73,1785.746,11.0,29221.298181818183
CUST04598,7,10788.31,1541.1871428571428,11.0,35307.196363636365
CUST04599,10,20440.27,2044.027,4.0,183962.43
CUST04600,10,9228.18,922.818,10.0,33221.448
CUST04601,13,16314.87,1254.99,10.0,58733.532
CUST04602,9,17581.84,1953.5377777777778,2.0,316473.12
CUST04603,10,12215.72,1221.572,6.0,73294.32
CUST04604,10,12144.71,1214.471,10.0,43720.956
CUST04605,10,8206.81,820.681,4.0,73861.29
CUST04606,8,6652.3,831.5375,9.0,26609.2
CUST04607,6,4979.92,829.9866666666667,8.0,22409.64
CUST04608,8,12879.63,1609.95375,7.0,66238.09714285714
CUST04609,9,15735.38,1748.3755555555556,2.0,283236.84
CUST04610,11,20739.81,1885.4372727272728,10.0,74663.316
CUST04611,13,18694.74,1438.056923076923,5.0,134602.128
CUST04612,9,13356.47,1484.0522222222223,8.0,60104.115
CUST04613,11,12493.92,1135.810909090909,5.0,89956.224
CUST04614,8,10331.48,1291.435,8.0,46491.66
CUST04615,9,7834.28,870.4755555555555,8.0,35254.26
CUST04616,14,18904.57,1350.3264285714286,2.0,340282.26
CUST04617,9,7951.11,883.4566666666667,11.0,26021.814545454545
CUST04618,15,16024.43,1068.2953333333332,3.0,192293.16
CUST04619,9,10576.11,1175.1233333333332,6.0,63456.66
CUST04620,10,15575.78,1557.578,7.0,80104.01142857142
CUST04621,13,22482.86,1729.4507692307693,0.0,22482.86
CUST04622,9,13339.31,1482.1455555555556,10.0,48021.516
CUST04623,8,6792.27,849.03375,3.0,81507.24
CUST04624,9,12049.24,1338.8044444444445,9.0,48196.96
CUST04625,15,28425.45,1895.03,11.0,93028.74545454545
CUST04626,12,21544.81,1795.4008333333334,9.0,86179.24
CUST04627,11,11943.58,1085.78,2.0,214984.44
CUST04628,11,14282.41,1298.4009090909092,5.0,102833.352
CUST04629,14,10814.27,772.4478571428572,4.0,97328.43
CUST04630,10,14884.88,1488.488,10.0,53585.568
CUST04631,8,12798.84,1599.855,11.0,41887.112727272724
CUST04632,13,20795.46,1599.6507692307691,7.0,106948.08
CUST04633,7,13461.68,1923.097142857143,10.0,48462.048
CUST04634,12,13100.05,1091.6708333333333,7.0,67371.68571428572
CUST04635,10,24988.29,2498.829,10.0,89957.844
CUST04636,10,9737.73,973.773,8.0,43819.785
CUST04637,9,11756.29,1306.2544444444445,11.0,38475.13090909091
CUST04638,7,5160.36,737.1942857142857,5.0,37154.592
CUST04639,11,16279.8,1479.9818181818182,6.0,97678.8
CUST04640,12,24270.32,2022.5266666666666,8.0,109216.44
CUST04641,6,15514.82,2585.8033333333333,5.0,111706.704
CUST04642,7,11184.75,1597.8214285714287,11.0,36604.63636363636
CUST04643,9,19285.92,2142.88,10.0,69429.312
CUST04644,4,2744.3,686.075,5.0,19758.96
CUST04645,8,12594.08,1574.26,2.0,226693.44
CUST04646,7,10691.04,1527.2914285714285,11.0,34988.858181818185
CUST04647,17,19238.58,1131.6811764705883,3.0,230862.96
CUST04648,8,10764.31,1345.53875,10.0,38751.516
CUST04649,10,15075.31,1507.531,1.0,542711.16
CUST04650,14,18645.79,1331.8421428571428,7.0,95892.63428571429
CUST04651,10,11776.39,1177.639,6.0,70658.34
CUST04652,15,19973.47,1331.5646666666667,11.0,65367.72
CUST04653,10,16986.29,1698.629,9.0,67945.16
CUST04654,6,14676.64,2446.1066666666666,1.0,528359.04
CUST04655,9,9405.72,1045.08,6.0,56434.32
CUST04656,10,13427.47,1342.747,9.0,53709.88
CUST04657,13,21982.18,1690.936923076923,4.0,197839.62
CUST04658,11,12409.69,1128.1536363636365,5.0,89349.768
CUST04659,10,10596.07,1059.607,11.0,34678.04727272727
CUST04660,6,6618.15,1103.025,3.0,79417.8
CUST04661,6,8427.39,1404.565,7.0,43340.862857142856
CUST04662,14,18905.43,1350.3878571428572,0.0,18905.43
CUST04663,6,5606.56,934.4266666666666,0.0,5606.56
CUST04664,7,12689.38,1812.7685714285715,6.0,76136.28
CUST04665,14,15682.14,1120.152857142857,9.0,62728.56
CUST04666,10,13780.71,1378.071,10.0,49610.556
CUST04667,8,14650.18,1831.2725,7.0,75343.78285714285
CUST04668,10,12641.06,1264.106,11.0,41370.74181818182
CUST04669,9,15136.72,1681.8577777777778,3.0,181640.64
CUST04670,17,22102.11,1300.1241176470587,3.0,265225.32
CUST04671,9,8956.58,995.1755555555555,10.0,32243.688
CUST04672,8,14190.23,1773.77875,0.0,14190.23
CUST04673,15,19260.93,1284.062,7.0,99056.21142857143
CUST04674,8,13537.47,1692.18375,5.0,97469.784
CUST04675,14,23740.68,1695.7628571428572,10.0,85466.448
CUST04676,11,19618.23,1783.4754545454546,2.0,353128.14
CUST04677,9,16339.6,1815.5111111111112,2.0,294112.8
CUST04678,16,19205.59,1200.349375,1.0,691401.24
CUST04679,13,23919.28,1839.9446153846154,7.0,123013.44
CUST04680,8,10922.59,1365.32375,11.0,35746.65818181818
CUST04681,10,12156.63,1215.663,11.0,39785.33454545455
CUST04682,6,6466.05,1077.675,9.0,25864.2
CUST04683,13,10967.3,843.6384615384616,0.0,10967.3
CUST04684,9,20826.12,2314.0133333333333,11.0,68158.2109090909
CUST04685,9,16682.01,1853.5566666666666,11.0,54595.66909090909
CUST04686,11,11474.14,1043.1036363636363,2.0,206534.52
CUST04687,10,8636.08,863.608,1.0,310898.88
CUST04688,8,15007.74,1875.9675,4.0,135069.66
CUST04689,15,18926.3,1261.7533333333333,3.0,227115.6
CUST04690,7,5866.06,838.0085714285714,3.0,70392.72
CUST04691,17,20951.39,1232.434705882353,0.0,20951.39
CUST04692,14,25281.18,1805.7985714285714,6.0,151687.08
CUST04693,10,12773.08,1277.308,3.0,153276.96
CUST04694,10,12767.6,1276.76,10.0,45963.36
CUST04695,8,7057.94,882.2425,1.0,254085.84
CUST04696,8,11183.85,1397.98125,6.0,67103.1
CUST04697,8,9684.88,1210.61,2.0,174327.84
CUST04698,13,14021.76,1078.596923076923,10.0,50478.336
CUST04699,10,11002.56,1100.256,5.0,79218.432
CUST04700,5,8370.78,1674.156,3.0,100449.36
CUST04701,6,10460.39,1743.3983333333333,1.0,376574.04
CUST04702,11,14740.31,1340.0281818181818,5.0,106130.232
CUST04703,10,18039.72,1803.972,3.0,216476.64
CUST04704,7,8124.81,1160.6871428571428,2.0,146246.58
CUST04705,8,9242.19,1155.27375,0.0,9242.19
CUST04706,9,17549.02,1949.891111111111,5.0,126352.944
CUST04707,8,16409.76,2051.22,0.0,16409.76
CUST04708,13,16769.6,1289.9692307692308,2.0,301852.8
CUST04709,4,10103.74,2525.935,7.0,51962.09142857143
CUST04710,13,15597.27,1199.79,2.0,280750.86
CUST04711,13,11362.09,874.006923076923,4.0,102258.81
CUST04712,9,18620.42,2068.9355555555558,9.0,74481.68
CUST04713,14,20637.72,1474.1228571428571,1.0,742957.92
CUST04714,9,15097.3,1677.4777777777779,3.0,181167.6
CUST04715,13,20704.18,1592.6292307692308,9.0,82816.72
CUST04716,13,18667.79,1435.9838461538461,8.0,84005.055
CUST04717,4,2498.37,624.5925,7.0,12848.76
CUST04718,10,10295.5,1029.55,0.0,10295.5
CUST04719,11,13414.27,1219.479090909091,10.0,48291.372
CUST04720,12,14301.25,1191.7708333333333,0.0,14301.25
CUST04721,9,11600.83,1288.9811111111112,6.0,69604.98
CUST04722,6,6911.53,1151.9216666666666,5.0,49763.016
CUST04723,10,12870.46,1287.046,11.0,42121.505454545455
CUST04724,15,26201.49,1746.766,7.0,134750.52
CUST04725,13,18775.96,1444.3046153846153,8.0,84491.82
CUST04726,11,15262.14,1387.4672727272728,8.0,68679.63
CUST04727,5,7819.82,1563.964,10.0,28151.352
CUST04728,7,5950.81,850.1157142857143,5.0,42845.832
CUST04729,9,7574.34,841.5933333333334,1.0,272676.24
CUST04730,4,3646.11,911.5275,9.0,14584.44
CUST04731,6,7542.41,1257.0683333333334,3.0,90508.92
CUST04732,9,11972.28,1330.2533333333333,6.0,71833.68
CUST04733,6,9262.14,1543.69,8.0,41679.63
CUST04734,8,7738.19,967.27375,8.0,34821.855
CUST04735,19,20162.77,1061.1984210526316,7.0,103694.24571428572
CUST04736,9,17144.11,1904.901111111111,0.0,17144.11
CUST04737,14,20429.0,1459.2142857142858,0.0,20429.0
CUST04738,12,15095.23,1257.9358333333332,0.0,15095.23
CUST04739,7,6550.6,935.8,9.0,26202.4
CUST04740,10,17553.95,1755.395,3.0,210647.4
CUST04741,15,25739.97,1715.998,4.0,231659.73
CUST04742,7,9903.62,1414.8028571428572,1.0,356530.32
CUST04743,11,9906.18,900.5618181818181,4.0,89155.62
CUST04744,11,13786.22,1253.2927272727272,11.0,45118.538181818185
CUST04745,10,9259.01,925.901,4.0,83331.09
CUST04746,14,17695.49,1263.9635714285714,0.0,17695.49
CUST04747,12,17950.09,1495.8408333333334,4.0,161550.81
CUST04748,5,5920.27,1184.054,11.0,19375.429090909092
CUST04749,13,15622.66,1201.7430769230768,2.0,281207.88
CUST04750,14,18007.84,1286.2742857142857,5.0,129656.448
CUST04751,9,11926.62,1325.18,10.0,42935.832
CUST04752,14,20914.2,1493.8714285714286,3.0,250970.4
CUST04753,10,12294.45,1229.445,6.0,73766.7
CUST04754,9,21417.15,2379.6833333333334,10.0,77101.74
CUST04755,11,13074.83,1188.620909090909,6.0,78448.98
CUST04756,15,24541.96,1636.1306666666667,1.0,883510.56
CUST04757,11,14864.08,1351.28,6.0,89184.48
CUST04758,11,18651.18,1695.5618181818181,9.0,74604.72
CUST04759,10,10600.03,1060.003,6.0,63600.18
CUST04760,9,13909.83,1545.5366666666666,3.0,166917.96
CUST04761,11,8836.55,803.3227272727273,0.0,8836.55
CUST04762,8,11825.45,1478.18125,11.0,38701.472727272725
CUST04763,6,13047.13,2174.5216666666665,1.0,469696.68
CUST04764,10,15330.71,1533.071,8.0,68988.195
CUST04765,11,8473.84,770.3490909090909,0.0,8473.84
CUST04766,7,9757.42,1393.9171428571428,10.0,35126.712
CUST04767,13,21602.84,1661.7569230769232,0.0,21602.84
CUST04768,11,11340.84,1030.9854545454546,10.0,40827.024
CUST04769,9,12608.6,1400.9555555555555,6.0,75651.6
CUST04770,9,7915.14,879.46,7.0,40706.434285714284
CUST04771,13,15592.24,1199.403076923077,6.0,93553.44
CUST04772,11,6563.26,596.66,11.0,21479.76
CUST04773,7,11829.55,1689.9357142857143,0.0,11829.55
CUST04774,12,26342.78,2195.2316666666666,5.0,189668.016
CUST04775,17,19897.9,1170.464705882353,2.0,358162.2
CUST04776,15,28262.29,1884.1526666666666,9.0,113049.16
CUST04777,9,13753.37,1528.1522222222222,2.0,247560.66
CUST04778,8,15181.38,1897.6725,0.0,15181.38
CUST04779,9,13659.46,1517.7177777777779,11.0,44703.68727272727
CUST04780,9,9367.1,1040.7888888888888,8.0,42151.95
CUST04781,9,14285.39,1587.2655555555555,9.0,57141.56
CUST04782,7,6517.1,931.0142857142857,4.0,58653.9
CUST04783,13,21955.6,1688.8923076923077,1.0,790401.6
CUST04784,9,14542.16,1615.7955555555557,6.0,87252.96
CUST04785,15,26941.66,1796.1106666666667,11.0,88172.70545454546
CUST04786,13,15615.18,1201.1676923076923,1.0,562146.48
CUST04787,7,13241.58,1891.6542857142856,6.0,79449.48
CUST04788,9,10663.4,1184.8222222222223,11.0,34898.4
CUST04789,9,9682.9,1075.8777777777777,11.0,31689.49090909091
CUST04790,8,11494.32,1436.79,4.0,103448.88
CUST04791,8,9493.26,1186.6575,11.0,31068.85090909091
CUST04792,8,6072.64,759.08,1.0,218615.04
CUST04793,13,16381.56,1260.12,6.0,98289.36
CUST04794,8,10343.3,1292.9125,1.0,372358.8
CUST04795,10,18960.3,1896.03,7.0,97510.11428571428
CUST04796,10,20689.94,2068.994,0.0,20689.94
CUST04797,14,17011.23,1215.087857142857,3.0,204134.76
CUST04798,11,16697.6,1517.9636363636364,11.0,54646.69090909091
CUST04799,7,14256.45,2036.6357142857144,3.0,171077.4
CUST04800,8,13848.22,1731.0275,8.0,62316.99
CUST04801,6,9335.42,1555.9033333333334,11.0,30552.283636363638
CUST04802,12,19325.42,1610.4516666666666,3.0,231905.04
CUST04803,9,14381.11,1597.901111111111,7.0,73959.99428571429
CUST04804,9,14538.69,1615.41,4.0,130848.21
CUST04805,12,12523.16,1043.5966666666666,4.0,112708.44
CUST04806,7,4700.36,671.48,11.0,15382.996363636363
CUST04807,11,17310.18,1573.6527272727274,11.0,56651.498181818184
CUST04808,10,7601.43,760.143,1.0,273651.48
CUST04809,7,8378.4,1196.9142857142858,2.0,150811.2
CUST04810,5,5778.1,1155.62,8.0,26001.45
CUST04811,10,10594.36,1059.436,8.0,47674.62
CUST04812,6,6043.87,1007.3116666666666,5.0,43515.864
CUST04813,12,15835.27,1319.6058333333333,4.0,142517.43
CUST04814,17,34404.61,2023.800588235294,6.0,206427.66
CUST04815,12,11637.01,969.7508333333334,4.0,104733.09
CUST04816,10,7457.07,745.707,5.0,53690.904
CUST04817,10,12811.28,1281.128,3.0,153735.36
CUST04818,9,15178.13,1686.4588888888889,11.0,49673.88
CUST04819,4,8526.96,2131.74,5.0,61394.112
CUST04820,10,13288.59,1328.859,1.0,478389.24
CUST04821,10,21198.42,2119.842,2.0,381571.56
CUST04822,12,17331.69,1444.3075,3.0,207980.28
CUST04823,10,20437.09,2043.709,2.0,367867.62
CUST04824,6,4749.8,791.6333333333333,0.0,4749.8
CUST04825,9,20245.46,2249.4955555555557,6.0,121472.76
CUST04826,12,12719.93,1059.9941666666666,11.0,41628.86181818182
CUST04827,10,17267.38,1726.738,0.0,17267.38
CUST04828,9,8360.26,928.9177777777778,3.0,100323.12
CUST04829,12,16577.87,1381.4891666666667,10.0,59680.332
CUST04830,10,8354.5,835.45,9.0,33418.0
CUST04831,15,13488.48,899.232,0.0,13488.48
CUST04832,10,19592.83,1959.283,7.0,100763.12571428572
CUST04833,11,16524.06,1502.1872727272728,6.0,99144.36
CUST04834,16,20567.27,1285.454375,10.0,74042.172
CUST04835,15,13107.31,873.8206666666666,4.0,117965.79
CUST04836,10,13229.47,1322.947,9.0,52917.88
CUST04837,5,8762.89,1752.578,7.0,45066.29142857143
CUST04838,13,17714.68,1362.6676923076923,4.0,159432.12
CUST04839,5,6729.21,1345.842,6.0,40375.26
CUST04840,8,14267.78,1783.4725,6.0,85606.68
CUST04841,11,10880.83,989.1663636363636,3.0,130569.96
CUST04842,15,19649.47,1309.9646666666667,1.0,707380.92
CUST04843,7,14571.49,2081.6414285714286,3.0,174857.88
CUST04844,8,11787.35,1473.41875,2.0,212172.3
CUST04845,11,10573.81,961.2554545454545,0.0,10573.81
CUST04846,14,14898.76,1064.1971428571428,3.0,178785.12
CUST04847,11,16413.66,1492.1509090909092,2.0,295445.88
CUST04848,8,7982.62,997.8275,9.0,31930.48
CUST04849,11,15647.87,1422.5336363636363,11.0,51211.21090909091
CUST04850,3,4068.05,1356.0166666666667,4.0,36612.45
CUST04851,8,18757.63,2344.70375,9.0,75030.52
CUST04852,11,15593.01,1417.5463636363636,8.0,70168.545
CUST04853,5,5905.44,1181.088,4.0,53148.96
CUST04854,13,17064.26,1312.6353846153845,10.0,61431.336
CUST04855,12,17077.17,1423.0975,4.0,153694.53
CUST04856,10,20197.32,2019.732,3.0,242367.84
CUST04857,10,11920.24,1192.024,2.0,214564.32
CUST04858,13,20590.35,1583.873076923077,6.0,123542.1
CUST04859,15,21757.74,1450.516,8.0,97909.83
CUST04860,13,24563.01,1889.4623076923076,0.0,24563.01
CUST04861,10,16589.81,1658.981,4.0,149308.29
CUST04862,6,9580.41,1596.735,8.0,43111.845
CUST04863,11,19665.92,1787.810909090909,11.0,64361.192727272726
CUST04864,11,13224.4,1202.2181818181818,3.0,158692.8
CUST04865,9,16804.45,1867.161111111111,3.0,201653.4
CUST04866,4,7923.19,1980.7975,7.0,40747.834285714285
CUST04867,15,24249.98,1616.6653333333334,5.0,174599.856
CUST04868,7,8659.4,1237.057142857143,0.0,8659.4
CUST04869,14,17459.51,1247.1078571428573,11.0,57140.214545454546
CUST04870,8,13612.93,1701.61625,0.0,13612.93
CUST04871,5,8635.95,1727.19,2.0,155447.1
CUST04872,8,13279.75,1659.96875,6.0,79678.5
CUST04873,7,8570.39,1224.3414285714287,0.0,8570.39
CUST04874,13,23030.51,1771.5776923076924,10.0,82909.836
CUST04875,9,12475.84,1386.2044444444443,10.0,44913.024
CUST04876,12,10401.68,866.8066666666666,11.0,34041.86181818182
CUST04877,9,12350.28,1372.2533333333333,4.0,111152.52
CUST04878,12,11420.01,951.6675,2.0,205560.18
CUST04879,16,22834.29,1427.143125,8.0,102754.305
CUST04880,12,15068.04,1255.67,11.0,49313.58545454546
CUST04881,10,17972.05,1797.205,0.0,17972.05
CUST04882,12,26871.23,2239.2691666666665,5.0,193472.856
CUST04883,11,13132.19,1193.8354545454545,10.0,47275.884
CUST04884,17,23616.21,1389.1888235294118,1.0,850183.56
CUST04885,17,25829.09,1519.3582352941175,7.0,132835.32
CUST04886,6,5878.83,979.805,4.0,52909.47
CUST04887,3,1333.96,444.6533333333333,3.0,16007.52
CUST04888,8,9204.96,1150.62,1.0,331378.56
CUST04889,12,17499.43,1458.2858333333334,4.0,157494.87
CUST04890,9,16363.82,1818.2022222222222,6.0,98182.92
CUST04891,11,14863.58,1351.2345454545455,2.0,267544.44
CUST04892,14,9552.96,682.3542857142858,6.0,57317.76
CUST04893,10,7959.71,795.971,2.0,143274.78
CUST04894,6,7665.75,1277.625,5.0,55193.4
CUST04895,3,6254.5,2084.8333333333335,9.0,25018.0
CUST04896,10,13335.32,1333.532,5.0,96014.304
CUST04897,5,1701.16,340.232,6.0,10206.96
CUST04898,10,12477.56,1247.756,1.0,449192.16
CUST04899,7,11611.7,1658.8142857142857,3.0,139340.4
CUST04900,16,11662.39,728.899375,8.0,52480.755
CUST04901,8,7346.15,918.26875,9.0,29384.6
CUST04902,9,12203.49,1355.9433333333334,8.0,54915.705
CUST04903,10,17060.22,1706.022,7.0,87738.27428571429
CUST04904,11,17078.85,1552.6227272727272,4.0,153709.65
CUST04905,9,17086.34,1898.4822222222222,5.0,123021.648
CUST04906,11,18857.53,1714.320909090909,4.0,169717.77
CUST04907,7,9926.1,1418.0142857142857,9.0,39704.4
CUST04908,12,19184.2,1598.6833333333334,9.0,76736.8
CUST04909,8,7648.05,956.00625,2.0,137664.9
CUST04910,5,7487.7,1497.54,0.0,7487.7
CUST04911,10,14988.24,1498.824,4.0,134894.16
CUST04912,10,7652.41,765.241,1.0,275486.76
CUST04913,17,23849.55,1402.914705882353,3.0,286194.6
CUST04914,7,7451.51,1064.5014285714285,11.0,24386.76
CUST04915,12,17590.94,1465.9116666666666,5.0,126654.768
CUST04916,11,21001.55,1909.2318181818182,3.0,252018.6
CUST04917,11,10483.14,953.0127272727273,4.0,94348.26
CUST04918,8,15126.71,1890.83875,4.0,136140.39
CUST04919,10,15486.9,1548.69,8.0,69691.05
CUST04920,14,17209.55,1229.2535714285714,5.0,123908.76
CUST04921,9,14669.34,1629.9266666666667,3.0,176032.08
CUST04922,6,8140.65,1356.775,9.0,32562.6
CUST04923,12,17849.11,1487.4258333333332,6.0,107094.66
CUST04924,7,8860.72,1265.817142857143,9.0,35442.88
CUST04925,11,14151.0,1286.4545454545455,5.0,101887.2
CUST04926,4,4494.39,1123.5975,5.0,32359.608
CUST04927,10,17890.28,1789.028,8.0,80506.26
CUST04928,8,5659.27,707.40875,5.0,40746.744
CUST04929,15,19420.02,1294.668,9.0,77680.08
CUST04930,10,16927.55,1692.755,4.0,152347.95
CUST04931,11,16953.15,1541.1954545454546,5.0,122062.68
CUST04932,8,15433.55,1929.19375,2.0,277803.9
CUST04933,14,25360.1,1811.4357142857143,3.0,304321.2
CUST04934,11,12198.07,1108.9154545454546,3.0,146376.84
CUST04935,9,14381.76,1597.9733333333334,2.0,258871.68
CUST04936,12,18198.36,1516.53,7.0,93591.56571428571
CUST04937,13,15682.34,1206.3338461538463,1.0,564564.24
CUST04938,15,19243.95,1282.93,4.0,173195.55
CUST04939,9,8540.15,948.9055555555556,9.0,34160.6
CUST04940,8,13750.34,1718.7925,7.0,70716.03428571428
CUST04941,15,20898.46,1393.2306666666666,11.0,68394.96
CUST04942,10,17026.27,1702.627,11.0,55722.33818181818
CUST04943,10,20924.09,2092.409,1.0,753267.24
CUST04944,14,18523.62,1323.1157142857144,5.0,133370.064
CUST04945,12,23055.09,1921.2575,2.0,414991.62
CUST04946,11,11406.34,1036.94,5.0,82125.648
CUST04947,4,4043.63,1010.9075,10.0,14557.068
CUST04948,6,6342.63,1057.105,5.0,45666.936
CUST04949,12,16882.44,1406.87,11.0,55251.62181818182
CUST04950,8,9463.72,1182.965,2.0,170346.96
CUST04951,16,25225.38,1576.58625,7.0,129730.52571428572
CUST04952,7,9805.71,1400.8157142857142,7.0,50429.36571428571
CUST04953,8,13916.68,1739.585,9.0,55666.72
CUST04954,14,23630.25,1687.875,9.0,94521.0
CUST04955,15,28942.85,1929.5233333333333,8.0,130242.825
CUST04956,15,20065.9,1337.7266666666667,2.0,361186.2
CUST04957,16,24229.36,1514.335,2.0,436128.48
CUST04958,9,12281.07,1364.5633333333333,0.0,12281.07
CUST04959,11,22585.2,2053.2,1.0,813067.2
CUST04960,9,11639.05,1293.2277777777779,5.0,83801.16
CUST04961,11,16812.01,1528.3645454545454,7.0,86461.76571428572
CUST04962,9,5900.31,655.59,8.0,26551.395
CUST04963,6,9130.46,1521.7433333333333,11.0,29881.505454545455
CUST04964,7,11690.65,1670.0928571428572,8.0,52607.925
CUST04965,12,15256.18,1271.3483333333334,2.0,274611.24
CUST04966,6,9487.7,1581.2833333333333,8.0,42694.65
CUST04967,10,15208.56,1520.856,3.0,182502.72
CUST04968,17,19952.63,1173.6841176470589,9.0,79810.52
CUST04969,10,16657.98,1665.798,6.0,99947.88
CUST04970,14,29938.98,2138.4985714285713,9.0,119755.92
CUST04971,7,13725.6,1960.8,8.0,61765.2
CUST04972,9,8135.07,903.8966666666666,4.0,73215.63
CUST04973,13,18849.18,1449.936923076923,6.0,113095.08
CUST04974,7,8666.05,1238.0071428571428,2.0,155988.9
CUST04975,21,22703.99,1081.142380952381,2.0,408671.82
CUST04976,14,12207.6,871.9714285714285,1.0,439473.6
CUST04977,16,19729.03,1233.064375,7.0,101463.58285714286
CUST04978,12,14250.87,1187.5725,0.0,14250.87
CUST04979,9,12212.86,1356.9844444444445,5.0,87932.592
CUST04980,10,13249.1,1324.91,3.0,158989.2
CUST04981,10,16050.87,1605.087,10.0,57783.132
CUST04982,11,13557.29,1232.480909090909,6.0,81343.74
CUST04983,9,8903.77,989.3077777777778,9.0,35615.08
CUST04984,11,15430.79,1402.7990909090909,1.0,555508.44
CUST04985,7,7476.86,1068.1228571428571,8.0,33645.87
CUST04986,7,10505.08,1500.7257142857143,4.0,94545.72
CUST04987,11,19777.05,1797.9136363636364,3.0,237324.6
CUST04988,7,5537.16,791.0228571428571,9.0,22148.64
CUST04989,11,8740.67,794.6063636363637,4.0,78666.03
CUST04990,8,14575.89,1821.98625,10.0,52473.204
CUST04991,9,9870.34,1096.7044444444443,11.0,32302.93090909091
CUST04992,9,10951.61,1216.8455555555556,6.0,65709.66
CUST04993,13,14283.79,1098.7530769230768,7.0,73459.49142857143
CUST04994,15,21977.9,1465.1933333333334,6.0,131867.4
CUST04995,10,11023.77,1102.377,5.0,79371.144
CUST04996,7,13649.12,1949.8742857142856,7.0,70195.47428571428
CUST04997,6,10414.15,1735.6916666666666,2.0,187454.7
CUST04998,13,17468.2,1343.7076923076922,3.0,209618.4
CUST04999,13,23885.98,1837.383076923077,10.0,85989.528
CUST05000,14,12060.05,861.4321428571428,11.0,39469.25454545455
